Using cached CDX (/Users/philrenato/Downloads/academic-metals-directory_recovery-handoff/amd-recovery/data/cdx_full.json)
  4502 unique HTML URLs (latest-200 each).
[1/4502] http://temple.edu:80/crafts/public_html/mjcc/local/history/hhome.html
[2/4502] http://temple.edu:80/crafts/public_html/mjcc/local/history/p38.html
[3/4502] http://temple.edu:80/crafts/public_html/mjcc/site_credits.htm
[4/4502] http://www.temple.edu/crafts/aboutuspage/aboutuspage.html
[5/4502] http://www.temple.edu/crafts/indexpage/indexpage.html
[6/4502] http://www.temple.edu/crafts/metalsdirectorypage/biographies/b100.html
[7/4502] http://www.temple.edu/crafts/metalsdirectorypage/biographies/b104.html
[8/4502] http://www.temple.edu/crafts/metalsdirectorypage/biographies/b105.html
[9/4502] http://www.temple.edu/crafts/metalsdirectorypage/biographies/b11.html
[10/4502] http://www.temple.edu/crafts/metalsdirectorypage/biographies/b113.html
[11/4502] http://www.temple.edu/crafts/metalsdirectorypage/biographies/b114.html
[12/4502] http://www.temple.edu/crafts/metalsdirectorypage/biographies/b115.html
[13/4502] http://www.temple.edu/crafts/metalsdirectorypage/biographies/b12.html
[14/4502] http://www.temple.edu/crafts/metalsdirectorypage/biographies/b123.htm
[15/4502] http://www.temple.edu/crafts/metalsdirectorypage/biographies/b124.html
[16/4502] http://www.temple.edu/crafts/metalsdirectorypage/biographies/b126.html
[17/4502] http://www.temple.edu/crafts/metalsdirectorypage/biographies/b127.html
[18/4502] http://www.temple.edu/crafts/metalsdirectorypage/biographies/b128.html
[19/4502] http://www.temple.edu/crafts/metalsdirectorypage/biographies/b13.html
[20/4502] http://www.temple.edu/crafts/metalsdirectorypage/biographies/b138.html
[21/4502] http://www.temple.edu/crafts/metalsdirectorypage/biographies/b141.html
[22/4502] http://www.temple.edu/crafts/metalsdirectorypage/biographies/b142.html
[23/4502] http://www.temple.edu/crafts/metalsdirectorypage/biographies/b143.html
[24/4502] http://www.temple.edu/crafts/metalsdirectorypage/biographies/b148.html
[25/4502] http://www.temple.edu/crafts/metalsdirectorypage/biographies/b149.html
[26/4502] http://www.temple.edu/crafts/metalsdirectorypage/biographies/b152.html
[27/4502] http://www.temple.edu/crafts/metalsdirectorypage/biographies/b153.html
[28/4502] http://www.temple.edu/crafts/metalsdirectorypage/biographies/b160.html
[29/4502] http://www.temple.edu/crafts/metalsdirectorypage/biographies/b162.html
[30/4502] http://www.temple.edu/crafts/metalsdirectorypage/biographies/b163.html
[31/4502] http://www.temple.edu/crafts/metalsdirectorypage/biographies/b167.html
[32/4502] http://www.temple.edu/crafts/metalsdirectorypage/biographies/b170.html
[33/4502] http://www.temple.edu/crafts/metalsdirectorypage/biographies/b172.html
[34/4502] http://www.temple.edu/crafts/metalsdirectorypage/biographies/b174.html
[35/4502] http://www.temple.edu/crafts/metalsdirectorypage/biographies/b177.html
[36/4502] http://www.temple.edu/crafts/metalsdirectorypage/biographies/b178.html
[37/4502] http://www.temple.edu/crafts/metalsdirectorypage/biographies/b179.html
[38/4502] http://www.temple.edu/crafts/metalsdirectorypage/biographies/b185.html
[39/4502] http://www.temple.edu/crafts/metalsdirectorypage/biographies/b186.html
[40/4502] http://www.temple.edu/crafts/metalsdirectorypage/biographies/b188.html
[41/4502] http://www.temple.edu/crafts/metalsdirectorypage/biographies/b195.html
[42/4502] http://www.temple.edu/crafts/metalsdirectorypage/biographies/b198.html
[43/4502] http://www.temple.edu/crafts/metalsdirectorypage/biographies/b199.html
[44/4502] http://www.temple.edu/crafts/metalsdirectorypage/biographies/b20.html
[45/4502] http://www.temple.edu/crafts/metalsdirectorypage/biographies/b201.htm
[46/4502] http://www.temple.edu/crafts/metalsdirectorypage/biographies/b204.htm
[47/4502] http://www.temple.edu/crafts/metalsdirectorypage/biographies/b206.html
[48/4502] http://www.temple.edu/crafts/metalsdirectorypage/biographies/b207.html
[49/4502] http://www.temple.edu/crafts/metalsdirectorypage/biographies/b214.htm
[50/4502] http://www.temple.edu/crafts/metalsdirectorypage/biographies/b23.html
[51/4502] http://www.temple.edu/crafts/metalsdirectorypage/biographies/b24.html
[52/4502] http://www.temple.edu/crafts/metalsdirectorypage/biographies/b26.html
[53/4502] http://www.temple.edu/crafts/metalsdirectorypage/biographies/b300.html
[54/4502] http://www.temple.edu/crafts/metalsdirectorypage/biographies/b301.html
[55/4502] http://www.temple.edu/crafts/metalsdirectorypage/biographies/b35.html
[56/4502] http://www.temple.edu/crafts/metalsdirectorypage/biographies/b36.html
[57/4502] http://www.temple.edu/crafts/metalsdirectorypage/biographies/b41.html
[58/4502] http://www.temple.edu/crafts/metalsdirectorypage/biographies/b43.html
[59/4502] http://www.temple.edu/crafts/metalsdirectorypage/biographies/b45.html
[60/4502] http://www.temple.edu/crafts/metalsdirectorypage/biographies/b46.html
[61/4502] http://www.temple.edu/crafts/metalsdirectorypage/biographies/b47.html
[62/4502] http://www.temple.edu/crafts/metalsdirectorypage/biographies/b50.html
[63/4502] http://www.temple.edu/crafts/metalsdirectorypage/biographies/b52.html
[64/4502] http://www.temple.edu/crafts/metalsdirectorypage/biographies/b53.html
[65/4502] http://www.temple.edu/crafts/metalsdirectorypage/biographies/b66.html
[66/4502] http://www.temple.edu/crafts/metalsdirectorypage/biographies/b68.html
[67/4502] http://www.temple.edu/crafts/metalsdirectorypage/biographies/b72.html
[68/4502] http://www.temple.edu/crafts/metalsdirectorypage/biographies/b73.html
[69/4502] http://www.temple.edu/crafts/metalsdirectorypage/biographies/b74.html
[70/4502] http://www.temple.edu/crafts/metalsdirectorypage/biographies/b82.html
[71/4502] http://www.temple.edu/crafts/metalsdirectorypage/biographies/b84.html
[72/4502] http://www.temple.edu/crafts/metalsdirectorypage/biographies/b85.html
[73/4502] http://www.temple.edu/crafts/metalsdirectorypage/biographies/b87.html
[74/4502] http://www.temple.edu/crafts/metalsdirectorypage/biographies/b88.html
[75/4502] http://www.temple.edu/crafts/metalsdirectorypage/biographies/b89.html
[76/4502] http://www.temple.edu/crafts/metalsdirectorypage/biographies/b92.html
[77/4502] http://www.temple.edu/crafts/metalsdirectorypage/biographies/b93.html
[78/4502] http://www.temple.edu/crafts/metalsdirectorypage/biographies/b97.html
[79/4502] http://www.temple.edu/crafts/metalsdirectorypage/biographies/b98.html
[80/4502] http://www.temple.edu/crafts/metalsdirectorypage/biographies/HHwork.html
[81/4502] http://www.temple.edu/crafts/metalsdirectorypage/biographies/shop1.html
[82/4502] http://www.temple.edu/crafts/metalsdirectorypage/hhome.html
[83/4502] http://www.temple.edu/crafts/metalsdirectorypage/intro.html
[84/4502] http://www.temple.edu/crafts/metalsdirectorypage/p1.html
[85/4502] http://www.temple.edu/crafts/metalsdirectorypage/p10.html
[86/4502] http://www.temple.edu/crafts/metalsdirectorypage/p100.html
[87/4502] http://www.temple.edu/crafts/metalsdirectorypage/p101.html
[88/4502] http://www.temple.edu/crafts/metalsdirectorypage/p102.html
[89/4502] http://www.temple.edu/crafts/metalsdirectorypage/p103.html
[90/4502] http://www.temple.edu/crafts/metalsdirectorypage/p104.html
[91/4502] http://www.temple.edu/crafts/metalsdirectorypage/p105.html
[92/4502] http://www.temple.edu/crafts/metalsdirectorypage/p106.html
[93/4502] http://www.temple.edu/crafts/metalsdirectorypage/p107.html
[94/4502] http://www.temple.edu/crafts/metalsdirectorypage/p108.html
[95/4502] http://www.temple.edu/crafts/metalsdirectorypage/p109.html
[96/4502] http://www.temple.edu/crafts/metalsdirectorypage/p11.html
[97/4502] http://www.temple.edu/crafts/metalsdirectorypage/p110.html
[98/4502] http://www.temple.edu/crafts/metalsdirectorypage/p111.html
[99/4502] http://www.temple.edu/crafts/metalsdirectorypage/p112.html
[100/4502] http://www.temple.edu/crafts/metalsdirectorypage/p113.html
[101/4502] http://www.temple.edu/crafts/metalsdirectorypage/p114.html
[102/4502] http://www.temple.edu/crafts/metalsdirectorypage/p115.html
[103/4502] http://www.temple.edu/crafts/metalsdirectorypage/p116.html
[104/4502] http://www.temple.edu/crafts/metalsdirectorypage/p117.html
[105/4502] http://www.temple.edu/crafts/metalsdirectorypage/p118.html
[106/4502] http://www.temple.edu/crafts/metalsdirectorypage/p119.html
[107/4502] http://www.temple.edu/crafts/metalsdirectorypage/p12.html
[108/4502] http://www.temple.edu/crafts/metalsdirectorypage/p120.html
[109/4502] http://www.temple.edu/crafts/metalsdirectorypage/p121.html
[110/4502] http://www.temple.edu/crafts/metalsdirectorypage/p122.html
[111/4502] http://www.temple.edu/crafts/metalsdirectorypage/p123.html
[112/4502] http://www.temple.edu/crafts/metalsdirectorypage/p124.html
[113/4502] http://www.temple.edu/crafts/metalsdirectorypage/p125.html
[114/4502] http://www.temple.edu/crafts/metalsdirectorypage/p126.html
[115/4502] http://www.temple.edu/crafts/metalsdirectorypage/p127.html
[116/4502] http://www.temple.edu/crafts/metalsdirectorypage/p128.html
[117/4502] http://www.temple.edu/crafts/metalsdirectorypage/p129.html
[118/4502] http://www.temple.edu/crafts/metalsdirectorypage/p13.html
[119/4502] http://www.temple.edu/crafts/metalsdirectorypage/p130.html
[120/4502] http://www.temple.edu/crafts/metalsdirectorypage/p131.html
[121/4502] http://www.temple.edu/crafts/metalsdirectorypage/p132.html
[122/4502] http://www.temple.edu/crafts/metalsdirectorypage/p133.html
[123/4502] http://www.temple.edu/crafts/metalsdirectorypage/p134.html
[124/4502] http://www.temple.edu/crafts/metalsdirectorypage/p135.html
[125/4502] http://www.temple.edu/crafts/metalsdirectorypage/p136.html
[126/4502] http://www.temple.edu/crafts/metalsdirectorypage/p137.html
[127/4502] http://www.temple.edu/crafts/metalsdirectorypage/p138.html
[128/4502] http://www.temple.edu/crafts/metalsdirectorypage/p139.html
[129/4502] http://www.temple.edu/crafts/metalsdirectorypage/p14.html
[130/4502] http://www.temple.edu/crafts/metalsdirectorypage/p140.html
[131/4502] http://www.temple.edu/crafts/metalsdirectorypage/p141.html
[132/4502] http://www.temple.edu/crafts/metalsdirectorypage/p142.html
[133/4502] http://www.temple.edu/crafts/metalsdirectorypage/p143.html
[134/4502] http://www.temple.edu/crafts/metalsdirectorypage/p144.html
[135/4502] http://www.temple.edu/crafts/metalsdirectorypage/p145.html
[136/4502] http://www.temple.edu/crafts/metalsdirectorypage/p146.html
[137/4502] http://www.temple.edu/crafts/metalsdirectorypage/p147.html
[138/4502] http://www.temple.edu/crafts/metalsdirectorypage/p148.html
[139/4502] http://www.temple.edu/crafts/metalsdirectorypage/p149.html
[140/4502] http://www.temple.edu/crafts/metalsdirectorypage/p15.html
[141/4502] http://www.temple.edu/crafts/metalsdirectorypage/p150.html
[142/4502] http://www.temple.edu/crafts/metalsdirectorypage/p151.html
[143/4502] http://www.temple.edu/crafts/metalsdirectorypage/p152.html
[144/4502] http://www.temple.edu/crafts/metalsdirectorypage/p153.html
[145/4502] http://www.temple.edu/crafts/metalsdirectorypage/p154.html
[146/4502] http://www.temple.edu/crafts/metalsdirectorypage/p155.html
[147/4502] http://www.temple.edu/crafts/metalsdirectorypage/p156.html
[148/4502] http://www.temple.edu/crafts/metalsdirectorypage/p157.html
[149/4502] http://www.temple.edu/crafts/metalsdirectorypage/p158.html
[150/4502] http://www.temple.edu/crafts/metalsdirectorypage/p159.html
[151/4502] http://www.temple.edu/crafts/metalsdirectorypage/p16.html
[152/4502] http://www.temple.edu/crafts/metalsdirectorypage/p160.html
[153/4502] http://www.temple.edu/crafts/metalsdirectorypage/p161.html
[154/4502] http://www.temple.edu/crafts/metalsdirectorypage/p162.html
[155/4502] http://www.temple.edu/crafts/metalsdirectorypage/p163.html
[156/4502] http://www.temple.edu/crafts/metalsdirectorypage/p164.html
[157/4502] http://www.temple.edu/crafts/metalsdirectorypage/p165.html
[158/4502] http://www.temple.edu/crafts/metalsdirectorypage/p166.html
[159/4502] http://www.temple.edu/crafts/metalsdirectorypage/p167.html
[160/4502] http://www.temple.edu/crafts/metalsdirectorypage/p168.html
[161/4502] http://www.temple.edu/crafts/metalsdirectorypage/p169.html
[162/4502] http://www.temple.edu/crafts/metalsdirectorypage/p17.html
[163/4502] http://www.temple.edu/crafts/metalsdirectorypage/p170.html
[164/4502] http://www.temple.edu/crafts/metalsdirectorypage/p171.html
[165/4502] http://www.temple.edu/crafts/metalsdirectorypage/p172.html
[166/4502] http://www.temple.edu/crafts/metalsdirectorypage/p173.html
[167/4502] http://www.temple.edu/crafts/metalsdirectorypage/p174.html
[168/4502] http://www.temple.edu/crafts/metalsdirectorypage/p175.html
[169/4502] http://www.temple.edu/crafts/metalsdirectorypage/p176.html
[170/4502] http://www.temple.edu/crafts/metalsdirectorypage/p177.html
[171/4502] http://www.temple.edu/crafts/metalsdirectorypage/p178.html
[172/4502] http://www.temple.edu/crafts/metalsdirectorypage/p179.html
[173/4502] http://www.temple.edu/crafts/metalsdirectorypage/p18.html
[174/4502] http://www.temple.edu/crafts/metalsdirectorypage/p180.html
[175/4502] http://www.temple.edu/crafts/metalsdirectorypage/p181.html
[176/4502] http://www.temple.edu/crafts/metalsdirectorypage/p182.html
[177/4502] http://www.temple.edu/crafts/metalsdirectorypage/p183.html
[178/4502] http://www.temple.edu/crafts/metalsdirectorypage/p184.html
[179/4502] http://www.temple.edu/crafts/metalsdirectorypage/p185.html
[180/4502] http://www.temple.edu/crafts/metalsdirectorypage/p186.html
[181/4502] http://www.temple.edu/crafts/metalsdirectorypage/p187.html
[182/4502] http://www.temple.edu/crafts/metalsdirectorypage/p188.html
[183/4502] http://www.temple.edu/crafts/metalsdirectorypage/p189.html
[184/4502] http://www.temple.edu/crafts/metalsdirectorypage/p19.html
[185/4502] http://www.temple.edu/crafts/metalsdirectorypage/p190.html
[186/4502] http://www.temple.edu/crafts/metalsdirectorypage/p191.html
[187/4502] http://www.temple.edu/crafts/metalsdirectorypage/p192.html
[188/4502] http://www.temple.edu/crafts/metalsdirectorypage/p193.html
[189/4502] http://www.temple.edu/crafts/metalsdirectorypage/p194.html
[190/4502] http://www.temple.edu/crafts/metalsdirectorypage/p195.html
[191/4502] http://www.temple.edu/crafts/metalsdirectorypage/p196.html
[192/4502] http://www.temple.edu/crafts/metalsdirectorypage/p197.html
[193/4502] http://www.temple.edu/crafts/metalsdirectorypage/p198.html
[194/4502] http://www.temple.edu/crafts/metalsdirectorypage/p199.html
[195/4502] http://www.temple.edu/crafts/metalsdirectorypage/p2.html
[196/4502] http://www.temple.edu/crafts/metalsdirectorypage/p20.html
[197/4502] http://www.temple.edu/crafts/metalsdirectorypage/p200.html
[198/4502] http://www.temple.edu/crafts/metalsdirectorypage/p201.html
[199/4502] http://www.temple.edu/crafts/metalsdirectorypage/p202.html
[200/4502] http://www.temple.edu/crafts/metalsdirectorypage/p203.html
[201/4502] http://www.temple.edu/crafts/metalsdirectorypage/p204.html
[202/4502] http://www.temple.edu/crafts/metalsdirectorypage/p205.html
[203/4502] http://www.temple.edu/crafts/metalsdirectorypage/p206.html
[204/4502] http://www.temple.edu/crafts/metalsdirectorypage/p207.html
[205/4502] http://www.temple.edu/crafts/metalsdirectorypage/p208.html
[206/4502] http://www.temple.edu/crafts/metalsdirectorypage/p209.html
[207/4502] http://www.temple.edu/crafts/metalsdirectorypage/p21.html
[208/4502] http://www.temple.edu/crafts/metalsdirectorypage/p210.html
[209/4502] http://www.temple.edu/crafts/metalsdirectorypage/p211.html
[210/4502] http://www.temple.edu/crafts/metalsdirectorypage/p212.html
[211/4502] http://www.temple.edu/crafts/metalsdirectorypage/p213.html
[212/4502] http://www.temple.edu/crafts/metalsdirectorypage/p214.htm
[213/4502] http://www.temple.edu/crafts/metalsdirectorypage/p22.html
[214/4502] http://www.temple.edu/crafts/metalsdirectorypage/p23.html
[215/4502] http://www.temple.edu/crafts/metalsdirectorypage/p24.html
[216/4502] http://www.temple.edu/crafts/metalsdirectorypage/p25.html
[217/4502] http://www.temple.edu/crafts/metalsdirectorypage/p26.html
[218/4502] http://www.temple.edu/crafts/metalsdirectorypage/p27.html
[219/4502] http://www.temple.edu/crafts/metalsdirectorypage/p275.html
[220/4502] http://www.temple.edu/crafts/metalsdirectorypage/p28.html
[221/4502] http://www.temple.edu/crafts/metalsdirectorypage/p29.html
[222/4502] http://www.temple.edu/crafts/metalsdirectorypage/p3.html
[223/4502] http://www.temple.edu/crafts/metalsdirectorypage/p30.html
[224/4502] http://www.temple.edu/crafts/metalsdirectorypage/p31.html
[225/4502] http://www.temple.edu/crafts/metalsdirectorypage/p32.html
[226/4502] http://www.temple.edu/crafts/metalsdirectorypage/p33.html
[227/4502] http://www.temple.edu/crafts/metalsdirectorypage/p34.html
[228/4502] http://www.temple.edu/crafts/metalsdirectorypage/p35.html
[229/4502] http://www.temple.edu/crafts/metalsdirectorypage/p36.html
[230/4502] http://www.temple.edu/crafts/metalsdirectorypage/p37.html
[231/4502] http://www.temple.edu/crafts/metalsdirectorypage/p38.html
[232/4502] http://www.temple.edu/crafts/metalsdirectorypage/p39.html
[233/4502] http://www.temple.edu/crafts/metalsdirectorypage/p4.html
[234/4502] http://www.temple.edu/crafts/metalsdirectorypage/p40.html
[235/4502] http://www.temple.edu/crafts/metalsdirectorypage/p41.html
[236/4502] http://www.temple.edu/crafts/metalsdirectorypage/p42.html
[237/4502] http://www.temple.edu/crafts/metalsdirectorypage/p43.html
[238/4502] http://www.temple.edu/crafts/metalsdirectorypage/p44.html
[239/4502] http://www.temple.edu/crafts/metalsdirectorypage/p45.html
[240/4502] http://www.temple.edu/crafts/metalsdirectorypage/p46.html
[241/4502] http://www.temple.edu/crafts/metalsdirectorypage/p47.html
[242/4502] http://www.temple.edu/crafts/metalsdirectorypage/p48.html
[243/4502] http://www.temple.edu/crafts/metalsdirectorypage/p49.html
[244/4502] http://www.temple.edu/crafts/metalsdirectorypage/p5.html
[245/4502] http://www.temple.edu/crafts/metalsdirectorypage/p50.html
[246/4502] http://www.temple.edu/crafts/metalsdirectorypage/p51.html
[247/4502] http://www.temple.edu/crafts/metalsdirectorypage/p52.html
[248/4502] http://www.temple.edu/crafts/metalsdirectorypage/p53.html
[249/4502] http://www.temple.edu/crafts/metalsdirectorypage/p54.html
[250/4502] http://www.temple.edu/crafts/metalsdirectorypage/p55.html
[251/4502] http://www.temple.edu/crafts/metalsdirectorypage/p56.html
[252/4502] http://www.temple.edu/crafts/metalsdirectorypage/p57.html
[253/4502] http://www.temple.edu/crafts/metalsdirectorypage/p58.html
[254/4502] http://www.temple.edu/crafts/metalsdirectorypage/p59.html
[255/4502] http://www.temple.edu/crafts/metalsdirectorypage/p6.html
[256/4502] http://www.temple.edu/crafts/metalsdirectorypage/p60.html
[257/4502] http://www.temple.edu/crafts/metalsdirectorypage/p61.html
[258/4502] http://www.temple.edu/crafts/metalsdirectorypage/p62.html
[259/4502] http://www.temple.edu/crafts/metalsdirectorypage/p63.html
[260/4502] http://www.temple.edu/crafts/metalsdirectorypage/p64.html
[261/4502] http://www.temple.edu/crafts/metalsdirectorypage/p65.html
[262/4502] http://www.temple.edu/crafts/metalsdirectorypage/p66.html
[263/4502] http://www.temple.edu/crafts/metalsdirectorypage/p67.html
[264/4502] http://www.temple.edu/crafts/metalsdirectorypage/P68.html
[265/4502] http://www.temple.edu/crafts/metalsdirectorypage/p69.html
[266/4502] http://www.temple.edu/crafts/metalsdirectorypage/p7.html
[267/4502] http://www.temple.edu/crafts/metalsdirectorypage/p70.html
[268/4502] http://www.temple.edu/crafts/metalsdirectorypage/p71.html
[269/4502] http://www.temple.edu/crafts/metalsdirectorypage/p72.html
[270/4502] http://www.temple.edu/crafts/metalsdirectorypage/p73.html
[271/4502] http://www.temple.edu/crafts/metalsdirectorypage/p74.html
[272/4502] http://www.temple.edu/crafts/metalsdirectorypage/p75.html
[273/4502] http://www.temple.edu/crafts/metalsdirectorypage/p76.html
[274/4502] http://www.temple.edu/crafts/metalsdirectorypage/p77.html
[275/4502] http://www.temple.edu/crafts/metalsdirectorypage/p78.html
[276/4502] http://www.temple.edu/crafts/metalsdirectorypage/p79.html
[277/4502] http://www.temple.edu/crafts/metalsdirectorypage/p8.html
[278/4502] http://www.temple.edu/crafts/metalsdirectorypage/p80.html
[279/4502] http://www.temple.edu/crafts/metalsdirectorypage/p81.html
[280/4502] http://www.temple.edu/crafts/metalsdirectorypage/p82.html
[281/4502] http://www.temple.edu/crafts/metalsdirectorypage/p83.html
[282/4502] http://www.temple.edu/crafts/metalsdirectorypage/p84.html
[283/4502] http://www.temple.edu/crafts/metalsdirectorypage/p85.html
[284/4502] http://www.temple.edu/crafts/metalsdirectorypage/p86.html
[285/4502] http://www.temple.edu/crafts/metalsdirectorypage/p87.html
[286/4502] http://www.temple.edu/crafts/metalsdirectorypage/p88.html
[287/4502] http://www.temple.edu/crafts/metalsdirectorypage/p89.html
[288/4502] http://www.temple.edu/crafts/metalsdirectorypage/p9.html
[289/4502] http://www.temple.edu/crafts/metalsdirectorypage/p90.html
[290/4502] http://www.temple.edu/crafts/metalsdirectorypage/p91.html
[291/4502] http://www.temple.edu/crafts/metalsdirectorypage/p92.html
[292/4502] http://www.temple.edu/crafts/metalsdirectorypage/p93.html
[293/4502] http://www.temple.edu/crafts/metalsdirectorypage/p94.html
[294/4502] http://www.temple.edu/crafts/metalsdirectorypage/p95.html
[295/4502] http://www.temple.edu/crafts/metalsdirectorypage/p96.html
[296/4502] http://www.temple.edu/crafts/metalsdirectorypage/p97.html
[297/4502] http://www.temple.edu/crafts/metalsdirectorypage/p98.html
[298/4502] http://www.temple.edu/crafts/metalsdirectorypage/p99.html
[299/4502] http://www.temple.edu/crafts/metalsdirectorypage/s1.html
[300/4502] http://www.temple.edu/crafts/metalsdirectorypage/s10.html
[301/4502] http://www.temple.edu/crafts/metalsdirectorypage/s100.html
[302/4502] http://www.temple.edu/crafts/metalsdirectorypage/s101.html
[303/4502] http://www.temple.edu/crafts/metalsdirectorypage/s102.html
[304/4502] http://www.temple.edu/crafts/metalsdirectorypage/s103.html
[305/4502] http://www.temple.edu/crafts/metalsdirectorypage/s104.html
[306/4502] http://www.temple.edu/crafts/metalsdirectorypage/s105.html
[307/4502] http://www.temple.edu/crafts/metalsdirectorypage/s106.html
[308/4502] http://www.temple.edu/crafts/metalsdirectorypage/s107.html
[309/4502] http://www.temple.edu/crafts/metalsdirectorypage/s108.html
[310/4502] http://www.temple.edu/crafts/metalsdirectorypage/s11.html
[311/4502] http://www.temple.edu/crafts/metalsdirectorypage/s110.html
[312/4502] http://www.temple.edu/crafts/metalsdirectorypage/s111.html
[313/4502] http://www.temple.edu/crafts/metalsdirectorypage/s112.html
[314/4502] http://www.temple.edu/crafts/metalsdirectorypage/s117.html
[315/4502] http://www.temple.edu/crafts/metalsdirectorypage/s118.html
[316/4502] http://www.temple.edu/crafts/metalsdirectorypage/s119.html
[317/4502] http://www.temple.edu/crafts/metalsdirectorypage/s12.html
[318/4502] http://www.temple.edu/crafts/metalsdirectorypage/s122.html
[319/4502] http://www.temple.edu/crafts/metalsdirectorypage/s123.html
[320/4502] http://www.temple.edu/crafts/metalsdirectorypage/s124.html
[321/4502] http://www.temple.edu/crafts/metalsdirectorypage/s125.html
[322/4502] http://www.temple.edu/crafts/metalsdirectorypage/s126.html
[323/4502] http://www.temple.edu/crafts/metalsdirectorypage/s127.html
[324/4502] http://www.temple.edu/crafts/metalsdirectorypage/s129.html
[325/4502] http://www.temple.edu/crafts/metalsdirectorypage/s13.html
[326/4502] http://www.temple.edu/crafts/metalsdirectorypage/s130.html
[327/4502] http://www.temple.edu/crafts/metalsdirectorypage/s131.html
[328/4502] http://www.temple.edu/crafts/metalsdirectorypage/s132.html
[329/4502] http://www.temple.edu/crafts/metalsdirectorypage/s133.html
[330/4502] http://www.temple.edu/crafts/metalsdirectorypage/s134.html
[331/4502] http://www.temple.edu/crafts/metalsdirectorypage/s135.html
[332/4502] http://www.temple.edu/crafts/metalsdirectorypage/s139.html
[333/4502] http://www.temple.edu/crafts/metalsdirectorypage/s14.html
[334/4502] http://www.temple.edu/crafts/metalsdirectorypage/s140.html
[335/4502] http://www.temple.edu/crafts/metalsdirectorypage/s141.html
[336/4502] http://www.temple.edu/crafts/metalsdirectorypage/s142.html
[337/4502] http://www.temple.edu/crafts/metalsdirectorypage/s143.html
[338/4502] http://www.temple.edu/crafts/metalsdirectorypage/s144.html
[339/4502] http://www.temple.edu/crafts/metalsdirectorypage/s146.html
[340/4502] http://www.temple.edu/crafts/metalsdirectorypage/s147.html
[341/4502] http://www.temple.edu/crafts/metalsdirectorypage/s148.html
[342/4502] http://www.temple.edu/crafts/metalsdirectorypage/s149.html
[343/4502] http://www.temple.edu/crafts/metalsdirectorypage/s150.html
[344/4502] http://www.temple.edu/crafts/metalsdirectorypage/s151.html
[345/4502] http://www.temple.edu/crafts/metalsdirectorypage/s152.html
[346/4502] http://www.temple.edu/crafts/metalsdirectorypage/s153.html
[347/4502] http://www.temple.edu/crafts/metalsdirectorypage/s155.html
[348/4502] http://www.temple.edu/crafts/metalsdirectorypage/s156.html
[349/4502] http://www.temple.edu/crafts/metalsdirectorypage/s158.html
[350/4502] http://www.temple.edu/crafts/metalsdirectorypage/s159.html
[351/4502] http://www.temple.edu/crafts/metalsdirectorypage/s16.html
[352/4502] http://www.temple.edu/crafts/metalsdirectorypage/s160.html
[353/4502] http://www.temple.edu/crafts/metalsdirectorypage/s162.html
[354/4502] http://www.temple.edu/crafts/metalsdirectorypage/s163.html
[355/4502] http://www.temple.edu/crafts/metalsdirectorypage/s167.html
[356/4502] http://www.temple.edu/crafts/metalsdirectorypage/s168.html
[357/4502] http://www.temple.edu/crafts/metalsdirectorypage/s169.html
[358/4502] http://www.temple.edu/crafts/metalsdirectorypage/s170.html
[359/4502] http://www.temple.edu/crafts/metalsdirectorypage/s171.html
[360/4502] http://www.temple.edu/crafts/metalsdirectorypage/s172.html
[361/4502] http://www.temple.edu/crafts/metalsdirectorypage/s173.html
[362/4502] http://www.temple.edu/crafts/metalsdirectorypage/s174.html
[363/4502] http://www.temple.edu/crafts/metalsdirectorypage/s175.html
[364/4502] http://www.temple.edu/crafts/metalsdirectorypage/s177.html
[365/4502] http://www.temple.edu/crafts/metalsdirectorypage/s180.html
[366/4502] http://www.temple.edu/crafts/metalsdirectorypage/s181.html
[367/4502] http://www.temple.edu/crafts/metalsdirectorypage/s182.html
[368/4502] http://www.temple.edu/crafts/metalsdirectorypage/s183.html
[369/4502] http://www.temple.edu/crafts/metalsdirectorypage/s184.html
[370/4502] http://www.temple.edu/crafts/metalsdirectorypage/s186.html
[371/4502] http://www.temple.edu/crafts/metalsdirectorypage/s187.html
[372/4502] http://www.temple.edu/crafts/metalsdirectorypage/s188.html
[373/4502] http://www.temple.edu/crafts/metalsdirectorypage/s19.html
[374/4502] http://www.temple.edu/crafts/metalsdirectorypage/s190.html
[375/4502] http://www.temple.edu/crafts/metalsdirectorypage/s194.html
[376/4502] http://www.temple.edu/crafts/metalsdirectorypage/s195.html
[377/4502] http://www.temple.edu/crafts/metalsdirectorypage/s196.html
[378/4502] http://www.temple.edu/crafts/metalsdirectorypage/s197.html
[379/4502] http://www.temple.edu/crafts/metalsdirectorypage/s198.html
[380/4502] http://www.temple.edu/crafts/metalsdirectorypage/s199.html
[381/4502] http://www.temple.edu/crafts/metalsdirectorypage/s2.html
[382/4502] http://www.temple.edu/crafts/metalsdirectorypage/s20.html
[383/4502] http://www.temple.edu/crafts/metalsdirectorypage/s200.html
[384/4502] http://www.temple.edu/crafts/metalsdirectorypage/s201.html
[385/4502] http://www.temple.edu/crafts/metalsdirectorypage/s203.html
[386/4502] http://www.temple.edu/crafts/metalsdirectorypage/s205.html
[387/4502] http://www.temple.edu/crafts/metalsdirectorypage/s206.html
[388/4502] http://www.temple.edu/crafts/metalsdirectorypage/s207.html
[389/4502] http://www.temple.edu/crafts/metalsdirectorypage/s208.html
[390/4502] http://www.temple.edu/crafts/metalsdirectorypage/s209.html
[391/4502] http://www.temple.edu/crafts/metalsdirectorypage/s210.html
[392/4502] http://www.temple.edu/crafts/metalsdirectorypage/s211.html
[393/4502] http://www.temple.edu/crafts/metalsdirectorypage/s215.html
[394/4502] http://www.temple.edu/crafts/metalsdirectorypage/s218.html
[395/4502] http://www.temple.edu/crafts/metalsdirectorypage/s22.html
[396/4502] http://www.temple.edu/crafts/metalsdirectorypage/s222.html
[397/4502] http://www.temple.edu/crafts/metalsdirectorypage/s223.html
[398/4502] http://www.temple.edu/crafts/metalsdirectorypage/s224.html
[399/4502] http://www.temple.edu/crafts/metalsdirectorypage/s225.html
[400/4502] http://www.temple.edu/crafts/metalsdirectorypage/s227.html
[401/4502] http://www.temple.edu/crafts/metalsdirectorypage/s228.html
[402/4502] http://www.temple.edu/crafts/metalsdirectorypage/s23.html
[403/4502] http://www.temple.edu/crafts/metalsdirectorypage/s230.html
[404/4502] http://www.temple.edu/crafts/metalsdirectorypage/s232.html
[405/4502] http://www.temple.edu/crafts/metalsdirectorypage/s234.html
[406/4502] http://www.temple.edu/crafts/metalsdirectorypage/s235.html
[407/4502] http://www.temple.edu/crafts/metalsdirectorypage/s236.html
[408/4502] http://www.temple.edu/crafts/metalsdirectorypage/s237.html
[409/4502] http://www.temple.edu/crafts/metalsdirectorypage/s238.html
[410/4502] http://www.temple.edu/crafts/metalsdirectorypage/s24.html
[411/4502] http://www.temple.edu/crafts/metalsdirectorypage/s240.html
[412/4502] http://www.temple.edu/crafts/metalsdirectorypage/s241.html
[413/4502] http://www.temple.edu/crafts/metalsdirectorypage/s242.html
[414/4502] http://www.temple.edu/crafts/metalsdirectorypage/s244.html
[415/4502] http://www.temple.edu/crafts/metalsdirectorypage/s245.html
[416/4502] http://www.temple.edu/crafts/metalsdirectorypage/s246.html
[417/4502] http://www.temple.edu/crafts/metalsdirectorypage/s247.html
[418/4502] http://www.temple.edu/crafts/metalsdirectorypage/s248.html
[419/4502] http://www.temple.edu/crafts/metalsdirectorypage/s25.html
[420/4502] http://www.temple.edu/crafts/metalsdirectorypage/s250.html
[421/4502] http://www.temple.edu/crafts/metalsdirectorypage/s251.html
[422/4502] http://www.temple.edu/crafts/metalsdirectorypage/s253.html
[423/4502] http://www.temple.edu/crafts/metalsdirectorypage/s254.html
[424/4502] http://www.temple.edu/crafts/metalsdirectorypage/s255.html
[425/4502] http://www.temple.edu/crafts/metalsdirectorypage/s257.html
[426/4502] http://www.temple.edu/crafts/metalsdirectorypage/s258.html
[427/4502] http://www.temple.edu/crafts/metalsdirectorypage/s26.html
[428/4502] http://www.temple.edu/crafts/metalsdirectorypage/s262.html
[429/4502] http://www.temple.edu/crafts/metalsdirectorypage/s263.html
[430/4502] http://www.temple.edu/crafts/metalsdirectorypage/s264.html
[431/4502] http://www.temple.edu/crafts/metalsdirectorypage/s266.html
[432/4502] http://www.temple.edu/crafts/metalsdirectorypage/s267.html
[433/4502] http://www.temple.edu/crafts/metalsdirectorypage/s268.html
[434/4502] http://www.temple.edu/crafts/metalsdirectorypage/s27.html
[435/4502] http://www.temple.edu/crafts/metalsdirectorypage/s272.html
[436/4502] http://www.temple.edu/crafts/metalsdirectorypage/s273.html
[437/4502] http://www.temple.edu/crafts/metalsdirectorypage/s274.html
[438/4502] http://www.temple.edu/crafts/metalsdirectorypage/s275.html
[439/4502] http://www.temple.edu/crafts/metalsdirectorypage/s29.html
[440/4502] http://www.temple.edu/crafts/metalsdirectorypage/s3.html
[441/4502] http://www.temple.edu/crafts/metalsdirectorypage/s30.html
[442/4502] http://www.temple.edu/crafts/metalsdirectorypage/s32.html
[443/4502] http://www.temple.edu/crafts/metalsdirectorypage/s33.html
[444/4502] http://www.temple.edu/crafts/metalsdirectorypage/s34.html
[445/4502] http://www.temple.edu/crafts/metalsdirectorypage/s35.html
[446/4502] http://www.temple.edu/crafts/metalsdirectorypage/s36.html
[447/4502] http://www.temple.edu/crafts/metalsdirectorypage/s42.html
[448/4502] http://www.temple.edu/crafts/metalsdirectorypage/s43.html
[449/4502] http://www.temple.edu/crafts/metalsdirectorypage/s44.html
[450/4502] http://www.temple.edu/crafts/metalsdirectorypage/s45.html
[451/4502] http://www.temple.edu/crafts/metalsdirectorypage/s46.html
[452/4502] http://www.temple.edu/crafts/metalsdirectorypage/s48.html
[453/4502] http://www.temple.edu/crafts/metalsdirectorypage/s49.html
[454/4502] http://www.temple.edu/crafts/metalsdirectorypage/s5.html
[455/4502] http://www.temple.edu/crafts/metalsdirectorypage/s50.html
[456/4502] http://www.temple.edu/crafts/metalsdirectorypage/s51.html
[457/4502] http://www.temple.edu/crafts/metalsdirectorypage/s52.html
[458/4502] http://www.temple.edu/crafts/metalsdirectorypage/s53.html
[459/4502] http://www.temple.edu/crafts/metalsdirectorypage/s54.html
[460/4502] http://www.temple.edu/crafts/metalsdirectorypage/s55.html
[461/4502] http://www.temple.edu/crafts/metalsdirectorypage/s56.html
[462/4502] http://www.temple.edu/crafts/metalsdirectorypage/s57.html
[463/4502] http://www.temple.edu/crafts/metalsdirectorypage/s58.html
[464/4502] http://www.temple.edu/crafts/metalsdirectorypage/s59.html
[465/4502] http://www.temple.edu/crafts/metalsdirectorypage/s6.html
[466/4502] http://www.temple.edu/crafts/metalsdirectorypage/s65.html
[467/4502] http://www.temple.edu/crafts/metalsdirectorypage/s66.html
[468/4502] http://www.temple.edu/crafts/metalsdirectorypage/s67.html
[469/4502] http://www.temple.edu/crafts/metalsdirectorypage/s68.html
[470/4502] http://www.temple.edu/crafts/metalsdirectorypage/s69.html
[471/4502] http://www.temple.edu/crafts/metalsdirectorypage/s7.html
[472/4502] http://www.temple.edu/crafts/metalsdirectorypage/s70.html
[473/4502] http://www.temple.edu/crafts/metalsdirectorypage/s71.html
[474/4502] http://www.temple.edu/crafts/metalsdirectorypage/s72.html
[475/4502] http://www.temple.edu/crafts/metalsdirectorypage/s74.html
[476/4502] http://www.temple.edu/crafts/metalsdirectorypage/s75.html
[477/4502] http://www.temple.edu/crafts/metalsdirectorypage/s76.html
[478/4502] http://www.temple.edu/crafts/metalsdirectorypage/s77.html
[479/4502] http://www.temple.edu/crafts/metalsdirectorypage/s78.html
[480/4502] http://www.temple.edu/crafts/metalsdirectorypage/s79.html
[481/4502] http://www.temple.edu/crafts/metalsdirectorypage/s8.html
[482/4502] http://www.temple.edu/crafts/metalsdirectorypage/s80.html
[483/4502] http://www.temple.edu/crafts/metalsdirectorypage/s81.html
[484/4502] http://www.temple.edu/crafts/metalsdirectorypage/s82.html
[485/4502] http://www.temple.edu/crafts/metalsdirectorypage/s84.html
[486/4502] http://www.temple.edu/crafts/metalsdirectorypage/s85.html
[487/4502] http://www.temple.edu/crafts/metalsdirectorypage/s86.html
[488/4502] http://www.temple.edu/crafts/metalsdirectorypage/s87.html
[489/4502] http://www.temple.edu/crafts/metalsdirectorypage/s88.html
[490/4502] http://www.temple.edu/crafts/metalsdirectorypage/s89.html
[491/4502] http://www.temple.edu/crafts/metalsdirectorypage/s9.html
[492/4502] http://www.temple.edu/crafts/metalsdirectorypage/s90.html
[493/4502] http://www.temple.edu/crafts/metalsdirectorypage/s91.html
[494/4502] http://www.temple.edu/crafts/metalsdirectorypage/s92.html
[495/4502] http://www.temple.edu/crafts/metalsdirectorypage/s93.html
[496/4502] http://www.temple.edu/crafts/metalsdirectorypage/s94.html
[497/4502] http://www.temple.edu/crafts/metalsdirectorypage/s95.html
[498/4502] http://www.temple.edu/crafts/metalsdirectorypage/s96.html
[499/4502] http://www.temple.edu/crafts/metalsdirectorypage/s98.html
[500/4502] http://www.temple.edu/crafts/metalsdirectorypage/s99.html
[501/4502] http://www.temple.edu/crafts/public_html/mjcc/local/history/biographies/b115.html
[502/4502] http://www.temple.edu/crafts/public_html/mjcc/local/history/biographies/b127.html
[503/4502] http://www.temple.edu/crafts/public_html/mjcc/local/history/biographies/b177.html
[504/4502] http://www.temple.edu/crafts/public_html/mjcc/local/history/biographies/b201.htm
[505/4502] http://www.temple.edu/crafts/public_html/mjcc/local/history/biographies/b52.html
[506/4502] http://www.temple.edu/crafts/public_html/mjcc/local/history/biographies/b82.html
[507/4502] http://www.temple.edu/crafts/public_html/mjcc/local/history/biographies/b97.html
[508/4502] http://www.temple.edu/crafts/public_html/mjcc/local/history/hhome.html
[509/4502] http://www.temple.edu/crafts/public_html/mjcc/local/history/intro.html
[510/4502] http://www.temple.edu/crafts/public_html/mjcc/local/history/p101.html
[511/4502] http://www.temple.edu/crafts/public_html/mjcc/local/history/p115.html
[512/4502] http://www.temple.edu/crafts/public_html/mjcc/local/history/p118.html
[513/4502] http://www.temple.edu/crafts/public_html/mjcc/local/history/p121.html
[514/4502] http://www.temple.edu/crafts/public_html/mjcc/local/history/p128.html
[515/4502] http://www.temple.edu/crafts/public_html/mjcc/local/history/p167.html
[516/4502] http://www.temple.edu/crafts/public_html/mjcc/local/history/p178.html
[517/4502] http://www.temple.edu/crafts/public_html/mjcc/local/history/p187.html
[518/4502] http://www.temple.edu/crafts/public_html/mjcc/local/history/p47.html
[519/4502] http://www.temple.edu/crafts/public_html/mjcc/local/history/p49.html
[520/4502] http://www.temple.edu/crafts/public_html/mjcc/local/history/p52.html
[521/4502] http://www.temple.edu/crafts/public_html/mjcc/local/history/p75.html
[522/4502] http://www.temple.edu/crafts/public_html/mjcc/local/history/p89.html
[523/4502] http://www.temple.edu/crafts/public_html/mjcc/local/history/s12.html
[524/4502] http://www.temple.edu/crafts/public_html/mjcc/local/history/s175.html
[525/4502] http://www.temple.edu/crafts/public_html/mjcc/local/history/s206.html
[526/4502] http://www.temple.edu/crafts/public_html/mjcc/local/history/s228.html
[527/4502] http://www.temple.edu/crafts/public_html/mjcc/local/history/s56.html
[528/4502] http://www.temple.edu/crafts/public_html/mjcc/local/history/s90.html
[529/4502] http://www.temple.edu/crafts/public_html/mjcc/local/history/s96.html
[530/4502] http://www.temple.edu/crafts/public_html/mjcc/net/news.html
[531/4502] http://www.temple.edu/crafts/public_html/mjcc/site_credits.htm
[532/4502] http://www.temple.edu/crafts/sitecreditspage/sitecredits.htm
[533/4502] http://www.temple.edu:80/crafts/aboutuspage/aboutuspage.html
[534/4502] http://www.temple.edu:80/crafts/indexpage/indexpage.html
[535/4502] http://www.temple.edu:80/crafts/metalsdirectorypage/biographies/b105.html
[536/4502] http://www.temple.edu:80/crafts/metalsdirectorypage/biographies/b124.html
[537/4502] http://www.temple.edu:80/crafts/metalsdirectorypage/biographies/b13.html
[538/4502] http://www.temple.edu:80/crafts/metalsdirectorypage/biographies/b141.html
[539/4502] http://www.temple.edu:80/crafts/metalsdirectorypage/biographies/b163.html
[540/4502] http://www.temple.edu:80/crafts/metalsdirectorypage/biographies/b167.html
[541/4502] http://www.temple.edu:80/crafts/metalsdirectorypage/biographies/b172.html
[542/4502] http://www.temple.edu:80/crafts/metalsdirectorypage/biographies/b186.html
[543/4502] http://www.temple.edu:80/crafts/metalsdirectorypage/biographies/b45.html
[544/4502] http://www.temple.edu:80/crafts/metalsdirectorypage/biographies/b74.html
[545/4502] http://www.temple.edu:80/crafts/metalsdirectorypage/biographies/b82.html
[546/4502] http://www.temple.edu:80/crafts/metalsdirectorypage/biographies/b97.html
[547/4502] http://www.temple.edu:80/crafts/metalsdirectorypage/biographies/b98.html
[548/4502] http://www.temple.edu:80/crafts/metalsdirectorypage/biographies/shop1.html
[549/4502] http://www.temple.edu:80/crafts/metalsdirectorypage/hhome.html
[550/4502] http://www.temple.edu:80/crafts/metalsdirectorypage/p1.html
[551/4502] http://www.temple.edu:80/crafts/metalsdirectorypage/p10.html
[552/4502] http://www.temple.edu:80/crafts/metalsdirectorypage/p100.html
[553/4502] http://www.temple.edu:80/crafts/metalsdirectorypage/p101.html
[554/4502] http://www.temple.edu:80/crafts/metalsdirectorypage/p102.html
[555/4502] http://www.temple.edu:80/crafts/metalsdirectorypage/p103.html
[556/4502] http://www.temple.edu:80/crafts/metalsdirectorypage/p104.html
[557/4502] http://www.temple.edu:80/crafts/metalsdirectorypage/p105.html
[558/4502] http://www.temple.edu:80/crafts/metalsdirectorypage/p106.html
[559/4502] http://www.temple.edu:80/crafts/metalsdirectorypage/p107.html
[560/4502] http://www.temple.edu:80/crafts/metalsdirectorypage/p108.html
[561/4502] http://www.temple.edu:80/crafts/metalsdirectorypage/p109.html
[562/4502] http://www.temple.edu:80/crafts/metalsdirectorypage/p11.html
[563/4502] http://www.temple.edu:80/crafts/metalsdirectorypage/p110.html
[564/4502] http://www.temple.edu:80/crafts/metalsdirectorypage/p111.html
[565/4502] http://www.temple.edu:80/crafts/metalsdirectorypage/p112.html
[566/4502] http://www.temple.edu:80/crafts/metalsdirectorypage/p113.html
[567/4502] http://www.temple.edu:80/crafts/metalsdirectorypage/p114.html
[568/4502] http://www.temple.edu:80/crafts/metalsdirectorypage/p115.html
[569/4502] http://www.temple.edu:80/crafts/metalsdirectorypage/p116.html
[570/4502] http://www.temple.edu:80/crafts/metalsdirectorypage/p117.html
[571/4502] http://www.temple.edu:80/crafts/metalsdirectorypage/p118.html
[572/4502] http://www.temple.edu:80/crafts/metalsdirectorypage/p119.html
[573/4502] http://www.temple.edu:80/crafts/metalsdirectorypage/p12.html
[574/4502] http://www.temple.edu:80/crafts/metalsdirectorypage/p120.html
[575/4502] http://www.temple.edu:80/crafts/metalsdirectorypage/p121.html
[576/4502] http://www.temple.edu:80/crafts/metalsdirectorypage/p122.html
[577/4502] http://www.temple.edu:80/crafts/metalsdirectorypage/p123.html
[578/4502] http://www.temple.edu:80/crafts/metalsdirectorypage/p124.html
[579/4502] http://www.temple.edu:80/crafts/metalsdirectorypage/p125.html
[580/4502] http://www.temple.edu:80/crafts/metalsdirectorypage/p126.html
[581/4502] http://www.temple.edu:80/crafts/metalsdirectorypage/p127.html
[582/4502] http://www.temple.edu:80/crafts/metalsdirectorypage/p129.html
[583/4502] http://www.temple.edu:80/crafts/metalsdirectorypage/p13.html
[584/4502] http://www.temple.edu:80/crafts/metalsdirectorypage/p130.html
[585/4502] http://www.temple.edu:80/crafts/metalsdirectorypage/p131.html
[586/4502] http://www.temple.edu:80/crafts/metalsdirectorypage/p132.html
[587/4502] http://www.temple.edu:80/crafts/metalsdirectorypage/p133.html
[588/4502] http://www.temple.edu:80/crafts/metalsdirectorypage/p134.html
[589/4502] http://www.temple.edu:80/crafts/metalsdirectorypage/p135.html
[590/4502] http://www.temple.edu:80/crafts/metalsdirectorypage/p136.html
[591/4502] http://www.temple.edu:80/crafts/metalsdirectorypage/p137.html
[592/4502] http://www.temple.edu:80/crafts/metalsdirectorypage/p138.html
[593/4502] http://www.temple.edu:80/crafts/metalsdirectorypage/p139.html
[594/4502] http://www.temple.edu:80/crafts/metalsdirectorypage/p14.html
[595/4502] http://www.temple.edu:80/crafts/metalsdirectorypage/p140.html
[596/4502] http://www.temple.edu:80/crafts/metalsdirectorypage/p141.html
[597/4502] http://www.temple.edu:80/crafts/metalsdirectorypage/p142.html
[598/4502] http://www.temple.edu:80/crafts/metalsdirectorypage/p143.html
[599/4502] http://www.temple.edu:80/crafts/metalsdirectorypage/p144.html
[600/4502] http://www.temple.edu:80/crafts/metalsdirectorypage/p145.html
[601/4502] http://www.temple.edu:80/crafts/metalsdirectorypage/p146.html
[602/4502] http://www.temple.edu:80/crafts/metalsdirectorypage/p147.html
[603/4502] http://www.temple.edu:80/crafts/metalsdirectorypage/p148.html
[604/4502] http://www.temple.edu:80/crafts/metalsdirectorypage/p149.html
[605/4502] http://www.temple.edu:80/crafts/metalsdirectorypage/p15.html
[606/4502] http://www.temple.edu:80/crafts/metalsdirectorypage/p150.html
[607/4502] http://www.temple.edu:80/crafts/metalsdirectorypage/p151.html
[608/4502] http://www.temple.edu:80/crafts/metalsdirectorypage/p152.html
[609/4502] http://www.temple.edu:80/crafts/metalsdirectorypage/p153.html
[610/4502] http://www.temple.edu:80/crafts/metalsdirectorypage/p154.html
[611/4502] http://www.temple.edu:80/crafts/metalsdirectorypage/p155.html
[612/4502] http://www.temple.edu:80/crafts/metalsdirectorypage/p156.html
[613/4502] http://www.temple.edu:80/crafts/metalsdirectorypage/p157.html
[614/4502] http://www.temple.edu:80/crafts/metalsdirectorypage/p158.html
[615/4502] http://www.temple.edu:80/crafts/metalsdirectorypage/p159.html
[616/4502] http://www.temple.edu:80/crafts/metalsdirectorypage/p16.html
[617/4502] http://www.temple.edu:80/crafts/metalsdirectorypage/p160.html
[618/4502] http://www.temple.edu:80/crafts/metalsdirectorypage/p161.html
[619/4502] http://www.temple.edu:80/crafts/metalsdirectorypage/p162.html
[620/4502] http://www.temple.edu:80/crafts/metalsdirectorypage/p163.html
[621/4502] http://www.temple.edu:80/crafts/metalsdirectorypage/p164.html
[622/4502] http://www.temple.edu:80/crafts/metalsdirectorypage/p165.html
[623/4502] http://www.temple.edu:80/crafts/metalsdirectorypage/p166.html
[624/4502] http://www.temple.edu:80/crafts/metalsdirectorypage/p167.html
[625/4502] http://www.temple.edu:80/crafts/metalsdirectorypage/p168.html
[626/4502] http://www.temple.edu:80/crafts/metalsdirectorypage/p169.html
[627/4502] http://www.temple.edu:80/crafts/metalsdirectorypage/p17.html
[628/4502] http://www.temple.edu:80/crafts/metalsdirectorypage/p170.html
[629/4502] http://www.temple.edu:80/crafts/metalsdirectorypage/p171.html
[630/4502] http://www.temple.edu:80/crafts/metalsdirectorypage/p172.html
[631/4502] http://www.temple.edu:80/crafts/metalsdirectorypage/p173.html
[632/4502] http://www.temple.edu:80/crafts/metalsdirectorypage/p174.html
[633/4502] http://www.temple.edu:80/crafts/metalsdirectorypage/p175.html
[634/4502] http://www.temple.edu:80/crafts/metalsdirectorypage/p176.html
[635/4502] http://www.temple.edu:80/crafts/metalsdirectorypage/p178.html
[636/4502] http://www.temple.edu:80/crafts/metalsdirectorypage/p179.html
[637/4502] http://www.temple.edu:80/crafts/metalsdirectorypage/p18.html
[638/4502] http://www.temple.edu:80/crafts/metalsdirectorypage/p180.html
[639/4502] http://www.temple.edu:80/crafts/metalsdirectorypage/p181.html
[640/4502] http://www.temple.edu:80/crafts/metalsdirectorypage/p182.html
[641/4502] http://www.temple.edu:80/crafts/metalsdirectorypage/p183.html
[642/4502] http://www.temple.edu:80/crafts/metalsdirectorypage/p184.html
[643/4502] http://www.temple.edu:80/crafts/metalsdirectorypage/p185.html
[644/4502] http://www.temple.edu:80/crafts/metalsdirectorypage/p186.html
[645/4502] http://www.temple.edu:80/crafts/metalsdirectorypage/p187.html
[646/4502] http://www.temple.edu:80/crafts/metalsdirectorypage/p188.html
[647/4502] http://www.temple.edu:80/crafts/metalsdirectorypage/p189.html
[648/4502] http://www.temple.edu:80/crafts/metalsdirectorypage/p19.html
[649/4502] http://www.temple.edu:80/crafts/metalsdirectorypage/p190.html
[650/4502] http://www.temple.edu:80/crafts/metalsdirectorypage/p191.html
[651/4502] http://www.temple.edu:80/crafts/metalsdirectorypage/p192.html
[652/4502] http://www.temple.edu:80/crafts/metalsdirectorypage/p193.html
[653/4502] http://www.temple.edu:80/crafts/metalsdirectorypage/p194.html
[654/4502] http://www.temple.edu:80/crafts/metalsdirectorypage/p195.html
[655/4502] http://www.temple.edu:80/crafts/metalsdirectorypage/p196.html
[656/4502] http://www.temple.edu:80/crafts/metalsdirectorypage/p197.html
[657/4502] http://www.temple.edu:80/crafts/metalsdirectorypage/p198.html
[658/4502] http://www.temple.edu:80/crafts/metalsdirectorypage/p199.html
[659/4502] http://www.temple.edu:80/crafts/metalsdirectorypage/p2.html
[660/4502] http://www.temple.edu:80/crafts/metalsdirectorypage/p20.html
[661/4502] http://www.temple.edu:80/crafts/metalsdirectorypage/p200.html
[662/4502] http://www.temple.edu:80/crafts/metalsdirectorypage/p201.html
[663/4502] http://www.temple.edu:80/crafts/metalsdirectorypage/p202.html
[664/4502] http://www.temple.edu:80/crafts/metalsdirectorypage/p203.html
[665/4502] http://www.temple.edu:80/crafts/metalsdirectorypage/p204.html
[666/4502] http://www.temple.edu:80/crafts/metalsdirectorypage/p205.html
[667/4502] http://www.temple.edu:80/crafts/metalsdirectorypage/p206.html
[668/4502] http://www.temple.edu:80/crafts/metalsdirectorypage/p207.html
[669/4502] http://www.temple.edu:80/crafts/metalsdirectorypage/p208.html
[670/4502] http://www.temple.edu:80/crafts/metalsdirectorypage/p209.html
[671/4502] http://www.temple.edu:80/crafts/metalsdirectorypage/p21.html
[672/4502] http://www.temple.edu:80/crafts/metalsdirectorypage/p210.html
[673/4502] http://www.temple.edu:80/crafts/metalsdirectorypage/p211.html
[674/4502] http://www.temple.edu:80/crafts/metalsdirectorypage/p212.html
[675/4502] http://www.temple.edu:80/crafts/metalsdirectorypage/p213.html
[676/4502] http://www.temple.edu:80/crafts/metalsdirectorypage/p22.html
[677/4502] http://www.temple.edu:80/crafts/metalsdirectorypage/p23.html
[678/4502] http://www.temple.edu:80/crafts/metalsdirectorypage/p24.html
[679/4502] http://www.temple.edu:80/crafts/metalsdirectorypage/p25.html
[680/4502] http://www.temple.edu:80/crafts/metalsdirectorypage/p26.html
[681/4502] http://www.temple.edu:80/crafts/metalsdirectorypage/p27.html
[682/4502] http://www.temple.edu:80/crafts/metalsdirectorypage/p275.html
[683/4502] http://www.temple.edu:80/crafts/metalsdirectorypage/p28.html
[684/4502] http://www.temple.edu:80/crafts/metalsdirectorypage/p29.html
[685/4502] http://www.temple.edu:80/crafts/metalsdirectorypage/p3.html
[686/4502] http://www.temple.edu:80/crafts/metalsdirectorypage/p30.html
[687/4502] http://www.temple.edu:80/crafts/metalsdirectorypage/p31.html
[688/4502] http://www.temple.edu:80/crafts/metalsdirectorypage/p32.html
[689/4502] http://www.temple.edu:80/crafts/metalsdirectorypage/p33.html
[690/4502] http://www.temple.edu:80/crafts/metalsdirectorypage/p34.html
[691/4502] http://www.temple.edu:80/crafts/metalsdirectorypage/p35.html
[692/4502] http://www.temple.edu:80/crafts/metalsdirectorypage/p36.html
[693/4502] http://www.temple.edu:80/crafts/metalsdirectorypage/p37.html
[694/4502] http://www.temple.edu:80/crafts/metalsdirectorypage/p38.html
[695/4502] http://www.temple.edu:80/crafts/metalsdirectorypage/p39.html
[696/4502] http://www.temple.edu:80/crafts/metalsdirectorypage/p4.html
[697/4502] http://www.temple.edu:80/crafts/metalsdirectorypage/p40.html
[698/4502] http://www.temple.edu:80/crafts/metalsdirectorypage/p41.html
[699/4502] http://www.temple.edu:80/crafts/metalsdirectorypage/p42.html
[700/4502] http://www.temple.edu:80/crafts/metalsdirectorypage/p43.html
[701/4502] http://www.temple.edu:80/crafts/metalsdirectorypage/p44.html
[702/4502] http://www.temple.edu:80/crafts/metalsdirectorypage/p45.html
[703/4502] http://www.temple.edu:80/crafts/metalsdirectorypage/p46.html
[704/4502] http://www.temple.edu:80/crafts/metalsdirectorypage/p47.html
[705/4502] http://www.temple.edu:80/crafts/metalsdirectorypage/p48.html
[706/4502] http://www.temple.edu:80/crafts/metalsdirectorypage/p49.html
[707/4502] http://www.temple.edu:80/crafts/metalsdirectorypage/p5.html
[708/4502] http://www.temple.edu:80/crafts/metalsdirectorypage/p50.html
[709/4502] http://www.temple.edu:80/crafts/metalsdirectorypage/p51.html
[710/4502] http://www.temple.edu:80/crafts/metalsdirectorypage/p52.html
[711/4502] http://www.temple.edu:80/crafts/metalsdirectorypage/p53.html
[712/4502] http://www.temple.edu:80/crafts/metalsdirectorypage/p54.html
[713/4502] http://www.temple.edu:80/crafts/metalsdirectorypage/p55.html
[714/4502] http://www.temple.edu:80/crafts/metalsdirectorypage/p56.html
[715/4502] http://www.temple.edu:80/crafts/metalsdirectorypage/p57.html
[716/4502] http://www.temple.edu:80/crafts/metalsdirectorypage/p58.html
[717/4502] http://www.temple.edu:80/crafts/metalsdirectorypage/p59.html
[718/4502] http://www.temple.edu:80/crafts/metalsdirectorypage/p6.html
[719/4502] http://www.temple.edu:80/crafts/metalsdirectorypage/p60.html
[720/4502] http://www.temple.edu:80/crafts/metalsdirectorypage/p61.html
[721/4502] http://www.temple.edu:80/crafts/metalsdirectorypage/p62.html
[722/4502] http://www.temple.edu:80/crafts/metalsdirectorypage/p63.html
[723/4502] http://www.temple.edu:80/crafts/metalsdirectorypage/p64.html
[724/4502] http://www.temple.edu:80/crafts/metalsdirectorypage/p65.html
[725/4502] http://www.temple.edu:80/crafts/metalsdirectorypage/p66.html
[726/4502] http://www.temple.edu:80/crafts/metalsdirectorypage/p67.html
[727/4502] http://www.temple.edu:80/crafts/metalsdirectorypage/P68.html
[728/4502] http://www.temple.edu:80/crafts/metalsdirectorypage/p69.html
[729/4502] http://www.temple.edu:80/crafts/metalsdirectorypage/p7.html
[730/4502] http://www.temple.edu:80/crafts/metalsdirectorypage/p70.html
[731/4502] http://www.temple.edu:80/crafts/metalsdirectorypage/p71.html
[732/4502] http://www.temple.edu:80/crafts/metalsdirectorypage/p72.html
[733/4502] http://www.temple.edu:80/crafts/metalsdirectorypage/p73.html
[734/4502] http://www.temple.edu:80/crafts/metalsdirectorypage/p74.html
[735/4502] http://www.temple.edu:80/crafts/metalsdirectorypage/p75.html
[736/4502] http://www.temple.edu:80/crafts/metalsdirectorypage/p76.html
[737/4502] http://www.temple.edu:80/crafts/metalsdirectorypage/p77.html
[738/4502] http://www.temple.edu:80/crafts/metalsdirectorypage/p78.html
[739/4502] http://www.temple.edu:80/crafts/metalsdirectorypage/p79.html
[740/4502] http://www.temple.edu:80/crafts/metalsdirectorypage/p8.html
[741/4502] http://www.temple.edu:80/crafts/metalsdirectorypage/p80.html
[742/4502] http://www.temple.edu:80/crafts/metalsdirectorypage/p81.html
[743/4502] http://www.temple.edu:80/crafts/metalsdirectorypage/p82.html
[744/4502] http://www.temple.edu:80/crafts/metalsdirectorypage/p83.html
[745/4502] http://www.temple.edu:80/crafts/metalsdirectorypage/p84.html
[746/4502] http://www.temple.edu:80/crafts/metalsdirectorypage/p85.html
[747/4502] http://www.temple.edu:80/crafts/metalsdirectorypage/p86.html
[748/4502] http://www.temple.edu:80/crafts/metalsdirectorypage/p87.html
[749/4502] http://www.temple.edu:80/crafts/metalsdirectorypage/p88.html
[750/4502] http://www.temple.edu:80/crafts/metalsdirectorypage/p89.html
[751/4502] http://www.temple.edu:80/crafts/metalsdirectorypage/p9.html
[752/4502] http://www.temple.edu:80/crafts/metalsdirectorypage/p90.html
[753/4502] http://www.temple.edu:80/crafts/metalsdirectorypage/p91.html
[754/4502] http://www.temple.edu:80/crafts/metalsdirectorypage/p92.html
[755/4502] http://www.temple.edu:80/crafts/metalsdirectorypage/p93.html
[756/4502] http://www.temple.edu:80/crafts/metalsdirectorypage/p94.html
[757/4502] http://www.temple.edu:80/crafts/metalsdirectorypage/p95.html
[758/4502] http://www.temple.edu:80/crafts/metalsdirectorypage/p96.html
[759/4502] http://www.temple.edu:80/crafts/metalsdirectorypage/p97.html
[760/4502] http://www.temple.edu:80/crafts/metalsdirectorypage/p98.html
[761/4502] http://www.temple.edu:80/crafts/metalsdirectorypage/p99.html
[762/4502] http://www.temple.edu:80/crafts/metalsdirectorypage/s1.html
[763/4502] http://www.temple.edu:80/crafts/metalsdirectorypage/s10.html
[764/4502] http://www.temple.edu:80/crafts/metalsdirectorypage/s100.html
[765/4502] http://www.temple.edu:80/crafts/metalsdirectorypage/s101.html
[766/4502] http://www.temple.edu:80/crafts/metalsdirectorypage/s102.html
[767/4502] http://www.temple.edu:80/crafts/metalsdirectorypage/s103.html
[768/4502] http://www.temple.edu:80/crafts/metalsdirectorypage/s104.html
[769/4502] http://www.temple.edu:80/crafts/metalsdirectorypage/s105.html
[770/4502] http://www.temple.edu:80/crafts/metalsdirectorypage/s106.html
[771/4502] http://www.temple.edu:80/crafts/metalsdirectorypage/s107.html
[772/4502] http://www.temple.edu:80/crafts/metalsdirectorypage/s108.html
[773/4502] http://www.temple.edu:80/crafts/metalsdirectorypage/s11.html
[774/4502] http://www.temple.edu:80/crafts/metalsdirectorypage/s110.html
[775/4502] http://www.temple.edu:80/crafts/metalsdirectorypage/s111.html
[776/4502] http://www.temple.edu:80/crafts/metalsdirectorypage/s112.html
[777/4502] http://www.temple.edu:80/crafts/metalsdirectorypage/s117.html
[778/4502] http://www.temple.edu:80/crafts/metalsdirectorypage/s118.html
[779/4502] http://www.temple.edu:80/crafts/metalsdirectorypage/s119.html
[780/4502] http://www.temple.edu:80/crafts/metalsdirectorypage/s12.html
[781/4502] http://www.temple.edu:80/crafts/metalsdirectorypage/s122.html
[782/4502] http://www.temple.edu:80/crafts/metalsdirectorypage/s123.html
[783/4502] http://www.temple.edu:80/crafts/metalsdirectorypage/s124.html
[784/4502] http://www.temple.edu:80/crafts/metalsdirectorypage/s125.html
[785/4502] http://www.temple.edu:80/crafts/metalsdirectorypage/s126.html
[786/4502] http://www.temple.edu:80/crafts/metalsdirectorypage/s127.html
[787/4502] http://www.temple.edu:80/crafts/metalsdirectorypage/s129.html
[788/4502] http://www.temple.edu:80/crafts/metalsdirectorypage/s13.html
[789/4502] http://www.temple.edu:80/crafts/metalsdirectorypage/s130.html
[790/4502] http://www.temple.edu:80/crafts/metalsdirectorypage/s131.html
[791/4502] http://www.temple.edu:80/crafts/metalsdirectorypage/s132.html
[792/4502] http://www.temple.edu:80/crafts/metalsdirectorypage/s133.html
[793/4502] http://www.temple.edu:80/crafts/metalsdirectorypage/s134.html
[794/4502] http://www.temple.edu:80/crafts/metalsdirectorypage/s135.html
[795/4502] http://www.temple.edu:80/crafts/metalsdirectorypage/s139.html
[796/4502] http://www.temple.edu:80/crafts/metalsdirectorypage/s14.html
[797/4502] http://www.temple.edu:80/crafts/metalsdirectorypage/s140.html
[798/4502] http://www.temple.edu:80/crafts/metalsdirectorypage/s141.html
[799/4502] http://www.temple.edu:80/crafts/metalsdirectorypage/s142.html
[800/4502] http://www.temple.edu:80/crafts/metalsdirectorypage/s143.html
[801/4502] http://www.temple.edu:80/crafts/metalsdirectorypage/s144.html
[802/4502] http://www.temple.edu:80/crafts/metalsdirectorypage/s146.html
[803/4502] http://www.temple.edu:80/crafts/metalsdirectorypage/s147.html
[804/4502] http://www.temple.edu:80/crafts/metalsdirectorypage/s149.html
[805/4502] http://www.temple.edu:80/crafts/metalsdirectorypage/s150.html
[806/4502] http://www.temple.edu:80/crafts/metalsdirectorypage/s151.html
[807/4502] http://www.temple.edu:80/crafts/metalsdirectorypage/s152.html
[808/4502] http://www.temple.edu:80/crafts/metalsdirectorypage/s153.html
[809/4502] http://www.temple.edu:80/crafts/metalsdirectorypage/s155.html
[810/4502] http://www.temple.edu:80/crafts/metalsdirectorypage/s156.html
[811/4502] http://www.temple.edu:80/crafts/metalsdirectorypage/s158.html
[812/4502] http://www.temple.edu:80/crafts/metalsdirectorypage/s159.html
[813/4502] http://www.temple.edu:80/crafts/metalsdirectorypage/s16.html
[814/4502] http://www.temple.edu:80/crafts/metalsdirectorypage/s160.html
[815/4502] http://www.temple.edu:80/crafts/metalsdirectorypage/s162.html
[816/4502] http://www.temple.edu:80/crafts/metalsdirectorypage/s163.html
[817/4502] http://www.temple.edu:80/crafts/metalsdirectorypage/s167.html
[818/4502] http://www.temple.edu:80/crafts/metalsdirectorypage/s168.html
[819/4502] http://www.temple.edu:80/crafts/metalsdirectorypage/s169.html
[820/4502] http://www.temple.edu:80/crafts/metalsdirectorypage/s170.html
[821/4502] http://www.temple.edu:80/crafts/metalsdirectorypage/s171.html
[822/4502] http://www.temple.edu:80/crafts/metalsdirectorypage/s172.html
[823/4502] http://www.temple.edu:80/crafts/metalsdirectorypage/s173.html
[824/4502] http://www.temple.edu:80/crafts/metalsdirectorypage/s174.html
[825/4502] http://www.temple.edu:80/crafts/metalsdirectorypage/s175.html
[826/4502] http://www.temple.edu:80/crafts/metalsdirectorypage/s177.html
[827/4502] http://www.temple.edu:80/crafts/metalsdirectorypage/s180.html
[828/4502] http://www.temple.edu:80/crafts/metalsdirectorypage/s181.html
[829/4502] http://www.temple.edu:80/crafts/metalsdirectorypage/s182.html
[830/4502] http://www.temple.edu:80/crafts/metalsdirectorypage/s183.html
[831/4502] http://www.temple.edu:80/crafts/metalsdirectorypage/s184.html
[832/4502] http://www.temple.edu:80/crafts/metalsdirectorypage/s186.html
[833/4502] http://www.temple.edu:80/crafts/metalsdirectorypage/s187.html
[834/4502] http://www.temple.edu:80/crafts/metalsdirectorypage/s188.html
[835/4502] http://www.temple.edu:80/crafts/metalsdirectorypage/s19.html
[836/4502] http://www.temple.edu:80/crafts/metalsdirectorypage/s190.html
[837/4502] http://www.temple.edu:80/crafts/metalsdirectorypage/s194.html
[838/4502] http://www.temple.edu:80/crafts/metalsdirectorypage/s195.html
[839/4502] http://www.temple.edu:80/crafts/metalsdirectorypage/s196.html
[840/4502] http://www.temple.edu:80/crafts/metalsdirectorypage/s197.html
[841/4502] http://www.temple.edu:80/crafts/metalsdirectorypage/s198.html
[842/4502] http://www.temple.edu:80/crafts/metalsdirectorypage/s199.html
[843/4502] http://www.temple.edu:80/crafts/metalsdirectorypage/s2.html
[844/4502] http://www.temple.edu:80/crafts/metalsdirectorypage/s20.html
[845/4502] http://www.temple.edu:80/crafts/metalsdirectorypage/s200.html
[846/4502] http://www.temple.edu:80/crafts/metalsdirectorypage/s201.html
[847/4502] http://www.temple.edu:80/crafts/metalsdirectorypage/s203.html
[848/4502] http://www.temple.edu:80/crafts/metalsdirectorypage/s205.html
[849/4502] http://www.temple.edu:80/crafts/metalsdirectorypage/s206.html
[850/4502] http://www.temple.edu:80/crafts/metalsdirectorypage/s207.html
[851/4502] http://www.temple.edu:80/crafts/metalsdirectorypage/s209.html
[852/4502] http://www.temple.edu:80/crafts/metalsdirectorypage/s210.html
[853/4502] http://www.temple.edu:80/crafts/metalsdirectorypage/s211.html
[854/4502] http://www.temple.edu:80/crafts/metalsdirectorypage/s215.html
[855/4502] http://www.temple.edu:80/crafts/metalsdirectorypage/s218.html
[856/4502] http://www.temple.edu:80/crafts/metalsdirectorypage/s22.html
[857/4502] http://www.temple.edu:80/crafts/metalsdirectorypage/s222.html
[858/4502] http://www.temple.edu:80/crafts/metalsdirectorypage/s223.html
[859/4502] http://www.temple.edu:80/crafts/metalsdirectorypage/s224.html
[860/4502] http://www.temple.edu:80/crafts/metalsdirectorypage/s225.html
[861/4502] http://www.temple.edu:80/crafts/metalsdirectorypage/s227.html
[862/4502] http://www.temple.edu:80/crafts/metalsdirectorypage/s228.html
[863/4502] http://www.temple.edu:80/crafts/metalsdirectorypage/s23.html
[864/4502] http://www.temple.edu:80/crafts/metalsdirectorypage/s230.html
[865/4502] http://www.temple.edu:80/crafts/metalsdirectorypage/s232.html
[866/4502] http://www.temple.edu:80/crafts/metalsdirectorypage/s234.html
[867/4502] http://www.temple.edu:80/crafts/metalsdirectorypage/s235.html
[868/4502] http://www.temple.edu:80/crafts/metalsdirectorypage/s236.html
[869/4502] http://www.temple.edu:80/crafts/metalsdirectorypage/s237.html
[870/4502] http://www.temple.edu:80/crafts/metalsdirectorypage/s238.html
[871/4502] http://www.temple.edu:80/crafts/metalsdirectorypage/s24.html
[872/4502] http://www.temple.edu:80/crafts/metalsdirectorypage/s240.html
[873/4502] http://www.temple.edu:80/crafts/metalsdirectorypage/s241.html
[874/4502] http://www.temple.edu:80/crafts/metalsdirectorypage/s242.html
[875/4502] http://www.temple.edu:80/crafts/metalsdirectorypage/s244.html
[876/4502] http://www.temple.edu:80/crafts/metalsdirectorypage/s245.html
[877/4502] http://www.temple.edu:80/crafts/metalsdirectorypage/s246.html
[878/4502] http://www.temple.edu:80/crafts/metalsdirectorypage/s247.html
[879/4502] http://www.temple.edu:80/crafts/metalsdirectorypage/s248.html
[880/4502] http://www.temple.edu:80/crafts/metalsdirectorypage/s25.html
[881/4502] http://www.temple.edu:80/crafts/metalsdirectorypage/s250.html
[882/4502] http://www.temple.edu:80/crafts/metalsdirectorypage/s251.html
[883/4502] http://www.temple.edu:80/crafts/metalsdirectorypage/s253.html
[884/4502] http://www.temple.edu:80/crafts/metalsdirectorypage/s254.html
[885/4502] http://www.temple.edu:80/crafts/metalsdirectorypage/s257.html
[886/4502] http://www.temple.edu:80/crafts/metalsdirectorypage/s258.html
[887/4502] http://www.temple.edu:80/crafts/metalsdirectorypage/s26.html
[888/4502] http://www.temple.edu:80/crafts/metalsdirectorypage/s262.html
[889/4502] http://www.temple.edu:80/crafts/metalsdirectorypage/s263.html
[890/4502] http://www.temple.edu:80/crafts/metalsdirectorypage/s264.html
[891/4502] http://www.temple.edu:80/crafts/metalsdirectorypage/s266.html
[892/4502] http://www.temple.edu:80/crafts/metalsdirectorypage/s267.html
[893/4502] http://www.temple.edu:80/crafts/metalsdirectorypage/s268.html
[894/4502] http://www.temple.edu:80/crafts/metalsdirectorypage/s27.html
[895/4502] http://www.temple.edu:80/crafts/metalsdirectorypage/s272.html
[896/4502] http://www.temple.edu:80/crafts/metalsdirectorypage/s273.html
[897/4502] http://www.temple.edu:80/crafts/metalsdirectorypage/s274.html
[898/4502] http://www.temple.edu:80/crafts/metalsdirectorypage/s275.html
[899/4502] http://www.temple.edu:80/crafts/metalsdirectorypage/s29.html
[900/4502] http://www.temple.edu:80/crafts/metalsdirectorypage/s3.html
[901/4502] http://www.temple.edu:80/crafts/metalsdirectorypage/s30.html
[902/4502] http://www.temple.edu:80/crafts/metalsdirectorypage/s32.html
[903/4502] http://www.temple.edu:80/crafts/metalsdirectorypage/s33.html
[904/4502] http://www.temple.edu:80/crafts/metalsdirectorypage/s34.html
[905/4502] http://www.temple.edu:80/crafts/metalsdirectorypage/s35.html
[906/4502] http://www.temple.edu:80/crafts/metalsdirectorypage/s36.html
[907/4502] http://www.temple.edu:80/crafts/metalsdirectorypage/s42.html
[908/4502] http://www.temple.edu:80/crafts/metalsdirectorypage/s43.html
[909/4502] http://www.temple.edu:80/crafts/metalsdirectorypage/s44.html
[910/4502] http://www.temple.edu:80/crafts/metalsdirectorypage/s45.html
[911/4502] http://www.temple.edu:80/crafts/metalsdirectorypage/s46.html
[912/4502] http://www.temple.edu:80/crafts/metalsdirectorypage/s48.html
[913/4502] http://www.temple.edu:80/crafts/metalsdirectorypage/s49.html
[914/4502] http://www.temple.edu:80/crafts/metalsdirectorypage/s5.html
[915/4502] http://www.temple.edu:80/crafts/metalsdirectorypage/s50.html
[916/4502] http://www.temple.edu:80/crafts/metalsdirectorypage/s51.html
[917/4502] http://www.temple.edu:80/crafts/metalsdirectorypage/s52.html
[918/4502] http://www.temple.edu:80/crafts/metalsdirectorypage/s53.html
[919/4502] http://www.temple.edu:80/crafts/metalsdirectorypage/s54.html
[920/4502] http://www.temple.edu:80/crafts/metalsdirectorypage/s55.html
[921/4502] http://www.temple.edu:80/crafts/metalsdirectorypage/s56.html
[922/4502] http://www.temple.edu:80/crafts/metalsdirectorypage/s57.html
[923/4502] http://www.temple.edu:80/crafts/metalsdirectorypage/s58.html
[924/4502] http://www.temple.edu:80/crafts/metalsdirectorypage/s59.html
[925/4502] http://www.temple.edu:80/crafts/metalsdirectorypage/s6.html
[926/4502] http://www.temple.edu:80/crafts/metalsdirectorypage/s65.html
[927/4502] http://www.temple.edu:80/crafts/metalsdirectorypage/s66.html
[928/4502] http://www.temple.edu:80/crafts/metalsdirectorypage/s67.html
[929/4502] http://www.temple.edu:80/crafts/metalsdirectorypage/s68.html
[930/4502] http://www.temple.edu:80/crafts/metalsdirectorypage/s69.html
[931/4502] http://www.temple.edu:80/crafts/metalsdirectorypage/s7.html
[932/4502] http://www.temple.edu:80/crafts/metalsdirectorypage/s70.html
[933/4502] http://www.temple.edu:80/crafts/metalsdirectorypage/s71.html
[934/4502] http://www.temple.edu:80/crafts/metalsdirectorypage/s72.html
[935/4502] http://www.temple.edu:80/crafts/metalsdirectorypage/s74.html
[936/4502] http://www.temple.edu:80/crafts/metalsdirectorypage/s75.html
[937/4502] http://www.temple.edu:80/crafts/metalsdirectorypage/s76.html
[938/4502] http://www.temple.edu:80/crafts/metalsdirectorypage/s77.html
[939/4502] http://www.temple.edu:80/crafts/metalsdirectorypage/s78.html
[940/4502] http://www.temple.edu:80/crafts/metalsdirectorypage/s79.html
[941/4502] http://www.temple.edu:80/crafts/metalsdirectorypage/s8.html
[942/4502] http://www.temple.edu:80/crafts/metalsdirectorypage/s80.html
[943/4502] http://www.temple.edu:80/crafts/metalsdirectorypage/s81.html
[944/4502] http://www.temple.edu:80/crafts/metalsdirectorypage/s82.html
[945/4502] http://www.temple.edu:80/crafts/metalsdirectorypage/s84.html
[946/4502] http://www.temple.edu:80/crafts/metalsdirectorypage/s85.html
[947/4502] http://www.temple.edu:80/crafts/metalsdirectorypage/s86.html
[948/4502] http://www.temple.edu:80/crafts/metalsdirectorypage/s87.html
[949/4502] http://www.temple.edu:80/crafts/metalsdirectorypage/s88.html
[950/4502] http://www.temple.edu:80/crafts/metalsdirectorypage/s89.html
[951/4502] http://www.temple.edu:80/crafts/metalsdirectorypage/s9.html
[952/4502] http://www.temple.edu:80/crafts/metalsdirectorypage/s90.html
[953/4502] http://www.temple.edu:80/crafts/metalsdirectorypage/s91.html
[954/4502] http://www.temple.edu:80/crafts/metalsdirectorypage/s92.html
[955/4502] http://www.temple.edu:80/crafts/metalsdirectorypage/s93.html
[956/4502] http://www.temple.edu:80/crafts/metalsdirectorypage/s94.html
[957/4502] http://www.temple.edu:80/crafts/metalsdirectorypage/s95.html
[958/4502] http://www.temple.edu:80/crafts/metalsdirectorypage/s96.html
[959/4502] http://www.temple.edu:80/crafts/metalsdirectorypage/s98.html
[960/4502] http://www.temple.edu:80/crafts/metalsdirectorypage/s99.html
[961/4502] http://www.temple.edu:80/crafts/public_html/mjcc/local/history/biographies/b100.html
[962/4502] http://www.temple.edu:80/crafts/public_html/mjcc/local/history/biographies/b104.html
[963/4502] http://www.temple.edu:80/crafts/public_html/mjcc/local/history/biographies/b105.html
[964/4502] http://www.temple.edu:80/crafts/public_html/mjcc/local/history/biographies/b11.html
[965/4502] http://www.temple.edu:80/crafts/public_html/mjcc/local/history/biographies/b113.html
[966/4502] http://www.temple.edu:80/crafts/public_html/mjcc/local/history/biographies/b114.html
[967/4502] http://www.temple.edu:80/crafts/public_html/mjcc/local/history/biographies/b115.html
[968/4502] http://www.temple.edu:80/crafts/public_html/mjcc/local/history/biographies/b12.html
[969/4502] http://www.temple.edu:80/crafts/public_html/mjcc/local/history/biographies/b123.htm
[970/4502] http://www.temple.edu:80/crafts/public_html/mjcc/local/history/biographies/b124.html
[971/4502] http://www.temple.edu:80/crafts/public_html/mjcc/local/history/biographies/b127.html
[972/4502] http://www.temple.edu:80/crafts/public_html/mjcc/local/history/biographies/b128.html
[973/4502] http://www.temple.edu:80/crafts/public_html/mjcc/local/history/biographies/b13.html
[974/4502] http://www.temple.edu:80/crafts/public_html/mjcc/local/history/biographies/b138.html
[975/4502] http://www.temple.edu:80/crafts/public_html/mjcc/local/history/biographies/b141.html
[976/4502] http://www.temple.edu:80/crafts/public_html/mjcc/local/history/biographies/b142.html
[977/4502] http://www.temple.edu:80/crafts/public_html/mjcc/local/history/biographies/b143.html
[978/4502] http://www.temple.edu:80/crafts/public_html/mjcc/local/history/biographies/b148.html
[979/4502] http://www.temple.edu:80/crafts/public_html/mjcc/local/history/biographies/b149.html
[980/4502] http://www.temple.edu:80/crafts/public_html/mjcc/local/history/biographies/b152.html
[981/4502] http://www.temple.edu:80/crafts/public_html/mjcc/local/history/biographies/b153.html
[982/4502] http://www.temple.edu:80/crafts/public_html/mjcc/local/history/biographies/b160.html
[983/4502] http://www.temple.edu:80/crafts/public_html/mjcc/local/history/biographies/b162.html
[984/4502] http://www.temple.edu:80/crafts/public_html/mjcc/local/history/biographies/b163.html
[985/4502] http://www.temple.edu:80/crafts/public_html/mjcc/local/history/biographies/b167.html
[986/4502] http://www.temple.edu:80/crafts/public_html/mjcc/local/history/biographies/b170.html
[987/4502] http://www.temple.edu:80/crafts/public_html/mjcc/local/history/biographies/b172.html
[988/4502] http://www.temple.edu:80/crafts/public_html/mjcc/local/history/biographies/b174.html
[989/4502] http://www.temple.edu:80/crafts/public_html/mjcc/local/history/biographies/b177.html
[990/4502] http://www.temple.edu:80/crafts/public_html/mjcc/local/history/biographies/b179.html
[991/4502] http://www.temple.edu:80/crafts/public_html/mjcc/local/history/biographies/b185.html
[992/4502] http://www.temple.edu:80/crafts/public_html/mjcc/local/history/biographies/b186.html
[993/4502] http://www.temple.edu:80/crafts/public_html/mjcc/local/history/biographies/b188.html
[994/4502] http://www.temple.edu:80/crafts/public_html/mjcc/local/history/biographies/b195.html
[995/4502] http://www.temple.edu:80/crafts/public_html/mjcc/local/history/biographies/b198.html
[996/4502] http://www.temple.edu:80/crafts/public_html/mjcc/local/history/biographies/b199.html
[997/4502] http://www.temple.edu:80/crafts/public_html/mjcc/local/history/biographies/b20.html
[998/4502] http://www.temple.edu:80/crafts/public_html/mjcc/local/history/biographies/b201.htm
[999/4502] http://www.temple.edu:80/crafts/public_html/mjcc/local/history/biographies/b204.htm
[1000/4502] http://www.temple.edu:80/crafts/public_html/mjcc/local/history/biographies/b206.html
[1001/4502] http://www.temple.edu:80/crafts/public_html/mjcc/local/history/biographies/b207.html
[1002/4502] http://www.temple.edu:80/crafts/public_html/mjcc/local/history/biographies/b214.htm
[1003/4502] http://www.temple.edu:80/crafts/public_html/mjcc/local/history/biographies/b23.html
[1004/4502] http://www.temple.edu:80/crafts/public_html/mjcc/local/history/biographies/b24.html
[1005/4502] http://www.temple.edu:80/crafts/public_html/mjcc/local/history/biographies/b26.html
[1006/4502] http://www.temple.edu:80/crafts/public_html/mjcc/local/history/biographies/b300.html
[1007/4502] http://www.temple.edu:80/crafts/public_html/mjcc/local/history/biographies/b301.html
[1008/4502] http://www.temple.edu:80/crafts/public_html/mjcc/local/history/biographies/b35.html
[1009/4502] http://www.temple.edu:80/crafts/public_html/mjcc/local/history/biographies/b36.html
[1010/4502] http://www.temple.edu:80/crafts/public_html/mjcc/local/history/biographies/b41.html
[1011/4502] http://www.temple.edu:80/crafts/public_html/mjcc/local/history/biographies/b43.html
[1012/4502] http://www.temple.edu:80/crafts/public_html/mjcc/local/history/biographies/b45.html
[1013/4502] http://www.temple.edu:80/crafts/public_html/mjcc/local/history/biographies/b46.html
[1014/4502] http://www.temple.edu:80/crafts/public_html/mjcc/local/history/biographies/b47.html
[1015/4502] http://www.temple.edu:80/crafts/public_html/mjcc/local/history/biographies/b50.html
[1016/4502] http://www.temple.edu:80/crafts/public_html/mjcc/local/history/biographies/b52.html
[1017/4502] http://www.temple.edu:80/crafts/public_html/mjcc/local/history/biographies/b53.html
[1018/4502] http://www.temple.edu:80/crafts/public_html/mjcc/local/history/biographies/b66.html
[1019/4502] http://www.temple.edu:80/crafts/public_html/mjcc/local/history/biographies/b68.html
[1020/4502] http://www.temple.edu:80/crafts/public_html/mjcc/local/history/biographies/b73.html
[1021/4502] http://www.temple.edu:80/crafts/public_html/mjcc/local/history/biographies/b74.html
[1022/4502] http://www.temple.edu:80/crafts/public_html/mjcc/local/history/biographies/b82.html
[1023/4502] http://www.temple.edu:80/crafts/public_html/mjcc/local/history/biographies/b84.html
[1024/4502] http://www.temple.edu:80/crafts/public_html/mjcc/local/history/biographies/b85.html
[1025/4502] http://www.temple.edu:80/crafts/public_html/mjcc/local/history/biographies/b87.html
[1026/4502] http://www.temple.edu:80/crafts/public_html/mjcc/local/history/biographies/b88.html
[1027/4502] http://www.temple.edu:80/crafts/public_html/mjcc/local/history/biographies/b89.html
[1028/4502] http://www.temple.edu:80/crafts/public_html/mjcc/local/history/biographies/b92.html
[1029/4502] http://www.temple.edu:80/crafts/public_html/mjcc/local/history/biographies/b93.html
[1030/4502] http://www.temple.edu:80/crafts/public_html/mjcc/local/history/biographies/b97.html
[1031/4502] http://www.temple.edu:80/crafts/public_html/mjcc/local/history/biographies/b98.html
[1032/4502] http://www.temple.edu:80/crafts/public_html/mjcc/local/history/biographies/HHwork.html
[1033/4502] http://www.temple.edu:80/crafts/public_html/mjcc/local/history/biographies/shop1.html
[1034/4502] http://www.temple.edu:80/crafts/public_html/mjcc/local/history/hhome.html
[1035/4502] http://www.temple.edu:80/crafts/public_html/mjcc/local/history/intro.html
[1036/4502] http://www.temple.edu:80/crafts/public_html/mjcc/local/history/p1.html
[1037/4502] http://www.temple.edu:80/crafts/public_html/mjcc/local/history/p10.html
[1038/4502] http://www.temple.edu:80/crafts/public_html/mjcc/local/history/p100.html
[1039/4502] http://www.temple.edu:80/crafts/public_html/mjcc/local/history/p101.html
[1040/4502] http://www.temple.edu:80/crafts/public_html/mjcc/local/history/p102.html
[1041/4502] http://www.temple.edu:80/crafts/public_html/mjcc/local/history/p103.html
[1042/4502] http://www.temple.edu:80/crafts/public_html/mjcc/local/history/p104.html
[1043/4502] http://www.temple.edu:80/crafts/public_html/mjcc/local/history/p105.html
[1044/4502] http://www.temple.edu:80/crafts/public_html/mjcc/local/history/p106.html
[1045/4502] http://www.temple.edu:80/crafts/public_html/mjcc/local/history/p107.html
[1046/4502] http://www.temple.edu:80/crafts/public_html/mjcc/local/history/p108.html
[1047/4502] http://www.temple.edu:80/crafts/public_html/mjcc/local/history/p109.html
[1048/4502] http://www.temple.edu:80/crafts/public_html/mjcc/local/history/p11.html
[1049/4502] http://www.temple.edu:80/crafts/public_html/mjcc/local/history/p110.html
[1050/4502] http://www.temple.edu:80/crafts/public_html/mjcc/local/history/p111.html
[1051/4502] http://www.temple.edu:80/crafts/public_html/mjcc/local/history/p112.html
[1052/4502] http://www.temple.edu:80/crafts/public_html/mjcc/local/history/p113.html
[1053/4502] http://www.temple.edu:80/crafts/public_html/mjcc/local/history/p114.html
[1054/4502] http://www.temple.edu:80/crafts/public_html/mjcc/local/history/p115.html
[1055/4502] http://www.temple.edu:80/crafts/public_html/mjcc/local/history/p116.html
[1056/4502] http://www.temple.edu:80/crafts/public_html/mjcc/local/history/p117.html
[1057/4502] http://www.temple.edu:80/crafts/public_html/mjcc/local/history/p118.html
[1058/4502] http://www.temple.edu:80/crafts/public_html/mjcc/local/history/p119.html
[1059/4502] http://www.temple.edu:80/crafts/public_html/mjcc/local/history/p12.html
[1060/4502] http://www.temple.edu:80/crafts/public_html/mjcc/local/history/p120.html
[1061/4502] http://www.temple.edu:80/crafts/public_html/mjcc/local/history/p121.html
[1062/4502] http://www.temple.edu:80/crafts/public_html/mjcc/local/history/p122.html
[1063/4502] http://www.temple.edu:80/crafts/public_html/mjcc/local/history/p123.html
[1064/4502] http://www.temple.edu:80/crafts/public_html/mjcc/local/history/p124.html
[1065/4502] http://www.temple.edu:80/crafts/public_html/mjcc/local/history/p125.html
[1066/4502] http://www.temple.edu:80/crafts/public_html/mjcc/local/history/p126.html
[1067/4502] http://www.temple.edu:80/crafts/public_html/mjcc/local/history/p127.html
[1068/4502] http://www.temple.edu:80/crafts/public_html/mjcc/local/history/p128.html
[1069/4502] http://www.temple.edu:80/crafts/public_html/mjcc/local/history/p129.html
[1070/4502] http://www.temple.edu:80/crafts/public_html/mjcc/local/history/p13.html
[1071/4502] http://www.temple.edu:80/crafts/public_html/mjcc/local/history/p130.html
[1072/4502] http://www.temple.edu:80/crafts/public_html/mjcc/local/history/p131.html
[1073/4502] http://www.temple.edu:80/crafts/public_html/mjcc/local/history/p132.html
[1074/4502] http://www.temple.edu:80/crafts/public_html/mjcc/local/history/p133.html
[1075/4502] http://www.temple.edu:80/crafts/public_html/mjcc/local/history/p134.html
[1076/4502] http://www.temple.edu:80/crafts/public_html/mjcc/local/history/p135.html
[1077/4502] http://www.temple.edu:80/crafts/public_html/mjcc/local/history/p136.html
[1078/4502] http://www.temple.edu:80/crafts/public_html/mjcc/local/history/p137.html
[1079/4502] http://www.temple.edu:80/crafts/public_html/mjcc/local/history/p138.html
[1080/4502] http://www.temple.edu:80/crafts/public_html/mjcc/local/history/p139.html
[1081/4502] http://www.temple.edu:80/crafts/public_html/mjcc/local/history/p14.html
[1082/4502] http://www.temple.edu:80/crafts/public_html/mjcc/local/history/p140.html
[1083/4502] http://www.temple.edu:80/crafts/public_html/mjcc/local/history/p141.html
[1084/4502] http://www.temple.edu:80/crafts/public_html/mjcc/local/history/p142.html
[1085/4502] http://www.temple.edu:80/crafts/public_html/mjcc/local/history/p143.html
[1086/4502] http://www.temple.edu:80/crafts/public_html/mjcc/local/history/p144.html
[1087/4502] http://www.temple.edu:80/crafts/public_html/mjcc/local/history/p145.html
[1088/4502] http://www.temple.edu:80/crafts/public_html/mjcc/local/history/p146.html
[1089/4502] http://www.temple.edu:80/crafts/public_html/mjcc/local/history/p147.html
[1090/4502] http://www.temple.edu:80/crafts/public_html/mjcc/local/history/p148.html
[1091/4502] http://www.temple.edu:80/crafts/public_html/mjcc/local/history/p149.html
[1092/4502] http://www.temple.edu:80/crafts/public_html/mjcc/local/history/p15.html
[1093/4502] http://www.temple.edu:80/crafts/public_html/mjcc/local/history/p150.html
[1094/4502] http://www.temple.edu:80/crafts/public_html/mjcc/local/history/p151.html
[1095/4502] http://www.temple.edu:80/crafts/public_html/mjcc/local/history/p152.html
[1096/4502] http://www.temple.edu:80/crafts/public_html/mjcc/local/history/p153.html
[1097/4502] http://www.temple.edu:80/crafts/public_html/mjcc/local/history/p154.html
[1098/4502] http://www.temple.edu:80/crafts/public_html/mjcc/local/history/p155.html
[1099/4502] http://www.temple.edu:80/crafts/public_html/mjcc/local/history/p156.html
[1100/4502] http://www.temple.edu:80/crafts/public_html/mjcc/local/history/p157.html
[1101/4502] http://www.temple.edu:80/crafts/public_html/mjcc/local/history/p158.html
[1102/4502] http://www.temple.edu:80/crafts/public_html/mjcc/local/history/p159.html
[1103/4502] http://www.temple.edu:80/crafts/public_html/mjcc/local/history/p16.html
[1104/4502] http://www.temple.edu:80/crafts/public_html/mjcc/local/history/p160.html
[1105/4502] http://www.temple.edu:80/crafts/public_html/mjcc/local/history/p161.html
[1106/4502] http://www.temple.edu:80/crafts/public_html/mjcc/local/history/p162.html
[1107/4502] http://www.temple.edu:80/crafts/public_html/mjcc/local/history/p163.html
[1108/4502] http://www.temple.edu:80/crafts/public_html/mjcc/local/history/p164.html
[1109/4502] http://www.temple.edu:80/crafts/public_html/mjcc/local/history/p165.html
[1110/4502] http://www.temple.edu:80/crafts/public_html/mjcc/local/history/p166.html
[1111/4502] http://www.temple.edu:80/crafts/public_html/mjcc/local/history/p167.html
[1112/4502] http://www.temple.edu:80/crafts/public_html/mjcc/local/history/p168.html
[1113/4502] http://www.temple.edu:80/crafts/public_html/mjcc/local/history/p169.html
[1114/4502] http://www.temple.edu:80/crafts/public_html/mjcc/local/history/p17.html
[1115/4502] http://www.temple.edu:80/crafts/public_html/mjcc/local/history/p170.html
[1116/4502] http://www.temple.edu:80/crafts/public_html/mjcc/local/history/p171.html
[1117/4502] http://www.temple.edu:80/crafts/public_html/mjcc/local/history/p172.html
[1118/4502] http://www.temple.edu:80/crafts/public_html/mjcc/local/history/p173.html
[1119/4502] http://www.temple.edu:80/crafts/public_html/mjcc/local/history/p174.html
[1120/4502] http://www.temple.edu:80/crafts/public_html/mjcc/local/history/p175.html
[1121/4502] http://www.temple.edu:80/crafts/public_html/mjcc/local/history/p176.html
[1122/4502] http://www.temple.edu:80/crafts/public_html/mjcc/local/history/p177.html
[1123/4502] http://www.temple.edu:80/crafts/public_html/mjcc/local/history/p178.html
[1124/4502] http://www.temple.edu:80/crafts/public_html/mjcc/local/history/p179.html
[1125/4502] http://www.temple.edu:80/crafts/public_html/mjcc/local/history/p18.html
[1126/4502] http://www.temple.edu:80/crafts/public_html/mjcc/local/history/p180.html
[1127/4502] http://www.temple.edu:80/crafts/public_html/mjcc/local/history/p181.html
[1128/4502] http://www.temple.edu:80/crafts/public_html/mjcc/local/history/p182.html
[1129/4502] http://www.temple.edu:80/crafts/public_html/mjcc/local/history/p183.html
[1130/4502] http://www.temple.edu:80/crafts/public_html/mjcc/local/history/p184.html
[1131/4502] http://www.temple.edu:80/crafts/public_html/mjcc/local/history/p185.html
[1132/4502] http://www.temple.edu:80/crafts/public_html/mjcc/local/history/p186.html
[1133/4502] http://www.temple.edu:80/crafts/public_html/mjcc/local/history/p187.html
[1134/4502] http://www.temple.edu:80/crafts/public_html/mjcc/local/history/p188.html
[1135/4502] http://www.temple.edu:80/crafts/public_html/mjcc/local/history/p189.html
[1136/4502] http://www.temple.edu:80/crafts/public_html/mjcc/local/history/p19.html
[1137/4502] http://www.temple.edu:80/crafts/public_html/mjcc/local/history/p190.html
[1138/4502] http://www.temple.edu:80/crafts/public_html/mjcc/local/history/p191.html
[1139/4502] http://www.temple.edu:80/crafts/public_html/mjcc/local/history/p192.html
[1140/4502] http://www.temple.edu:80/crafts/public_html/mjcc/local/history/p193.html
[1141/4502] http://www.temple.edu:80/crafts/public_html/mjcc/local/history/p194.html
[1142/4502] http://www.temple.edu:80/crafts/public_html/mjcc/local/history/p195.html
[1143/4502] http://www.temple.edu:80/crafts/public_html/mjcc/local/history/p196.html
[1144/4502] http://www.temple.edu:80/crafts/public_html/mjcc/local/history/p197.html
[1145/4502] http://www.temple.edu:80/crafts/public_html/mjcc/local/history/p198.html
[1146/4502] http://www.temple.edu:80/crafts/public_html/mjcc/local/history/p199.html
[1147/4502] http://www.temple.edu:80/crafts/public_html/mjcc/local/history/p2.html
[1148/4502] http://www.temple.edu:80/crafts/public_html/mjcc/local/history/p20.html
[1149/4502] http://www.temple.edu:80/crafts/public_html/mjcc/local/history/p200.html
[1150/4502] http://www.temple.edu:80/crafts/public_html/mjcc/local/history/p201.html
[1151/4502] http://www.temple.edu:80/crafts/public_html/mjcc/local/history/p202.html
[1152/4502] http://www.temple.edu:80/crafts/public_html/mjcc/local/history/p203.html
[1153/4502] http://www.temple.edu:80/crafts/public_html/mjcc/local/history/p204.html
[1154/4502] http://www.temple.edu:80/crafts/public_html/mjcc/local/history/p205.html
[1155/4502] http://www.temple.edu:80/crafts/public_html/mjcc/local/history/p206.html
[1156/4502] http://www.temple.edu:80/crafts/public_html/mjcc/local/history/p207.html
[1157/4502] http://www.temple.edu:80/crafts/public_html/mjcc/local/history/p208.html
[1158/4502] http://www.temple.edu:80/crafts/public_html/mjcc/local/history/p209.html
[1159/4502] http://www.temple.edu:80/crafts/public_html/mjcc/local/history/p21.html
[1160/4502] http://www.temple.edu:80/crafts/public_html/mjcc/local/history/p210.html
[1161/4502] http://www.temple.edu:80/crafts/public_html/mjcc/local/history/p211.html
[1162/4502] http://www.temple.edu:80/crafts/public_html/mjcc/local/history/p212.html
[1163/4502] http://www.temple.edu:80/crafts/public_html/mjcc/local/history/p213.html
[1164/4502] http://www.temple.edu:80/crafts/public_html/mjcc/local/history/p214.htm
[1165/4502] http://www.temple.edu:80/crafts/public_html/mjcc/local/history/p22.html
[1166/4502] http://www.temple.edu:80/crafts/public_html/mjcc/local/history/p23.html
[1167/4502] http://www.temple.edu:80/crafts/public_html/mjcc/local/history/p24.html
[1168/4502] http://www.temple.edu:80/crafts/public_html/mjcc/local/history/p25.html
[1169/4502] http://www.temple.edu:80/crafts/public_html/mjcc/local/history/p26.html
[1170/4502] http://www.temple.edu:80/crafts/public_html/mjcc/local/history/p27.html
[1171/4502] http://www.temple.edu:80/crafts/public_html/mjcc/local/history/p275.html
[1172/4502] http://www.temple.edu:80/crafts/public_html/mjcc/local/history/p28.html
[1173/4502] http://www.temple.edu:80/crafts/public_html/mjcc/local/history/p29.html
[1174/4502] http://www.temple.edu:80/crafts/public_html/mjcc/local/history/p3.html
[1175/4502] http://www.temple.edu:80/crafts/public_html/mjcc/local/history/p30.html
[1176/4502] http://www.temple.edu:80/crafts/public_html/mjcc/local/history/p31.html
[1177/4502] http://www.temple.edu:80/crafts/public_html/mjcc/local/history/p32.html
[1178/4502] http://www.temple.edu:80/crafts/public_html/mjcc/local/history/p33.html
[1179/4502] http://www.temple.edu:80/crafts/public_html/mjcc/local/history/p34.html
[1180/4502] http://www.temple.edu:80/crafts/public_html/mjcc/local/history/p35.html
[1181/4502] http://www.temple.edu:80/crafts/public_html/mjcc/local/history/p36.html
[1182/4502] http://www.temple.edu:80/crafts/public_html/mjcc/local/history/p37.html
[1183/4502] http://www.temple.edu:80/crafts/public_html/mjcc/local/history/p38.html
[1184/4502] http://www.temple.edu:80/crafts/public_html/mjcc/local/history/p39.html
[1185/4502] http://www.temple.edu:80/crafts/public_html/mjcc/local/history/p4.html
[1186/4502] http://www.temple.edu:80/crafts/public_html/mjcc/local/history/p40.html
[1187/4502] http://www.temple.edu:80/crafts/public_html/mjcc/local/history/p41.html
[1188/4502] http://www.temple.edu:80/crafts/public_html/mjcc/local/history/p42.html
[1189/4502] http://www.temple.edu:80/crafts/public_html/mjcc/local/history/p43.html
[1190/4502] http://www.temple.edu:80/crafts/public_html/mjcc/local/history/p44.html
[1191/4502] http://www.temple.edu:80/crafts/public_html/mjcc/local/history/p45.html
[1192/4502] http://www.temple.edu:80/crafts/public_html/mjcc/local/history/p46.html
[1193/4502] http://www.temple.edu:80/crafts/public_html/mjcc/local/history/p47.html
[1194/4502] http://www.temple.edu:80/crafts/public_html/mjcc/local/history/p48.html
[1195/4502] http://www.temple.edu:80/crafts/public_html/mjcc/local/history/p49.html
[1196/4502] http://www.temple.edu:80/crafts/public_html/mjcc/local/history/p5.html
[1197/4502] http://www.temple.edu:80/crafts/public_html/mjcc/local/history/p50.html
[1198/4502] http://www.temple.edu:80/crafts/public_html/mjcc/local/history/p51.html
[1199/4502] http://www.temple.edu:80/crafts/public_html/mjcc/local/history/p52.html
[1200/4502] http://www.temple.edu:80/crafts/public_html/mjcc/local/history/p53.html
[1201/4502] http://www.temple.edu:80/crafts/public_html/mjcc/local/history/p54.html
[1202/4502] http://www.temple.edu:80/crafts/public_html/mjcc/local/history/p55.html
[1203/4502] http://www.temple.edu:80/crafts/public_html/mjcc/local/history/p56.html
[1204/4502] http://www.temple.edu:80/crafts/public_html/mjcc/local/history/p57.html
[1205/4502] http://www.temple.edu:80/crafts/public_html/mjcc/local/history/p58.html
[1206/4502] http://www.temple.edu:80/crafts/public_html/mjcc/local/history/p59.html
[1207/4502] http://www.temple.edu:80/crafts/public_html/mjcc/local/history/p6.html
[1208/4502] http://www.temple.edu:80/crafts/public_html/mjcc/local/history/p60.html
[1209/4502] http://www.temple.edu:80/crafts/public_html/mjcc/local/history/p61.html
[1210/4502] http://www.temple.edu:80/crafts/public_html/mjcc/local/history/p62.html
[1211/4502] http://www.temple.edu:80/crafts/public_html/mjcc/local/history/p63.html
[1212/4502] http://www.temple.edu:80/crafts/public_html/mjcc/local/history/p64.html
[1213/4502] http://www.temple.edu:80/crafts/public_html/mjcc/local/history/p65.html
[1214/4502] http://www.temple.edu:80/crafts/public_html/mjcc/local/history/p66.html
[1215/4502] http://www.temple.edu:80/crafts/public_html/mjcc/local/history/p67.html
[1216/4502] http://www.temple.edu:80/crafts/public_html/mjcc/local/history/P68.html
[1217/4502] http://www.temple.edu:80/crafts/public_html/mjcc/local/history/p69.html
[1218/4502] http://www.temple.edu:80/crafts/public_html/mjcc/local/history/p7.html
[1219/4502] http://www.temple.edu:80/crafts/public_html/mjcc/local/history/p70.html
[1220/4502] http://www.temple.edu:80/crafts/public_html/mjcc/local/history/p71.html
[1221/4502] http://www.temple.edu:80/crafts/public_html/mjcc/local/history/p72.html
[1222/4502] http://www.temple.edu:80/crafts/public_html/mjcc/local/history/p73.html
[1223/4502] http://www.temple.edu:80/crafts/public_html/mjcc/local/history/p74.html
[1224/4502] http://www.temple.edu:80/crafts/public_html/mjcc/local/history/p75.html
[1225/4502] http://www.temple.edu:80/crafts/public_html/mjcc/local/history/p76.html
[1226/4502] http://www.temple.edu:80/crafts/public_html/mjcc/local/history/p77.html
[1227/4502] http://www.temple.edu:80/crafts/public_html/mjcc/local/history/p78.html
[1228/4502] http://www.temple.edu:80/crafts/public_html/mjcc/local/history/p79.html
[1229/4502] http://www.temple.edu:80/crafts/public_html/mjcc/local/history/p8.html
[1230/4502] http://www.temple.edu:80/crafts/public_html/mjcc/local/history/p80.html
[1231/4502] http://www.temple.edu:80/crafts/public_html/mjcc/local/history/p81.html
[1232/4502] http://www.temple.edu:80/crafts/public_html/mjcc/local/history/p82.html
[1233/4502] http://www.temple.edu:80/crafts/public_html/mjcc/local/history/p83.html
[1234/4502] http://www.temple.edu:80/crafts/public_html/mjcc/local/history/p84.html
[1235/4502] http://www.temple.edu:80/crafts/public_html/mjcc/local/history/p85.html
[1236/4502] http://www.temple.edu:80/crafts/public_html/mjcc/local/history/p86.html
[1237/4502] http://www.temple.edu:80/crafts/public_html/mjcc/local/history/p87.html
[1238/4502] http://www.temple.edu:80/crafts/public_html/mjcc/local/history/p88.html
[1239/4502] http://www.temple.edu:80/crafts/public_html/mjcc/local/history/p89.html
[1240/4502] http://www.temple.edu:80/crafts/public_html/mjcc/local/history/p9.html
[1241/4502] http://www.temple.edu:80/crafts/public_html/mjcc/local/history/p90.html
[1242/4502] http://www.temple.edu:80/crafts/public_html/mjcc/local/history/p91.html
[1243/4502] http://www.temple.edu:80/crafts/public_html/mjcc/local/history/p92.html
[1244/4502] http://www.temple.edu:80/crafts/public_html/mjcc/local/history/p93.html
[1245/4502] http://www.temple.edu:80/crafts/public_html/mjcc/local/history/p94.html
[1246/4502] http://www.temple.edu:80/crafts/public_html/mjcc/local/history/p95.html
[1247/4502] http://www.temple.edu:80/crafts/public_html/mjcc/local/history/p96.html
[1248/4502] http://www.temple.edu:80/crafts/public_html/mjcc/local/history/p97.html
[1249/4502] http://www.temple.edu:80/crafts/public_html/mjcc/local/history/p98.html
[1250/4502] http://www.temple.edu:80/crafts/public_html/mjcc/local/history/p99.html
[1251/4502] http://www.temple.edu:80/crafts/public_html/mjcc/local/history/s1.html
[1252/4502] http://www.temple.edu:80/crafts/public_html/mjcc/local/history/s10.html
[1253/4502] http://www.temple.edu:80/crafts/public_html/mjcc/local/history/s100.html
[1254/4502] http://www.temple.edu:80/crafts/public_html/mjcc/local/history/s101.html
[1255/4502] http://www.temple.edu:80/crafts/public_html/mjcc/local/history/s102.html
[1256/4502] http://www.temple.edu:80/crafts/public_html/mjcc/local/history/s103.html
[1257/4502] http://www.temple.edu:80/crafts/public_html/mjcc/local/history/s104.html
[1258/4502] http://www.temple.edu:80/crafts/public_html/mjcc/local/history/s105.html
[1259/4502] http://www.temple.edu:80/crafts/public_html/mjcc/local/history/s106.html
[1260/4502] http://www.temple.edu:80/crafts/public_html/mjcc/local/history/s107.html
[1261/4502] http://www.temple.edu:80/crafts/public_html/mjcc/local/history/s108.html
[1262/4502] http://www.temple.edu:80/crafts/public_html/mjcc/local/history/s11.html
[1263/4502] http://www.temple.edu:80/crafts/public_html/mjcc/local/history/s110.html
[1264/4502] http://www.temple.edu:80/crafts/public_html/mjcc/local/history/s111.html
[1265/4502] http://www.temple.edu:80/crafts/public_html/mjcc/local/history/s112.html
[1266/4502] http://www.temple.edu:80/crafts/public_html/mjcc/local/history/s117.html
[1267/4502] http://www.temple.edu:80/crafts/public_html/mjcc/local/history/s118.html
[1268/4502] http://www.temple.edu:80/crafts/public_html/mjcc/local/history/s119.html
[1269/4502] http://www.temple.edu:80/crafts/public_html/mjcc/local/history/s12.html
[1270/4502] http://www.temple.edu:80/crafts/public_html/mjcc/local/history/s122.html
[1271/4502] http://www.temple.edu:80/crafts/public_html/mjcc/local/history/s123.html
[1272/4502] http://www.temple.edu:80/crafts/public_html/mjcc/local/history/s124.html
[1273/4502] http://www.temple.edu:80/crafts/public_html/mjcc/local/history/s125.html
[1274/4502] http://www.temple.edu:80/crafts/public_html/mjcc/local/history/s126.html
[1275/4502] http://www.temple.edu:80/crafts/public_html/mjcc/local/history/s127.html
[1276/4502] http://www.temple.edu:80/crafts/public_html/mjcc/local/history/s129.html
[1277/4502] http://www.temple.edu:80/crafts/public_html/mjcc/local/history/s13.html
[1278/4502] http://www.temple.edu:80/crafts/public_html/mjcc/local/history/s130.html
[1279/4502] http://www.temple.edu:80/crafts/public_html/mjcc/local/history/s131.html
[1280/4502] http://www.temple.edu:80/crafts/public_html/mjcc/local/history/s132.html
[1281/4502] http://www.temple.edu:80/crafts/public_html/mjcc/local/history/s133.html
[1282/4502] http://www.temple.edu:80/crafts/public_html/mjcc/local/history/s134.html
[1283/4502] http://www.temple.edu:80/crafts/public_html/mjcc/local/history/s135.html
[1284/4502] http://www.temple.edu:80/crafts/public_html/mjcc/local/history/s139.html
[1285/4502] http://www.temple.edu:80/crafts/public_html/mjcc/local/history/s14.html
[1286/4502] http://www.temple.edu:80/crafts/public_html/mjcc/local/history/s140.html
[1287/4502] http://www.temple.edu:80/crafts/public_html/mjcc/local/history/s141.html
[1288/4502] http://www.temple.edu:80/crafts/public_html/mjcc/local/history/s142.html
[1289/4502] http://www.temple.edu:80/crafts/public_html/mjcc/local/history/s143.html
[1290/4502] http://www.temple.edu:80/crafts/public_html/mjcc/local/history/s144.html
[1291/4502] http://www.temple.edu:80/crafts/public_html/mjcc/local/history/s146.html
[1292/4502] http://www.temple.edu:80/crafts/public_html/mjcc/local/history/s147.html
[1293/4502] http://www.temple.edu:80/crafts/public_html/mjcc/local/history/s148.html
[1294/4502] http://www.temple.edu:80/crafts/public_html/mjcc/local/history/s149.html
[1295/4502] http://www.temple.edu:80/crafts/public_html/mjcc/local/history/s150.html
[1296/4502] http://www.temple.edu:80/crafts/public_html/mjcc/local/history/s151.html
[1297/4502] http://www.temple.edu:80/crafts/public_html/mjcc/local/history/s152.html
[1298/4502] http://www.temple.edu:80/crafts/public_html/mjcc/local/history/s153.html
[1299/4502] http://www.temple.edu:80/crafts/public_html/mjcc/local/history/s155.html
[1300/4502] http://www.temple.edu:80/crafts/public_html/mjcc/local/history/s156.html
[1301/4502] http://www.temple.edu:80/crafts/public_html/mjcc/local/history/s158.html
[1302/4502] http://www.temple.edu:80/crafts/public_html/mjcc/local/history/s159.html
[1303/4502] http://www.temple.edu:80/crafts/public_html/mjcc/local/history/s16.html
[1304/4502] http://www.temple.edu:80/crafts/public_html/mjcc/local/history/s160.html
[1305/4502] http://www.temple.edu:80/crafts/public_html/mjcc/local/history/s162.html
[1306/4502] http://www.temple.edu:80/crafts/public_html/mjcc/local/history/s163.html
[1307/4502] http://www.temple.edu:80/crafts/public_html/mjcc/local/history/s167.html
[1308/4502] http://www.temple.edu:80/crafts/public_html/mjcc/local/history/s168.html
[1309/4502] http://www.temple.edu:80/crafts/public_html/mjcc/local/history/s169.html
[1310/4502] http://www.temple.edu:80/crafts/public_html/mjcc/local/history/s170.html
[1311/4502] http://www.temple.edu:80/crafts/public_html/mjcc/local/history/s171.html
[1312/4502] http://www.temple.edu:80/crafts/public_html/mjcc/local/history/s172.html
[1313/4502] http://www.temple.edu:80/crafts/public_html/mjcc/local/history/s173.html
[1314/4502] http://www.temple.edu:80/crafts/public_html/mjcc/local/history/s174.html
[1315/4502] http://www.temple.edu:80/crafts/public_html/mjcc/local/history/s175.html
[1316/4502] http://www.temple.edu:80/crafts/public_html/mjcc/local/history/s177.html
[1317/4502] http://www.temple.edu:80/crafts/public_html/mjcc/local/history/s180.html
[1318/4502] http://www.temple.edu:80/crafts/public_html/mjcc/local/history/s181.html
[1319/4502] http://www.temple.edu:80/crafts/public_html/mjcc/local/history/s182.html
[1320/4502] http://www.temple.edu:80/crafts/public_html/mjcc/local/history/s183.html
[1321/4502] http://www.temple.edu:80/crafts/public_html/mjcc/local/history/s184.html
[1322/4502] http://www.temple.edu:80/crafts/public_html/mjcc/local/history/s186.html
[1323/4502] http://www.temple.edu:80/crafts/public_html/mjcc/local/history/s187.html
[1324/4502] http://www.temple.edu:80/crafts/public_html/mjcc/local/history/s188.html
[1325/4502] http://www.temple.edu:80/crafts/public_html/mjcc/local/history/s19.html
[1326/4502] http://www.temple.edu:80/crafts/public_html/mjcc/local/history/s190.html
[1327/4502] http://www.temple.edu:80/crafts/public_html/mjcc/local/history/s194.html
[1328/4502] http://www.temple.edu:80/crafts/public_html/mjcc/local/history/s195.html
[1329/4502] http://www.temple.edu:80/crafts/public_html/mjcc/local/history/s196.html
[1330/4502] http://www.temple.edu:80/crafts/public_html/mjcc/local/history/s197.html
[1331/4502] http://www.temple.edu:80/crafts/public_html/mjcc/local/history/s198.html
[1332/4502] http://www.temple.edu:80/crafts/public_html/mjcc/local/history/s199.html
[1333/4502] http://www.temple.edu:80/crafts/public_html/mjcc/local/history/s2.html
[1334/4502] http://www.temple.edu:80/crafts/public_html/mjcc/local/history/s20.html
[1335/4502] http://www.temple.edu:80/crafts/public_html/mjcc/local/history/s200.html
[1336/4502] http://www.temple.edu:80/crafts/public_html/mjcc/local/history/s201.html
[1337/4502] http://www.temple.edu:80/crafts/public_html/mjcc/local/history/s203.html
[1338/4502] http://www.temple.edu:80/crafts/public_html/mjcc/local/history/s205.html
[1339/4502] http://www.temple.edu:80/crafts/public_html/mjcc/local/history/s206.html
[1340/4502] http://www.temple.edu:80/crafts/public_html/mjcc/local/history/s207.html
[1341/4502] http://www.temple.edu:80/crafts/public_html/mjcc/local/history/s208.html
[1342/4502] http://www.temple.edu:80/crafts/public_html/mjcc/local/history/s209.html
[1343/4502] http://www.temple.edu:80/crafts/public_html/mjcc/local/history/s210.html
[1344/4502] http://www.temple.edu:80/crafts/public_html/mjcc/local/history/s211.html
[1345/4502] http://www.temple.edu:80/crafts/public_html/mjcc/local/history/s215.html
[1346/4502] http://www.temple.edu:80/crafts/public_html/mjcc/local/history/s218.html
[1347/4502] http://www.temple.edu:80/crafts/public_html/mjcc/local/history/s22.html
[1348/4502] http://www.temple.edu:80/crafts/public_html/mjcc/local/history/s222.html
[1349/4502] http://www.temple.edu:80/crafts/public_html/mjcc/local/history/s223.html
[1350/4502] http://www.temple.edu:80/crafts/public_html/mjcc/local/history/s224.html
[1351/4502] http://www.temple.edu:80/crafts/public_html/mjcc/local/history/s225.html
[1352/4502] http://www.temple.edu:80/crafts/public_html/mjcc/local/history/s227.html
[1353/4502] http://www.temple.edu:80/crafts/public_html/mjcc/local/history/s228.html
[1354/4502] http://www.temple.edu:80/crafts/public_html/mjcc/local/history/s23.html
[1355/4502] http://www.temple.edu:80/crafts/public_html/mjcc/local/history/s230.html
[1356/4502] http://www.temple.edu:80/crafts/public_html/mjcc/local/history/s232.html
[1357/4502] http://www.temple.edu:80/crafts/public_html/mjcc/local/history/s234.html
[1358/4502] http://www.temple.edu:80/crafts/public_html/mjcc/local/history/s235.html
[1359/4502] http://www.temple.edu:80/crafts/public_html/mjcc/local/history/s236.html
[1360/4502] http://www.temple.edu:80/crafts/public_html/mjcc/local/history/s237.html
[1361/4502] http://www.temple.edu:80/crafts/public_html/mjcc/local/history/s238.html
[1362/4502] http://www.temple.edu:80/crafts/public_html/mjcc/local/history/s24.html
[1363/4502] http://www.temple.edu:80/crafts/public_html/mjcc/local/history/s240.html
[1364/4502] http://www.temple.edu:80/crafts/public_html/mjcc/local/history/s241.html
[1365/4502] http://www.temple.edu:80/crafts/public_html/mjcc/local/history/s242.html
[1366/4502] http://www.temple.edu:80/crafts/public_html/mjcc/local/history/s244.html
[1367/4502] http://www.temple.edu:80/crafts/public_html/mjcc/local/history/s245.html
[1368/4502] http://www.temple.edu:80/crafts/public_html/mjcc/local/history/s246.html
[1369/4502] http://www.temple.edu:80/crafts/public_html/mjcc/local/history/s247.html
[1370/4502] http://www.temple.edu:80/crafts/public_html/mjcc/local/history/s248.html
[1371/4502] http://www.temple.edu:80/crafts/public_html/mjcc/local/history/s25.html
[1372/4502] http://www.temple.edu:80/crafts/public_html/mjcc/local/history/s250.html
[1373/4502] http://www.temple.edu:80/crafts/public_html/mjcc/local/history/s251.html
[1374/4502] http://www.temple.edu:80/crafts/public_html/mjcc/local/history/s253.html
[1375/4502] http://www.temple.edu:80/crafts/public_html/mjcc/local/history/s254.html
[1376/4502] http://www.temple.edu:80/crafts/public_html/mjcc/local/history/s255.html
[1377/4502] http://www.temple.edu:80/crafts/public_html/mjcc/local/history/s257.html
[1378/4502] http://www.temple.edu:80/crafts/public_html/mjcc/local/history/s258.html
[1379/4502] http://www.temple.edu:80/crafts/public_html/mjcc/local/history/s26.html
[1380/4502] http://www.temple.edu:80/crafts/public_html/mjcc/local/history/s262.html
[1381/4502] http://www.temple.edu:80/crafts/public_html/mjcc/local/history/s263.html
[1382/4502] http://www.temple.edu:80/crafts/public_html/mjcc/local/history/s264.html
[1383/4502] http://www.temple.edu:80/crafts/public_html/mjcc/local/history/s266.html
[1384/4502] http://www.temple.edu:80/crafts/public_html/mjcc/local/history/s267.html
[1385/4502] http://www.temple.edu:80/crafts/public_html/mjcc/local/history/s268.html
[1386/4502] http://www.temple.edu:80/crafts/public_html/mjcc/local/history/s27.html
[1387/4502] http://www.temple.edu:80/crafts/public_html/mjcc/local/history/s272.html
[1388/4502] http://www.temple.edu:80/crafts/public_html/mjcc/local/history/s273.html
[1389/4502] http://www.temple.edu:80/crafts/public_html/mjcc/local/history/s274.html
[1390/4502] http://www.temple.edu:80/crafts/public_html/mjcc/local/history/s275.html
[1391/4502] http://www.temple.edu:80/crafts/public_html/mjcc/local/history/s29.html
[1392/4502] http://www.temple.edu:80/crafts/public_html/mjcc/local/history/s3.html
[1393/4502] http://www.temple.edu:80/crafts/public_html/mjcc/local/history/s30.html
[1394/4502] http://www.temple.edu:80/crafts/public_html/mjcc/local/history/s32.html
[1395/4502] http://www.temple.edu:80/crafts/public_html/mjcc/local/history/s33.html
[1396/4502] http://www.temple.edu:80/crafts/public_html/mjcc/local/history/s34.html
[1397/4502] http://www.temple.edu:80/crafts/public_html/mjcc/local/history/s35.html
[1398/4502] http://www.temple.edu:80/crafts/public_html/mjcc/local/history/s36.html
[1399/4502] http://www.temple.edu:80/crafts/public_html/mjcc/local/history/s42.html
[1400/4502] http://www.temple.edu:80/crafts/public_html/mjcc/local/history/s43.html
[1401/4502] http://www.temple.edu:80/crafts/public_html/mjcc/local/history/s44.html
[1402/4502] http://www.temple.edu:80/crafts/public_html/mjcc/local/history/s45.html
[1403/4502] http://www.temple.edu:80/crafts/public_html/mjcc/local/history/s46.html
[1404/4502] http://www.temple.edu:80/crafts/public_html/mjcc/local/history/s48.html
[1405/4502] http://www.temple.edu:80/crafts/public_html/mjcc/local/history/s49.html
[1406/4502] http://www.temple.edu:80/crafts/public_html/mjcc/local/history/s5.html
[1407/4502] http://www.temple.edu:80/crafts/public_html/mjcc/local/history/s50.html
[1408/4502] http://www.temple.edu:80/crafts/public_html/mjcc/local/history/s51.html
[1409/4502] http://www.temple.edu:80/crafts/public_html/mjcc/local/history/s52.html
[1410/4502] http://www.temple.edu:80/crafts/public_html/mjcc/local/history/s53.html
[1411/4502] http://www.temple.edu:80/crafts/public_html/mjcc/local/history/s54.html
[1412/4502] http://www.temple.edu:80/crafts/public_html/mjcc/local/history/s55.html
[1413/4502] http://www.temple.edu:80/crafts/public_html/mjcc/local/history/s56.html
[1414/4502] http://www.temple.edu:80/crafts/public_html/mjcc/local/history/s57.html
[1415/4502] http://www.temple.edu:80/crafts/public_html/mjcc/local/history/s58.html
[1416/4502] http://www.temple.edu:80/crafts/public_html/mjcc/local/history/s59.html
[1417/4502] http://www.temple.edu:80/crafts/public_html/mjcc/local/history/s6.html
[1418/4502] http://www.temple.edu:80/crafts/public_html/mjcc/local/history/s65.html
[1419/4502] http://www.temple.edu:80/crafts/public_html/mjcc/local/history/s66.html
[1420/4502] http://www.temple.edu:80/crafts/public_html/mjcc/local/history/s67.html
[1421/4502] http://www.temple.edu:80/crafts/public_html/mjcc/local/history/s68.html
[1422/4502] http://www.temple.edu:80/crafts/public_html/mjcc/local/history/s69.html
[1423/4502] http://www.temple.edu:80/crafts/public_html/mjcc/local/history/s7.html
[1424/4502] http://www.temple.edu:80/crafts/public_html/mjcc/local/history/s70.html
[1425/4502] http://www.temple.edu:80/crafts/public_html/mjcc/local/history/s71.html
[1426/4502] http://www.temple.edu:80/crafts/public_html/mjcc/local/history/s72.html
[1427/4502] http://www.temple.edu:80/crafts/public_html/mjcc/local/history/s74.html
[1428/4502] http://www.temple.edu:80/crafts/public_html/mjcc/local/history/s75.html
[1429/4502] http://www.temple.edu:80/crafts/public_html/mjcc/local/history/s76.html
[1430/4502] http://www.temple.edu:80/crafts/public_html/mjcc/local/history/s77.html
[1431/4502] http://www.temple.edu:80/crafts/public_html/mjcc/local/history/s78.html
[1432/4502] http://www.temple.edu:80/crafts/public_html/mjcc/local/history/s79.html
[1433/4502] http://www.temple.edu:80/crafts/public_html/mjcc/local/history/s8.html
[1434/4502] http://www.temple.edu:80/crafts/public_html/mjcc/local/history/s80.html
[1435/4502] http://www.temple.edu:80/crafts/public_html/mjcc/local/history/s81.html
[1436/4502] http://www.temple.edu:80/crafts/public_html/mjcc/local/history/s82.html
[1437/4502] http://www.temple.edu:80/crafts/public_html/mjcc/local/history/s84.html
[1438/4502] http://www.temple.edu:80/crafts/public_html/mjcc/local/history/s85.html
[1439/4502] http://www.temple.edu:80/crafts/public_html/mjcc/local/history/s86.html
[1440/4502] http://www.temple.edu:80/crafts/public_html/mjcc/local/history/s87.html
[1441/4502] http://www.temple.edu:80/crafts/public_html/mjcc/local/history/s88.html
[1442/4502] http://www.temple.edu:80/crafts/public_html/mjcc/local/history/s89.html
[1443/4502] http://www.temple.edu:80/crafts/public_html/mjcc/local/history/s9.html
[1444/4502] http://www.temple.edu:80/crafts/public_html/mjcc/local/history/s90.html
[1445/4502] http://www.temple.edu:80/crafts/public_html/mjcc/local/history/s91.html
[1446/4502] http://www.temple.edu:80/crafts/public_html/mjcc/local/history/s92.html
[1447/4502] http://www.temple.edu:80/crafts/public_html/mjcc/local/history/s93.html
[1448/4502] http://www.temple.edu:80/crafts/public_html/mjcc/local/history/s94.html
[1449/4502] http://www.temple.edu:80/crafts/public_html/mjcc/local/history/s95.html
[1450/4502] http://www.temple.edu:80/crafts/public_html/mjcc/local/history/s96.html
[1451/4502] http://www.temple.edu:80/crafts/public_html/mjcc/local/history/s98.html
[1452/4502] http://www.temple.edu:80/crafts/public_html/mjcc/local/history/s99.html
[1453/4502] http://www.temple.edu:80/crafts/public_html/mjcc/net/news.html
[1454/4502] http://www.temple.edu:80/crafts/public_html/mjcc/net/poi.html
[1455/4502] http://www.temple.edu:80/crafts/public_html/mjcc/net/tech.html
[1456/4502] http://www.temple.edu:80/crafts/public_html/mjcc/site_credits.htm
[1457/4502] http://www.temple.edu:80/crafts/sitecreditspage/sitecredits.htm
[1458/4502] http://temple.edu:80/crafts/public_html/mjcc/mjcc.html
[1459/4502] http://temple.edu:80/crafts/public_html/tylersitemap.html
[1460/4502] http://www.temple.edu/crafts/
[1461/4502] http://www.temple.edu/crafts/_classroomhandouts/Dif.htm
[1462/4502] http://www.temple.edu/crafts/_classroomhandouts/Flamingo/flamingo%20preformance.htm
[1463/4502] http://www.temple.edu/crafts/_classroomhandouts/Flamingo/Flamingo_render/Flamingo_render_ex.htm
[1464/4502] http://www.temple.edu/crafts/_classroomhandouts/Handout_list.htm
[1465/4502] http://www.temple.edu/crafts/_classroomhandouts/huey_monitor_calibration/huey_monitor_calibration.htm
[1466/4502] http://www.temple.edu/crafts/_classroomhandouts/Infiltrating_Starch_with_RTV.htm
[1467/4502] http://www.temple.edu/crafts/_classroomhandouts/Resume%20CV/from_the_cronical_of_higher_educ.htm
[1468/4502] http://www.temple.edu/crafts/_classroomhandouts/RP%20Materials%20Data/3d_printing_materials.htm
[1469/4502] http://www.temple.edu/crafts/_classroomhandouts/RP_casting/RP_investment_casting.htm
[1470/4502] http://www.temple.edu/crafts/_classroomhandouts/RP_casting_downloads.htm
[1471/4502] http://www.temple.edu/crafts/_classroomhandouts/RP_test_parts/rp_test_part_rev_2.htm
[1472/4502] http://www.temple.edu/crafts/_classroomhandouts/shelling_a_part_using_solidworks.htm
[1473/4502] http://www.temple.edu/crafts/_classroomhandouts/Submitting_Zcorp_files.htm
[1474/4502] http://www.temple.edu/crafts/_classroomhandouts/web/navbar.html
[1475/4502] http://www.temple.edu/crafts/_classroomhandouts/web/thesis.html
[1476/4502] http://www.temple.edu/crafts/_classroomhandouts/web/webmaster.html
[1477/4502] http://www.temple.edu/crafts/_classroomhandouts/ZCorp_color_map.htm
[1478/4502] http://www.temple.edu/crafts/acmetlpage/acmetl.html
[1479/4502] http://www.temple.edu/crafts/contactpage/contactpage.html
[1480/4502] http://www.temple.edu/crafts/facultypage/daniella/daniella_statement.html
[1481/4502] http://www.temple.edu/crafts/facultypage/daniella/facultypage_daniella.html
[1482/4502] http://www.temple.edu/crafts/facultypage/facultypage.html
[1483/4502] http://www.temple.edu/crafts/facultypage/stanley/facultypage_stanley.html
[1484/4502] http://www.temple.edu/crafts/facultypage/stanley/stanley_cadessay.html
[1485/4502] http://www.temple.edu/crafts/facultypage/stanley/stanley_statement.html
[1486/4502] http://www.temple.edu/crafts/facultypage/vickie/facultypage_vickie.html
[1487/4502] http://www.temple.edu/crafts/facultypage/vickie/vickie_statement.html
[1488/4502] http://www.temple.edu/crafts/gradfaqpage/grad_faq.html
[1490/4502] http://www.temple.edu/crafts/missionpage/missionpage1.html
[1491/4502] http://www.temple.edu/crafts/newspage/newspage.html
[1492/4502] http://www.temple.edu/crafts/pointsofinterestpage/interestpage.html
[1493/4502] http://www.temple.edu/crafts/public_html/mission.html
[1494/4502] http://www.temple.edu/crafts/public_html/mjcc/bios/faculty.htm
[1495/4502] http://www.temple.edu/crafts/public_html/mjcc/classroomhandouts/Handout_list.htm
[1496/4502] http://www.temple.edu/crafts/public_html/mjcc/faculty_bios/bio_lechtzin.html
[1497/4502] http://www.temple.edu/crafts/public_html/mjcc/faculty_bios/esa_lechtzin.html
[1498/4502] http://www.temple.edu/crafts/public_html/mjcc/faculty_bios/faculty.htm
[1499/4502] http://www.temple.edu/crafts/public_html/mjcc/faculty_bios/sta_lechtzin.html
[1500/4502] http://www.temple.edu/crafts/public_html/mjcc/mjcc.html
[1501/4502] http://www.temple.edu/crafts/public_html/mjcc/tour/contactpage.html
[1502/4502] http://www.temple.edu/crafts/public_html/mjcc/tour/MJCC_tour.htm
[1503/4502] http://www.temple.edu/crafts/public_html/tylersitemap.html
[1504/4502] http://www.temple.edu/crafts/techresourcepage/techpage.html
[1505/4502] http://www.temple.edu/crafts/UntitledFrame-1.html
[1506/4502] http://www.temple.edu:80/crafts/
[1507/4502] http://www.temple.edu:80/crafts/_classroomhandouts/Dif.htm
[1508/4502] http://www.temple.edu:80/crafts/_classroomhandouts/Flamingo/flamingo%20preformance.htm
[1509/4502] http://www.temple.edu:80/crafts/_classroomhandouts/Flamingo/Flamingo_render/Flamingo_render_ex.htm
[1510/4502] http://www.temple.edu:80/crafts/_classroomhandouts/Handout_list.htm
[1511/4502] http://www.temple.edu:80/crafts/_classroomhandouts/huey_monitor_calibration/huey_monitor_calibration.htm
[1512/4502] http://www.temple.edu:80/crafts/_classroomhandouts/Infiltrating_Starch_with_RTV.htm
[1513/4502] http://www.temple.edu:80/crafts/_classroomhandouts/Resume%20CV/from_the_cronical_of_higher_educ.htm
[1514/4502] http://www.temple.edu:80/crafts/_classroomhandouts/RP%20Materials%20Data/3d_printing_materials.htm
[1515/4502] http://www.temple.edu:80/crafts/_classroomhandouts/RP_casting/RP_investment_casting.htm
[1516/4502] http://www.temple.edu:80/crafts/_classroomhandouts/RP_casting_downloads.htm
[1517/4502] http://www.temple.edu:80/crafts/_classroomhandouts/RP_test_parts/rp_test_part_rev_2.htm
[1518/4502] http://www.temple.edu:80/crafts/_classroomhandouts/shelling_a_part_using_solidworks.htm
[1519/4502] http://www.temple.edu:80/crafts/_classroomhandouts/Submitting_Zcorp_files.htm
[1520/4502] http://www.temple.edu:80/crafts/_classroomhandouts/web/navbar.html
[1521/4502] http://www.temple.edu:80/crafts/_classroomhandouts/web/thesis.html
[1522/4502] http://www.temple.edu:80/crafts/_classroomhandouts/web/webmaster.html
[1523/4502] http://www.temple.edu:80/crafts/_classroomhandouts/ZCorp_color_map.htm
[1524/4502] http://www.temple.edu:80/crafts/contactpage/contactpage.html
[1525/4502] http://www.temple.edu:80/crafts/facultypage/daniella/facultypage_daniella.html
[1526/4502] http://www.temple.edu:80/crafts/facultypage/facultypage.html
[1527/4502] http://www.temple.edu:80/crafts/facultypage/stanley/facultypage_stanley.html
[1528/4502] http://www.temple.edu:80/crafts/facultypage/vickie/facultypage_vickie.html
[1530/4502] http://www.temple.edu:80/crafts/missionpage/missionpage1.html
[1531/4502] http://www.temple.edu:80/crafts/newspage/newspage.html
[1532/4502] http://www.temple.edu:80/crafts/public_html/mission.html
[1533/4502] http://www.temple.edu:80/crafts/public_html/mjcc/bios/bio_kerner.html
[1534/4502] http://www.temple.edu:80/crafts/public_html/mjcc/bios/bio_lechtzin.html
[1535/4502] http://www.temple.edu:80/crafts/public_html/mjcc/bios/bio_sedman.html
[1536/4502] http://www.temple.edu:80/crafts/public_html/mjcc/bios/esa_lechtzin.html
[1537/4502] http://www.temple.edu:80/crafts/public_html/mjcc/bios/faculty.htm
[1538/4502] http://www.temple.edu:80/crafts/public_html/mjcc/bios/sta_kerner.html
[1539/4502] http://www.temple.edu:80/crafts/public_html/mjcc/bios/sta_lechtzin.html
[1540/4502] http://www.temple.edu:80/crafts/public_html/mjcc/bios/sta_sedman.html
[1541/4502] http://www.temple.edu:80/crafts/public_html/mjcc/classroomhandouts/cadcam/dif.html
[1542/4502] http://www.temple.edu:80/crafts/public_html/mjcc/classroomhandouts/cadcam/flamingo%20preformance.htm
[1543/4502] http://www.temple.edu:80/crafts/public_html/mjcc/classroomhandouts/cadcam/RP_investment_casting.htm
[1544/4502] http://www.temple.edu:80/crafts/public_html/mjcc/classroomhandouts/Course%20Images/course_images.htm
[1545/4502] http://www.temple.edu:80/crafts/public_html/mjcc/classroomhandouts/Dif.htm
[1546/4502] http://www.temple.edu:80/crafts/public_html/mjcc/classroomhandouts/downloads/downloads.htm
[1547/4502] http://www.temple.edu:80/crafts/public_html/mjcc/classroomhandouts/downloads/Zcorp_color.htm
[1548/4502] http://www.temple.edu:80/crafts/public_html/mjcc/classroomhandouts/downloads/Zcorp_color_wheel_zip.htm
[1549/4502] http://www.temple.edu:80/crafts/public_html/mjcc/classroomhandouts/downloads/Zcorp_map_Rhino_file.htm
[1550/4502] http://www.temple.edu:80/crafts/public_html/mjcc/classroomhandouts/downloads/Zcorp_map_tut.htm
[1551/4502] http://www.temple.edu:80/crafts/public_html/mjcc/classroomhandouts/Flamingo/flamingo%20preformance.htm
[1552/4502] http://www.temple.edu:80/crafts/public_html/mjcc/classroomhandouts/Flamingo/Flamingo_render/Flamingo_render_ex.htm
[1553/4502] http://www.temple.edu:80/crafts/public_html/mjcc/classroomhandouts/Handout_list.htm
[1554/4502] http://www.temple.edu:80/crafts/public_html/mjcc/classroomhandouts/handouts.html
[1555/4502] http://www.temple.edu:80/crafts/public_html/mjcc/classroomhandouts/Is%20it%20live/Is_It_Live.htm
[1556/4502] http://www.temple.edu:80/crafts/public_html/mjcc/classroomhandouts/Resume%20CV/from_the_cronical_of_higher_educ.htm
[1557/4502] http://www.temple.edu:80/crafts/public_html/mjcc/classroomhandouts/RP_casting/RP_investment_casting.htm
[1558/4502] http://www.temple.edu:80/crafts/public_html/mjcc/classroomhandouts/RP_casting_downloads.htm
[1559/4502] http://www.temple.edu:80/crafts/public_html/mjcc/classroomhandouts/RP_test_parts/rp_test_part_rev_2.htm
[1560/4502] http://www.temple.edu:80/crafts/public_html/mjcc/classroomhandouts/shelling_a_part_using_solidworks.htm
[1561/4502] http://www.temple.edu:80/crafts/public_html/mjcc/classroomhandouts/Submitting_Zcorp_files.htm
[1562/4502] http://www.temple.edu:80/crafts/public_html/mjcc/classroomhandouts/web/navbar.html
[1563/4502] http://www.temple.edu:80/crafts/public_html/mjcc/classroomhandouts/web/navigation_bar_editing.htm
[1564/4502] http://www.temple.edu:80/crafts/public_html/mjcc/classroomhandouts/web/task_lists.htm
[1565/4502] http://www.temple.edu:80/crafts/public_html/mjcc/classroomhandouts/web/thesis.html
[1566/4502] http://www.temple.edu:80/crafts/public_html/mjcc/classroomhandouts/ZCorp_color_map.htm
[1567/4502] http://www.temple.edu:80/crafts/public_html/mjcc/faculty_bios/bio_kerner.html
[1568/4502] http://www.temple.edu:80/crafts/public_html/mjcc/faculty_bios/bio_lechtzin.html
[1569/4502] http://www.temple.edu:80/crafts/public_html/mjcc/faculty_bios/bio_sedman.html
[1570/4502] http://www.temple.edu:80/crafts/public_html/mjcc/faculty_bios/faculty.htm
[1571/4502] http://www.temple.edu:80/crafts/public_html/mjcc/local/acmet-l/acmet-lhome.html
[1572/4502] http://www.temple.edu:80/crafts/public_html/mjcc/local/grad_faq.html
[1573/4502] http://www.temple.edu:80/crafts/public_html/mjcc/local/waw/waw.htm
[1574/4502] http://www.temple.edu:80/crafts/public_html/mjcc/mjcc.html
[1575/4502] http://www.temple.edu:80/crafts/public_html/mjcc/tour/contactpage.html
[1576/4502] http://www.temple.edu:80/crafts/public_html/mjcc/tour/MJCC_tour.htm
[1577/4502] http://www.temple.edu:80/crafts/public_html/mjcc/tour/mjcc_tour.html
[1578/4502] http://www.temple.edu:80/crafts/public_html/mjcc/tour/zcorp_tour/zcorp_tour.htm
[1579/4502] http://www.temple.edu:80/crafts/public_html/mjcc/waw/Waw_a.htm
[1580/4502] http://www.temple.edu:80/crafts/public_html/tylersitemap.html
[1581/4502] http://www.temple.edu:80/crafts/Research_Fellowship_release.htm
[1582/4502] http://www.temple.edu/crafts/facultypage/daniella/daniella_gallery.html
[1583/4502] http://www.temple.edu/crafts/facultypage/stanley/stanley_cadworkgallery.html
[1584/4502] http://www.temple.edu/crafts/facultypage/stanley/stanley_handworkgallery.html
[1585/4502] http://www.temple.edu/crafts/facultypage/vickie/vickie_handworkgallery.html
[1586/4502] http://www.temple.edu/crafts/gallerypage/gallerypage.html
[1587/4502] http://www.temple.edu/crafts/gallerypage/ioshow/iohome/gallery/fullsize/addisfull.htm
[1588/4502] http://www.temple.edu/crafts/gallerypage/ioshow/iohome/gallery/fullsize/bartashfull.htm
[1589/4502] http://www.temple.edu/crafts/gallerypage/ioshow/iohome/gallery/fullsize/buccifull.htm
[1590/4502] http://www.temple.edu/crafts/gallerypage/ioshow/iohome/gallery/fullsize/czapkafull.htm
[1591/4502] http://www.temple.edu/crafts/gallerypage/ioshow/iohome/gallery/fullsize/fraczekfull.htm
[1592/4502] http://www.temple.edu/crafts/gallerypage/ioshow/iohome/gallery/fullsize/kawasefull.htm
[1593/4502] http://www.temple.edu/crafts/gallerypage/ioshow/iohome/gallery/fullsize/kernerfull.htm
[1594/4502] http://www.temple.edu/crafts/gallerypage/ioshow/iohome/gallery/fullsize/lechtzinfull.htm
[1595/4502] http://www.temple.edu/crafts/gallerypage/ioshow/iohome/gallery/fullsize/macbainfull.htm
[1596/4502] http://www.temple.edu/crafts/gallerypage/ioshow/iohome/gallery/fullsize/minichfull.htm
[1597/4502] http://www.temple.edu/crafts/gallerypage/ioshow/iohome/gallery/fullsize/naudascherfull.htm
[1598/4502] http://www.temple.edu/crafts/gallerypage/ioshow/iohome/gallery/fullsize/parkfull.htm
[1599/4502] http://www.temple.edu/crafts/gallerypage/ioshow/iohome/gallery/fullsize/reigartfull.htm
[1600/4502] http://www.temple.edu/crafts/gallerypage/ioshow/iohome/gallery/fullsize/safdiefull.htm
[1601/4502] http://www.temple.edu/crafts/gallerypage/ioshow/iohome/gallery/fullsize/strzelecfull.htm
[1602/4502] http://www.temple.edu/crafts/gallerypage/ioshow/iohome/gallery/fullsize/tatalickfull.htm
[1603/4502] http://www.temple.edu/crafts/gallerypage/ioshow/iohome/gallery/fullsize/uhrikfull.htm
[1604/4502] http://www.temple.edu/crafts/gallerypage/ioshow/iohome/gallery/fullsize/voigtfull.htm
[1605/4502] http://www.temple.edu/crafts/gallerypage/ioshow/iohome/gallery/fullsize/yaukeyfull.htm
[1606/4502] http://www.temple.edu/crafts/gallerypage/ioshow/iohome/gallery/fullsize/zindellfull.htm
[1607/4502] http://www.temple.edu/crafts/gallerypage/ioshow/iohome/gallery/gallery.htm
[1608/4502] http://www.temple.edu/crafts/gallerypage/ioshow/iohome/gallery/statements/addisstate.htm
[1609/4502] http://www.temple.edu/crafts/gallerypage/ioshow/iohome/gallery/statements/bartashstate.htm
[1610/4502] http://www.temple.edu/crafts/gallerypage/ioshow/iohome/gallery/statements/buccistate.htm
[1611/4502] http://www.temple.edu/crafts/gallerypage/ioshow/iohome/gallery/statements/czapkastate.htm
[1612/4502] http://www.temple.edu/crafts/gallerypage/ioshow/iohome/gallery/statements/fraczekstate.htm
[1613/4502] http://www.temple.edu/crafts/gallerypage/ioshow/iohome/gallery/statements/kawasestate.htm
[1614/4502] http://www.temple.edu/crafts/gallerypage/ioshow/iohome/gallery/statements/kernerstate.htm
[1615/4502] http://www.temple.edu/crafts/gallerypage/ioshow/iohome/gallery/statements/lechtzinstate.htm
[1616/4502] http://www.temple.edu/crafts/gallerypage/ioshow/iohome/gallery/statements/macbainstate.htm
[1617/4502] http://www.temple.edu/crafts/gallerypage/ioshow/iohome/gallery/statements/minichstate.htm
[1618/4502] http://www.temple.edu/crafts/gallerypage/ioshow/iohome/gallery/statements/naudascherstate.htm
[1619/4502] http://www.temple.edu/crafts/gallerypage/ioshow/iohome/gallery/statements/parkstate.htm
[1620/4502] http://www.temple.edu/crafts/gallerypage/ioshow/iohome/gallery/statements/reigartstate.htm
[1621/4502] http://www.temple.edu/crafts/gallerypage/ioshow/iohome/gallery/statements/safdiestate.htm
[1622/4502] http://www.temple.edu/crafts/gallerypage/ioshow/iohome/gallery/statements/strzelecstate.htm
[1623/4502] http://www.temple.edu/crafts/gallerypage/ioshow/iohome/gallery/statements/tatalickstate.htm
[1624/4502] http://www.temple.edu/crafts/gallerypage/ioshow/iohome/gallery/statements/uhrikstate.htm
[1625/4502] http://www.temple.edu/crafts/gallerypage/ioshow/iohome/gallery/statements/voigtstate.htm
[1626/4502] http://www.temple.edu/crafts/gallerypage/ioshow/iohome/gallery/statements/yaukeystate.htm
[1627/4502] http://www.temple.edu/crafts/gallerypage/ioshow/iohome/gallery/statements/zindellstate.htm
[1628/4502] http://www.temple.edu/crafts/gallerypage/ioshow/iohome/iohome.htm
[1629/4502] http://www.temple.edu/crafts/gallerypage/senior/seniorshowsites/seniorshow01/seniorshow.html
[1630/4502] http://www.temple.edu/crafts/gallerypage/senior/seniorshowsites/seniorshow02/individuals/seniorshow_gallery_cook.html
[1631/4502] http://www.temple.edu/crafts/gallerypage/senior/seniorshowsites/seniorshow02/individuals/seniorshow_gallery_epstein.html
[1632/4502] http://www.temple.edu/crafts/gallerypage/senior/seniorshowsites/seniorshow02/individuals/seniorshow_gallery_hutchins.html
[1633/4502] http://www.temple.edu/crafts/gallerypage/senior/seniorshowsites/seniorshow02/individuals/seniorshow_gallery_korony.html
[1634/4502] http://www.temple.edu/crafts/gallerypage/senior/seniorshowsites/seniorshow02/individuals/seniorshow_gallery_lex.html
[1635/4502] http://www.temple.edu/crafts/gallerypage/senior/seniorshowsites/seniorshow02/individuals/seniorshow_gallery_merritt.html
[1636/4502] http://www.temple.edu/crafts/gallerypage/senior/seniorshowsites/seniorshow02/individuals/seniorshow_gallery_prietovelasco.html
[1637/4502] http://www.temple.edu/crafts/gallerypage/senior/seniorshowsites/seniorshow02/individuals/seniorshow_gallery_reese.html
[1638/4502] http://www.temple.edu/crafts/gallerypage/senior/seniorshowsites/seniorshow02/individuals/seniorshow_gallery_reisman.html
[1639/4502] http://www.temple.edu/crafts/gallerypage/senior/seniorshowsites/seniorshow02/individuals/seniorshow_gallery_weinhofer.html
[1640/4502] http://www.temple.edu/crafts/gallerypage/senior/seniorshowsites/seniorshow02/individuals/seniorshow_gallery_wong.html
[1641/4502] http://www.temple.edu/crafts/gallerypage/senior/seniorshowsites/seniorshow02/seniorshow_gallery1.html
[1642/4502] http://www.temple.edu/crafts/gallerypage/senior/seniorshowsites/seniorshow02/seniorshow_gallery2.html
[1643/4502] http://www.temple.edu/crafts/gallerypage/senior/seniorshowsites/seniorshow02/seniorshow_gallery3.html
[1644/4502] http://www.temple.edu/crafts/gallerypage/senior/seniorshowsites/seniorshow02/seniorshow_gallery4.html
[1645/4502] http://www.temple.edu/crafts/gallerypage/senior/seniorshowsites/seniorshow02/seniorshow_gallery5.html
[1646/4502] http://www.temple.edu/crafts/gallerypage/senior/seniorshowsites/seniorshow02/seniorshow_gallery6.html
[1647/4502] http://www.temple.edu/crafts/gallerypage/senior/seniorshowsites/seniorshow02/seniorshow_gallery7.html
[1648/4502] http://www.temple.edu/crafts/gallerypage/senior/seniorshowsites/seniorshow02/seniorshow_gallery8.html
[1649/4502] http://www.temple.edu/crafts/gallerypage/senior/seniorshowsites/seniorshow02/seniorshow_gallerythankyou.html
[1650/4502] http://www.temple.edu/crafts/gallerypage/senior/seniorshowsites/seniorshow02/seniorshow_home.html
[1651/4502] http://www.temple.edu/crafts/gallerypage/senior/seniorshowsites/seniorshow03/seniorshow_03_gallery/seniorshow_gallery_baylor.htm
[1652/4502] http://www.temple.edu/crafts/gallerypage/senior/seniorshowsites/seniorshow03/seniorshow_03_gallery/seniorshow_gallery_beam.htm
[1653/4502] http://www.temple.edu/crafts/gallerypage/senior/seniorshowsites/seniorshow03/seniorshow_03_gallery/seniorshow_gallery_bosler.htm
[1654/4502] http://www.temple.edu/crafts/gallerypage/senior/seniorshowsites/seniorshow03/seniorshow_03_gallery/seniorshow_gallery_carson.htm
[1655/4502] http://www.temple.edu/crafts/gallerypage/senior/seniorshowsites/seniorshow03/seniorshow_03_gallery/seniorshow_gallery_cook.html
[1656/4502] http://www.temple.edu/crafts/gallerypage/senior/seniorshowsites/seniorshow03/seniorshow_03_gallery/seniorshow_gallery_darling.htm
[1657/4502] http://www.temple.edu/crafts/gallerypage/senior/seniorshowsites/seniorshow03/seniorshow_03_gallery/seniorshow_gallery_druckenmiller.htm
[1658/4502] http://www.temple.edu/crafts/gallerypage/senior/seniorshowsites/seniorshow03/seniorshow_03_gallery/seniorshow_gallery_fluharty.htm
[1659/4502] http://www.temple.edu/crafts/gallerypage/senior/seniorshowsites/seniorshow03/seniorshow_03_gallery/seniorshow_gallery_home.htm
[1660/4502] http://www.temple.edu/crafts/gallerypage/senior/seniorshowsites/seniorshow03/seniorshow_03_gallery/seniorshow_gallery_kerper.htm
[1661/4502] http://www.temple.edu/crafts/gallerypage/senior/seniorshowsites/seniorshow03/seniorshow_03_gallery/seniorshow_gallery_lisowski.htm
[1662/4502] http://www.temple.edu/crafts/gallerypage/senior/seniorshowsites/seniorshow03/seniorshow_03_gallery/seniorshow_gallery_magrann.htm
[1663/4502] http://www.temple.edu/crafts/gallerypage/senior/seniorshowsites/seniorshow03/seniorshow_03_gallery/seniorshow_gallery_paparone.htm
[1664/4502] http://www.temple.edu/crafts/gallerypage/senior/seniorshowsites/seniorshow03/seniorshow_03_gallery/seniorshow_gallery_park.htm
[1665/4502] http://www.temple.edu/crafts/gallerypage/senior/seniorshowsites/seniorshow03/seniorshow_03_gallery/seniorshow_gallery_stowman.htm
[1666/4502] http://www.temple.edu/crafts/gallerypage/senior/seniorshowsites/seniorshow03/seniorshow_03_gallery/seniorshow_gallery_trohaugh.htm
[1667/4502] http://www.temple.edu/crafts/gallerypage/senior/seniorshowsites/seniorshow03/seniorshow_03_gallery/seniorshow_gallery_trunk.htm
[1668/4502] http://www.temple.edu/crafts/gallerypage/senior/seniorshowsites/seniorshow03/seniorshow_03_individual/seniorshow_individual_baylor.htm
[1669/4502] http://www.temple.edu/crafts/gallerypage/senior/seniorshowsites/seniorshow03/seniorshow_03_individual/seniorshow_individual_beam.htm
[1670/4502] http://www.temple.edu/crafts/gallerypage/senior/seniorshowsites/seniorshow03/seniorshow_03_individual/seniorshow_individual_bosler.htm
[1671/4502] http://www.temple.edu/crafts/gallerypage/senior/seniorshowsites/seniorshow03/seniorshow_03_individual/seniorshow_individual_carson.htm
[1672/4502] http://www.temple.edu/crafts/gallerypage/senior/seniorshowsites/seniorshow03/seniorshow_03_individual/seniorshow_individual_cook.htm
[1673/4502] http://www.temple.edu/crafts/gallerypage/senior/seniorshowsites/seniorshow03/seniorshow_03_individual/seniorshow_individual_darling.htm
[1674/4502] http://www.temple.edu/crafts/gallerypage/senior/seniorshowsites/seniorshow03/seniorshow_03_individual/seniorshow_individual_druckenmiller.htm
[1675/4502] http://www.temple.edu/crafts/gallerypage/senior/seniorshowsites/seniorshow03/seniorshow_03_individual/seniorshow_individual_fluharty.htm
[1676/4502] http://www.temple.edu/crafts/gallerypage/senior/seniorshowsites/seniorshow03/seniorshow_03_individual/seniorshow_individual_kerper.htm
[1677/4502] http://www.temple.edu/crafts/gallerypage/senior/seniorshowsites/seniorshow03/seniorshow_03_individual/seniorshow_individual_lisowski.htm
[1678/4502] http://www.temple.edu/crafts/gallerypage/senior/seniorshowsites/seniorshow03/seniorshow_03_individual/seniorshow_individual_magrann.htm
[1679/4502] http://www.temple.edu/crafts/gallerypage/senior/seniorshowsites/seniorshow03/seniorshow_03_individual/seniorshow_individual_paparone.htm
[1680/4502] http://www.temple.edu/crafts/gallerypage/senior/seniorshowsites/seniorshow03/seniorshow_03_individual/seniorshow_individual_park.htm
[1681/4502] http://www.temple.edu/crafts/gallerypage/senior/seniorshowsites/seniorshow03/seniorshow_03_individual/seniorshow_individual_stowman.htm
[1682/4502] http://www.temple.edu/crafts/gallerypage/senior/seniorshowsites/seniorshow03/seniorshow_03_individual/seniorshow_individual_trohaugh.htm
[1683/4502] http://www.temple.edu/crafts/gallerypage/senior/seniorshowsites/seniorshow03/seniorshow_03_individual/seniorshow_individual_trunk.htm
[1684/4502] http://www.temple.edu/crafts/gallerypage/senior/seniorshowsites/seniorshow04/ADRIENNE_PAGE.htm
[1685/4502] http://www.temple.edu/crafts/gallerypage/senior/seniorshowsites/seniorshow04/ADRIENNE_PAGE_1.htm
[1686/4502] http://www.temple.edu/crafts/gallerypage/senior/seniorshowsites/seniorshow04/ADRIENNE_PAGE_2.htm
[1687/4502] http://www.temple.edu/crafts/gallerypage/senior/seniorshowsites/seniorshow04/ADRIENNE_PAGE_3.htm
[1688/4502] http://www.temple.edu/crafts/gallerypage/senior/seniorshowsites/seniorshow04/ADRIENNE_PAGE_4.htm
[1689/4502] http://www.temple.edu/crafts/gallerypage/senior/seniorshowsites/seniorshow04/ADRIENNE_PAGE_5.htm
[1690/4502] http://www.temple.edu/crafts/gallerypage/senior/seniorshowsites/seniorshow04/ADRIENNE_PAGE_6.htm
[1691/4502] http://www.temple.edu/crafts/gallerypage/senior/seniorshowsites/seniorshow04/CARRIE_PAGE.htm
[1692/4502] http://www.temple.edu/crafts/gallerypage/senior/seniorshowsites/seniorshow04/CARRIE_PAGE_1.htm
[1693/4502] http://www.temple.edu/crafts/gallerypage/senior/seniorshowsites/seniorshow04/CARRIE_PAGE_2.htm
[1694/4502] http://www.temple.edu/crafts/gallerypage/senior/seniorshowsites/seniorshow04/CARRIE_PAGE_3.htm
[1695/4502] http://www.temple.edu/crafts/gallerypage/senior/seniorshowsites/seniorshow04/CARRIE_PAGE_4.htm
[1696/4502] http://www.temple.edu/crafts/gallerypage/senior/seniorshowsites/seniorshow04/CARRIE_PAGE_5.htm
[1697/4502] http://www.temple.edu/crafts/gallerypage/senior/seniorshowsites/seniorshow04/CARRIE_PAGE_6.htm
[1698/4502] http://www.temple.edu/crafts/gallerypage/senior/seniorshowsites/seniorshow04/CRISTINA%C2%AD_PAGE_1.htm
[1699/4502] http://www.temple.edu/crafts/gallerypage/senior/seniorshowsites/seniorshow04/CRISTINA%C2%AD_PAGE_2.htm
[1700/4502] http://www.temple.edu/crafts/gallerypage/senior/seniorshowsites/seniorshow04/CRISTINA%C2%AD_PAGE_3.htm
[1701/4502] http://www.temple.edu/crafts/gallerypage/senior/seniorshowsites/seniorshow04/CRISTINA_PAGE.htm
[1702/4502] http://www.temple.edu/crafts/gallerypage/senior/seniorshowsites/seniorshow04/EMILY_PAGE.htm
[1703/4502] http://www.temple.edu/crafts/gallerypage/senior/seniorshowsites/seniorshow04/EMILY_PAGE_1.htm
[1704/4502] http://www.temple.edu/crafts/gallerypage/senior/seniorshowsites/seniorshow04/EMILY_PAGE_2.htm
[1705/4502] http://www.temple.edu/crafts/gallerypage/senior/seniorshowsites/seniorshow04/EMILY_PAGE_3.htm
[1706/4502] http://www.temple.edu/crafts/gallerypage/senior/seniorshowsites/seniorshow04/EMILY_PAGE_4.htm
[1707/4502] http://www.temple.edu/crafts/gallerypage/senior/seniorshowsites/seniorshow04/EMILY_PAGE_5.htm
[1708/4502] http://www.temple.edu/crafts/gallerypage/senior/seniorshowsites/seniorshow04/EMILY_PAGE_6.htm
[1709/4502] http://www.temple.edu/crafts/gallerypage/senior/seniorshowsites/seniorshow04/GALLERY_PAGE_1.htm
[1710/4502] http://www.temple.edu/crafts/gallerypage/senior/seniorshowsites/seniorshow04/GALLERY_PAGE_2.htm
[1711/4502] http://www.temple.edu/crafts/gallerypage/senior/seniorshowsites/seniorshow04/GALLERY_PAGE_3.htm
[1712/4502] http://www.temple.edu/crafts/gallerypage/senior/seniorshowsites/seniorshow04/GALLERY_PAGE_4.htm
[1713/4502] http://www.temple.edu/crafts/gallerypage/senior/seniorshowsites/seniorshow04/GALLERY_PAGE_5.htm
[1714/4502] http://www.temple.edu/crafts/gallerypage/senior/seniorshowsites/seniorshow04/GALLERY_PAGE_6.htm
[1715/4502] http://www.temple.edu/crafts/gallerypage/senior/seniorshowsites/seniorshow04/GALLERY_PAGE_7.htm
[1716/4502] http://www.temple.edu/crafts/gallerypage/senior/seniorshowsites/seniorshow04/GALLERY_PAGE_8.htm
[1717/4502] http://www.temple.edu/crafts/gallerypage/senior/seniorshowsites/seniorshow04/GALLERY_PAGE_9.htm
[1718/4502] http://www.temple.edu/crafts/gallerypage/senior/seniorshowsites/seniorshow04/JOANNE_PAGE.htm
[1719/4502] http://www.temple.edu/crafts/gallerypage/senior/seniorshowsites/seniorshow04/JOANNE_PAGE_1.htm
[1720/4502] http://www.temple.edu/crafts/gallerypage/senior/seniorshowsites/seniorshow04/JOANNE_PAGE_2.htm
[1721/4502] http://www.temple.edu/crafts/gallerypage/senior/seniorshowsites/seniorshow04/JOANNE_PAGE_3.htm
[1722/4502] http://www.temple.edu/crafts/gallerypage/senior/seniorshowsites/seniorshow04/JOANNE_PAGE_4.htm
[1723/4502] http://www.temple.edu/crafts/gallerypage/senior/seniorshowsites/seniorshow04/JOANNE_PAGE_5.htm
[1724/4502] http://www.temple.edu/crafts/gallerypage/senior/seniorshowsites/seniorshow04/JOANNE_PAGE_6.htm
[1725/4502] http://www.temple.edu/crafts/gallerypage/senior/seniorshowsites/seniorshow04/JUSTIN_PAGE.htm
[1726/4502] http://www.temple.edu/crafts/gallerypage/senior/seniorshowsites/seniorshow04/JUSTIN_PAGE_1.htm
[1727/4502] http://www.temple.edu/crafts/gallerypage/senior/seniorshowsites/seniorshow04/JUSTIN_PAGE_2.htm
[1728/4502] http://www.temple.edu/crafts/gallerypage/senior/seniorshowsites/seniorshow04/JUSTIN_PAGE_3.htm
[1729/4502] http://www.temple.edu/crafts/gallerypage/senior/seniorshowsites/seniorshow04/JUSTIN_PAGE_4.htm
[1730/4502] http://www.temple.edu/crafts/gallerypage/senior/seniorshowsites/seniorshow04/JUSTIN_PAGE_5.htm
[1731/4502] http://www.temple.edu/crafts/gallerypage/senior/seniorshowsites/seniorshow04/KELLY_PAGE.htm
[1732/4502] http://www.temple.edu/crafts/gallerypage/senior/seniorshowsites/seniorshow04/KELLY_PAGE_1.htm
[1733/4502] http://www.temple.edu/crafts/gallerypage/senior/seniorshowsites/seniorshow04/KELLY_PAGE_2.htm
[1734/4502] http://www.temple.edu/crafts/gallerypage/senior/seniorshowsites/seniorshow04/KELLY_PAGE_3.htm
[1735/4502] http://www.temple.edu/crafts/gallerypage/senior/seniorshowsites/seniorshow04/KELLY_PAGE_4.htm
[1736/4502] http://www.temple.edu/crafts/gallerypage/senior/seniorshowsites/seniorshow04/KELLY_PAGE_5.htm
[1737/4502] http://www.temple.edu/crafts/gallerypage/senior/seniorshowsites/seniorshow04/KELLY_PAGE_6.htm
[1738/4502] http://www.temple.edu/crafts/gallerypage/senior/seniorshowsites/seniorshow04/KIRA_PAGE.htm
[1739/4502] http://www.temple.edu/crafts/gallerypage/senior/seniorshowsites/seniorshow04/KIRA_PAGE_1.htm
[1740/4502] http://www.temple.edu/crafts/gallerypage/senior/seniorshowsites/seniorshow04/KIRA_PAGE_2.htm
[1741/4502] http://www.temple.edu/crafts/gallerypage/senior/seniorshowsites/seniorshow04/KIRA_PAGE_3.htm
[1742/4502] http://www.temple.edu/crafts/gallerypage/senior/seniorshowsites/seniorshow04/KIRA_PAGE_4.htm
[1743/4502] http://www.temple.edu/crafts/gallerypage/senior/seniorshowsites/seniorshow04/KIRA_PAGE_5.htm
[1744/4502] http://www.temple.edu/crafts/gallerypage/senior/seniorshowsites/seniorshow04/KIRA_PAGE_6.htm
[1745/4502] http://www.temple.edu/crafts/gallerypage/senior/seniorshowsites/seniorshow04/LISA_PAGE.htm
[1746/4502] http://www.temple.edu/crafts/gallerypage/senior/seniorshowsites/seniorshow04/LISA_PAGE_2.htm
[1747/4502] http://www.temple.edu/crafts/gallerypage/senior/seniorshowsites/seniorshow04/LISA_PAGE_3.htm
[1748/4502] http://www.temple.edu/crafts/gallerypage/senior/seniorshowsites/seniorshow04/MARY_PAGE.htm
[1749/4502] http://www.temple.edu/crafts/gallerypage/senior/seniorshowsites/seniorshow04/MARY_PAGE_1.htm
[1750/4502] http://www.temple.edu/crafts/gallerypage/senior/seniorshowsites/seniorshow04/MARY_PAGE_2.htm
[1751/4502] http://www.temple.edu/crafts/gallerypage/senior/seniorshowsites/seniorshow04/MARY_PAGE_3.htm
[1752/4502] http://www.temple.edu/crafts/gallerypage/senior/seniorshowsites/seniorshow04/MARY_PAGE_4.htm
[1753/4502] http://www.temple.edu/crafts/gallerypage/senior/seniorshowsites/seniorshow04/MARY_PAGE_5.htm
[1754/4502] http://www.temple.edu/crafts/gallerypage/senior/seniorshowsites/seniorshow04/MARY_PAGE_6.htm
[1755/4502] http://www.temple.edu/crafts/gallerypage/senior/seniorshowsites/seniorshow04/MONIQUE_PAGE.htm
[1756/4502] http://www.temple.edu/crafts/gallerypage/senior/seniorshowsites/seniorshow04/MONIQUE_PAGE_1.htm
[1757/4502] http://www.temple.edu/crafts/gallerypage/senior/seniorshowsites/seniorshow04/MONIQUE_PAGE_2.htm
[1758/4502] http://www.temple.edu/crafts/gallerypage/senior/seniorshowsites/seniorshow04/MONIQUE_PAGE_3.htm
[1759/4502] http://www.temple.edu/crafts/gallerypage/senior/seniorshowsites/seniorshow04/MONIQUE_PAGE_4.htm
[1760/4502] http://www.temple.edu/crafts/gallerypage/senior/seniorshowsites/seniorshow04/NADDA_PAGE.htm
[1761/4502] http://www.temple.edu/crafts/gallerypage/senior/seniorshowsites/seniorshow04/SENIOR_SHOW_START_2004.htm
[1762/4502] http://www.temple.edu/crafts/gallerypage/senior/seniorshowsites/seniorshow04/TINA_PAGE.htm
[1763/4502] http://www.temple.edu/crafts/gallerypage/senior/seniorshowsites/seniorshow04/TINA_PAGE_1.htm
[1764/4502] http://www.temple.edu/crafts/gallerypage/senior/seniorshowsites/seniorshow04/TINA_PAGE_2.htm
[1765/4502] http://www.temple.edu/crafts/gallerypage/senior/seniorshowsites/seniorshow04/TINA_PAGE_3.htm
[1766/4502] http://www.temple.edu/crafts/gallerypage/senior/seniorshowsites/seniorshow04/TINA_PAGE_4.htm
[1767/4502] http://www.temple.edu/crafts/gallerypage/senior/seniorshowsites/seniorshow04/TINA_PAGE_5.htm
[1768/4502] http://www.temple.edu/crafts/gallerypage/senior/seniorshowsites/seniorshow04/TINA_PAGE_6.htm
[1769/4502] http://www.temple.edu/crafts/gallerypage/senior/seniorshowsites/seniorshow05/Home%20page/Alec_1.htm
[1770/4502] http://www.temple.edu/crafts/gallerypage/senior/seniorshowsites/seniorshow05/Home%20page/Alec_2.htm
[1771/4502] http://www.temple.edu/crafts/gallerypage/senior/seniorshowsites/seniorshow05/Home%20page/Alec_3.htm
[1772/4502] http://www.temple.edu/crafts/gallerypage/senior/seniorshowsites/seniorshow05/Home%20page/Angie_1.htm
[1773/4502] http://www.temple.edu/crafts/gallerypage/senior/seniorshowsites/seniorshow05/Home%20page/Angie_2.htm
[1774/4502] http://www.temple.edu/crafts/gallerypage/senior/seniorshowsites/seniorshow05/Home%20page/Angie_3.htm
[1775/4502] http://www.temple.edu/crafts/gallerypage/senior/seniorshowsites/seniorshow05/Home%20page/April_1.htm
[1776/4502] http://www.temple.edu/crafts/gallerypage/senior/seniorshowsites/seniorshow05/Home%20page/April_2.htm
[1777/4502] http://www.temple.edu/crafts/gallerypage/senior/seniorshowsites/seniorshow05/Home%20page/April_3.htm
[1778/4502] http://www.temple.edu/crafts/gallerypage/senior/seniorshowsites/seniorshow05/Home%20page/Carolyn_1.htm
[1779/4502] http://www.temple.edu/crafts/gallerypage/senior/seniorshowsites/seniorshow05/Home%20page/Carolyn_2.htm
[1780/4502] http://www.temple.edu/crafts/gallerypage/senior/seniorshowsites/seniorshow05/Home%20page/Carolyn_3.htm
[1781/4502] http://www.temple.edu/crafts/gallerypage/senior/seniorshowsites/seniorshow05/Home%20page/Chris_1.htm
[1782/4502] http://www.temple.edu/crafts/gallerypage/senior/seniorshowsites/seniorshow05/Home%20page/Chris_2.htm
[1783/4502] http://www.temple.edu/crafts/gallerypage/senior/seniorshowsites/seniorshow05/Home%20page/Chris_3.htm
[1784/4502] http://www.temple.edu/crafts/gallerypage/senior/seniorshowsites/seniorshow05/Home%20page/colleen_1.htm
[1785/4502] http://www.temple.edu/crafts/gallerypage/senior/seniorshowsites/seniorshow05/Home%20page/Colleen_2.htm
[1786/4502] http://www.temple.edu/crafts/gallerypage/senior/seniorshowsites/seniorshow05/Home%20page/Colleen_3.htm
[1787/4502] http://www.temple.edu/crafts/gallerypage/senior/seniorshowsites/seniorshow05/Home%20page/Connell_1.htm
[1788/4502] http://www.temple.edu/crafts/gallerypage/senior/seniorshowsites/seniorshow05/Home%20page/Connell_2.htm
[1789/4502] http://www.temple.edu/crafts/gallerypage/senior/seniorshowsites/seniorshow05/Home%20page/Connell_3.htm
[1790/4502] http://www.temple.edu/crafts/gallerypage/senior/seniorshowsites/seniorshow05/Home%20page/In_1.htm
[1791/4502] http://www.temple.edu/crafts/gallerypage/senior/seniorshowsites/seniorshow05/Home%20page/In_2.htm
[1792/4502] http://www.temple.edu/crafts/gallerypage/senior/seniorshowsites/seniorshow05/Home%20page/In_3.htm
[1793/4502] http://www.temple.edu/crafts/gallerypage/senior/seniorshowsites/seniorshow05/Home%20page/Jen_1.htm
[1794/4502] http://www.temple.edu/crafts/gallerypage/senior/seniorshowsites/seniorshow05/Home%20page/Jen_2.htm
[1795/4502] http://www.temple.edu/crafts/gallerypage/senior/seniorshowsites/seniorshow05/Home%20page/Jen_3.htm
[1796/4502] http://www.temple.edu/crafts/gallerypage/senior/seniorshowsites/seniorshow05/Home%20page/Jin_1.htm
[1797/4502] http://www.temple.edu/crafts/gallerypage/senior/seniorshowsites/seniorshow05/Home%20page/Jin_2.htm
[1798/4502] http://www.temple.edu/crafts/gallerypage/senior/seniorshowsites/seniorshow05/Home%20page/Jin_3.htm
[1799/4502] http://www.temple.edu/crafts/gallerypage/senior/seniorshowsites/seniorshow05/Home%20page/Jin_4.htm
[1800/4502] http://www.temple.edu/crafts/gallerypage/senior/seniorshowsites/seniorshow05/Home%20page/Kevin_1.htm
[1801/4502] http://www.temple.edu/crafts/gallerypage/senior/seniorshowsites/seniorshow05/Home%20page/Kevin_2.htm
[1802/4502] http://www.temple.edu/crafts/gallerypage/senior/seniorshowsites/seniorshow05/Home%20page/Kevin_3.htm
[1803/4502] http://www.temple.edu/crafts/gallerypage/senior/seniorshowsites/seniorshow05/Home%20page/Kyle_1.htm
[1804/4502] http://www.temple.edu/crafts/gallerypage/senior/seniorshowsites/seniorshow05/Home%20page/Kyle_2.htm
[1805/4502] http://www.temple.edu/crafts/gallerypage/senior/seniorshowsites/seniorshow05/Home%20page/Kyle_3.htm
[1806/4502] http://www.temple.edu/crafts/gallerypage/senior/seniorshowsites/seniorshow05/Home%20page/Laura_1.htm
[1807/4502] http://www.temple.edu/crafts/gallerypage/senior/seniorshowsites/seniorshow05/Home%20page/Laura_2.htm
[1808/4502] http://www.temple.edu/crafts/gallerypage/senior/seniorshowsites/seniorshow05/Home%20page/Laura_3.htm
[1809/4502] http://www.temple.edu/crafts/gallerypage/senior/seniorshowsites/seniorshow05/Home%20page/Layla_1.htm
[1810/4502] http://www.temple.edu/crafts/gallerypage/senior/seniorshowsites/seniorshow05/Home%20page/Layla_2.htm
[1811/4502] http://www.temple.edu/crafts/gallerypage/senior/seniorshowsites/seniorshow05/Home%20page/Layla_3.htm
[1812/4502] http://www.temple.edu/crafts/gallerypage/senior/seniorshowsites/seniorshow05/Home%20page/Lindsay_1.htm
[1813/4502] http://www.temple.edu/crafts/gallerypage/senior/seniorshowsites/seniorshow05/Home%20page/Lindsay_2.htm
[1814/4502] http://www.temple.edu/crafts/gallerypage/senior/seniorshowsites/seniorshow05/Home%20page/Lindsay_3.htm
[1815/4502] http://www.temple.edu/crafts/gallerypage/senior/seniorshowsites/seniorshow05/Home%20page/Lisa_1.htm
[1816/4502] http://www.temple.edu/crafts/gallerypage/senior/seniorshowsites/seniorshow05/Home%20page/Lisa_2.htm
[1817/4502] http://www.temple.edu/crafts/gallerypage/senior/seniorshowsites/seniorshow05/Home%20page/Lisa_3.htm
[1818/4502] http://www.temple.edu/crafts/gallerypage/senior/seniorshowsites/seniorshow05/Home%20page/Lydia_1.htm
[1819/4502] http://www.temple.edu/crafts/gallerypage/senior/seniorshowsites/seniorshow05/Home%20page/Lydia_2.htm
[1820/4502] http://www.temple.edu/crafts/gallerypage/senior/seniorshowsites/seniorshow05/Home%20page/Lydia_3.htm
[1821/4502] http://www.temple.edu/crafts/gallerypage/senior/seniorshowsites/seniorshow05/Home%20page/Portrait%20page.htm
[1822/4502] http://www.temple.edu/crafts/gallerypage/senior/seniorshowsites/seniorshow05/Home%20page/SoHyun_1.htm
[1823/4502] http://www.temple.edu/crafts/gallerypage/senior/seniorshowsites/seniorshow05/Home%20page/SoHyun_2.htm
[1824/4502] http://www.temple.edu/crafts/gallerypage/senior/seniorshowsites/seniorshow05/Home%20page/SoHyun_3.htm
[1825/4502] http://www.temple.edu/crafts/gallerypage/senior/seniorshowsites/seniorshow05/Home%20page/Steph_1.htm
[1826/4502] http://www.temple.edu/crafts/gallerypage/senior/seniorshowsites/seniorshow05/Home%20page/Steph_2.htm
[1827/4502] http://www.temple.edu/crafts/gallerypage/senior/seniorshowsites/seniorshow05/Home%20page/Steph_3.htm
[1828/4502] http://www.temple.edu/crafts/gallerypage/senior/seniorshowsites/seniorshow05/Home%20page/Tour_1.htm
[1829/4502] http://www.temple.edu/crafts/gallerypage/senior/seniorshowsites/seniorshow05/Home%20page/Tour_2.htm
[1830/4502] http://www.temple.edu/crafts/gallerypage/senior/seniorshowsites/seniorshow05/Home%20page/Tour_3.htm
[1831/4502] http://www.temple.edu/crafts/gallerypage/senior/seniorshowsites/seniorshow05/Home%20page/Tour_4.htm
[1832/4502] http://www.temple.edu/crafts/gallerypage/senior/seniorshowsites/seniorshow05/Home%20page/Tour_5.htm
[1833/4502] http://www.temple.edu/crafts/gallerypage/senior/seniorshowsites/seniorshow05/Home%20page/Tour_6.htm
[1834/4502] http://www.temple.edu/crafts/gallerypage/senior/seniorshowsites/seniorshow05/Home%20page/Tour_group.htm
[1835/4502] http://www.temple.edu/crafts/gallerypage/senior/seniorshowsites/seniorshow05/Home%20page/Tracie_1.htm
[1836/4502] http://www.temple.edu/crafts/gallerypage/senior/seniorshowsites/seniorshow05/Home%20page/Tracie_2.htm
[1837/4502] http://www.temple.edu/crafts/gallerypage/senior/seniorshowsites/seniorshow05/Home%20page/Tracie_3.htm
[1838/4502] http://www.temple.edu/crafts/gallerypage/senior/seniorshowsites/seniorshow06/pages%20etc/Amanda_Miller_1.htm
[1839/4502] http://www.temple.edu/crafts/gallerypage/senior/seniorshowsites/seniorshow06/pages%20etc/Amanda_Miller_2.htm
[1840/4502] http://www.temple.edu/crafts/gallerypage/senior/seniorshowsites/seniorshow06/pages%20etc/Amanda_Miller_3.htm
[1841/4502] http://www.temple.edu/crafts/gallerypage/senior/seniorshowsites/seniorshow06/pages%20etc/Ashley_Chrostowski_1.htm
[1842/4502] http://www.temple.edu/crafts/gallerypage/senior/seniorshowsites/seniorshow06/pages%20etc/Ashley_Chrostowski_2.htm
[1843/4502] http://www.temple.edu/crafts/gallerypage/senior/seniorshowsites/seniorshow06/pages%20etc/Ashley_Chrostowski_3.htm
[1844/4502] http://www.temple.edu/crafts/gallerypage/senior/seniorshowsites/seniorshow06/pages%20etc/Ellen_Himic_1.htm
[1845/4502] http://www.temple.edu/crafts/gallerypage/senior/seniorshowsites/seniorshow06/pages%20etc/Ellen_Himic_2.htm
[1846/4502] http://www.temple.edu/crafts/gallerypage/senior/seniorshowsites/seniorshow06/pages%20etc/Ellen_Himic_3.htm
[1847/4502] http://www.temple.edu/crafts/gallerypage/senior/seniorshowsites/seniorshow06/pages%20etc/Gina_Johnson_1.htm
[1848/4502] http://www.temple.edu/crafts/gallerypage/senior/seniorshowsites/seniorshow06/pages%20etc/Gina_Johnson_2.htm
[1849/4502] http://www.temple.edu/crafts/gallerypage/senior/seniorshowsites/seniorshow06/pages%20etc/Gina_johnson_3.htm
[1850/4502] http://www.temple.edu/crafts/gallerypage/senior/seniorshowsites/seniorshow06/pages%20etc/index.htm
[1851/4502] http://www.temple.edu/crafts/gallerypage/senior/seniorshowsites/seniorshow06/pages%20etc/index_10.htm
[1852/4502] http://www.temple.edu/crafts/gallerypage/senior/seniorshowsites/seniorshow06/pages%20etc/index_11.htm
[1853/4502] http://www.temple.edu/crafts/gallerypage/senior/seniorshowsites/seniorshow06/pages%20etc/index_12.htm
[1854/4502] http://www.temple.edu/crafts/gallerypage/senior/seniorshowsites/seniorshow06/pages%20etc/index_13.htm
[1855/4502] http://www.temple.edu/crafts/gallerypage/senior/seniorshowsites/seniorshow06/pages%20etc/index_14.htm
[1856/4502] http://www.temple.edu/crafts/gallerypage/senior/seniorshowsites/seniorshow06/pages%20etc/index_15.htm
[1857/4502] http://www.temple.edu/crafts/gallerypage/senior/seniorshowsites/seniorshow06/pages%20etc/index_16.htm
[1858/4502] http://www.temple.edu/crafts/gallerypage/senior/seniorshowsites/seniorshow06/pages%20etc/index_17.htm
[1859/4502] http://www.temple.edu/crafts/gallerypage/senior/seniorshowsites/seniorshow06/pages%20etc/index_18.htm
[1860/4502] http://www.temple.edu/crafts/gallerypage/senior/seniorshowsites/seniorshow06/pages%20etc/index_19.htm
[1861/4502] http://www.temple.edu/crafts/gallerypage/senior/seniorshowsites/seniorshow06/pages%20etc/index_2.htm
[1862/4502] http://www.temple.edu/crafts/gallerypage/senior/seniorshowsites/seniorshow06/pages%20etc/index_20.htm
[1863/4502] http://www.temple.edu/crafts/gallerypage/senior/seniorshowsites/seniorshow06/pages%20etc/index_21.htm
[1864/4502] http://www.temple.edu/crafts/gallerypage/senior/seniorshowsites/seniorshow06/pages%20etc/index_3.htm
[1865/4502] http://www.temple.edu/crafts/gallerypage/senior/seniorshowsites/seniorshow06/pages%20etc/index_4.htm
[1866/4502] http://www.temple.edu/crafts/gallerypage/senior/seniorshowsites/seniorshow06/pages%20etc/index_5.htm
[1867/4502] http://www.temple.edu/crafts/gallerypage/senior/seniorshowsites/seniorshow06/pages%20etc/index_6.htm
[1868/4502] http://www.temple.edu/crafts/gallerypage/senior/seniorshowsites/seniorshow06/pages%20etc/index_7.htm
[1869/4502] http://www.temple.edu/crafts/gallerypage/senior/seniorshowsites/seniorshow06/pages%20etc/index_8.htm
[1870/4502] http://www.temple.edu/crafts/gallerypage/senior/seniorshowsites/seniorshow06/pages%20etc/index_9.htm
[1871/4502] http://www.temple.edu/crafts/gallerypage/senior/seniorshowsites/seniorshow06/pages%20etc/Jenn_McGowan_1.htm
[1872/4502] http://www.temple.edu/crafts/gallerypage/senior/seniorshowsites/seniorshow06/pages%20etc/Jenn_McGowan_2.htm
[1873/4502] http://www.temple.edu/crafts/gallerypage/senior/seniorshowsites/seniorshow06/pages%20etc/Jenn_McGowan_3.htm
[1874/4502] http://www.temple.edu/crafts/gallerypage/senior/seniorshowsites/seniorshow06/pages%20etc/Jeremy_luettgen_1.htm
[1875/4502] http://www.temple.edu/crafts/gallerypage/senior/seniorshowsites/seniorshow06/pages%20etc/Jeremy_luettgen_2.htm
[1876/4502] http://www.temple.edu/crafts/gallerypage/senior/seniorshowsites/seniorshow06/pages%20etc/Jeremy_luettgen_3.htm
[1877/4502] http://www.temple.edu/crafts/gallerypage/senior/seniorshowsites/seniorshow06/pages%20etc/Jim_Caldewll_1.htm
[1878/4502] http://www.temple.edu/crafts/gallerypage/senior/seniorshowsites/seniorshow06/pages%20etc/Jim_Caldewll_2.htm
[1879/4502] http://www.temple.edu/crafts/gallerypage/senior/seniorshowsites/seniorshow06/pages%20etc/Jim_Caldewll_3.htm
[1880/4502] http://www.temple.edu/crafts/gallerypage/senior/seniorshowsites/seniorshow06/pages%20etc/Joanna_je_1.htm
[1881/4502] http://www.temple.edu/crafts/gallerypage/senior/seniorshowsites/seniorshow06/pages%20etc/Joanna_je_2.htm
[1882/4502] http://www.temple.edu/crafts/gallerypage/senior/seniorshowsites/seniorshow06/pages%20etc/Jocelyn_kolb_1.htm
[1883/4502] http://www.temple.edu/crafts/gallerypage/senior/seniorshowsites/seniorshow06/pages%20etc/Jocelyn_kolb_2.htm
[1884/4502] http://www.temple.edu/crafts/gallerypage/senior/seniorshowsites/seniorshow06/pages%20etc/Jocelyn_kolb_3.htm
[1885/4502] http://www.temple.edu/crafts/gallerypage/senior/seniorshowsites/seniorshow06/pages%20etc/Josh_DeMonte_1.htm
[1886/4502] http://www.temple.edu/crafts/gallerypage/senior/seniorshowsites/seniorshow06/pages%20etc/Josh_DeMonte_2.htm
[1887/4502] http://www.temple.edu/crafts/gallerypage/senior/seniorshowsites/seniorshow06/pages%20etc/Josh_DeMonte_3.htm
[1888/4502] http://www.temple.edu/crafts/gallerypage/senior/seniorshowsites/seniorshow06/pages%20etc/Joy_Stember_1.htm
[1889/4502] http://www.temple.edu/crafts/gallerypage/senior/seniorshowsites/seniorshow06/pages%20etc/Joy_Stember_2.htm
[1890/4502] http://www.temple.edu/crafts/gallerypage/senior/seniorshowsites/seniorshow06/pages%20etc/Joy_Stember_3.htm
[1891/4502] http://www.temple.edu/crafts/gallerypage/senior/seniorshowsites/seniorshow06/pages%20etc/Julianna_wolf_1.htm
[1892/4502] http://www.temple.edu/crafts/gallerypage/senior/seniorshowsites/seniorshow06/pages%20etc/Julianna_wolf_2.htm
[1893/4502] http://www.temple.edu/crafts/gallerypage/senior/seniorshowsites/seniorshow06/pages%20etc/Julianna_wolf_3.htm
[1894/4502] http://www.temple.edu/crafts/gallerypage/senior/seniorshowsites/seniorshow06/pages%20etc/Laura_1.htm
[1895/4502] http://www.temple.edu/crafts/gallerypage/senior/seniorshowsites/seniorshow06/pages%20etc/Laura_2.htm
[1896/4502] http://www.temple.edu/crafts/gallerypage/senior/seniorshowsites/seniorshow06/pages%20etc/Laura_3.htm
[1897/4502] http://www.temple.edu/crafts/gallerypage/senior/seniorshowsites/seniorshow06/pages%20etc/Maggie_wood-1.htm
[1898/4502] http://www.temple.edu/crafts/gallerypage/senior/seniorshowsites/seniorshow06/pages%20etc/Maggie_wood-2.htm
[1899/4502] http://www.temple.edu/crafts/gallerypage/senior/seniorshowsites/seniorshow06/pages%20etc/Maggie_wood-3.htm
[1900/4502] http://www.temple.edu/crafts/gallerypage/senior/seniorshowsites/seniorshow06/pages%20etc/Matt_walker_1.htm
[1901/4502] http://www.temple.edu/crafts/gallerypage/senior/seniorshowsites/seniorshow06/pages%20etc/Matt_walker_2.htm
[1902/4502] http://www.temple.edu/crafts/gallerypage/senior/seniorshowsites/seniorshow06/pages%20etc/Matt_walker_3.htm
[1903/4502] http://www.temple.edu/crafts/gallerypage/senior/seniorshowsites/seniorshow06/pages%20etc/Megan_morton_1.htm
[1904/4502] http://www.temple.edu/crafts/gallerypage/senior/seniorshowsites/seniorshow06/pages%20etc/Megan_morton_2.htm
[1905/4502] http://www.temple.edu/crafts/gallerypage/senior/seniorshowsites/seniorshow06/pages%20etc/Megan_morton_3.htm
[1906/4502] http://www.temple.edu/crafts/gallerypage/senior/seniorshowsites/seniorshow06/pages%20etc/Nicole_Johnson_1.htm
[1907/4502] http://www.temple.edu/crafts/gallerypage/senior/seniorshowsites/seniorshow06/pages%20etc/Nicole_johnson_2.htm
[1908/4502] http://www.temple.edu/crafts/gallerypage/senior/seniorshowsites/seniorshow06/pages%20etc/Nicole_johnson_3.htm
[1909/4502] http://www.temple.edu/crafts/gallerypage/senior/seniorshowsites/seniorshow06/pages%20etc/Rachel_Hershberger_1.htm
[1910/4502] http://www.temple.edu/crafts/gallerypage/senior/seniorshowsites/seniorshow06/pages%20etc/Rachel_Hershberger_2.htm
[1911/4502] http://www.temple.edu/crafts/gallerypage/senior/seniorshowsites/seniorshow06/pages%20etc/Rachel_Hershberger_3.htm
[1912/4502] http://www.temple.edu/crafts/gallerypage/senior/seniorshowsites/seniorshow06/pages%20etc/Rebecca_Craig_1.htm
[1913/4502] http://www.temple.edu/crafts/gallerypage/senior/seniorshowsites/seniorshow06/pages%20etc/Rebecca_craig_2.htm
[1914/4502] http://www.temple.edu/crafts/gallerypage/senior/seniorshowsites/seniorshow06/pages%20etc/Rebecca_craig_3.htm
[1915/4502] http://www.temple.edu/crafts/gallerypage/senior/seniorshowsites/seniorshow06/pages%20etc/Sarah_england_1.htm
[1916/4502] http://www.temple.edu/crafts/gallerypage/senior/seniorshowsites/seniorshow06/pages%20etc/Sarah_england_2.htm
[1917/4502] http://www.temple.edu/crafts/gallerypage/senior/seniorshowsites/seniorshow06/pages%20etc/Sarah_england_3.htm
[1918/4502] http://www.temple.edu/crafts/gallerypage/senior/seniorshowsites/seniorshow06/pages%20etc/Seah_lee_1.htm
[1919/4502] http://www.temple.edu/crafts/gallerypage/senior/seniorshowsites/seniorshow06/pages%20etc/Seah_lee_2.htm
[1920/4502] http://www.temple.edu/crafts/gallerypage/senior/seniorshowsites/seniorshow06/pages%20etc/Seah_lee_3.htm
[1921/4502] http://www.temple.edu/crafts/gallerypage/senior/seniorshowsites/seniorshow07/images/chan_maritza/chan1.htm
[1922/4502] http://www.temple.edu/crafts/gallerypage/senior/seniorshowsites/seniorshow07/images/chan_maritza/chan2.htm
[1923/4502] http://www.temple.edu/crafts/gallerypage/senior/seniorshowsites/seniorshow07/images/chan_maritza/chan3.htm
[1924/4502] http://www.temple.edu/crafts/gallerypage/senior/seniorshowsites/seniorshow07/images/eisenhour_kelsey/eisenhour1.htm
[1925/4502] http://www.temple.edu/crafts/gallerypage/senior/seniorshowsites/seniorshow07/images/eisenhour_kelsey/eisenhour2.htm
[1926/4502] http://www.temple.edu/crafts/gallerypage/senior/seniorshowsites/seniorshow07/images/eisenhour_kelsey/eisenhour3.htm
[1927/4502] http://www.temple.edu/crafts/gallerypage/senior/seniorshowsites/seniorshow07/images/gallery/gallery01.htm
[1928/4502] http://www.temple.edu/crafts/gallerypage/senior/seniorshowsites/seniorshow07/images/gallery/gallery02.htm
[1929/4502] http://www.temple.edu/crafts/gallerypage/senior/seniorshowsites/seniorshow07/images/gallery/gallery03.htm
[1930/4502] http://www.temple.edu/crafts/gallerypage/senior/seniorshowsites/seniorshow07/images/gallery/gallery04.htm
[1931/4502] http://www.temple.edu/crafts/gallerypage/senior/seniorshowsites/seniorshow07/images/gallery/gallery05.htm
[1932/4502] http://www.temple.edu/crafts/gallerypage/senior/seniorshowsites/seniorshow07/images/gallery/gallery06.htm
[1933/4502] http://www.temple.edu/crafts/gallerypage/senior/seniorshowsites/seniorshow07/images/gallery/gallery07.htm
[1934/4502] http://www.temple.edu/crafts/gallerypage/senior/seniorshowsites/seniorshow07/images/goodman_max/goodman1.htm
[1935/4502] http://www.temple.edu/crafts/gallerypage/senior/seniorshowsites/seniorshow07/images/goodman_max/goodman2.htm
[1936/4502] http://www.temple.edu/crafts/gallerypage/senior/seniorshowsites/seniorshow07/images/goodman_max/goodman3.htm
[1937/4502] http://www.temple.edu/crafts/gallerypage/senior/seniorshowsites/seniorshow07/images/hays_elisabeth/hays1.htm
[1938/4502] http://www.temple.edu/crafts/gallerypage/senior/seniorshowsites/seniorshow07/images/hays_elisabeth/hays2.htm
[1939/4502] http://www.temple.edu/crafts/gallerypage/senior/seniorshowsites/seniorshow07/images/hays_elisabeth/hays3.htm
[1940/4502] http://www.temple.edu/crafts/gallerypage/senior/seniorshowsites/seniorshow07/images/heitlinger_rachel/heitlinger1.htm
[1941/4502] http://www.temple.edu/crafts/gallerypage/senior/seniorshowsites/seniorshow07/images/heitlinger_rachel/heitlinger2.htm
[1942/4502] http://www.temple.edu/crafts/gallerypage/senior/seniorshowsites/seniorshow07/images/heitlinger_rachel/heitlinger3.htm
[1943/4502] http://www.temple.edu/crafts/gallerypage/senior/seniorshowsites/seniorshow07/images/hendrie_emily/hendrie1.htm
[1944/4502] http://www.temple.edu/crafts/gallerypage/senior/seniorshowsites/seniorshow07/images/hendrie_emily/hendrie2.htm
[1945/4502] http://www.temple.edu/crafts/gallerypage/senior/seniorshowsites/seniorshow07/images/hendrie_emily/hendrie3.htm
[1946/4502] http://www.temple.edu/crafts/gallerypage/senior/seniorshowsites/seniorshow07/images/himmelstein_samantha/himmelstein1.htm
[1947/4502] http://www.temple.edu/crafts/gallerypage/senior/seniorshowsites/seniorshow07/images/himmelstein_samantha/himmelstein2.htm
[1948/4502] http://www.temple.edu/crafts/gallerypage/senior/seniorshowsites/seniorshow07/images/lucas_sarah/lucas1.htm
[1949/4502] http://www.temple.edu/crafts/gallerypage/senior/seniorshowsites/seniorshow07/images/lucas_sarah/lucas2.htm
[1950/4502] http://www.temple.edu/crafts/gallerypage/senior/seniorshowsites/seniorshow07/images/lucas_sarah/lucas3.htm
[1951/4502] http://www.temple.edu/crafts/gallerypage/senior/seniorshowsites/seniorshow07/images/namowicz_angela/namowicz1.htm
[1952/4502] http://www.temple.edu/crafts/gallerypage/senior/seniorshowsites/seniorshow07/images/namowicz_angela/namowicz2.htm
[1953/4502] http://www.temple.edu/crafts/gallerypage/senior/seniorshowsites/seniorshow07/images/namowicz_angela/namowicz3.htm
[1954/4502] http://www.temple.edu/crafts/gallerypage/senior/seniorshowsites/seniorshow07/images/stauffer_ryan/stauffer1.htm
[1955/4502] http://www.temple.edu/crafts/gallerypage/senior/seniorshowsites/seniorshow07/images/stauffer_ryan/stauffer2.htm
[1956/4502] http://www.temple.edu/crafts/gallerypage/senior/seniorshowsites/seniorshow07/images/stauffer_ryan/stauffer3.htm
[1957/4502] http://www.temple.edu/crafts/gallerypage/senior/seniorshowsites/seniorshow07/images/woelfling_peter/woelfing1.htm
[1958/4502] http://www.temple.edu/crafts/gallerypage/senior/seniorshowsites/seniorshow07/images/woelfling_peter/woelfing2.htm
[1959/4502] http://www.temple.edu/crafts/gallerypage/senior/seniorshowsites/seniorshow07/images/woelfling_peter/woelfing3.htm
[1960/4502] http://www.temple.edu/crafts/gallerypage/senior/seniorshowsites/seniorshow07/index.htm
[1961/4502] http://www.temple.edu/crafts/gallerypage/senior/seniorshowsites/seniorshow08/chorney/01.htm
[1962/4502] http://www.temple.edu/crafts/gallerypage/senior/seniorshowsites/seniorshow08/chorney/02.htm
[1963/4502] http://www.temple.edu/crafts/gallerypage/senior/seniorshowsites/seniorshow08/chorney/03.htm
[1964/4502] http://www.temple.edu/crafts/gallerypage/senior/seniorshowsites/seniorshow08/index.htm
[1965/4502] http://www.temple.edu/crafts/gallerypage/senior/seniorshowsites/seniorshow08/kkim/03.htm
[1966/4502] http://www.temple.edu/crafts/gallerypage/senior/seniorshowsites/seniorshow08/rivard/03.htm
[1967/4502] http://www.temple.edu/crafts/gallerypage/senior/seniorshowsites/seniorshow08/stauffer/03.htm
[1968/4502] http://www.temple.edu/crafts/gallerypage/senior/seniorshowsites/seniorshow08/strawn/02.htm
[1969/4502] http://www.temple.edu/crafts/gallerypage/senior/seniorshowsites/seniorshow08/ttg/01.htm
[1970/4502] http://www.temple.edu/crafts/gallerypage/senior/seniorshowsites/seniorshow08/ttg/02.htm
[1971/4502] http://www.temple.edu/crafts/gallerypage/senior/seniorshowsites/seniorshow08/ttg/03.htm
[1972/4502] http://www.temple.edu/crafts/gallerypage/senior/seniorshowsites/seniorshow08/ttg/04.htm
[1973/4502] http://www.temple.edu/crafts/gallerypage/senior/seniorshowsites/seniorshow08/ttg/05.htm
[1974/4502] http://www.temple.edu/crafts/gallerypage/senior/seniorshowsites/seniorshow08/ttg/06.htm
[1975/4502] http://www.temple.edu/crafts/gallerypage/senior/seniorshowsites/seniorshow08/ttg/07.htm
[1976/4502] http://www.temple.edu/crafts/gallerypage/senior/seniorshowsites/seniorshow08/ttg/08.htm
[1977/4502] http://www.temple.edu/crafts/gallerypage/senior/seniorshowsites/seniorshow08/ttg/09.htm
[1978/4502] http://www.temple.edu/crafts/gallerypage/senior/seniorshowsites/seniorshow08/ttg/10.htm
[1979/4502] http://www.temple.edu/crafts/gallerypage/senior/seniorshowsites/seniorshow08/ttg/11.htm
[1980/4502] http://www.temple.edu/crafts/gallerypage/senior/seniorshowsites/seniorshow08/ttg/12.htm
[1981/4502] http://www.temple.edu/crafts/gallerypage/senior/seniorshowsites/seniorshow08/yennie/03.htm
[1982/4502] http://www.temple.edu/crafts/gallerypage/senior/seniorshowsites/seniorshow09/alyssa/alyssa1.html
[1983/4502] http://www.temple.edu/crafts/gallerypage/senior/seniorshowsites/seniorshow09/alyssa/alyssa2.html
[1984/4502] http://www.temple.edu/crafts/gallerypage/senior/seniorshowsites/seniorshow09/alyssa/alyssa3.html
[1985/4502] http://www.temple.edu/crafts/gallerypage/senior/seniorshowsites/seniorshow09/angie/lim1.html
[1986/4502] http://www.temple.edu/crafts/gallerypage/senior/seniorshowsites/seniorshow09/angie/lim2.html
[1987/4502] http://www.temple.edu/crafts/gallerypage/senior/seniorshowsites/seniorshow09/angie/lim3.html
[1988/4502] http://www.temple.edu/crafts/gallerypage/senior/seniorshowsites/seniorshow09/bardon/bard1.html
[1989/4502] http://www.temple.edu/crafts/gallerypage/senior/seniorshowsites/seniorshow09/bardon/bard2.html
[1990/4502] http://www.temple.edu/crafts/gallerypage/senior/seniorshowsites/seniorshow09/bardon/bard3.html
[1991/4502] http://www.temple.edu/crafts/gallerypage/senior/seniorshowsites/seniorshow09/beal/beal-1.html
[1992/4502] http://www.temple.edu/crafts/gallerypage/senior/seniorshowsites/seniorshow09/beal/beal-2.html
[1993/4502] http://www.temple.edu/crafts/gallerypage/senior/seniorshowsites/seniorshow09/beal/beal-3.html
[1994/4502] http://www.temple.edu/crafts/gallerypage/senior/seniorshowsites/seniorshow09/bev/bev1.html
[1995/4502] http://www.temple.edu/crafts/gallerypage/senior/seniorshowsites/seniorshow09/bev/bev2.html
[1996/4502] http://www.temple.edu/crafts/gallerypage/senior/seniorshowsites/seniorshow09/bev/bev3.html
[1997/4502] http://www.temple.edu/crafts/gallerypage/senior/seniorshowsites/seniorshow09/cohen/cohen1.html
[1998/4502] http://www.temple.edu/crafts/gallerypage/senior/seniorshowsites/seniorshow09/cohen/cohen2.html
[1999/4502] http://www.temple.edu/crafts/gallerypage/senior/seniorshowsites/seniorshow09/cohen/cohen3.html
[2000/4502] http://www.temple.edu/crafts/gallerypage/senior/seniorshowsites/seniorshow09/cone/cone1.html
[2001/4502] http://www.temple.edu/crafts/gallerypage/senior/seniorshowsites/seniorshow09/cone/cone2.html
[2002/4502] http://www.temple.edu/crafts/gallerypage/senior/seniorshowsites/seniorshow09/cone/cone3.html
[2003/4502] http://www.temple.edu/crafts/gallerypage/senior/seniorshowsites/seniorshow09/east/east1.html
[2004/4502] http://www.temple.edu/crafts/gallerypage/senior/seniorshowsites/seniorshow09/east/east2.html
[2005/4502] http://www.temple.edu/crafts/gallerypage/senior/seniorshowsites/seniorshow09/east/east3.html
[2006/4502] http://www.temple.edu/crafts/gallerypage/senior/seniorshowsites/seniorshow09/fink/elf1.html
[2007/4502] http://www.temple.edu/crafts/gallerypage/senior/seniorshowsites/seniorshow09/fink/elf2.html
[2008/4502] http://www.temple.edu/crafts/gallerypage/senior/seniorshowsites/seniorshow09/fink/elf3.html
[2009/4502] http://www.temple.edu/crafts/gallerypage/senior/seniorshowsites/seniorshow09/Gallery_Tour/Gallery_Tour.html
[2010/4502] http://www.temple.edu/crafts/gallerypage/senior/seniorshowsites/seniorshow09/Gallery_Tour/Gallery_Tour_1.html
[2011/4502] http://www.temple.edu/crafts/gallerypage/senior/seniorshowsites/seniorshow09/Gallery_Tour/Gallery_Tour_10.html
[2012/4502] http://www.temple.edu/crafts/gallerypage/senior/seniorshowsites/seniorshow09/Gallery_Tour/Gallery_Tour_11.html
[2013/4502] http://www.temple.edu/crafts/gallerypage/senior/seniorshowsites/seniorshow09/Gallery_Tour/Gallery_Tour_2.html
[2014/4502] http://www.temple.edu/crafts/gallerypage/senior/seniorshowsites/seniorshow09/Gallery_Tour/Gallery_Tour_3.html
[2015/4502] http://www.temple.edu/crafts/gallerypage/senior/seniorshowsites/seniorshow09/Gallery_Tour/Gallery_Tour_4.html
[2016/4502] http://www.temple.edu/crafts/gallerypage/senior/seniorshowsites/seniorshow09/Gallery_Tour/Gallery_Tour_5.html
[2017/4502] http://www.temple.edu/crafts/gallerypage/senior/seniorshowsites/seniorshow09/Gallery_Tour/Gallery_Tour_6.html
[2018/4502] http://www.temple.edu/crafts/gallerypage/senior/seniorshowsites/seniorshow09/Gallery_Tour/Gallery_Tour_7.html
[2019/4502] http://www.temple.edu/crafts/gallerypage/senior/seniorshowsites/seniorshow09/Gallery_Tour/Gallery_Tour_8.html
[2020/4502] http://www.temple.edu/crafts/gallerypage/senior/seniorshowsites/seniorshow09/Gallery_Tour/Gallery_Tour_9.html
[2021/4502] http://www.temple.edu/crafts/gallerypage/senior/seniorshowsites/seniorshow09/gent/gent1.html
[2022/4502] http://www.temple.edu/crafts/gallerypage/senior/seniorshowsites/seniorshow09/gent/gent2.html
[2023/4502] http://www.temple.edu/crafts/gallerypage/senior/seniorshowsites/seniorshow09/gent/gent3.html
[2024/4502] http://www.temple.edu/crafts/gallerypage/senior/seniorshowsites/seniorshow09/gursk/gursk1.html
[2025/4502] http://www.temple.edu/crafts/gallerypage/senior/seniorshowsites/seniorshow09/gursk/gursk2.html
[2026/4502] http://www.temple.edu/crafts/gallerypage/senior/seniorshowsites/seniorshow09/gursk/gursk3.html
[2027/4502] http://www.temple.edu/crafts/gallerypage/senior/seniorshowsites/seniorshow09/herman/herman1.html
[2028/4502] http://www.temple.edu/crafts/gallerypage/senior/seniorshowsites/seniorshow09/herman/herman2.html
[2029/4502] http://www.temple.edu/crafts/gallerypage/senior/seniorshowsites/seniorshow09/herman/herman3.html
[2030/4502] http://www.temple.edu/crafts/gallerypage/senior/seniorshowsites/seniorshow09/home/homepage.html
[2031/4502] http://www.temple.edu/crafts/gallerypage/senior/seniorshowsites/seniorshow09/homepage.html
[2032/4502] http://www.temple.edu/crafts/gallerypage/senior/seniorshowsites/seniorshow09/kuhns/ryan1.html
[2033/4502] http://www.temple.edu/crafts/gallerypage/senior/seniorshowsites/seniorshow09/kuhns/ryan2.html
[2034/4502] http://www.temple.edu/crafts/gallerypage/senior/seniorshowsites/seniorshow09/kuhns/ryan3.html
[2035/4502] http://www.temple.edu/crafts/gallerypage/senior/seniorshowsites/seniorshow09/shoe/shoe1.html
[2036/4502] http://www.temple.edu/crafts/gallerypage/senior/seniorshowsites/seniorshow09/shoe/shoe2.html
[2037/4502] http://www.temple.edu/crafts/gallerypage/senior/seniorshowsites/seniorshow09/shoe/shoe3.html
[2038/4502] http://www.temple.edu/crafts/gallerypage/senior/seniorshowsites/seniorshow09/silenz/silenzi1.html
[2039/4502] http://www.temple.edu/crafts/gallerypage/senior/seniorshowsites/seniorshow09/silenz/silenzi2.html
[2040/4502] http://www.temple.edu/crafts/gallerypage/senior/seniorshowsites/seniorshow09/silenz/silenzi3.html
[2041/4502] http://www.temple.edu/crafts/gallerypage/senior/seniorshowsites/seniorshow09/val/val1.html
[2042/4502] http://www.temple.edu/crafts/gallerypage/senior/seniorshowsites/seniorshow09/val/val2.html
[2043/4502] http://www.temple.edu/crafts/gallerypage/senior/seniorshowsites/seniorshow09/val/val3.html
[2044/4502] http://www.temple.edu/crafts/gallerypage/senior/seniorshowsites/seniorshow09/wolff/wolff1.html
[2045/4502] http://www.temple.edu/crafts/gallerypage/senior/seniorshowsites/seniorshow09/wolff/wolff2.html
[2046/4502] http://www.temple.edu/crafts/gallerypage/senior/seniorshowsites/seniorshow09/wolff/wolff3.html
[2047/4502] http://www.temple.edu/crafts/gallerypage/senior/seniorshowsites/seniorshow11/seniorshow11/seniorshow11_home.htm
[2048/4502] http://www.temple.edu/crafts/gallerypage/student/Cad_gal_stu.htm
[2049/4502] http://www.temple.edu/crafts/gallerypage/student/handwork/handwork.html
[2050/4502] http://www.temple.edu/crafts/gallerypage/thesis/blum/blum_frontpage/blum.htm
[2051/4502] http://www.temple.edu/crafts/gallerypage/thesis/blum/blum_frontpage/blum_cv/blum_cv.htm
[2052/4502] http://www.temple.edu/crafts/gallerypage/thesis/blum/blum_frontpage/blum_gallery/blum_gallery.htm
[2053/4502] http://www.temple.edu/crafts/gallerypage/thesis/blum/blum_frontpage/blum_gallery/furniture_gallery/convertable/blum_convertable-2.htm
[2054/4502] http://www.temple.edu/crafts/gallerypage/thesis/blum/blum_frontpage/blum_gallery/furniture_gallery/convertable/blum_convertable-alt.htm
[2055/4502] http://www.temple.edu/crafts/gallerypage/thesis/blum/blum_frontpage/blum_gallery/furniture_gallery/convertable/blum_convertable.htm
[2056/4502] http://www.temple.edu/crafts/gallerypage/thesis/blum/blum_frontpage/blum_gallery/furniture_gallery/gallery_furniture_main.htm
[2057/4502] http://www.temple.edu/crafts/gallerypage/thesis/blum/blum_frontpage/blum_gallery/furniture_gallery/ghost/blum_ghost-2.htm
[2058/4502] http://www.temple.edu/crafts/gallerypage/thesis/blum/blum_frontpage/blum_gallery/furniture_gallery/ghost/blum_ghost-3.htm
[2059/4502] http://www.temple.edu/crafts/gallerypage/thesis/blum/blum_frontpage/blum_gallery/furniture_gallery/ghost/blum_ghost.htm
[2060/4502] http://www.temple.edu/crafts/gallerypage/thesis/blum/blum_frontpage/blum_gallery/furniture_gallery/grasshopper/blum_grasshopper.htm
[2061/4502] http://www.temple.edu/crafts/gallerypage/thesis/blum/blum_frontpage/blum_gallery/furniture_gallery/poltergheist/blum_poltergheist.htm
[2062/4502] http://www.temple.edu/crafts/gallerypage/thesis/blum/blum_frontpage/blum_gallery/furniture_gallery/redux/blum_redux.htm
[2063/4502] http://www.temple.edu/crafts/gallerypage/thesis/blum/blum_frontpage/blum_gallery/glassware_gallery/blum_contour/blum_contour.htm
[2064/4502] http://www.temple.edu/crafts/gallerypage/thesis/blum/blum_frontpage/blum_gallery/glassware_gallery/blum_offset/blum_offset.htm
[2065/4502] http://www.temple.edu/crafts/gallerypage/thesis/blum/blum_frontpage/blum_gallery/glassware_gallery/blum_portal/blum_portal.htm
[2066/4502] http://www.temple.edu/crafts/gallerypage/thesis/blum/blum_frontpage/blum_gallery/glassware_gallery/blum_roller_coaster/blum_roller_coaster.htm
[2067/4502] http://www.temple.edu/crafts/gallerypage/thesis/blum/blum_frontpage/blum_gallery/glassware_gallery/blum_speedline/blum_speedline.htm
[2068/4502] http://www.temple.edu/crafts/gallerypage/thesis/blum/blum_frontpage/blum_gallery/glassware_gallery/Gallery-Glassware-Main.htm
[2069/4502] http://www.temple.edu/crafts/gallerypage/thesis/blum/blum_frontpage/blum_gallery/lighting_gallery/aldis/blum_aldis.htm
[2070/4502] http://www.temple.edu/crafts/gallerypage/thesis/blum/blum_frontpage/blum_gallery/lighting_gallery/gallery_lighting_main.htm
[2071/4502] http://www.temple.edu/crafts/gallerypage/thesis/blum/blum_frontpage/blum_gallery/lighting_gallery/lethe/blum_lethe.htm
[2072/4502] http://www.temple.edu/crafts/gallerypage/thesis/blum/blum_frontpage/blum_gallery/lighting_gallery/parachute/blum_parachute.htm
[2073/4502] http://www.temple.edu/crafts/gallerypage/thesis/blum/blum_frontpage/blum_gallery/lighting_gallery/sculling/blum_sculling-alt.htm
[2074/4502] http://www.temple.edu/crafts/gallerypage/thesis/blum/blum_frontpage/blum_gallery/lighting_gallery/sculling/blum_sculling.htm
[2075/4502] http://www.temple.edu/crafts/gallerypage/thesis/blum/blum_frontpage/blum_gallery/lighting_gallery/sputnik/blum_sputnik.htm
[2076/4502] http://www.temple.edu/crafts/gallerypage/thesis/blum/blum_frontpage/blum_statement/blum_statement.htm
[2077/4502] http://www.temple.edu/crafts/gallerypage/thesis/bucci/gallery/gallery1.html
[2078/4502] http://www.temple.edu/crafts/gallerypage/thesis/bucci/indexdb.html
[2079/4502] http://www.temple.edu/crafts/gallerypage/thesis/bucci/menudb.html
[2080/4502] http://www.temple.edu/crafts/gallerypage/thesis/bucci/resume/resume.html
[2081/4502] http://www.temple.edu/crafts/gallerypage/thesis/bucci/statement/statement1.html
[2082/4502] http://www.temple.edu/crafts/gallerypage/thesis/chen/chencv/chen_cv.htm
[2083/4502] http://www.temple.edu/crafts/gallerypage/thesis/chen/chengallery/chen_applesnake/chen_applesnakefc.htm
[2084/4502] http://www.temple.edu/crafts/gallerypage/thesis/chen/chengallery/chen_applesnake/chen_applesnakerendering1.htm
[2085/4502] http://www.temple.edu/crafts/gallerypage/thesis/chen/chengallery/chen_applesnake/chen_applesnakerendering2.htm
[2086/4502] http://www.temple.edu/crafts/gallerypage/thesis/chen/chengallery/chen_applesnake/chen_applesnakesls.htm
[2087/4502] http://www.temple.edu/crafts/gallerypage/thesis/chen/chengallery/chen_bubblefish/chen_bubblefishmodelpj.htm
[2088/4502] http://www.temple.edu/crafts/gallerypage/thesis/chen/chengallery/chen_bubblefish/chen_bubblefishmodelsls.htm
[2089/4502] http://www.temple.edu/crafts/gallerypage/thesis/chen/chengallery/chen_bubblefish/chen_bubblefishrendering1.htm
[2090/4502] http://www.temple.edu/crafts/gallerypage/thesis/chen/chengallery/chen_bubblefish/chen_bubblefishrendering2.htm
[2091/4502] http://www.temple.edu/crafts/gallerypage/thesis/chen/chengallery/chen_bubblefish/chen_bubblefishrendering3.htm
[2092/4502] http://www.temple.edu/crafts/gallerypage/thesis/chen/chengallery/chen_butterfly/chen_butterflymodel1.htm
[2093/4502] http://www.temple.edu/crafts/gallerypage/thesis/chen/chengallery/chen_butterfly/chen_butterflyrendering1.htm
[2094/4502] http://www.temple.edu/crafts/gallerypage/thesis/chen/chengallery/chen_butterfly/chen_butterflyrendering2.htm
[2095/4502] http://www.temple.edu/crafts/gallerypage/thesis/chen/chengallery/chen_butterfly/chen_butterflyrendering3.htm
[2096/4502] http://www.temple.edu/crafts/gallerypage/thesis/chen/chengallery/chen_butterfly/chen_butterflyrendering4.htm
[2097/4502] http://www.temple.edu/crafts/gallerypage/thesis/chen/chengallery/chen_chickenegg/chen_chickeneggmodel.htm
[2098/4502] http://www.temple.edu/crafts/gallerypage/thesis/chen/chengallery/chen_chickenegg/chen_chickeneggrendering1.htm
[2099/4502] http://www.temple.edu/crafts/gallerypage/thesis/chen/chengallery/chen_chickenegg/chen_chickeneggrendering2.htm
[2100/4502] http://www.temple.edu/crafts/gallerypage/thesis/chen/chengallery/chen_chickenegg/chen_chickeneggrendering3.htm
[2101/4502] http://www.temple.edu/crafts/gallerypage/thesis/chen/chengallery/chen_clover/chen_clovermodel1.htm
[2102/4502] http://www.temple.edu/crafts/gallerypage/thesis/chen/chengallery/chen_clover/chen_clovermodel2.htm
[2103/4502] http://www.temple.edu/crafts/gallerypage/thesis/chen/chengallery/chen_clover/chen_cloverrendering1.htm
[2104/4502] http://www.temple.edu/crafts/gallerypage/thesis/chen/chengallery/chen_clover/chen_cloverrendering2.htm
[2105/4502] http://www.temple.edu/crafts/gallerypage/thesis/chen/chengallery/chen_clover/chen_cloverrendering3.htm
[2106/4502] http://www.temple.edu/crafts/gallerypage/thesis/chen/chengallery/chen_clover/chen_cloverrendering4.htm
[2107/4502] http://www.temple.edu/crafts/gallerypage/thesis/chen/chengallery/chen_fishflower1/chen_fishflower1model1.htm
[2108/4502] http://www.temple.edu/crafts/gallerypage/thesis/chen/chengallery/chen_fishflower1/chen_fishflower1model2.htm
[2109/4502] http://www.temple.edu/crafts/gallerypage/thesis/chen/chengallery/chen_fishflower1/chen_fishflowerrendering1.htm
[2110/4502] http://www.temple.edu/crafts/gallerypage/thesis/chen/chengallery/chen_fishflower1/chen_fishflowerrendering2.htm
[2111/4502] http://www.temple.edu/crafts/gallerypage/thesis/chen/chengallery/chen_fishflower2/chen_fishflower2model1.htm
[2112/4502] http://www.temple.edu/crafts/gallerypage/thesis/chen/chengallery/chen_fishflower2/chen_fishflower2model2.htm
[2113/4502] http://www.temple.edu/crafts/gallerypage/thesis/chen/chengallery/chen_gallery.htm
[2114/4502] http://www.temple.edu/crafts/gallerypage/thesis/chen/chengallery/chen_lakenet/chen_lakenetrendering1.htm
[2115/4502] http://www.temple.edu/crafts/gallerypage/thesis/chen/chengallery/chen_lakenet/chen_lakenetrendering2.htm
[2116/4502] http://www.temple.edu/crafts/gallerypage/thesis/chen/chengallery/chen_lakenet/chen_lakenetrendering3.htm
[2117/4502] http://www.temple.edu/crafts/gallerypage/thesis/chen/chengallery/chen_leaf/chen_leafwalkermodel1.htm
[2118/4502] http://www.temple.edu/crafts/gallerypage/thesis/chen/chengallery/chen_leaf/chen_leafwalkerrendering1.htm
[2119/4502] http://www.temple.edu/crafts/gallerypage/thesis/chen/chengallery/chen_leaf/chen_leafwalkerrendering2.htm
[2120/4502] http://www.temple.edu/crafts/gallerypage/thesis/chen/chengallery/chen_leaf/chen_leafwalkerrendering3.htm
[2121/4502] http://www.temple.edu/crafts/gallerypage/thesis/chen/chengallery/chen_lemon/chen_lemonmodel1.htm
[2122/4502] http://www.temple.edu/crafts/gallerypage/thesis/chen/chengallery/chen_lemon/chen_lemonrendering1.htm
[2123/4502] http://www.temple.edu/crafts/gallerypage/thesis/chen/chengallery/chen_phoenix/chen_phoenixmodel1.htm
[2124/4502] http://www.temple.edu/crafts/gallerypage/thesis/chen/chengallery/chen_phoenix/chen_phoenixmodel2.htm
[2125/4502] http://www.temple.edu/crafts/gallerypage/thesis/chen/chengallery/chen_phoenix/chen_phoenixrendering1.htm
[2126/4502] http://www.temple.edu/crafts/gallerypage/thesis/chen/chengallery/chen_phoenix/chen_phoenixrendering2.htm
[2127/4502] http://www.temple.edu/crafts/gallerypage/thesis/chen/chengallery/chen_seashell/chen_seashellmodel1.htm
[2128/4502] http://www.temple.edu/crafts/gallerypage/thesis/chen/chengallery/chen_seashell/chen_seashellmodel2.htm
[2129/4502] http://www.temple.edu/crafts/gallerypage/thesis/chen/chengallery/chen_seashell/chen_seashellrendering1.htm
[2130/4502] http://www.temple.edu/crafts/gallerypage/thesis/chen/chengallery/chen_seashell/chen_seashellrendering2.htm
[2131/4502] http://www.temple.edu/crafts/gallerypage/thesis/chen/chengallery/chen_vortex/chen_vortexmodel1.htm
[2132/4502] http://www.temple.edu/crafts/gallerypage/thesis/chen/chengallery/chen_vortex/chen_vortexmodel2.htm
[2133/4502] http://www.temple.edu/crafts/gallerypage/thesis/chen/chengallery/chen_vortex/chen_vortexrendering1.htm
[2134/4502] http://www.temple.edu/crafts/gallerypage/thesis/chen/chengallery/chen_vortex/chen_vortexrendering2.htm
[2135/4502] http://www.temple.edu/crafts/gallerypage/thesis/chen/chengallery/chen_vortex/chen_vortexrendering3.htm
[2136/4502] http://www.temple.edu/crafts/gallerypage/thesis/chen/chengallery/chen_websilk1/chen_websilk1model1.htm
[2137/4502] http://www.temple.edu/crafts/gallerypage/thesis/chen/chengallery/chen_websilk1/chen_websilk1model2.htm
[2138/4502] http://www.temple.edu/crafts/gallerypage/thesis/chen/chengallery/chen_websilk1/chen_websilk1rendering1.htm
[2139/4502] http://www.temple.edu/crafts/gallerypage/thesis/chen/chengallery/chen_websilk1/chen_websilk1rendering2.htm
[2140/4502] http://www.temple.edu/crafts/gallerypage/thesis/chen/chengallery/chen_websilk1/chen_websilk1rendering3.htm
[2141/4502] http://www.temple.edu/crafts/gallerypage/thesis/chen/chengallery/chen_websilk2/chen_websilk2model1.htm
[2142/4502] http://www.temple.edu/crafts/gallerypage/thesis/chen/chengallery/chen_websilk2/chen_websilk2model2.htm
[2143/4502] http://www.temple.edu/crafts/gallerypage/thesis/chen/chenhome/chen_home.htm
[2144/4502] http://www.temple.edu/crafts/gallerypage/thesis/chen/chenstatement/chen_statement.htm
[2145/4502] http://www.temple.edu/crafts/gallerypage/thesis/choi/choi.html
[2146/4502] http://www.temple.edu/crafts/gallerypage/thesis/choi/gallery/detail/a-bracelet.html
[2147/4502] http://www.temple.edu/crafts/gallerypage/thesis/choi/gallery/detail/acc-bracelet.html
[2148/4502] http://www.temple.edu/crafts/gallerypage/thesis/choi/gallery/detail/acc-ring.html
[2149/4502] http://www.temple.edu/crafts/gallerypage/thesis/choi/gallery/detail/bracelet.html
[2150/4502] http://www.temple.edu/crafts/gallerypage/thesis/choi/gallery/detail/d-bracelet.html
[2151/4502] http://www.temple.edu/crafts/gallerypage/thesis/choi/gallery/detail/f-neckpiece.html
[2152/4502] http://www.temple.edu/crafts/gallerypage/thesis/choi/gallery/detail/o-bracelet.html
[2153/4502] http://www.temple.edu/crafts/gallerypage/thesis/choi/gallery/detail/open-bracelet.html
[2154/4502] http://www.temple.edu/crafts/gallerypage/thesis/choi/gallery/detail/p-neckpiece.html
[2155/4502] http://www.temple.edu/crafts/gallerypage/thesis/choi/gallery/detail/ring.html
[2156/4502] http://www.temple.edu/crafts/gallerypage/thesis/choi/gallery/detail/s-ring.html
[2157/4502] http://www.temple.edu/crafts/gallerypage/thesis/choi/gallery/detail/two-bracelet.html
[2158/4502] http://www.temple.edu/crafts/gallerypage/thesis/choi/gallery/gallery_main/gallery-main.html
[2159/4502] http://www.temple.edu/crafts/gallerypage/thesis/choi/gallery/model/a-bracelet.html
[2160/4502] http://www.temple.edu/crafts/gallerypage/thesis/choi/gallery/model/acc-bracelet.html
[2161/4502] http://www.temple.edu/crafts/gallerypage/thesis/choi/gallery/model/acc-ring.html
[2162/4502] http://www.temple.edu/crafts/gallerypage/thesis/choi/gallery/model/acc-sh-bracelet.html
[2163/4502] http://www.temple.edu/crafts/gallerypage/thesis/choi/gallery/model/bracelet.html
[2164/4502] http://www.temple.edu/crafts/gallerypage/thesis/choi/gallery/model/d-bracelet.html
[2165/4502] http://www.temple.edu/crafts/gallerypage/thesis/choi/gallery/model/f-neckpiece.html
[2166/4502] http://www.temple.edu/crafts/gallerypage/thesis/choi/gallery/model/o-bracelet.html
[2167/4502] http://www.temple.edu/crafts/gallerypage/thesis/choi/gallery/model/open-bracelet.html
[2168/4502] http://www.temple.edu/crafts/gallerypage/thesis/choi/gallery/model/p-neckpiece.html
[2169/4502] http://www.temple.edu/crafts/gallerypage/thesis/choi/gallery/model/ring.html
[2170/4502] http://www.temple.edu/crafts/gallerypage/thesis/choi/gallery/model/s-ring.html
[2171/4502] http://www.temple.edu/crafts/gallerypage/thesis/choi/gallery/model/sh-bracelet.html
[2172/4502] http://www.temple.edu/crafts/gallerypage/thesis/choi/gallery/model/two-bracelet.html
[2173/4502] http://www.temple.edu/crafts/gallerypage/thesis/choi/gallery/origin/a-bracelet.html
[2174/4502] http://www.temple.edu/crafts/gallerypage/thesis/choi/gallery/origin/acc-bracelet.html
[2175/4502] http://www.temple.edu/crafts/gallerypage/thesis/choi/gallery/origin/acc-ring.html
[2176/4502] http://www.temple.edu/crafts/gallerypage/thesis/choi/gallery/origin/acc-sh-bracelet.html
[2177/4502] http://www.temple.edu/crafts/gallerypage/thesis/choi/gallery/origin/bracelet.html
[2178/4502] http://www.temple.edu/crafts/gallerypage/thesis/choi/gallery/origin/d-bracelet.html
[2179/4502] http://www.temple.edu/crafts/gallerypage/thesis/choi/gallery/origin/f-neckpiece.html
[2180/4502] http://www.temple.edu/crafts/gallerypage/thesis/choi/gallery/origin/o-bracelet.html
[2181/4502] http://www.temple.edu/crafts/gallerypage/thesis/choi/gallery/origin/open-bracelet.html
[2182/4502] http://www.temple.edu/crafts/gallerypage/thesis/choi/gallery/origin/p-neckpiece.html
[2183/4502] http://www.temple.edu/crafts/gallerypage/thesis/choi/gallery/origin/ring.html
[2184/4502] http://www.temple.edu/crafts/gallerypage/thesis/choi/gallery/origin/s-ring.html
[2185/4502] http://www.temple.edu/crafts/gallerypage/thesis/choi/gallery/origin/sh-bracelet.html
[2186/4502] http://www.temple.edu/crafts/gallerypage/thesis/choi/gallery/origin/two-bracelet.html
[2187/4502] http://www.temple.edu/crafts/gallerypage/thesis/choi/resume/back/resume-back.html
[2188/4502] http://www.temple.edu/crafts/gallerypage/thesis/choi/resume/front/resume-front.html
[2189/4502] http://www.temple.edu/crafts/gallerypage/thesis/choi/statement/statement.html
[2190/4502] http://www.temple.edu/crafts/gallerypage/thesis/czapka/bracelets.htm
[2191/4502] http://www.temple.edu/crafts/gallerypage/thesis/czapka/brooches.htm
[2192/4502] http://www.temple.edu/crafts/gallerypage/thesis/czapka/czapka.htm
[2193/4502] http://www.temple.edu/crafts/gallerypage/thesis/czapka/gallery.htm
[2194/4502] http://www.temple.edu/crafts/gallerypage/thesis/czapka/resume.htm
[2195/4502] http://www.temple.edu/crafts/gallerypage/thesis/czapka/rings.htm
[2196/4502] http://www.temple.edu/crafts/gallerypage/thesis/czapka/statement.htm
[2197/4502] http://www.temple.edu/crafts/gallerypage/thesis/demonte/cv.html
[2198/4502] http://www.temple.edu/crafts/gallerypage/thesis/demonte/demonte.html
[2199/4502] http://www.temple.edu/crafts/gallerypage/thesis/demonte/gallery.html
[2200/4502] http://www.temple.edu/crafts/gallerypage/thesis/demonte/statement.html
[2201/4502] http://www.temple.edu/crafts/gallerypage/thesis/finkowski/fink_cv/finkowski_cv.html
[2202/4502] http://www.temple.edu/crafts/gallerypage/thesis/finkowski/fink_gallery/finkowski_gallery.html
[2203/4502] http://www.temple.edu/crafts/gallerypage/thesis/finkowski/fink_main/finkowski_main.html
[2204/4502] http://www.temple.edu/crafts/gallerypage/thesis/finkowski/fink_statement/finkowski_statement.html
[2205/4502] http://www.temple.edu/crafts/gallerypage/thesis/fletcher/cv/cv_main.htm
[2206/4502] http://www.temple.edu/crafts/gallerypage/thesis/fletcher/fletcher.htm
[2207/4502] http://www.temple.edu/crafts/gallerypage/thesis/fletcher/gallery_main/bending_brooch/page_1.htm
[2208/4502] http://www.temple.edu/crafts/gallerypage/thesis/fletcher/gallery_main/clamp_brooch/page_2.htm
[2209/4502] http://www.temple.edu/crafts/gallerypage/thesis/fletcher/gallery_main/clamp_brooch_3/page_6.htm
[2210/4502] http://www.temple.edu/crafts/gallerypage/thesis/fletcher/gallery_main/coffee_brooch/page_3.htm
[2211/4502] http://www.temple.edu/crafts/gallerypage/thesis/fletcher/gallery_main/examination_brooch/page_4.htm
[2212/4502] http://www.temple.edu/crafts/gallerypage/thesis/fletcher/gallery_main/examination_brooch_2/page_8.htm
[2213/4502] http://www.temple.edu/crafts/gallerypage/thesis/fletcher/gallery_main/gallery_main.htm
[2214/4502] http://www.temple.edu/crafts/gallerypage/thesis/fletcher/gallery_main/glyde_dam_brooch/page_10.htm
[2215/4502] http://www.temple.edu/crafts/gallerypage/thesis/fletcher/gallery_main/one_sided_brooch/page_5.htm
[2216/4502] http://www.temple.edu/crafts/gallerypage/thesis/fletcher/gallery_main/pressure/page_7.htm
[2217/4502] http://www.temple.edu/crafts/gallerypage/thesis/fletcher/gallery_main/ridged_brooch/page_9.htm
[2218/4502] http://www.temple.edu/crafts/gallerypage/thesis/fletcher/gallery_main/ridged_brooch_2/page_12.htm
[2219/4502] http://www.temple.edu/crafts/gallerypage/thesis/fletcher/gallery_main/uncertainty/page_11.htm
[2220/4502] http://www.temple.edu/crafts/gallerypage/thesis/fletcher/statement/statement_main.htm
[2221/4502] http://www.temple.edu/crafts/gallerypage/thesis/grealish/grealish_bauhausslide.htm
[2222/4502] http://www.temple.edu/crafts/gallerypage/thesis/grealish/grealish_bauhausslide_model.htm
[2223/4502] http://www.temple.edu/crafts/gallerypage/thesis/grealish/grealish_bop.htm
[2224/4502] http://www.temple.edu/crafts/gallerypage/thesis/grealish/grealish_bop_model.htm
[2225/4502] http://www.temple.edu/crafts/gallerypage/thesis/grealish/grealish_chutes.htm
[2226/4502] http://www.temple.edu/crafts/gallerypage/thesis/grealish/grealish_chutes_model.htm
[2227/4502] http://www.temple.edu/crafts/gallerypage/thesis/grealish/grealish_cv.htm
[2228/4502] http://www.temple.edu/crafts/gallerypage/thesis/grealish/grealish_gallery.htm
[2229/4502] http://www.temple.edu/crafts/gallerypage/thesis/grealish/grealish_home.htm
[2230/4502] http://www.temple.edu/crafts/gallerypage/thesis/grealish/grealish_neckbox.htm
[2231/4502] http://www.temple.edu/crafts/gallerypage/thesis/grealish/grealish_neckbox_model.htm
[2232/4502] http://www.temple.edu/crafts/gallerypage/thesis/grealish/grealish_podslide.htm
[2233/4502] http://www.temple.edu/crafts/gallerypage/thesis/grealish/grealish_podslide_model.htm
[2234/4502] http://www.temple.edu/crafts/gallerypage/thesis/grealish/grealish_seaweedclip.htm
[2235/4502] http://www.temple.edu/crafts/gallerypage/thesis/grealish/grealish_seaweedclip_model.htm
[2236/4502] http://www.temple.edu/crafts/gallerypage/thesis/grealish/grealish_slide.htm
[2237/4502] http://www.temple.edu/crafts/gallerypage/thesis/grealish/grealish_slide_model.htm
[2238/4502] http://www.temple.edu/crafts/gallerypage/thesis/grealish/grealish_spinrings.htm
[2239/4502] http://www.temple.edu/crafts/gallerypage/thesis/grealish/grealish_spinrings_model.htm
[2240/4502] http://www.temple.edu/crafts/gallerypage/thesis/grealish/grealish_spinstack.htm
[2241/4502] http://www.temple.edu/crafts/gallerypage/thesis/grealish/grealish_spinstack_model.htm
[2242/4502] http://www.temple.edu/crafts/gallerypage/thesis/grealish/grealish_stack.htm
[2243/4502] http://www.temple.edu/crafts/gallerypage/thesis/grealish/grealish_stack_model.htm
[2244/4502] http://www.temple.edu/crafts/gallerypage/thesis/grealish/grealish_statement.htm
[2245/4502] http://www.temple.edu/crafts/gallerypage/thesis/grealish/grealish_twiststack.htm
[2246/4502] http://www.temple.edu/crafts/gallerypage/thesis/grealish/grealish_twiststack_model.htm
[2247/4502] http://www.temple.edu/crafts/gallerypage/thesis/grealish/grealish_vertclip.htm
[2248/4502] http://www.temple.edu/crafts/gallerypage/thesis/grealish/grealish_vertclip_model.htm
[2249/4502] http://www.temple.edu/crafts/gallerypage/thesis/griffin/griffin.html
[2250/4502] http://www.temple.edu/crafts/gallerypage/thesis/griffin/resume/resume.html
[2251/4502] http://www.temple.edu/crafts/gallerypage/thesis/griffin/statement/statement.html
[2252/4502] http://www.temple.edu/crafts/gallerypage/thesis/h_park/cv/cv.html
[2253/4502] http://www.temple.edu/crafts/gallerypage/thesis/h_park/gallery/galleryfinalpage.htm
[2254/4502] http://www.temple.edu/crafts/gallerypage/thesis/h_park/gallery/images/10_g_hanging8/hangingbraceletpage.htm
[2255/4502] http://www.temple.edu/crafts/gallerypage/thesis/h_park/gallery/images/11_g_powder9/powderbracelet1page.htm
[2256/4502] http://www.temple.edu/crafts/gallerypage/thesis/h_park/gallery/images/12_g_powder10/powderbracelet2page.htm
[2257/4502] http://www.temple.edu/crafts/gallerypage/thesis/h_park/gallery/images/13_g_virtual1_11/virtualbraceletpage.htm
[2258/4502] http://www.temple.edu/crafts/gallerypage/thesis/h_park/gallery/images/14_g_virtual2_12/virtualbraceletpage.htm
[2259/4502] http://www.temple.edu/crafts/gallerypage/thesis/h_park/gallery/images/3_g_brooch1/broochpage.htm
[2260/4502] http://www.temple.edu/crafts/gallerypage/thesis/h_park/gallery/images/4_g_handpiece2/handpiecepage.htm
[2261/4502] http://www.temple.edu/crafts/gallerypage/thesis/h_park/gallery/images/5_g_shoulderpiece3/shoulderpiece.htm
[2262/4502] http://www.temple.edu/crafts/gallerypage/thesis/h_park/gallery/images/6_g_goozbracelet4/goozepage.htm
[2263/4502] http://www.temple.edu/crafts/gallerypage/thesis/h_park/gallery/images/7_g_goozbracelet5/goozebracelet2page.htm
[2264/4502] http://www.temple.edu/crafts/gallerypage/thesis/h_park/gallery/images/8_g_bb6/bbbraceletpage.htm
[2265/4502] http://www.temple.edu/crafts/gallerypage/thesis/h_park/gallery/images/9_g_balance7/balancebraceletpage.htm
[2266/4502] http://www.temple.edu/crafts/gallerypage/thesis/h_park/parkhome/park1.html
[2267/4502] http://www.temple.edu/crafts/gallerypage/thesis/h_park/statement/statement.html
[2268/4502] http://www.temple.edu/crafts/gallerypage/thesis/heidinger/gallery/gallery.html
[2269/4502] http://www.temple.edu/crafts/gallerypage/thesis/heidinger/heidinger.html
[2270/4502] http://www.temple.edu/crafts/gallerypage/thesis/heidinger/resume/resume.html
[2271/4502] http://www.temple.edu/crafts/gallerypage/thesis/heidinger/statement/statement.html
[2272/4502] http://www.temple.edu/crafts/gallerypage/thesis/hocker/hocker_cv/hocker_cv.htm
[2273/4502] http://www.temple.edu/crafts/gallerypage/thesis/hocker/hocker_gallery/hocker_fear1/hocker_fear1.htm
[2274/4502] http://www.temple.edu/crafts/gallerypage/thesis/hocker/hocker_gallery/hocker_fear1/hocker_fear1_modelshot/hocker_fear1_modelshot.htm
[2275/4502] http://www.temple.edu/crafts/gallerypage/thesis/hocker/hocker_gallery/hocker_fear10/hocker_fear10.htm
[2276/4502] http://www.temple.edu/crafts/gallerypage/thesis/hocker/hocker_gallery/hocker_fear10/hocker_fear10_modelshot/hocker_fear10_modelshot.htm
[2277/4502] http://www.temple.edu/crafts/gallerypage/thesis/hocker/hocker_gallery/hocker_fear11/hocker_fear11.htm
[2278/4502] http://www.temple.edu/crafts/gallerypage/thesis/hocker/hocker_gallery/hocker_fear11/hocker_fear11_modelshot/hocker_fear11_modelshot.htm
[2279/4502] http://www.temple.edu/crafts/gallerypage/thesis/hocker/hocker_gallery/hocker_fear12/hocker_fear12.htm
[2280/4502] http://www.temple.edu/crafts/gallerypage/thesis/hocker/hocker_gallery/hocker_fear2/hocker_fear2.htm
[2281/4502] http://www.temple.edu/crafts/gallerypage/thesis/hocker/hocker_gallery/hocker_fear3/hocker_fear3.htm
[2282/4502] http://www.temple.edu/crafts/gallerypage/thesis/hocker/hocker_gallery/hocker_fear3/hocker_fear3_modelshot/hocker_fear3_modelshot.htm
[2283/4502] http://www.temple.edu/crafts/gallerypage/thesis/hocker/hocker_gallery/hocker_fear4/hocker_fear4.htm
[2284/4502] http://www.temple.edu/crafts/gallerypage/thesis/hocker/hocker_gallery/hocker_fear5/hocker_fear5.htm
[2285/4502] http://www.temple.edu/crafts/gallerypage/thesis/hocker/hocker_gallery/hocker_fear6/hocker_fear6.htm
[2286/4502] http://www.temple.edu/crafts/gallerypage/thesis/hocker/hocker_gallery/hocker_fear7/hocker_fear7.htm
[2287/4502] http://www.temple.edu/crafts/gallerypage/thesis/hocker/hocker_gallery/hocker_fear8/hocker_fear8.htm
[2288/4502] http://www.temple.edu/crafts/gallerypage/thesis/hocker/hocker_gallery/hocker_fear8/hocker_fear8_modelshot/hocker_fear8_modelshot.htm
[2289/4502] http://www.temple.edu/crafts/gallerypage/thesis/hocker/hocker_gallery/hocker_fear9/hocker_fear9.htm
[2290/4502] http://www.temple.edu/crafts/gallerypage/thesis/hocker/hocker_gallery/hocker_fear9/hocker_fear9_modelshot/hocker_fear9_modelshot.htm
[2291/4502] http://www.temple.edu/crafts/gallerypage/thesis/hocker/hocker_gallery/hocker_gallery.htm
[2292/4502] http://www.temple.edu/crafts/gallerypage/thesis/hocker/hocker_home.htm
[2293/4502] http://www.temple.edu/crafts/gallerypage/thesis/hocker/hocker_statement/hocker_statement.htm
[2294/4502] http://www.temple.edu/crafts/gallerypage/thesis/hollow%20horn/Curriculum-Vitae-Hollow-Horn.html
[2295/4502] http://www.temple.edu/crafts/gallerypage/thesis/hollow%20horn/Gallery%20Images/Corset-Collar.html
[2296/4502] http://www.temple.edu/crafts/gallerypage/thesis/hollow%20horn/Gallery%20Images/Flared-Bracelet.html
[2297/4502] http://www.temple.edu/crafts/gallerypage/thesis/hollow%20horn/Gallery%20Images/High-Collar.html
[2298/4502] http://www.temple.edu/crafts/gallerypage/thesis/hollow%20horn/Gallery%20Images/Lace-Corset-Collar.html
[2299/4502] http://www.temple.edu/crafts/gallerypage/thesis/hollow%20horn/Gallery%20Images/Mother-Child-Bracelets.html
[2300/4502] http://www.temple.edu/crafts/gallerypage/thesis/hollow%20horn/Gallery%20Images/Mother-Child-Collars.html
[2301/4502] http://www.temple.edu/crafts/gallerypage/thesis/hollow%20horn/Gallery%20Images/New-Ruff-Bracelet.html
[2302/4502] http://www.temple.edu/crafts/gallerypage/thesis/hollow%20horn/Gallery%20Images/Ruff-Bracelet-for-Anna.html
[2303/4502] http://www.temple.edu/crafts/gallerypage/thesis/hollow%20horn/Gallery%20Images/Spiral-Bracelet.html
[2304/4502] http://www.temple.edu/crafts/gallerypage/thesis/hollow%20horn/Gallery%20Images/Tango-Collar.html
[2305/4502] http://www.temple.edu/crafts/gallerypage/thesis/hollow%20horn/Gallery-Hollow-Horn.html
[2306/4502] http://www.temple.edu/crafts/gallerypage/thesis/hollow%20horn/home-hollow-horn.html
[2307/4502] http://www.temple.edu/crafts/gallerypage/thesis/hollow%20horn/Statement-Hollow-Horn.html
[2308/4502] http://www.temple.edu/crafts/gallerypage/thesis/hooper/blubr10.html
[2309/4502] http://www.temple.edu/crafts/gallerypage/thesis/hooper/blubr12.html
[2310/4502] http://www.temple.edu/crafts/gallerypage/thesis/hooper/blubr8.html
[2311/4502] http://www.temple.edu/crafts/gallerypage/thesis/hooper/bndbr10.html
[2312/4502] http://www.temple.edu/crafts/gallerypage/thesis/hooper/bndbr12.html
[2313/4502] http://www.temple.edu/crafts/gallerypage/thesis/hooper/bndbr8.html
[2314/4502] http://www.temple.edu/crafts/gallerypage/thesis/hooper/collar10.html
[2315/4502] http://www.temple.edu/crafts/gallerypage/thesis/hooper/collar12.html
[2316/4502] http://www.temple.edu/crafts/gallerypage/thesis/hooper/collar8.html
[2317/4502] http://www.temple.edu/crafts/gallerypage/thesis/hooper/cont10x7.html
[2318/4502] http://www.temple.edu/crafts/gallerypage/thesis/hooper/cont12x1.html
[2319/4502] http://www.temple.edu/crafts/gallerypage/thesis/hooper/cont8x6.html
[2320/4502] http://www.temple.edu/crafts/gallerypage/thesis/hooper/ear10x7.html
[2321/4502] http://www.temple.edu/crafts/gallerypage/thesis/hooper/ear12x10.html
[2322/4502] http://www.temple.edu/crafts/gallerypage/thesis/hooper/ear8x6.html
[2323/4502] http://www.temple.edu/crafts/gallerypage/thesis/hooper/index.html
[2324/4502] http://www.temple.edu/crafts/gallerypage/thesis/hooper/knob10x7.html
[2325/4502] http://www.temple.edu/crafts/gallerypage/thesis/hooper/knob12x1.html
[2326/4502] http://www.temple.edu/crafts/gallerypage/thesis/hooper/knob8x6.html
[2327/4502] http://www.temple.edu/crafts/gallerypage/thesis/hooper/oring10x.html
[2328/4502] http://www.temple.edu/crafts/gallerypage/thesis/hooper/oring12x.html
[2329/4502] http://www.temple.edu/crafts/gallerypage/thesis/hooper/oring8x6.html
[2330/4502] http://www.temple.edu/crafts/gallerypage/thesis/hooper/put10x7.html
[2331/4502] http://www.temple.edu/crafts/gallerypage/thesis/hooper/putt12x1.html
[2332/4502] http://www.temple.edu/crafts/gallerypage/thesis/hooper/putt8x6.html
[2333/4502] http://www.temple.edu/crafts/gallerypage/thesis/hooper/ring10x7.html
[2334/4502] http://www.temple.edu/crafts/gallerypage/thesis/hooper/ring12x1.html
[2335/4502] http://www.temple.edu/crafts/gallerypage/thesis/hooper/ring8x6.html
[2336/4502] http://www.temple.edu/crafts/gallerypage/thesis/hooper/sb10x7.html
[2337/4502] http://www.temple.edu/crafts/gallerypage/thesis/hooper/sb12x10.html
[2338/4502] http://www.temple.edu/crafts/gallerypage/thesis/hooper/sb8x6.html
[2339/4502] http://www.temple.edu/crafts/gallerypage/thesis/hooper/sc10x7.html
[2340/4502] http://www.temple.edu/crafts/gallerypage/thesis/hooper/sc12.html
[2341/4502] http://www.temple.edu/crafts/gallerypage/thesis/hooper/sc8x6.html
[2342/4502] http://www.temple.edu/crafts/gallerypage/thesis/hooper/spin10x7.html
[2343/4502] http://www.temple.edu/crafts/gallerypage/thesis/hooper/spin12x1.html
[2344/4502] http://www.temple.edu/crafts/gallerypage/thesis/hooper/spin8x6.html
[2345/4502] http://www.temple.edu/crafts/gallerypage/thesis/hsu/cv/cv.htm
[2346/4502] http://www.temple.edu/crafts/gallerypage/thesis/hsu/gallery_bracelet/brac_4bln2.htm
[2347/4502] http://www.temple.edu/crafts/gallerypage/thesis/hsu/gallery_bracelet/brac_curve.htm
[2348/4502] http://www.temple.edu/crafts/gallerypage/thesis/hsu/gallery_bracelet/brac_horizontal.htm
[2349/4502] http://www.temple.edu/crafts/gallerypage/thesis/hsu/gallery_bracelet/brac_long.htm
[2350/4502] http://www.temple.edu/crafts/gallerypage/thesis/hsu/gallery_bracelet/brac_short.htm
[2351/4502] http://www.temple.edu/crafts/gallerypage/thesis/hsu/gallery_bracelet/gallery_bracelet.htm
[2352/4502] http://www.temple.edu/crafts/gallerypage/thesis/hsu/gallery_neckpiece/gallery_neckpiece.htm
[2353/4502] http://www.temple.edu/crafts/gallerypage/thesis/hsu/gallery_neckpiece/neck_1gold.htm
[2354/4502] http://www.temple.edu/crafts/gallerypage/thesis/hsu/gallery_neckpiece/neck_2gls.htm
[2355/4502] http://www.temple.edu/crafts/gallerypage/thesis/hsu/gallery_neckpiece/neck_2gold.htm
[2356/4502] http://www.temple.edu/crafts/gallerypage/thesis/hsu/gallery_neckpiece/neck_clear_web.htm
[2357/4502] http://www.temple.edu/crafts/gallerypage/thesis/hsu/gallery_neckpiece/neck_cluster.htm
[2358/4502] http://www.temple.edu/crafts/gallerypage/thesis/hsu/gallery_neckpiece/neck_shoulder.htm
[2359/4502] http://www.temple.edu/crafts/gallerypage/thesis/hsu/gallery_neckpiece/neckp_org_web.htm
[2360/4502] http://www.temple.edu/crafts/gallerypage/thesis/hsu/homepage/hsu.htm
[2361/4502] http://www.temple.edu/crafts/gallerypage/thesis/hsu/statement/statement.htm
[2362/4502] http://www.temple.edu/crafts/gallerypage/thesis/hsu/video/video.htm
[2363/4502] http://www.temple.edu/crafts/gallerypage/thesis/kawase/1024_pendant_face_k.html
[2364/4502] http://www.temple.edu/crafts/gallerypage/thesis/kawase/1024_pendant_face_m.html
[2365/4502] http://www.temple.edu/crafts/gallerypage/thesis/kawase/1024_pendant_face_t.html
[2366/4502] http://www.temple.edu/crafts/gallerypage/thesis/kawase/1024_pendant_face_u.html
[2367/4502] http://www.temple.edu/crafts/gallerypage/thesis/kawase/1024_pendant_k.html
[2368/4502] http://www.temple.edu/crafts/gallerypage/thesis/kawase/1024_pendant_m.html
[2369/4502] http://www.temple.edu/crafts/gallerypage/thesis/kawase/1024_pendant_t.html
[2370/4502] http://www.temple.edu/crafts/gallerypage/thesis/kawase/1024_pendant_u.html
[2371/4502] http://www.temple.edu/crafts/gallerypage/thesis/kawase/1024_pivot_bio_top.html
[2372/4502] http://www.temple.edu/crafts/gallerypage/thesis/kawase/1024_pivot_bug_back.html
[2373/4502] http://www.temple.edu/crafts/gallerypage/thesis/kawase/1024_pivot_flat.html
[2374/4502] http://www.temple.edu/crafts/gallerypage/thesis/kawase/airplane.html
[2375/4502] http://www.temple.edu/crafts/gallerypage/thesis/kawase/airplaneanime.html
[2376/4502] http://www.temple.edu/crafts/gallerypage/thesis/kawase/animatio1.html
[2377/4502] http://www.temple.edu/crafts/gallerypage/thesis/kawase/anime_theater_pendant_kaeru.html
[2378/4502] http://www.temple.edu/crafts/gallerypage/thesis/kawase/anime_theater_pendant_monkey.html
[2379/4502] http://www.temple.edu/crafts/gallerypage/thesis/kawase/anime_theater_pendant_tiger.html
[2380/4502] http://www.temple.edu/crafts/gallerypage/thesis/kawase/anime_theater_pendant_usagi.html
[2381/4502] http://www.temple.edu/crafts/gallerypage/thesis/kawase/anime_theater_pivot.html
[2382/4502] http://www.temple.edu/crafts/gallerypage/thesis/kawase/animerob.html
[2383/4502] http://www.temple.edu/crafts/gallerypage/thesis/kawase/cafe_de_maco_cups.html
[2384/4502] http://www.temple.edu/crafts/gallerypage/thesis/kawase/disk1024.html
[2385/4502] http://www.temple.edu/crafts/gallerypage/thesis/kawase/finger10.html
[2386/4502] http://www.temple.edu/crafts/gallerypage/thesis/kawase/gallery.html
[2387/4502] http://www.temple.edu/crafts/gallerypage/thesis/kawase/gallery_onthetop_bracelet.html
[2388/4502] http://www.temple.edu/crafts/gallerypage/thesis/kawase/gallery_onthetop_pendant.html
[2389/4502] http://www.temple.edu/crafts/gallerypage/thesis/kawase/galleryfourjello.html
[2390/4502] http://www.temple.edu/crafts/gallerypage/thesis/kawase/gallerythreecombi.html
[2391/4502] http://www.temple.edu/crafts/gallerypage/thesis/kawase/gallerytwo.html
[2392/4502] http://www.temple.edu/crafts/gallerypage/thesis/kawase/hiraanim.html
[2393/4502] http://www.temple.edu/crafts/gallerypage/thesis/kawase/kanzashi.html
[2394/4502] http://www.temple.edu/crafts/gallerypage/thesis/kawase/kawase.html
[2395/4502] http://www.temple.edu/crafts/gallerypage/thesis/kawase/long1024.html
[2396/4502] http://www.temple.edu/crafts/gallerypage/thesis/kawase/longanim.html
[2397/4502] http://www.temple.edu/crafts/gallerypage/thesis/kawase/resumedone.html
[2398/4502] http://www.temple.edu/crafts/gallerypage/thesis/kawase/ringring.html
[2399/4502] http://www.temple.edu/crafts/gallerypage/thesis/kawase/ringring1.html
[2400/4502] http://www.temple.edu/crafts/gallerypage/thesis/kawase/slide1024.html
[2401/4502] http://www.temple.edu/crafts/gallerypage/thesis/kawase/slideegg.html
[2402/4502] http://www.temple.edu/crafts/gallerypage/thesis/kawase/slideegg1.html
[2403/4502] http://www.temple.edu/crafts/gallerypage/thesis/kawase/spbox102.html
[2404/4502] http://www.temple.edu/crafts/gallerypage/thesis/kawase/spboxbac.html
[2405/4502] http://www.temple.edu/crafts/gallerypage/thesis/kawase/sprapart.html
[2406/4502] http://www.temple.edu/crafts/gallerypage/thesis/kawase/sprobot1.html
[2407/4502] http://www.temple.edu/crafts/gallerypage/thesis/kawase/statement.html
[2408/4502] http://www.temple.edu/crafts/gallerypage/thesis/kawase/swing102.html
[2409/4502] http://www.temple.edu/crafts/gallerypage/thesis/kawase/swingani.html
[2410/4502] http://www.temple.edu/crafts/gallerypage/thesis/kawase/tenohira.html
[2411/4502] http://www.temple.edu/crafts/gallerypage/thesis/kawase/weekend1.html
[2412/4502] http://www.temple.edu/crafts/gallerypage/thesis/kawase/wing1024.html
[2413/4502] http://www.temple.edu/crafts/gallerypage/thesis/kawase/winganim.html
[2414/4502] http://www.temple.edu/crafts/gallerypage/thesis/kolb/curriculumvitae/curriculum-vitae.html
[2415/4502] http://www.temple.edu/crafts/gallerypage/thesis/kolb/gallery/aster/aster.html
[2416/4502] http://www.temple.edu/crafts/gallerypage/thesis/kolb/gallery/cyclone/cyclone.html
[2417/4502] http://www.temple.edu/crafts/gallerypage/thesis/kolb/gallery/dahlia/dahlia.html
[2418/4502] http://www.temple.edu/crafts/gallerypage/thesis/kolb/gallery/digitalis/digitalis.html
[2419/4502] http://www.temple.edu/crafts/gallerypage/thesis/kolb/gallery/gallery.html
[2420/4502] http://www.temple.edu/crafts/gallerypage/thesis/kolb/gallery/heliotroph/heliotroph.html
[2421/4502] http://www.temple.edu/crafts/gallerypage/thesis/kolb/gallery/maelstom1/maelstrom1.html
[2422/4502] http://www.temple.edu/crafts/gallerypage/thesis/kolb/gallery/maelstrom2/maelstrom2.html
[2423/4502] http://www.temple.edu/crafts/gallerypage/thesis/kolb/gallery/maelstrom3/maelstrom3.html
[2424/4502] http://www.temple.edu/crafts/gallerypage/thesis/kolb/gallery/punica/punica.html
[2425/4502] http://www.temple.edu/crafts/gallerypage/thesis/kolb/gallery/spadix/spadix.html
[2426/4502] http://www.temple.edu/crafts/gallerypage/thesis/kolb/gallery/strobilus/strobilus.html
[2427/4502] http://www.temple.edu/crafts/gallerypage/thesis/kolb/gallery/turritella/turritella.html
[2428/4502] http://www.temple.edu/crafts/gallerypage/thesis/kolb/kolb.html
[2429/4502] http://www.temple.edu/crafts/gallerypage/thesis/kolb/statement/statement.html
[2430/4502] http://www.temple.edu/crafts/gallerypage/thesis/korony/cv/cv.htm
[2431/4502] http://www.temple.edu/crafts/gallerypage/thesis/korony/gallery/bending_brooch/bending.htm
[2432/4502] http://www.temple.edu/crafts/gallerypage/thesis/korony/gallery/fitin_brooch/fit_in.htm
[2433/4502] http://www.temple.edu/crafts/gallerypage/thesis/korony/gallery/folding_brooch/folding.htm
[2434/4502] http://www.temple.edu/crafts/gallerypage/thesis/korony/gallery/gallery.htm
[2435/4502] http://www.temple.edu/crafts/gallerypage/thesis/korony/gallery/listen_brooch/listen.htm
[2436/4502] http://www.temple.edu/crafts/gallerypage/thesis/korony/gallery/options_brooch/options.htm
[2437/4502] http://www.temple.edu/crafts/gallerypage/thesis/korony/gallery/speech_brooch/speech.htm
[2438/4502] http://www.temple.edu/crafts/gallerypage/thesis/korony/gallery/spin2_brooch/spin2.htm
[2439/4502] http://www.temple.edu/crafts/gallerypage/thesis/korony/gallery/spin_brooch/spin.htm
[2440/4502] http://www.temple.edu/crafts/gallerypage/thesis/korony/gallery/spread_brooch/spread.htm
[2441/4502] http://www.temple.edu/crafts/gallerypage/thesis/korony/gallery/symmetry_brooch/symmetry.htm
[2442/4502] http://www.temple.edu/crafts/gallerypage/thesis/korony/gallery/weighted_brooch/weighted.htm
[2443/4502] http://www.temple.edu/crafts/gallerypage/thesis/korony/gallery/writing_brooch/writing.htm
[2444/4502] http://www.temple.edu/crafts/gallerypage/thesis/korony/korony.htm
[2445/4502] http://www.temple.edu/crafts/gallerypage/thesis/korony/research/credits/credits.htm
[2446/4502] http://www.temple.edu/crafts/gallerypage/thesis/korony/research/printer/z406.htm
[2447/4502] http://www.temple.edu/crafts/gallerypage/thesis/korony/research/research.htm
[2448/4502] http://www.temple.edu/crafts/gallerypage/thesis/korony/research/zcast/zcast.htm
[2449/4502] http://www.temple.edu/crafts/gallerypage/thesis/korony/research/zplaster/zplaster.htm
[2450/4502] http://www.temple.edu/crafts/gallerypage/thesis/korony/research/zsnap/zsnap.htm
[2451/4502] http://www.temple.edu/crafts/gallerypage/thesis/korony/research/zstarch/zstarch.htm
[2452/4502] http://www.temple.edu/crafts/gallerypage/thesis/korony/statement/statement.htm
[2453/4502] http://www.temple.edu/crafts/gallerypage/thesis/kraus/index.html
[2454/4502] http://www.temple.edu/crafts/gallerypage/thesis/kraus/page2.html
[2455/4502] http://www.temple.edu/crafts/gallerypage/thesis/kraus/page3.html
[2456/4502] http://www.temple.edu/crafts/gallerypage/thesis/kraus/page5.html
[2457/4502] http://www.temple.edu/crafts/gallerypage/thesis/kraus/page6.html
[2458/4502] http://www.temple.edu/crafts/gallerypage/thesis/lee/index.html
[2459/4502] http://www.temple.edu/crafts/gallerypage/thesis/lee/resume.html
[2460/4502] http://www.temple.edu/crafts/gallerypage/thesis/lee/statement.html
[2461/4502] http://www.temple.edu/crafts/gallerypage/thesis/lee/thesis.html
[2462/4502] http://www.temple.edu/crafts/gallerypage/thesis/martino/cv/cv.htm
[2463/4502] http://www.temple.edu/crafts/gallerypage/thesis/martino/gallery/breaking/breaking.htm
[2464/4502] http://www.temple.edu/crafts/gallerypage/thesis/martino/gallery/contemplation/contemplation.htm
[2465/4502] http://www.temple.edu/crafts/gallerypage/thesis/martino/gallery/death_part/death_part.htm
[2466/4502] http://www.temple.edu/crafts/gallerypage/thesis/martino/gallery/flip_brac/flip_brac.htm
[2467/4502] http://www.temple.edu/crafts/gallerypage/thesis/martino/gallery/grief/grief.htm
[2468/4502] http://www.temple.edu/crafts/gallerypage/thesis/martino/gallery/hard_drive_crash/hard_drive_crash.htm
[2469/4502] http://www.temple.edu/crafts/gallerypage/thesis/martino/gallery/lens_brac/lens_brac.htm
[2470/4502] http://www.temple.edu/crafts/gallerypage/thesis/martino/gallery/live_by_die_by/live_by_die_by.htm
[2471/4502] http://www.temple.edu/crafts/gallerypage/thesis/martino/gallery/monocle/monocle.htm
[2472/4502] http://www.temple.edu/crafts/gallerypage/thesis/martino/gallery/stand_alone/stand_alone.htm
[2473/4502] http://www.temple.edu/crafts/gallerypage/thesis/martino/gallery/swiv_brac/swiv_brac.htm
[2474/4502] http://www.temple.edu/crafts/gallerypage/thesis/martino/gallery/we_were/we_were.htm
[2475/4502] http://www.temple.edu/crafts/gallerypage/thesis/martino/gallery_main/gallery_main.htm
[2476/4502] http://www.temple.edu/crafts/gallerypage/thesis/martino/main/main.htm
[2477/4502] http://www.temple.edu/crafts/gallerypage/thesis/martino/main/main_2.htm
[2478/4502] http://www.temple.edu/crafts/gallerypage/thesis/martino/statement/statement.htm
[2479/4502] http://www.temple.edu/crafts/gallerypage/thesis/massinger/gallery/anxiety/anxiety.htm
[2480/4502] http://www.temple.edu/crafts/gallerypage/thesis/massinger/gallery/anxiety/anxietyobject.htm
[2481/4502] http://www.temple.edu/crafts/gallerypage/thesis/massinger/gallery/control/control.htm
[2482/4502] http://www.temple.edu/crafts/gallerypage/thesis/massinger/gallery/control/controlobject.htm
[2483/4502] http://www.temple.edu/crafts/gallerypage/thesis/massinger/gallery/focus/focusdevice.htm
[2484/4502] http://www.temple.edu/crafts/gallerypage/thesis/massinger/gallery/focus/focusdeviceobject.htm
[2485/4502] http://www.temple.edu/crafts/gallerypage/thesis/massinger/gallery/gallery.htm
[2486/4502] http://www.temple.edu/crafts/gallerypage/thesis/massinger/gallery/kupula/kupula.htm
[2487/4502] http://www.temple.edu/crafts/gallerypage/thesis/massinger/gallery/kupula/spirituality.htm
[2488/4502] http://www.temple.edu/crafts/gallerypage/thesis/massinger/gallery/ocd/ocd.htm
[2489/4502] http://www.temple.edu/crafts/gallerypage/thesis/massinger/gallery/ocd/ocdobject.htm
[2490/4502] http://www.temple.edu/crafts/gallerypage/thesis/massinger/gallery/reality/reality.htm
[2491/4502] http://www.temple.edu/crafts/gallerypage/thesis/massinger/gallery/reality/realityobject.htm
[2492/4502] http://www.temple.edu/crafts/gallerypage/thesis/massinger/gallery/relapse/relapse.htm
[2493/4502] http://www.temple.edu/crafts/gallerypage/thesis/massinger/gallery/relapse/relapseobject.htm
[2494/4502] http://www.temple.edu/crafts/gallerypage/thesis/massinger/gallery/seductress/seductress.htm
[2495/4502] http://www.temple.edu/crafts/gallerypage/thesis/massinger/gallery/seductress/seductressobject.htm
[2496/4502] http://www.temple.edu/crafts/gallerypage/thesis/massinger/gallery/starvation/starvation.htm
[2497/4502] http://www.temple.edu/crafts/gallerypage/thesis/massinger/gallery/starvation/starvationobject.htm
[2498/4502] http://www.temple.edu/crafts/gallerypage/thesis/massinger/gallery/tobeorknot/tobeorknot.htm
[2499/4502] http://www.temple.edu/crafts/gallerypage/thesis/massinger/gallery/tobeorknot/tobeornotobject.htm
[2500/4502] http://www.temple.edu/crafts/gallerypage/thesis/massinger/gallery/trauma/trauma.htm
[2501/4502] http://www.temple.edu/crafts/gallerypage/thesis/massinger/gallery/trauma/traumaobject.htm
[2502/4502] http://www.temple.edu/crafts/gallerypage/thesis/massinger/gallery/twelvestep/twelvestep.htm
[2503/4502] http://www.temple.edu/crafts/gallerypage/thesis/massinger/gallery/twelvestep/twelvestepobject.htm
[2504/4502] http://www.temple.edu/crafts/gallerypage/thesis/massinger/home.htm
[2505/4502] http://www.temple.edu/crafts/gallerypage/thesis/massinger/ressume/resume.htm
[2506/4502] http://www.temple.edu/crafts/gallerypage/thesis/massinger/statement/statement.htm
[2507/4502] http://www.temple.edu/crafts/gallerypage/thesis/minich/animatio.html
[2508/4502] http://www.temple.edu/crafts/gallerypage/thesis/minich/cuff10.html
[2509/4502] http://www.temple.edu/crafts/gallerypage/thesis/minich/cuff210.html
[2510/4502] http://www.temple.edu/crafts/gallerypage/thesis/minich/cuff2800.html
[2511/4502] http://www.temple.edu/crafts/gallerypage/thesis/minich/gallery2.html
[2512/4502] http://www.temple.edu/crafts/gallerypage/thesis/minich/lb1024.html
[2513/4502] http://www.temple.edu/crafts/gallerypage/thesis/minich/lb800.html
[2514/4502] http://www.temple.edu/crafts/gallerypage/thesis/minich/ln1024.html
[2515/4502] http://www.temple.edu/crafts/gallerypage/thesis/minich/ln800.html
[2516/4502] http://www.temple.edu/crafts/gallerypage/thesis/minich/minich.html
[2517/4502] http://www.temple.edu/crafts/gallerypage/thesis/minich/newpage1.html
[2518/4502] http://www.temple.edu/crafts/gallerypage/thesis/minich/newpage11.html
[2519/4502] http://www.temple.edu/crafts/gallerypage/thesis/minich/newpage12.html
[2520/4502] http://www.temple.edu/crafts/gallerypage/thesis/minich/newpage13.html
[2521/4502] http://www.temple.edu/crafts/gallerypage/thesis/minich/newpage14.html
[2522/4502] http://www.temple.edu/crafts/gallerypage/thesis/minich/newpage16.html
[2523/4502] http://www.temple.edu/crafts/gallerypage/thesis/minich/newpage17.html
[2524/4502] http://www.temple.edu/crafts/gallerypage/thesis/minich/newpage2.html
[2525/4502] http://www.temple.edu/crafts/gallerypage/thesis/minich/newpage3.html
[2526/4502] http://www.temple.edu/crafts/gallerypage/thesis/minich/newpage4.html
[2527/4502] http://www.temple.edu/crafts/gallerypage/thesis/minich/newpage5.html
[2528/4502] http://www.temple.edu/crafts/gallerypage/thesis/minich/newpage6.html
[2529/4502] http://www.temple.edu/crafts/gallerypage/thesis/minich/newpage7.html
[2530/4502] http://www.temple.edu/crafts/gallerypage/thesis/minich/newpage8.html
[2531/4502] http://www.temple.edu/crafts/gallerypage/thesis/minich/newpage9.html
[2532/4502] http://www.temple.edu/crafts/gallerypage/thesis/minich/resume.html
[2533/4502] http://www.temple.edu/crafts/gallerypage/thesis/minich/spb1024.html
[2534/4502] http://www.temple.edu/crafts/gallerypage/thesis/minich/spb800.html
[2535/4502] http://www.temple.edu/crafts/gallerypage/thesis/minich/spn1024.html
[2536/4502] http://www.temple.edu/crafts/gallerypage/thesis/minich/spn800.html
[2537/4502] http://www.temple.edu/crafts/gallerypage/thesis/minich/stage128.html
[2538/4502] http://www.temple.edu/crafts/gallerypage/thesis/minich/statemen.html
[2539/4502] http://www.temple.edu/crafts/gallerypage/thesis/Montagna/cv.html
[2540/4502] http://www.temple.edu/crafts/gallerypage/thesis/Montagna/gallery.html
[2541/4502] http://www.temple.edu/crafts/gallerypage/thesis/Montagna/gallery_pages/10_mayflower_fog.html
[2542/4502] http://www.temple.edu/crafts/gallerypage/thesis/Montagna/gallery_pages/11_movement_for_pascal.html
[2543/4502] http://www.temple.edu/crafts/gallerypage/thesis/Montagna/gallery_pages/12_truro_triangle.html
[2544/4502] http://www.temple.edu/crafts/gallerypage/thesis/Montagna/gallery_pages/1_twisted_torque.html
[2545/4502] http://www.temple.edu/crafts/gallerypage/thesis/Montagna/gallery_pages/2_dunes.html
[2546/4502] http://www.temple.edu/crafts/gallerypage/thesis/Montagna/gallery_pages/3_ovoid_rhapsody.html
[2547/4502] http://www.temple.edu/crafts/gallerypage/thesis/Montagna/gallery_pages/4_lattice_lace.html
[2548/4502] http://www.temple.edu/crafts/gallerypage/thesis/Montagna/gallery_pages/5_dunes_at_dawn.html
[2549/4502] http://www.temple.edu/crafts/gallerypage/thesis/Montagna/gallery_pages/6_newport_jazz.html
[2550/4502] http://www.temple.edu/crafts/gallerypage/thesis/Montagna/gallery_pages/7_saquish_sunrise.html
[2551/4502] http://www.temple.edu/crafts/gallerypage/thesis/Montagna/gallery_pages/8_sandy_neck_sunset.html
[2552/4502] http://www.temple.edu/crafts/gallerypage/thesis/Montagna/gallery_pages/9_jetty_sunrise.html
[2553/4502] http://www.temple.edu/crafts/gallerypage/thesis/Montagna/montagna.html
[2554/4502] http://www.temple.edu/crafts/gallerypage/thesis/Montagna/statement.html
[2555/4502] http://www.temple.edu/crafts/gallerypage/thesis/moran/morangallery.html
[2556/4502] http://www.temple.edu/crafts/gallerypage/thesis/moran/moranindex.html
[2557/4502] http://www.temple.edu/crafts/gallerypage/thesis/moran/moranresume.html
[2558/4502] http://www.temple.edu/crafts/gallerypage/thesis/moran/moranstate.html
[2559/4502] http://www.temple.edu/crafts/gallerypage/thesis/nbryant/4chafing.html
[2560/4502] http://www.temple.edu/crafts/gallerypage/thesis/nbryant/4jelly.html
[2561/4502] http://www.temple.edu/crafts/gallerypage/thesis/nbryant/4lves.html
[2562/4502] http://www.temple.edu/crafts/gallerypage/thesis/nbryant/4shakers.html
[2563/4502] http://www.temple.edu/crafts/gallerypage/thesis/nbryant/4sugcr.html
[2564/4502] http://www.temple.edu/crafts/gallerypage/thesis/nbryant/4tray.html
[2565/4502] http://www.temple.edu/crafts/gallerypage/thesis/nbryant/4vves.html
[2566/4502] http://www.temple.edu/crafts/gallerypage/thesis/nbryant/bio.html
[2567/4502] http://www.temple.edu/crafts/gallerypage/thesis/nbryant/dchafing.html
[2568/4502] http://www.temple.edu/crafts/gallerypage/thesis/nbryant/djelly.html
[2569/4502] http://www.temple.edu/crafts/gallerypage/thesis/nbryant/dlves.html
[2570/4502] http://www.temple.edu/crafts/gallerypage/thesis/nbryant/dshakers.html
[2571/4502] http://www.temple.edu/crafts/gallerypage/thesis/nbryant/dsugcr.html
[2572/4502] http://www.temple.edu/crafts/gallerypage/thesis/nbryant/dtray.html
[2573/4502] http://www.temple.edu/crafts/gallerypage/thesis/nbryant/dvves.html
[2574/4502] http://www.temple.edu/crafts/gallerypage/thesis/nbryant/index.html
[2575/4502] http://www.temple.edu/crafts/gallerypage/thesis/nbryant/state.html
[2576/4502] http://www.temple.edu/crafts/gallerypage/thesis/park/animation/animation.htm
[2577/4502] http://www.temple.edu/crafts/gallerypage/thesis/park/gallery/1024x768/adj_brac2_1024.htm
[2578/4502] http://www.temple.edu/crafts/gallerypage/thesis/park/gallery/1024x768/adj_brac_1024.htm
[2579/4502] http://www.temple.edu/crafts/gallerypage/thesis/park/gallery/1024x768/beacon_1024.htm
[2580/4502] http://www.temple.edu/crafts/gallerypage/thesis/park/gallery/1024x768/bridge_1024.htm
[2581/4502] http://www.temple.edu/crafts/gallerypage/thesis/park/gallery/1024x768/clamp_1024.htm
[2582/4502] http://www.temple.edu/crafts/gallerypage/thesis/park/gallery/1024x768/engage_1024.htm
[2583/4502] http://www.temple.edu/crafts/gallerypage/thesis/park/gallery/1024x768/lensecraft_1024.htm
[2584/4502] http://www.temple.edu/crafts/gallerypage/thesis/park/gallery/1024x768/poison_1024.htm
[2585/4502] http://www.temple.edu/crafts/gallerypage/thesis/park/gallery/1024x768/pushnpull_1024.htm
[2586/4502] http://www.temple.edu/crafts/gallerypage/thesis/park/gallery/1024x768/rollnsqueez_1024.htm
[2587/4502] http://www.temple.edu/crafts/gallerypage/thesis/park/gallery/1024x768/rxbrooch_1024.htm
[2588/4502] http://www.temple.edu/crafts/gallerypage/thesis/park/gallery/1024x768/smooth_1024.htm
[2589/4502] http://www.temple.edu/crafts/gallerypage/thesis/park/gallery/1024x768/swing_1024.htm
[2590/4502] http://www.temple.edu/crafts/gallerypage/thesis/park/gallery/1024x768/tension2_1024.htm
[2591/4502] http://www.temple.edu/crafts/gallerypage/thesis/park/gallery/1024x768/tension_1024.htm
[2592/4502] http://www.temple.edu/crafts/gallerypage/thesis/park/gallery/1024x768/variable_1024.htm
[2593/4502] http://www.temple.edu/crafts/gallerypage/thesis/park/gallery/1024x768/venus_1024.htm
[2594/4502] http://www.temple.edu/crafts/gallerypage/thesis/park/gallery/1024x768/venus_w_1024.htm
[2595/4502] http://www.temple.edu/crafts/gallerypage/thesis/park/gallery/1024x768/voiceneck_1024.htm
[2596/4502] http://www.temple.edu/crafts/gallerypage/thesis/park/gallery/1280x1024/adj_brac2_1280.htm
[2597/4502] http://www.temple.edu/crafts/gallerypage/thesis/park/gallery/1280x1024/adj_brac_1280.htm
[2598/4502] http://www.temple.edu/crafts/gallerypage/thesis/park/gallery/1280x1024/beacon_1280.htm
[2599/4502] http://www.temple.edu/crafts/gallerypage/thesis/park/gallery/1280x1024/bridge_1280.htm
[2600/4502] http://www.temple.edu/crafts/gallerypage/thesis/park/gallery/1280x1024/clamp_1280.htm
[2601/4502] http://www.temple.edu/crafts/gallerypage/thesis/park/gallery/1280x1024/engage_1280.htm
[2602/4502] http://www.temple.edu/crafts/gallerypage/thesis/park/gallery/1280x1024/lensecraft_1280.htm
[2603/4502] http://www.temple.edu/crafts/gallerypage/thesis/park/gallery/1280x1024/poison_1280.htm
[2604/4502] http://www.temple.edu/crafts/gallerypage/thesis/park/gallery/1280x1024/pushnpull_1280.htm
[2605/4502] http://www.temple.edu/crafts/gallerypage/thesis/park/gallery/1280x1024/rollnsqueez_1280.htm
[2606/4502] http://www.temple.edu/crafts/gallerypage/thesis/park/gallery/1280x1024/rxbrooch_1280.htm
[2607/4502] http://www.temple.edu/crafts/gallerypage/thesis/park/gallery/1280x1024/smooth_1280.htm
[2608/4502] http://www.temple.edu/crafts/gallerypage/thesis/park/gallery/1280x1024/swing_1280.htm
[2609/4502] http://www.temple.edu/crafts/gallerypage/thesis/park/gallery/1280x1024/tension2_1280.htm
[2610/4502] http://www.temple.edu/crafts/gallerypage/thesis/park/gallery/1280x1024/tension_1280.htm
[2611/4502] http://www.temple.edu/crafts/gallerypage/thesis/park/gallery/1280x1024/variable_1280.htm
[2612/4502] http://www.temple.edu/crafts/gallerypage/thesis/park/gallery/1280x1024/venus_1280.htm
[2613/4502] http://www.temple.edu/crafts/gallerypage/thesis/park/gallery/1280x1024/venus_w_1280.htm
[2614/4502] http://www.temple.edu/crafts/gallerypage/thesis/park/gallery/1280x1024/voiceneck_1280.htm
[2615/4502] http://www.temple.edu/crafts/gallerypage/thesis/park/gallery/800x600/adj_brac2_800.htm
[2616/4502] http://www.temple.edu/crafts/gallerypage/thesis/park/gallery/800x600/adj_brac_800.htm
[2617/4502] http://www.temple.edu/crafts/gallerypage/thesis/park/gallery/800x600/beacon_800.htm
[2618/4502] http://www.temple.edu/crafts/gallerypage/thesis/park/gallery/800x600/bridge_800.htm
[2619/4502] http://www.temple.edu/crafts/gallerypage/thesis/park/gallery/800x600/clamp_800.htm
[2620/4502] http://www.temple.edu/crafts/gallerypage/thesis/park/gallery/800x600/engage_800.htm
[2621/4502] http://www.temple.edu/crafts/gallerypage/thesis/park/gallery/800x600/lensecraft_800.htm
[2622/4502] http://www.temple.edu/crafts/gallerypage/thesis/park/gallery/800x600/poison_800.htm
[2623/4502] http://www.temple.edu/crafts/gallerypage/thesis/park/gallery/800x600/pushnpull_800.htm
[2624/4502] http://www.temple.edu/crafts/gallerypage/thesis/park/gallery/800x600/rollnsqueez_800.htm
[2625/4502] http://www.temple.edu/crafts/gallerypage/thesis/park/gallery/800x600/rxbrooch_800.htm
[2626/4502] http://www.temple.edu/crafts/gallerypage/thesis/park/gallery/800x600/smooth_800.htm
[2627/4502] http://www.temple.edu/crafts/gallerypage/thesis/park/gallery/800x600/swing_800.htm
[2628/4502] http://www.temple.edu/crafts/gallerypage/thesis/park/gallery/800x600/tension2_800.htm
[2629/4502] http://www.temple.edu/crafts/gallerypage/thesis/park/gallery/800x600/tension_800.htm
[2630/4502] http://www.temple.edu/crafts/gallerypage/thesis/park/gallery/800x600/variable_800.htm
[2631/4502] http://www.temple.edu/crafts/gallerypage/thesis/park/gallery/800x600/venus_800.htm
[2632/4502] http://www.temple.edu/crafts/gallerypage/thesis/park/gallery/800x600/venus_w_800.htm
[2633/4502] http://www.temple.edu/crafts/gallerypage/thesis/park/gallery/800x600/voiceneck_800.htm
[2634/4502] http://www.temple.edu/crafts/gallerypage/thesis/park/gallery/gallery.htm
[2635/4502] http://www.temple.edu/crafts/gallerypage/thesis/park/park.htm
[2636/4502] http://www.temple.edu/crafts/gallerypage/thesis/park/resume/resume.htm
[2637/4502] http://www.temple.edu/crafts/gallerypage/thesis/park/statement/statement.htm
[2638/4502] http://www.temple.edu/crafts/gallerypage/thesis/parkin/the_cparkin.html
[2639/4502] http://www.temple.edu/crafts/gallerypage/thesis/ranieri/cv/ranieri_cv.htm
[2640/4502] http://www.temple.edu/crafts/gallerypage/thesis/ranieri/gallery_main/anoit/anoiting_brooch.htm
[2641/4502] http://www.temple.edu/crafts/gallerypage/thesis/ranieri/gallery_main/bapt1/gallery_bapt1.htm
[2642/4502] http://www.temple.edu/crafts/gallerypage/thesis/ranieri/gallery_main/bapt2/gallery_bapt2.htm
[2643/4502] http://www.temple.edu/crafts/gallerypage/thesis/ranieri/gallery_main/bapt3/gallery_bapt3.htm
[2644/4502] http://www.temple.edu/crafts/gallerypage/thesis/ranieri/gallery_main/communion/holycommunion_gallery.htm
[2645/4502] http://www.temple.edu/crafts/gallerypage/thesis/ranieri/gallery_main/confirmation/gallery_confimation.htm
[2646/4502] http://www.temple.edu/crafts/gallerypage/thesis/ranieri/gallery_main/holy_orders/ranieri_holy_orders.htm
[2647/4502] http://www.temple.edu/crafts/gallerypage/thesis/ranieri/gallery_main/matrimony/matrimony2_gallery.htm
[2648/4502] http://www.temple.edu/crafts/gallerypage/thesis/ranieri/gallery_main/matromony_both/ranieri_gallery_female/ranieri_gallery_female.htm
[2649/4502] http://www.temple.edu/crafts/gallerypage/thesis/ranieri/gallery_main/matromony_both/ranieri_gallery_male/ranieri_gallery_male.htm
[2650/4502] http://www.temple.edu/crafts/gallerypage/thesis/ranieri/gallery_main/penance1/gallery_penance1.htm
[2651/4502] http://www.temple.edu/crafts/gallerypage/thesis/ranieri/gallery_main/penance2/gallery_penance2.htm
[2652/4502] http://www.temple.edu/crafts/gallerypage/thesis/ranieri/gallery_main/ranieri_gallery_main.htm
[2653/4502] http://www.temple.edu/crafts/gallerypage/thesis/ranieri/home/ranieri_home.htm
[2654/4502] http://www.temple.edu/crafts/gallerypage/thesis/ranieri/statement/ranieri_statement.htm
[2655/4502] http://www.temple.edu/crafts/gallerypage/thesis/ranieri/statement/ranieri_statement_erin2.htm
[2656/4502] http://www.temple.edu/crafts/gallerypage/thesis/ranieri/statement/ranieri_statement_erin_1st.htm
[2657/4502] http://www.temple.edu/crafts/gallerypage/thesis/ranieri/statement/ranieri_statement_erin_2nd.htm
[2658/4502] http://www.temple.edu/crafts/gallerypage/thesis/ranieri/statement/ranieri_statement_erin_last.htm
[2659/4502] http://www.temple.edu/crafts/gallerypage/thesis/reigart/curriculumvitae/cv.htm
[2660/4502] http://www.temple.edu/crafts/gallerypage/thesis/reigart/gallery/apprehensive_800x600.htm
[2661/4502] http://www.temple.edu/crafts/gallerypage/thesis/reigart/gallery/at_800x600.htm
[2662/4502] http://www.temple.edu/crafts/gallerypage/thesis/reigart/gallery/atari_800x600.htm
[2663/4502] http://www.temple.edu/crafts/gallerypage/thesis/reigart/gallery/bone_800x600.htm
[2664/4502] http://www.temple.edu/crafts/gallerypage/thesis/reigart/gallery/chokeher_800x600.htm
[2665/4502] http://www.temple.edu/crafts/gallerypage/thesis/reigart/gallery/cme_800x600.htm
[2666/4502] http://www.temple.edu/crafts/gallerypage/thesis/reigart/gallery/conform_800x600.htm
[2667/4502] http://www.temple.edu/crafts/gallerypage/thesis/reigart/gallery/gallery.htm
[2668/4502] http://www.temple.edu/crafts/gallerypage/thesis/reigart/gallery/mag1_800x600.htm
[2669/4502] http://www.temple.edu/crafts/gallerypage/thesis/reigart/gallery/magnetique_800x600.htm
[2670/4502] http://www.temple.edu/crafts/gallerypage/thesis/reigart/gallery/ml_800x600.htm
[2671/4502] http://www.temple.edu/crafts/gallerypage/thesis/reigart/gallery/nother_800x600.htm
[2672/4502] http://www.temple.edu/crafts/gallerypage/thesis/reigart/gallery/number2_800x600.htm
[2673/4502] http://www.temple.edu/crafts/gallerypage/thesis/reigart/gallery/number9_800x600.htm
[2674/4502] http://www.temple.edu/crafts/gallerypage/thesis/reigart/gallery/rattled.htm
[2675/4502] http://www.temple.edu/crafts/gallerypage/thesis/reigart/gallery/strangeher_800x600.htm
[2676/4502] http://www.temple.edu/crafts/gallerypage/thesis/reigart/gallery/tension_800x600.htm
[2677/4502] http://www.temple.edu/crafts/gallerypage/thesis/reigart/gallery/umleitung_800x600.htm
[2678/4502] http://www.temple.edu/crafts/gallerypage/thesis/reigart/gallery/utilitypod_800x600.htm
[2679/4502] http://www.temple.edu/crafts/gallerypage/thesis/reigart/gallery/walllamp_800x600.htm
[2680/4502] http://www.temple.edu/crafts/gallerypage/thesis/reigart/gallery/wedded_800x600.htm
[2681/4502] http://www.temple.edu/crafts/gallerypage/thesis/reigart/netscape/apprehensivetwo.htm
[2682/4502] http://www.temple.edu/crafts/gallerypage/thesis/reigart/netscape/at2_800x600.htm
[2683/4502] http://www.temple.edu/crafts/gallerypage/thesis/reigart/netscape/ataritwo.htm
[2684/4502] http://www.temple.edu/crafts/gallerypage/thesis/reigart/netscape/bonetwo.htm
[2685/4502] http://www.temple.edu/crafts/gallerypage/thesis/reigart/netscape/chokehertwo.htm
[2686/4502] http://www.temple.edu/crafts/gallerypage/thesis/reigart/netscape/cmetwo.htm
[2687/4502] http://www.temple.edu/crafts/gallerypage/thesis/reigart/netscape/conformtwo.htm
[2688/4502] http://www.temple.edu/crafts/gallerypage/thesis/reigart/netscape/cvtwo.htm
[2689/4502] http://www.temple.edu/crafts/gallerypage/thesis/reigart/netscape/gallerytwo.htm
[2690/4502] http://www.temple.edu/crafts/gallerypage/thesis/reigart/netscape/mag1two.htm
[2691/4502] http://www.temple.edu/crafts/gallerypage/thesis/reigart/netscape/magnetiquetwo.htm
[2692/4502] http://www.temple.edu/crafts/gallerypage/thesis/reigart/netscape/ml2_800x600.htm
[2693/4502] http://www.temple.edu/crafts/gallerypage/thesis/reigart/netscape/nothertwo.htm
[2694/4502] http://www.temple.edu/crafts/gallerypage/thesis/reigart/netscape/number2two.htm
[2695/4502] http://www.temple.edu/crafts/gallerypage/thesis/reigart/netscape/number9two.htm
[2696/4502] http://www.temple.edu/crafts/gallerypage/thesis/reigart/netscape/rattledtwo.htm
[2697/4502] http://www.temple.edu/crafts/gallerypage/thesis/reigart/netscape/reigart2.htm
[2698/4502] http://www.temple.edu/crafts/gallerypage/thesis/reigart/netscape/statementtwo.htm
[2699/4502] http://www.temple.edu/crafts/gallerypage/thesis/reigart/netscape/strangehertwo.htm
[2700/4502] http://www.temple.edu/crafts/gallerypage/thesis/reigart/netscape/tensiontwo.htm
[2701/4502] http://www.temple.edu/crafts/gallerypage/thesis/reigart/netscape/umleitungtwo.htm
[2702/4502] http://www.temple.edu/crafts/gallerypage/thesis/reigart/netscape/utilitypodtwo.htm
[2703/4502] http://www.temple.edu/crafts/gallerypage/thesis/reigart/netscape/walllamptwo.htm
[2704/4502] http://www.temple.edu/crafts/gallerypage/thesis/reigart/netscape/weddedtwo.htm
[2705/4502] http://www.temple.edu/crafts/gallerypage/thesis/reigart/reigart.htm
[2706/4502] http://www.temple.edu/crafts/gallerypage/thesis/reigart/statement/statement.htm
[2707/4502] http://www.temple.edu/crafts/gallerypage/thesis/reml/adh_anim.html
[2708/4502] http://www.temple.edu/crafts/gallerypage/thesis/reml/adh_note.html
[2709/4502] http://www.temple.edu/crafts/gallerypage/thesis/reml/adh_obj.html
[2710/4502] http://www.temple.edu/crafts/gallerypage/thesis/reml/adh_plan.html
[2711/4502] http://www.temple.edu/crafts/gallerypage/thesis/reml/adh_sch.html
[2712/4502] http://www.temple.edu/crafts/gallerypage/thesis/reml/adh_sl1.html
[2713/4502] http://www.temple.edu/crafts/gallerypage/thesis/reml/adh_sl2.html
[2714/4502] http://www.temple.edu/crafts/gallerypage/thesis/reml/bl_anim.html
[2715/4502] http://www.temple.edu/crafts/gallerypage/thesis/reml/bl_note.html
[2716/4502] http://www.temple.edu/crafts/gallerypage/thesis/reml/bl_obj.html
[2717/4502] http://www.temple.edu/crafts/gallerypage/thesis/reml/bl_plan.html
[2718/4502] http://www.temple.edu/crafts/gallerypage/thesis/reml/bl_sch.html
[2719/4502] http://www.temple.edu/crafts/gallerypage/thesis/reml/bl_sl1.html
[2720/4502] http://www.temple.edu/crafts/gallerypage/thesis/reml/bl_sl2.html
[2721/4502] http://www.temple.edu/crafts/gallerypage/thesis/reml/dbh_anim.html
[2722/4502] http://www.temple.edu/crafts/gallerypage/thesis/reml/dbh_note.html
[2723/4502] http://www.temple.edu/crafts/gallerypage/thesis/reml/dbh_obj.html
[2724/4502] http://www.temple.edu/crafts/gallerypage/thesis/reml/dbh_plan.html
[2725/4502] http://www.temple.edu/crafts/gallerypage/thesis/reml/dbh_sch.html
[2726/4502] http://www.temple.edu/crafts/gallerypage/thesis/reml/dbh_sl1.html
[2727/4502] http://www.temple.edu/crafts/gallerypage/thesis/reml/dbh_sl2.html
[2728/4502] http://www.temple.edu/crafts/gallerypage/thesis/reml/dh_anim.html
[2729/4502] http://www.temple.edu/crafts/gallerypage/thesis/reml/dh_note.html
[2730/4502] http://www.temple.edu/crafts/gallerypage/thesis/reml/dh_obj.html
[2731/4502] http://www.temple.edu/crafts/gallerypage/thesis/reml/dh_plan.html
[2732/4502] http://www.temple.edu/crafts/gallerypage/thesis/reml/dh_sch.html
[2733/4502] http://www.temple.edu/crafts/gallerypage/thesis/reml/dh_sl1.html
[2734/4502] http://www.temple.edu/crafts/gallerypage/thesis/reml/dh_sl2.html
[2735/4502] http://www.temple.edu/crafts/gallerypage/thesis/reml/dx_anim.html
[2736/4502] http://www.temple.edu/crafts/gallerypage/thesis/reml/dx_note.html
[2737/4502] http://www.temple.edu/crafts/gallerypage/thesis/reml/dx_obj.html
[2738/4502] http://www.temple.edu/crafts/gallerypage/thesis/reml/dx_plan.html
[2739/4502] http://www.temple.edu/crafts/gallerypage/thesis/reml/dx_sch.html
[2740/4502] http://www.temple.edu/crafts/gallerypage/thesis/reml/dx_sl1.html
[2741/4502] http://www.temple.edu/crafts/gallerypage/thesis/reml/dx_sl2.html
[2742/4502] http://www.temple.edu/crafts/gallerypage/thesis/reml/fprint.html
[2743/4502] http://www.temple.edu/crafts/gallerypage/thesis/reml/index_1.html
[2744/4502] http://www.temple.edu/crafts/gallerypage/thesis/reml/index_2.html
[2745/4502] http://www.temple.edu/crafts/gallerypage/thesis/reml/intro.html
[2746/4502] http://www.temple.edu/crafts/gallerypage/thesis/reml/ls_anim.html
[2747/4502] http://www.temple.edu/crafts/gallerypage/thesis/reml/ls_note.html
[2748/4502] http://www.temple.edu/crafts/gallerypage/thesis/reml/ls_obj.html
[2749/4502] http://www.temple.edu/crafts/gallerypage/thesis/reml/ls_plan.html
[2750/4502] http://www.temple.edu/crafts/gallerypage/thesis/reml/ls_sch.html
[2751/4502] http://www.temple.edu/crafts/gallerypage/thesis/reml/ls_sl1.html
[2752/4502] http://www.temple.edu/crafts/gallerypage/thesis/reml/ls_sl2.html
[2753/4502] http://www.temple.edu/crafts/gallerypage/thesis/reml/nl_anim.html
[2754/4502] http://www.temple.edu/crafts/gallerypage/thesis/reml/nl_note.html
[2755/4502] http://www.temple.edu/crafts/gallerypage/thesis/reml/nl_obj.html
[2756/4502] http://www.temple.edu/crafts/gallerypage/thesis/reml/nl_plan.html
[2757/4502] http://www.temple.edu/crafts/gallerypage/thesis/reml/nl_sch.html
[2758/4502] http://www.temple.edu/crafts/gallerypage/thesis/reml/nl_sl1.html
[2759/4502] http://www.temple.edu/crafts/gallerypage/thesis/reml/nl_sl2.html
[2760/4502] http://www.temple.edu/crafts/gallerypage/thesis/reml/pj_anim.html
[2761/4502] http://www.temple.edu/crafts/gallerypage/thesis/reml/pj_note.html
[2762/4502] http://www.temple.edu/crafts/gallerypage/thesis/reml/pj_obj.html
[2763/4502] http://www.temple.edu/crafts/gallerypage/thesis/reml/pj_plan.html
[2764/4502] http://www.temple.edu/crafts/gallerypage/thesis/reml/pj_sch.html
[2765/4502] http://www.temple.edu/crafts/gallerypage/thesis/reml/pj_sl1.html
[2766/4502] http://www.temple.edu/crafts/gallerypage/thesis/reml/pj_sl2.html
[2767/4502] http://www.temple.edu/crafts/gallerypage/thesis/reml/pjb_anim.html
[2768/4502] http://www.temple.edu/crafts/gallerypage/thesis/reml/pjb_note.html
[2769/4502] http://www.temple.edu/crafts/gallerypage/thesis/reml/pjb_obj.html
[2770/4502] http://www.temple.edu/crafts/gallerypage/thesis/reml/pjb_plan.html
[2771/4502] http://www.temple.edu/crafts/gallerypage/thesis/reml/pjb_sch.html
[2772/4502] http://www.temple.edu/crafts/gallerypage/thesis/reml/pjb_sl1.html
[2773/4502] http://www.temple.edu/crafts/gallerypage/thesis/reml/pjb_sl2.html
[2774/4502] http://www.temple.edu/crafts/gallerypage/thesis/reml/reml_frames.html
[2775/4502] http://www.temple.edu/crafts/gallerypage/thesis/reml/reml_noframes.html
[2776/4502] http://www.temple.edu/crafts/gallerypage/thesis/reml/state_1.html
[2777/4502] http://www.temple.edu/crafts/gallerypage/thesis/reml/state_2.html
[2778/4502] http://www.temple.edu/crafts/gallerypage/thesis/reml/toc.html
[2779/4502] http://www.temple.edu/crafts/gallerypage/thesis/reml/vg_anim.html
[2780/4502] http://www.temple.edu/crafts/gallerypage/thesis/reml/vg_note.html
[2781/4502] http://www.temple.edu/crafts/gallerypage/thesis/reml/vg_obj.html
[2782/4502] http://www.temple.edu/crafts/gallerypage/thesis/reml/vg_plan.html
[2783/4502] http://www.temple.edu/crafts/gallerypage/thesis/reml/vg_sch.html
[2784/4502] http://www.temple.edu/crafts/gallerypage/thesis/reml/vg_sl1.html
[2785/4502] http://www.temple.edu/crafts/gallerypage/thesis/reml/vg_sl2.html
[2786/4502] http://www.temple.edu/crafts/gallerypage/thesis/reml/view_1.html
[2787/4502] http://www.temple.edu/crafts/gallerypage/thesis/reml/ws_anim.html
[2788/4502] http://www.temple.edu/crafts/gallerypage/thesis/reml/ws_note.html
[2789/4502] http://www.temple.edu/crafts/gallerypage/thesis/reml/ws_obj.html
[2790/4502] http://www.temple.edu/crafts/gallerypage/thesis/reml/ws_plan.html
[2791/4502] http://www.temple.edu/crafts/gallerypage/thesis/reml/ws_sch.html
[2792/4502] http://www.temple.edu/crafts/gallerypage/thesis/reml/ws_sl1.html
[2793/4502] http://www.temple.edu/crafts/gallerypage/thesis/reml/ws_sl2.html
[2794/4502] http://www.temple.edu/crafts/gallerypage/thesis/reml/wsw_anim.html
[2795/4502] http://www.temple.edu/crafts/gallerypage/thesis/reml/wsw_note.html
[2796/4502] http://www.temple.edu/crafts/gallerypage/thesis/reml/wsw_obj.html
[2797/4502] http://www.temple.edu/crafts/gallerypage/thesis/reml/wsw_plan.html
[2798/4502] http://www.temple.edu/crafts/gallerypage/thesis/reml/wsw_sch.html
[2799/4502] http://www.temple.edu/crafts/gallerypage/thesis/reml/wsw_sl1.html
[2800/4502] http://www.temple.edu/crafts/gallerypage/thesis/reml/wsw_sl2.html
[2801/4502] http://www.temple.edu/crafts/gallerypage/thesis/seo/Gallery/Gallery.html
[2802/4502] http://www.temple.edu/crafts/gallerypage/thesis/seo/Gallery/Gallery10th.html
[2803/4502] http://www.temple.edu/crafts/gallerypage/thesis/seo/Gallery/Gallery11th.html
[2804/4502] http://www.temple.edu/crafts/gallerypage/thesis/seo/Gallery/Gallery12th.html
[2805/4502] http://www.temple.edu/crafts/gallerypage/thesis/seo/Gallery/Gallery1st.html
[2806/4502] http://www.temple.edu/crafts/gallerypage/thesis/seo/Gallery/Gallery2nd.html
[2807/4502] http://www.temple.edu/crafts/gallerypage/thesis/seo/Gallery/Gallery3rd.html
[2808/4502] http://www.temple.edu/crafts/gallerypage/thesis/seo/Gallery/Gallery4th.html
[2809/4502] http://www.temple.edu/crafts/gallerypage/thesis/seo/Gallery/Gallery5th.html
[2810/4502] http://www.temple.edu/crafts/gallerypage/thesis/seo/Gallery/Gallery6th.html
[2811/4502] http://www.temple.edu/crafts/gallerypage/thesis/seo/Gallery/Gallery7th.html
[2812/4502] http://www.temple.edu/crafts/gallerypage/thesis/seo/Gallery/Gallery8th.html
[2813/4502] http://www.temple.edu/crafts/gallerypage/thesis/seo/Gallery/Gallery9th.html
[2814/4502] http://www.temple.edu/crafts/gallerypage/thesis/seo/resume/resume.html
[2815/4502] http://www.temple.edu/crafts/gallerypage/thesis/seo/Seo_Home.htm
[2816/4502] http://www.temple.edu/crafts/gallerypage/thesis/seo/Statement/Statement.html
[2817/4502] http://www.temple.edu/crafts/gallerypage/thesis/sholtis/cv/sholtis_cv.HTM
[2818/4502] http://www.temple.edu/crafts/gallerypage/thesis/sholtis/gallery/10_REVOLVE_EVOLVE/sholtis_10.html
[2819/4502] http://www.temple.edu/crafts/gallerypage/thesis/sholtis/gallery/11_SB1/sholtis_11.html
[2820/4502] http://www.temple.edu/crafts/gallerypage/thesis/sholtis/gallery/12_CONVERGENCE/sholtis_12.html
[2821/4502] http://www.temple.edu/crafts/gallerypage/thesis/sholtis/gallery/1_FOLD/sholtis_1.html
[2822/4502] http://www.temple.edu/crafts/gallerypage/thesis/sholtis/gallery/2_BROOCH%202/sholtis_2.html
[2823/4502] http://www.temple.edu/crafts/gallerypage/thesis/sholtis/gallery/3_GROWTH/sholtis_3.html
[2824/4502] http://www.temple.edu/crafts/gallerypage/thesis/sholtis/gallery/4_EMBRACE2/sholtis_4.html
[2825/4502] http://www.temple.edu/crafts/gallerypage/thesis/sholtis/gallery/5_SP2/sholtis_5.html
[2826/4502] http://www.temple.edu/crafts/gallerypage/thesis/sholtis/gallery/6_SB3/sholtis_6.html
[2827/4502] http://www.temple.edu/crafts/gallerypage/thesis/sholtis/gallery/7_BROOCH%201/sholtis_7.html
[2828/4502] http://www.temple.edu/crafts/gallerypage/thesis/sholtis/gallery/8_EMBRACE1/sholtis_8.html
[2829/4502] http://www.temple.edu/crafts/gallerypage/thesis/sholtis/gallery/9_GRAD/sholtis_9.html
[2830/4502] http://www.temple.edu/crafts/gallerypage/thesis/sholtis/gallery/sholtis_gallery_main.htm
[2831/4502] http://www.temple.edu/crafts/gallerypage/thesis/sholtis/sholtis.html
[2832/4502] http://www.temple.edu/crafts/gallerypage/thesis/sholtis/statement/sholtis_statement.html
[2833/4502] http://www.temple.edu/crafts/gallerypage/thesis/starrett/cv/starrett_cv.htm
[2834/4502] http://www.temple.edu/crafts/gallerypage/thesis/starrett/gallery/bend/starrett_gallery_bend.htm
[2835/4502] http://www.temple.edu/crafts/gallerypage/thesis/starrett/gallery/bend/starrett_gallery_bend_detail.htm
[2836/4502] http://www.temple.edu/crafts/gallerypage/thesis/starrett/gallery/body/starrett_feet_detail.htm
[2837/4502] http://www.temple.edu/crafts/gallerypage/thesis/starrett/gallery/body/starrett_gallery_body.htm
[2838/4502] http://www.temple.edu/crafts/gallerypage/thesis/starrett/gallery/body/starrett_gallery_bubble_detail.htm
[2839/4502] http://www.temple.edu/crafts/gallerypage/thesis/starrett/gallery/body/starrett_leg_detail.htm
[2840/4502] http://www.temple.edu/crafts/gallerypage/thesis/starrett/gallery/breaking_point/starrett_breaking_detail.htm
[2841/4502] http://www.temple.edu/crafts/gallerypage/thesis/starrett/gallery/breaking_point/starrett_gallery_breaking.htm
[2842/4502] http://www.temple.edu/crafts/gallerypage/thesis/starrett/gallery/bubble_wrap/starrett_gallery_bubble_wrap.htm
[2843/4502] http://www.temple.edu/crafts/gallerypage/thesis/starrett/gallery/bubble_wrap/starrett_wrap_detail.htm
[2844/4502] http://www.temple.edu/crafts/gallerypage/thesis/starrett/gallery/bubbles/starrett_gallery_bubbles.htm
[2845/4502] http://www.temple.edu/crafts/gallerypage/thesis/starrett/gallery/bubbles/starrett_gallery_bubbles_detail.htm
[2846/4502] http://www.temple.edu/crafts/gallerypage/thesis/starrett/gallery/drseuss/starrett_drseuss_detail.htm
[2847/4502] http://www.temple.edu/crafts/gallerypage/thesis/starrett/gallery/drseuss/starrett_gallery_drseuss.htm
[2848/4502] http://www.temple.edu/crafts/gallerypage/thesis/starrett/gallery/external/starrett_gallery_external.htm
[2849/4502] http://www.temple.edu/crafts/gallerypage/thesis/starrett/gallery/external/starrett_gallery_external_detail.htm
[2850/4502] http://www.temple.edu/crafts/gallerypage/thesis/starrett/gallery/internal/starrett_gallery_internal.htm
[2851/4502] http://www.temple.edu/crafts/gallerypage/thesis/starrett/gallery/internal/starrett_gallery_internal_detail.htm
[2852/4502] http://www.temple.edu/crafts/gallerypage/thesis/starrett/gallery/scarf/starrett_gallery_scarf.htm
[2853/4502] http://www.temple.edu/crafts/gallerypage/thesis/starrett/gallery/scarf/starrett_scarf_detail.htm
[2854/4502] http://www.temple.edu/crafts/gallerypage/thesis/starrett/gallery/starrett_gallery.htm
[2855/4502] http://www.temple.edu/crafts/gallerypage/thesis/starrett/gallery/stretch_one/starrett_gallery_stretch_one.htm
[2856/4502] http://www.temple.edu/crafts/gallerypage/thesis/starrett/gallery/stretch_one/starrett_gallery_stretch_one_detail.htm
[2857/4502] http://www.temple.edu/crafts/gallerypage/thesis/starrett/gallery/stretch_two/starrett_gallery_stretch_two.htm
[2858/4502] http://www.temple.edu/crafts/gallerypage/thesis/starrett/gallery/stretch_two/starrett_stretch_two_detail.htm
[2859/4502] http://www.temple.edu/crafts/gallerypage/thesis/starrett/gallery/sundew/starrett_gallery_sundew.htm
[2860/4502] http://www.temple.edu/crafts/gallerypage/thesis/starrett/gallery/sundew/starrett_gallery_sundew1.htm
[2861/4502] http://www.temple.edu/crafts/gallerypage/thesis/starrett/gallery/sundew/starrett_gallery_sundew2.htm
[2862/4502] http://www.temple.edu/crafts/gallerypage/thesis/starrett/gallery/sundew/starrett_gallery_sundew3.htm
[2863/4502] http://www.temple.edu/crafts/gallerypage/thesis/starrett/starrett.htm
[2864/4502] http://www.temple.edu/crafts/gallerypage/thesis/starrett/statement/starrett_statement.htm
[2865/4502] http://www.temple.edu/crafts/gallerypage/thesis/strzelec/gallery/biopsy/strzelecbiopsy.htm
[2866/4502] http://www.temple.edu/crafts/gallerypage/thesis/strzelec/gallery/bracelet/strzelecbrace.htm
[2867/4502] http://www.temple.edu/crafts/gallerypage/thesis/strzelec/gallery/plana/strzelecplana.htm
[2868/4502] http://www.temple.edu/crafts/gallerypage/thesis/strzelec/gallery/planb/strzelecplanb.htm
[2869/4502] http://www.temple.edu/crafts/gallerypage/thesis/strzelec/gallery/ring/strzelecring.htm
[2870/4502] http://www.temple.edu/crafts/gallerypage/thesis/strzelec/gallery/scarone/strzelecscarone.htm
[2871/4502] http://www.temple.edu/crafts/gallerypage/thesis/strzelec/gallery/scarthree/strzelecscarthree.htm
[2872/4502] http://www.temple.edu/crafts/gallerypage/thesis/strzelec/gallery/scartwo/strzelecscartwo.htm
[2873/4502] http://www.temple.edu/crafts/gallerypage/thesis/strzelec/gallery/skin/strzelecskin.htm
[2874/4502] http://www.temple.edu/crafts/gallerypage/thesis/strzelec/gallery/strzelecgallery.htm
[2875/4502] http://www.temple.edu/crafts/gallerypage/thesis/strzelec/gallery/tamox/strzelectamox.htm
[2876/4502] http://www.temple.edu/crafts/gallerypage/thesis/strzelec/gallery/tumor/strzelectumor.htm
[2877/4502] http://www.temple.edu/crafts/gallerypage/thesis/strzelec/gallery/twoyear/strzelectwoyear.htm
[2878/4502] http://www.temple.edu/crafts/gallerypage/thesis/strzelec/research/strzelecresearch.htm
[2879/4502] http://www.temple.edu/crafts/gallerypage/thesis/strzelec/resume/strzelecresume.htm
[2880/4502] http://www.temple.edu/crafts/gallerypage/thesis/strzelec/statement/strzelecstatement.htm
[2881/4502] http://www.temple.edu/crafts/gallerypage/thesis/strzelec/strzelec.htm
[2882/4502] http://www.temple.edu/crafts/gallerypage/thesis/sweigart/donna_1/donna_1.htm
[2883/4502] http://www.temple.edu/crafts/gallerypage/thesis/sweigart/donna_10/donna_10.htm
[2884/4502] http://www.temple.edu/crafts/gallerypage/thesis/sweigart/donna_11/donna_11.htm
[2885/4502] http://www.temple.edu/crafts/gallerypage/thesis/sweigart/donna_12/donna_12.htm
[2886/4502] http://www.temple.edu/crafts/gallerypage/thesis/sweigart/donna_2/donna_2.htm
[2887/4502] http://www.temple.edu/crafts/gallerypage/thesis/sweigart/donna_3/donna_3.htm
[2888/4502] http://www.temple.edu/crafts/gallerypage/thesis/sweigart/donna_4/donna_4.htm
[2889/4502] http://www.temple.edu/crafts/gallerypage/thesis/sweigart/donna_5/donna_5.htm
[2890/4502] http://www.temple.edu/crafts/gallerypage/thesis/sweigart/donna_6/donna_6.htm
[2891/4502] http://www.temple.edu/crafts/gallerypage/thesis/sweigart/donna_7/donna_7.htm
[2892/4502] http://www.temple.edu/crafts/gallerypage/thesis/sweigart/donna_8/donna_8.htm
[2893/4502] http://www.temple.edu/crafts/gallerypage/thesis/sweigart/donna_9/donna_9.htm
[2894/4502] http://www.temple.edu/crafts/gallerypage/thesis/sweigart/donna_cv/donna_cv.htm
[2895/4502] http://www.temple.edu/crafts/gallerypage/thesis/sweigart/donna_gallery/donna_gallery.htm
[2896/4502] http://www.temple.edu/crafts/gallerypage/thesis/sweigart/donna_main.htm
[2897/4502] http://www.temple.edu/crafts/gallerypage/thesis/sweigart/donna_statement/donna_statement.htm
[2898/4502] http://www.temple.edu/crafts/gallerypage/thesis/tammaro/cv/cv.html
[2899/4502] http://www.temple.edu/crafts/gallerypage/thesis/tammaro/gallery/details/lattice1detail.html
[2900/4502] http://www.temple.edu/crafts/gallerypage/thesis/tammaro/gallery/details/lattice2detail.html
[2901/4502] http://www.temple.edu/crafts/gallerypage/thesis/tammaro/gallery/details/lattice3detail.html
[2902/4502] http://www.temple.edu/crafts/gallerypage/thesis/tammaro/gallery/details/lattice4detail.html
[2903/4502] http://www.temple.edu/crafts/gallerypage/thesis/tammaro/gallery/details/lattice5detail.html
[2904/4502] http://www.temple.edu/crafts/gallerypage/thesis/tammaro/gallery/details/neckobject1detail.html
[2905/4502] http://www.temple.edu/crafts/gallerypage/thesis/tammaro/gallery/details/neckobject2detail.html
[2906/4502] http://www.temple.edu/crafts/gallerypage/thesis/tammaro/gallery/details/neckobject3detail.html
[2907/4502] http://www.temple.edu/crafts/gallerypage/thesis/tammaro/gallery/details/neckobject4detail.html
[2908/4502] http://www.temple.edu/crafts/gallerypage/thesis/tammaro/gallery/details/primitives1detail.html
[2909/4502] http://www.temple.edu/crafts/gallerypage/thesis/tammaro/gallery/details/primitives2detail.html
[2910/4502] http://www.temple.edu/crafts/gallerypage/thesis/tammaro/gallery/details/primitives3detail.html
[2911/4502] http://www.temple.edu/crafts/gallerypage/thesis/tammaro/gallery/gallery.html
[2912/4502] http://www.temple.edu/crafts/gallerypage/thesis/tammaro/gallery/lattice1.html
[2913/4502] http://www.temple.edu/crafts/gallerypage/thesis/tammaro/gallery/lattice2.html
[2914/4502] http://www.temple.edu/crafts/gallerypage/thesis/tammaro/gallery/lattice3.html
[2915/4502] http://www.temple.edu/crafts/gallerypage/thesis/tammaro/gallery/lattice4.html
[2916/4502] http://www.temple.edu/crafts/gallerypage/thesis/tammaro/gallery/lattice5.html
[2917/4502] http://www.temple.edu/crafts/gallerypage/thesis/tammaro/gallery/neckobject1.html
[2918/4502] http://www.temple.edu/crafts/gallerypage/thesis/tammaro/gallery/neckobject2.html
[2919/4502] http://www.temple.edu/crafts/gallerypage/thesis/tammaro/gallery/neckobject3.html
[2920/4502] http://www.temple.edu/crafts/gallerypage/thesis/tammaro/gallery/neckobject4.html
[2921/4502] http://www.temple.edu/crafts/gallerypage/thesis/tammaro/gallery/primitives1.html
[2922/4502] http://www.temple.edu/crafts/gallerypage/thesis/tammaro/gallery/primitives2.html
[2923/4502] http://www.temple.edu/crafts/gallerypage/thesis/tammaro/gallery/primitives3.html
[2924/4502] http://www.temple.edu/crafts/gallerypage/thesis/tammaro/statement/statement.html
[2925/4502] http://www.temple.edu/crafts/gallerypage/thesis/tammaro/statement/thanks.html
[2926/4502] http://www.temple.edu/crafts/gallerypage/thesis/tammaro/tammaro.html
[2927/4502] http://www.temple.edu/crafts/gallerypage/thesis/tatalick/gallery.html
[2928/4502] http://www.temple.edu/crafts/gallerypage/thesis/tatalick/research.html
[2929/4502] http://www.temple.edu/crafts/gallerypage/thesis/tatalick/resume.html
[2930/4502] http://www.temple.edu/crafts/gallerypage/thesis/tatalick/sment.html
[2931/4502] http://www.temple.edu/crafts/gallerypage/thesis/theokary/cv/CV.htm
[2932/4502] http://www.temple.edu/crafts/gallerypage/thesis/theokary/gallery/attachment.htm
[2933/4502] http://www.temple.edu/crafts/gallerypage/thesis/theokary/gallery/embracebooch2.htm
[2934/4502] http://www.temple.edu/crafts/gallerypage/thesis/theokary/gallery/embracebrace1.htm
[2935/4502] http://www.temple.edu/crafts/gallerypage/thesis/theokary/gallery/embracebrace2.htm
[2936/4502] http://www.temple.edu/crafts/gallerypage/thesis/theokary/gallery/embracebrooch1.htm
[2937/4502] http://www.temple.edu/crafts/gallerypage/thesis/theokary/gallery/grib%20brooch.htm
[2938/4502] http://www.temple.edu/crafts/gallerypage/thesis/theokary/gallery/intercoursebrace.htm
[2939/4502] http://www.temple.edu/crafts/gallerypage/thesis/theokary/gallery/interleavebrooch.htm
[2940/4502] http://www.temple.edu/crafts/gallerypage/thesis/theokary/gallery/intrusionbrace1.htm
[2941/4502] http://www.temple.edu/crafts/gallerypage/thesis/theokary/gallery/intrusionbrace2.htm
[2942/4502] http://www.temple.edu/crafts/gallerypage/thesis/theokary/gallery/locking%20embrace.htm
[2943/4502] http://www.temple.edu/crafts/gallerypage/thesis/theokary/gallery/Main%20Gallery.htm
[2944/4502] http://www.temple.edu/crafts/gallerypage/thesis/theokary/gallery/presurebrooch.htm
[2945/4502] http://www.temple.edu/crafts/gallerypage/thesis/theokary/start/index.htm
[2946/4502] http://www.temple.edu/crafts/gallerypage/thesis/theokary/statement/statement.htm
[2947/4502] http://www.temple.edu/crafts/gallerypage/thesis/ty_kim/credits/credits.html
[2948/4502] http://www.temple.edu/crafts/gallerypage/thesis/ty_kim/gallery/gallery.html
[2949/4502] http://www.temple.edu/crafts/gallerypage/thesis/ty_kim/resume/resume.html
[2950/4502] http://www.temple.edu/crafts/gallerypage/thesis/ty_kim/resume/resume_content.html
[2951/4502] http://www.temple.edu/crafts/gallerypage/thesis/ty_kim/statement/statement.html
[2952/4502] http://www.temple.edu/crafts/gallerypage/thesis/ty_kim/statement/statement_content.html
[2953/4502] http://www.temple.edu/crafts/gallerypage/thesis/ty_kim/ty_kim.html
[2954/4502] http://www.temple.edu/crafts/gallerypage/thesis/ty_kim/workwindow/aroundus.html
[2955/4502] http://www.temple.edu/crafts/gallerypage/thesis/ty_kim/workwindow/being.html
[2956/4502] http://www.temple.edu/crafts/gallerypage/thesis/ty_kim/workwindow/being_animation.html
[2957/4502] http://www.temple.edu/crafts/gallerypage/thesis/ty_kim/workwindow/betweenyouandme_01.html
[2958/4502] http://www.temple.edu/crafts/gallerypage/thesis/ty_kim/workwindow/betweenyouandme_02.html
[2959/4502] http://www.temple.edu/crafts/gallerypage/thesis/ty_kim/workwindow/bothhands_01.html
[2960/4502] http://www.temple.edu/crafts/gallerypage/thesis/ty_kim/workwindow/bothhands_02.html
[2961/4502] http://www.temple.edu/crafts/gallerypage/thesis/ty_kim/workwindow/circulation.html
[2962/4502] http://www.temple.edu/crafts/gallerypage/thesis/ty_kim/workwindow/immersion_01.html
[2963/4502] http://www.temple.edu/crafts/gallerypage/thesis/ty_kim/workwindow/immersion_02.html
[2964/4502] http://www.temple.edu/crafts/gallerypage/thesis/ty_kim/workwindow/internalinfinity.html
[2965/4502] http://www.temple.edu/crafts/gallerypage/thesis/ty_kim/workwindow/khora.html
[2966/4502] http://www.temple.edu/crafts/gallerypage/thesis/ty_kim/workwindow/khora_animation.html
[2967/4502] http://www.temple.edu/crafts/gallerypage/thesis/ty_kim/workwindow/madreporite.html
[2968/4502] http://www.temple.edu/crafts/gallerypage/thesis/ty_kim/workwindow/newgrowing.html
[2969/4502] http://www.temple.edu/crafts/gallerypage/thesis/ty_kim/workwindow/porusness_01.html
[2970/4502] http://www.temple.edu/crafts/gallerypage/thesis/ty_kim/workwindow/porusness_02.html
[2971/4502] http://www.temple.edu/crafts/gallerypage/thesis/ty_kim/workwindow/samsara.html
[2972/4502] http://www.temple.edu/crafts/gallerypage/thesis/uhrik/full/ballbearing.htm
[2973/4502] http://www.temple.edu/crafts/gallerypage/thesis/uhrik/full/captured.htm
[2974/4502] http://www.temple.edu/crafts/gallerypage/thesis/uhrik/full/dual.htm
[2975/4502] http://www.temple.edu/crafts/gallerypage/thesis/uhrik/full/engaged.htm
[2976/4502] http://www.temple.edu/crafts/gallerypage/thesis/uhrik/full/engaging.htm
[2977/4502] http://www.temple.edu/crafts/gallerypage/thesis/uhrik/full/fitted.htm
[2978/4502] http://www.temple.edu/crafts/gallerypage/thesis/uhrik/full/flip.htm
[2979/4502] http://www.temple.edu/crafts/gallerypage/thesis/uhrik/full/light1.htm
[2980/4502] http://www.temple.edu/crafts/gallerypage/thesis/uhrik/full/light2.htm
[2981/4502] http://www.temple.edu/crafts/gallerypage/thesis/uhrik/full/locked.htm
[2982/4502] http://www.temple.edu/crafts/gallerypage/thesis/uhrik/full/louver.htm
[2983/4502] http://www.temple.edu/crafts/gallerypage/thesis/uhrik/full/magnabrac1.htm
[2984/4502] http://www.temple.edu/crafts/gallerypage/thesis/uhrik/full/magnabrac2.htm
[2985/4502] http://www.temple.edu/crafts/gallerypage/thesis/uhrik/full/magnabrooch.htm
[2986/4502] http://www.temple.edu/crafts/gallerypage/thesis/uhrik/full/roller.htm
[2987/4502] http://www.temple.edu/crafts/gallerypage/thesis/uhrik/full/slide.htm
[2988/4502] http://www.temple.edu/crafts/gallerypage/thesis/uhrik/full/slip.htm
[2989/4502] http://www.temple.edu/crafts/gallerypage/thesis/uhrik/full/wedded.htm
[2990/4502] http://www.temple.edu/crafts/gallerypage/thesis/uhrik/uhrik.htm
[2991/4502] http://www.temple.edu/crafts/gallerypage/thesis/uhrik/uhrikbracelets.htm
[2992/4502] http://www.temple.edu/crafts/gallerypage/thesis/uhrik/uhrikbrooches.htm
[2993/4502] http://www.temple.edu/crafts/gallerypage/thesis/uhrik/uhrikcurrvitae.htm
[2994/4502] http://www.temple.edu/crafts/gallerypage/thesis/uhrik/uhrikgallery.htm
[2995/4502] http://www.temple.edu/crafts/gallerypage/thesis/uhrik/uhrikrings.htm
[2996/4502] http://www.temple.edu/crafts/gallerypage/thesis/uhrik/uhrikstatement.htm
[2997/4502] http://www.temple.edu/crafts/gallerypage/thesis/voigt/1024x768/0071.html
[2998/4502] http://www.temple.edu/crafts/gallerypage/thesis/voigt/1024x768/0073.html
[2999/4502] http://www.temple.edu/crafts/gallerypage/thesis/voigt/1024x768/aurora-f1.html
[3000/4502] http://www.temple.edu/crafts/gallerypage/thesis/voigt/1024x768/emerge-31.html
[3001/4502] http://www.temple.edu/crafts/gallerypage/thesis/voigt/1024x768/emerge-33.html
[3002/4502] http://www.temple.edu/crafts/gallerypage/thesis/voigt/1024x768/emerge-51.html
[3003/4502] http://www.temple.edu/crafts/gallerypage/thesis/voigt/1024x768/emerge-53.html
[3004/4502] http://www.temple.edu/crafts/gallerypage/thesis/voigt/1024x768/newpage111.html
[3005/4502] http://www.temple.edu/crafts/gallerypage/thesis/voigt/1024x768/newpage12.html
[3006/4502] http://www.temple.edu/crafts/gallerypage/thesis/voigt/1024x768/newpage15.html
[3007/4502] http://www.temple.edu/crafts/gallerypage/thesis/voigt/1024x768/newpage17.html
[3008/4502] http://www.temple.edu/crafts/gallerypage/thesis/voigt/1024x768/newpage19.html
[3009/4502] http://www.temple.edu/crafts/gallerypage/thesis/voigt/1024x768/newpage21.html
[3010/4502] http://www.temple.edu/crafts/gallerypage/thesis/voigt/1024x768/newpage22.html
[3011/4502] http://www.temple.edu/crafts/gallerypage/thesis/voigt/1024x768/newpage4.html
[3012/4502] http://www.temple.edu/crafts/gallerypage/thesis/voigt/1024x768/newpage6.html
[3013/4502] http://www.temple.edu/crafts/gallerypage/thesis/voigt/1024x768/newpage61.html
[3014/4502] http://www.temple.edu/crafts/gallerypage/thesis/voigt/1024x768/newpage8.html
[3015/4502] http://www.temple.edu/crafts/gallerypage/thesis/voigt/1024x768/newpage81.html
[3016/4502] http://www.temple.edu/crafts/gallerypage/thesis/voigt/1024x768/spring1.html
[3017/4502] http://www.temple.edu/crafts/gallerypage/thesis/voigt/800x600/007.html
[3018/4502] http://www.temple.edu/crafts/gallerypage/thesis/voigt/800x600/0072.html
[3019/4502] http://www.temple.edu/crafts/gallerypage/thesis/voigt/800x600/aurora-f.html
[3020/4502] http://www.temple.edu/crafts/gallerypage/thesis/voigt/800x600/emerge-3.html
[3021/4502] http://www.temple.edu/crafts/gallerypage/thesis/voigt/800x600/emerge-32.html
[3022/4502] http://www.temple.edu/crafts/gallerypage/thesis/voigt/800x600/emerge-5.html
[3023/4502] http://www.temple.edu/crafts/gallerypage/thesis/voigt/800x600/emerge-52.html
[3024/4502] http://www.temple.edu/crafts/gallerypage/thesis/voigt/800x600/newpage11.html
[3025/4502] http://www.temple.edu/crafts/gallerypage/thesis/voigt/800x600/newpage110.html
[3026/4502] http://www.temple.edu/crafts/gallerypage/thesis/voigt/800x600/newpage13.html
[3027/4502] http://www.temple.edu/crafts/gallerypage/thesis/voigt/800x600/newpage14.html
[3028/4502] http://www.temple.edu/crafts/gallerypage/thesis/voigt/800x600/newpage16.html
[3029/4502] http://www.temple.edu/crafts/gallerypage/thesis/voigt/800x600/newpage18.html
[3030/4502] http://www.temple.edu/crafts/gallerypage/thesis/voigt/800x600/newpage31.html
[3031/4502] http://www.temple.edu/crafts/gallerypage/thesis/voigt/800x600/newpage5.html
[3032/4502] http://www.temple.edu/crafts/gallerypage/thesis/voigt/800x600/newpage7.html
[3033/4502] http://www.temple.edu/crafts/gallerypage/thesis/voigt/800x600/newpage71.html
[3034/4502] http://www.temple.edu/crafts/gallerypage/thesis/voigt/800x600/newpage9.html
[3035/4502] http://www.temple.edu/crafts/gallerypage/thesis/voigt/800x600/spring.html
[3036/4502] http://www.temple.edu/crafts/gallerypage/thesis/voigt/800x600/t-cont-.html
[3037/4502] http://www.temple.edu/crafts/gallerypage/thesis/voigt/armpieces/arm.html
[3038/4502] http://www.temple.edu/crafts/gallerypage/thesis/voigt/gallery/gallery.html
[3039/4502] http://www.temple.edu/crafts/gallerypage/thesis/voigt/neckpieces/neck.html
[3040/4502] http://www.temple.edu/crafts/gallerypage/thesis/voigt/objects/objects.html
[3041/4502] http://www.temple.edu/crafts/gallerypage/thesis/voigt/research/abstract/abstract.html
[3042/4502] http://www.temple.edu/crafts/gallerypage/thesis/voigt/research/credits/credits.html
[3043/4502] http://www.temple.edu/crafts/gallerypage/thesis/voigt/research/definition/definiti.html
[3044/4502] http://www.temple.edu/crafts/gallerypage/thesis/voigt/research/newpage1.html
[3045/4502] http://www.temple.edu/crafts/gallerypage/thesis/voigt/research/process/process.html
[3046/4502] http://www.temple.edu/crafts/gallerypage/thesis/voigt/resume/newpage3.html
[3047/4502] http://www.temple.edu/crafts/gallerypage/thesis/voigt/rings/rings.html
[3048/4502] http://www.temple.edu/crafts/gallerypage/thesis/voigt/statement/newpage2.html
[3049/4502] http://www.temple.edu/crafts/gallerypage/thesis/voigt/voigt.html
[3050/4502] http://www.temple.edu/crafts/gallerypage/thesis/yang/aspire_i_animation.htm
[3051/4502] http://www.temple.edu/crafts/gallerypage/thesis/yang/aspire_i_full.htm
[3052/4502] http://www.temple.edu/crafts/gallerypage/thesis/yang/aspire_i_layout.htm
[3053/4502] http://www.temple.edu/crafts/gallerypage/thesis/yang/aspire_ii_animation.htm
[3054/4502] http://www.temple.edu/crafts/gallerypage/thesis/yang/aspire_ii_full.htm
[3055/4502] http://www.temple.edu/crafts/gallerypage/thesis/yang/aspire_ii_layout.htm
[3056/4502] http://www.temple.edu/crafts/gallerypage/thesis/yang/aspire_iii_animation.htm
[3057/4502] http://www.temple.edu/crafts/gallerypage/thesis/yang/aspire_iii_full.htm
[3058/4502] http://www.temple.edu/crafts/gallerypage/thesis/yang/aspire_iii_layout.htm
[3059/4502] http://www.temple.edu/crafts/gallerypage/thesis/yang/aspire_iv_animation.htm
[3060/4502] http://www.temple.edu/crafts/gallerypage/thesis/yang/aspire_iv_full.htm
[3061/4502] http://www.temple.edu/crafts/gallerypage/thesis/yang/aspire_iv_layout.htm
[3062/4502] http://www.temple.edu/crafts/gallerypage/thesis/yang/aspire_series_home.htm
[3063/4502] http://www.temple.edu/crafts/gallerypage/thesis/yang/aspire_v_animation.htm
[3064/4502] http://www.temple.edu/crafts/gallerypage/thesis/yang/aspire_v_full.htm
[3065/4502] http://www.temple.edu/crafts/gallerypage/thesis/yang/aspire_v_layout.htm
[3066/4502] http://www.temple.edu/crafts/gallerypage/thesis/yang/aspire_vi_animation.htm
[3067/4502] http://www.temple.edu/crafts/gallerypage/thesis/yang/aspire_vi_full.htm
[3068/4502] http://www.temple.edu/crafts/gallerypage/thesis/yang/aspire_vi_layout.htm
[3069/4502] http://www.temple.edu/crafts/gallerypage/thesis/yang/cv.htm
[3070/4502] http://www.temple.edu/crafts/gallerypage/thesis/yang/drawing_i_animation.htm
[3071/4502] http://www.temple.edu/crafts/gallerypage/thesis/yang/drawing_i_full.htm
[3072/4502] http://www.temple.edu/crafts/gallerypage/thesis/yang/drawing_i_layout.htm
[3073/4502] http://www.temple.edu/crafts/gallerypage/thesis/yang/drawing_ii_animation.htm
[3074/4502] http://www.temple.edu/crafts/gallerypage/thesis/yang/drawing_ii_full.htm
[3075/4502] http://www.temple.edu/crafts/gallerypage/thesis/yang/drawing_ii_layout.htm
[3076/4502] http://www.temple.edu/crafts/gallerypage/thesis/yang/drawing_iii_animation.htm
[3077/4502] http://www.temple.edu/crafts/gallerypage/thesis/yang/drawing_iii_full.htm
[3078/4502] http://www.temple.edu/crafts/gallerypage/thesis/yang/drawing_iii_layout.htm
[3079/4502] http://www.temple.edu/crafts/gallerypage/thesis/yang/drawing_iv_animation.htm
[3080/4502] http://www.temple.edu/crafts/gallerypage/thesis/yang/drawing_iv_full.htm
[3081/4502] http://www.temple.edu/crafts/gallerypage/thesis/yang/drawing_iv_layout.htm
[3082/4502] http://www.temple.edu/crafts/gallerypage/thesis/yang/drawing_series_home.htm
[3083/4502] http://www.temple.edu/crafts/gallerypage/thesis/yang/gallery.htm
[3084/4502] http://www.temple.edu/crafts/gallerypage/thesis/yang/statement.htm
[3085/4502] http://www.temple.edu/crafts/gallerypage/thesis/yang/victory_i_animation.htm
[3086/4502] http://www.temple.edu/crafts/gallerypage/thesis/yang/victory_i_full.htm
[3087/4502] http://www.temple.edu/crafts/gallerypage/thesis/yang/victory_i_layout.htm
[3088/4502] http://www.temple.edu/crafts/gallerypage/thesis/yang/victory_ii_animation.htm
[3089/4502] http://www.temple.edu/crafts/gallerypage/thesis/yang/victory_ii_full.htm
[3090/4502] http://www.temple.edu/crafts/gallerypage/thesis/yang/victory_ii_layout.htm
[3091/4502] http://www.temple.edu/crafts/gallerypage/thesis/yang/victory_series_home.htm
[3092/4502] http://www.temple.edu/crafts/gallerypage/thesis/yang/yang.htm
[3093/4502] http://www.temple.edu/crafts/gallerypage/thesis/yaukey/bio_yauk.html
[3094/4502] http://www.temple.edu/crafts/gallerypage/thesis/yaukey/gal_yauk.html
[3095/4502] http://www.temple.edu/crafts/gallerypage/thesis/yaukey/sta_yauk.html
[3096/4502] http://www.temple.edu/crafts/gallerypage/thesis/yoon/brooch12.html
[3097/4502] http://www.temple.edu/crafts/gallerypage/thesis/yoon/brooch80.html
[3098/4502] http://www.temple.edu/crafts/gallerypage/thesis/yoon/cr-sg128.html
[3099/4502] http://www.temple.edu/crafts/gallerypage/thesis/yoon/cr-sg800.html
[3100/4502] http://www.temple.edu/crafts/gallerypage/thesis/yoon/creamer1.html
[3101/4502] http://www.temple.edu/crafts/gallerypage/thesis/yoon/creamer8.html
[3102/4502] http://www.temple.edu/crafts/gallerypage/thesis/yoon/earings1.html
[3103/4502] http://www.temple.edu/crafts/gallerypage/thesis/yoon/earings8.html
[3104/4502] http://www.temple.edu/crafts/gallerypage/thesis/yoon/lamp1280.html
[3105/4502] http://www.temple.edu/crafts/gallerypage/thesis/yoon/lamp800.html
[3106/4502] http://www.temple.edu/crafts/gallerypage/thesis/yoon/newpage1.html
[3107/4502] http://www.temple.edu/crafts/gallerypage/thesis/yoon/newpage11.html
[3108/4502] http://www.temple.edu/crafts/gallerypage/thesis/yoon/newpage2.html
[3109/4502] http://www.temple.edu/crafts/gallerypage/thesis/yoon/newpage21.html
[3110/4502] http://www.temple.edu/crafts/gallerypage/thesis/yoon/newpage3.html
[3111/4502] http://www.temple.edu/crafts/gallerypage/thesis/yoon/newpage4.html
[3112/4502] http://www.temple.edu/crafts/gallerypage/thesis/yoon/newpage6.html
[3113/4502] http://www.temple.edu/crafts/gallerypage/thesis/yoon/pc5-1280.html
[3114/4502] http://www.temple.edu/crafts/gallerypage/thesis/yoon/pc5-800.html
[3115/4502] http://www.temple.edu/crafts/gallerypage/thesis/yoon/sltnp128.html
[3116/4502] http://www.temple.edu/crafts/gallerypage/thesis/yoon/sltnp800.html
[3117/4502] http://www.temple.edu/crafts/gallerypage/thesis/yoon/spnrst1-.html
[3118/4502] http://www.temple.edu/crafts/gallerypage/thesis/yoon/spnrst2-.html
[3119/4502] http://www.temple.edu/crafts/gallerypage/thesis/yoon/spnrst2-1.html
[3120/4502] http://www.temple.edu/crafts/gallerypage/thesis/yoon/teapot1-.html
[3121/4502] http://www.temple.edu/crafts/gallerypage/thesis/yoon/teapot1-1.html
[3122/4502] http://www.temple.edu/crafts/gallerypage/thesis/yoon/teapot3-.html
[3123/4502] http://www.temple.edu/crafts/gallerypage/thesis/yoon/teapot3-1.html
[3124/4502] http://www.temple.edu/crafts/gallerypage/thesis/yoon/vractn.html
[3125/4502] http://www.temple.edu/crafts/gallerypage/thesis/yoon/yoonhomepage.html
[3126/4502] http://www.temple.edu/crafts/gallerypage/thesis/zindell/open/animation/animation.html
[3127/4502] http://www.temple.edu/crafts/gallerypage/thesis/zindell/open/animation/commitanime.html
[3128/4502] http://www.temple.edu/crafts/gallerypage/thesis/zindell/open/animation/elastanime.html
[3129/4502] http://www.temple.edu/crafts/gallerypage/thesis/zindell/open/animation/flipanime.html
[3130/4502] http://www.temple.edu/crafts/gallerypage/thesis/zindell/open/animation/mechanime.html
[3131/4502] http://www.temple.edu/crafts/gallerypage/thesis/zindell/open/animation/mosqanime.html
[3132/4502] http://www.temple.edu/crafts/gallerypage/thesis/zindell/open/animation/swanqanime.html
[3133/4502] http://www.temple.edu/crafts/gallerypage/thesis/zindell/open/animation/twinanime.html
[3134/4502] http://www.temple.edu/crafts/gallerypage/thesis/zindell/open/mike1.html
[3135/4502] http://www.temple.edu/crafts/gallerypage/thesis/zindell/open/products/brooches/brooches.html
[3136/4502] http://www.temple.edu/crafts/gallerypage/thesis/zindell/open/products/neckpieces/neckpiece.html
[3137/4502] http://www.temple.edu/crafts/gallerypage/thesis/zindell/open/products/objects/objects.html
[3138/4502] http://www.temple.edu/crafts/gallerypage/thesis/zindell/open/products/productchoice.html
[3139/4502] http://www.temple.edu/crafts/gallerypage/thesis/zindell/open/resume/resume.html
[3140/4502] http://www.temple.edu/crafts/gallerypage/thesis/zindell/open/statement/statement.html
[3141/4502] http://www.temple.edu/crafts/gallerypage/thesis/zindell/open/tangible/tangible.html
[3142/4502] http://www.temple.edu/crafts/public_html/mjcc/local/gallery/faculty/kerner/gal_kerner.html
[3143/4502] http://www.temple.edu/crafts/public_html/mjcc/local/gallery/faculty/lechtzin/CADgal_lechtzin.html
[3144/4502] http://www.temple.edu/crafts/public_html/mjcc/local/gallery/faculty/lechtzin/lechtzinHW/HW_gal_lechtzin.html
[3145/4502] http://www.temple.edu/crafts/public_html/mjcc/local/gallery/faculty/sedman/gal_sedman.html
[3146/4502] http://www.temple.edu/crafts/public_html/mjcc/local/gallery/mjcc_gallery.html
[3147/4502] http://www.temple.edu/crafts/public_html/mjcc/local/gallery/seniorshow/seniorshow01/seniorshow.html
[3148/4502] http://www.temple.edu/crafts/public_html/mjcc/local/gallery/seniorshow/seniorshow02/seniorshow_home.html
[3149/4502] http://www.temple.edu/crafts/public_html/mjcc/local/gallery/seniorshow/seniorshow03/seniorshow_03/seniorshow_03_gallery/seniorshow_gallery_home.htm
[3150/4502] http://www.temple.edu/crafts/public_html/mjcc/local/gallery/seniorshow/seniorshow04/SENIOR_SHOW_START_2004.htm
[3151/4502] http://www.temple.edu/crafts/public_html/mjcc/local/gallery/seniorshow/seniorshow05/Home%20page/Portrait%20page.htm
[3152/4502] http://www.temple.edu/crafts/public_html/mjcc/local/gallery/seniorshow/seniorshow06/pages%20etc/index.htm
[3153/4502] http://www.temple.edu/crafts/public_html/mjcc/local/gallery/seniorshow/seniorshow07/index.htm
[3154/4502] http://www.temple.edu/crafts/public_html/mjcc/local/gallery/seniorshow/seniorshow08/index.htm
[3155/4502] http://www.temple.edu/crafts/public_html/mjcc/local/gallery/seniorshow/seniorshow09/home/homepage.html
[3156/4502] http://www.temple.edu/crafts/public_html/mjcc/local/gallery/seniorshow/seniorshow09/homepage.html
[3157/4502] http://www.temple.edu/crafts/public_html/mjcc/local/gallery/seniorshow/seniorshow10/senior10_home.html
[3158/4502] http://www.temple.edu/crafts/public_html/mjcc/local/gallery/student/Cad_gal_stu.htm
[3159/4502] http://www.temple.edu/crafts/public_html/mjcc/local/gallery/student/handwork/handwork.html
[3160/4502] http://www.temple.edu/crafts/public_html/mjcc/local/gallery/thesis/alaniz_2010-05-11/alaniz/alaniz.html
[3161/4502] http://www.temple.edu/crafts/public_html/mjcc/local/gallery/thesis/annand/annand/Home.html
[3162/4502] http://www.temple.edu/crafts/public_html/mjcc/local/gallery/thesis/blum/Blum_Frontpage/blum.htm
[3163/4502] http://www.temple.edu/crafts/public_html/mjcc/local/gallery/thesis/bucci/indexdb.html
[3164/4502] http://www.temple.edu/crafts/public_html/mjcc/local/gallery/thesis/chen/chenhome/chen_home.htm
[3165/4502] http://www.temple.edu/crafts/public_html/mjcc/local/gallery/thesis/czapka/czapka.htm
[3166/4502] http://www.temple.edu/crafts/public_html/mjcc/local/gallery/thesis/demonte/demonte.html
[3167/4502] http://www.temple.edu/crafts/public_html/mjcc/local/gallery/thesis/fletcher/fletcher.htm
[3168/4502] http://www.temple.edu/crafts/public_html/mjcc/local/gallery/thesis/grealish/Grealish_home.htm
[3169/4502] http://www.temple.edu/crafts/public_html/mjcc/local/gallery/thesis/griffin/griffin.html
[3170/4502] http://www.temple.edu/crafts/public_html/mjcc/local/gallery/thesis/h_park/Parkhome/park1.html
[3171/4502] http://www.temple.edu/crafts/public_html/mjcc/local/gallery/thesis/Heidinger/heidinger.html
[3172/4502] http://www.temple.edu/crafts/public_html/mjcc/local/gallery/thesis/hocker_website/hocker_home.htm
[3173/4502] http://www.temple.edu/crafts/public_html/mjcc/local/gallery/thesis/hollow_horn/Home-Hollow-Horn.html
[3174/4502] http://www.temple.edu/crafts/public_html/mjcc/local/gallery/thesis/hooper/index.html
[3175/4502] http://www.temple.edu/crafts/public_html/mjcc/local/gallery/thesis/hsu/homepage/hsu.htm
[3176/4502] http://www.temple.edu/crafts/public_html/mjcc/local/gallery/thesis/kawase/kawase.html
[3177/4502] http://www.temple.edu/crafts/public_html/mjcc/local/gallery/thesis/kim/kim_web_final/kim/kim_main.htm
[3178/4502] http://www.temple.edu/crafts/public_html/mjcc/local/gallery/thesis/kolb/kolb.html
[3179/4502] http://www.temple.edu/crafts/public_html/mjcc/local/gallery/thesis/korony/korony.htm
[3180/4502] http://www.temple.edu/crafts/public_html/mjcc/local/gallery/thesis/kraus/index.html
[3181/4502] http://www.temple.edu/crafts/public_html/mjcc/local/gallery/thesis/lee/slee0001.html
[3182/4502] http://www.temple.edu/crafts/public_html/mjcc/local/gallery/thesis/martino/main/main_2.htm
[3183/4502] http://www.temple.edu/crafts/public_html/mjcc/local/gallery/thesis/massinger/HOME.HTM
[3184/4502] http://www.temple.edu/crafts/public_html/mjcc/local/gallery/thesis/minich/minich.html
[3185/4502] http://www.temple.edu/crafts/public_html/mjcc/local/gallery/thesis/Montagna/montatgna.html
[3186/4502] http://www.temple.edu/crafts/public_html/mjcc/local/gallery/thesis/moran/moranindex.html
[3187/4502] http://www.temple.edu/crafts/public_html/mjcc/local/gallery/thesis/nbryant/index.html
[3188/4502] http://www.temple.edu/crafts/public_html/mjcc/local/gallery/thesis/park/park.htm
[3189/4502] http://www.temple.edu/crafts/public_html/mjcc/local/gallery/thesis/parkin/the_cparkin.html
[3190/4502] http://www.temple.edu/crafts/public_html/mjcc/local/gallery/thesis/ranieri/home/ranieri_home.htm
[3191/4502] http://www.temple.edu/crafts/public_html/mjcc/local/gallery/thesis/reigart/reigart.htm
[3192/4502] http://www.temple.edu/crafts/public_html/mjcc/local/gallery/thesis/reml/intro.html
[3193/4502] http://www.temple.edu/crafts/public_html/mjcc/local/gallery/thesis/seo/Seo_Home.htm
[3194/4502] http://www.temple.edu/crafts/public_html/mjcc/local/gallery/thesis/sholtis/sholtis.html
[3195/4502] http://www.temple.edu/crafts/public_html/mjcc/local/gallery/thesis/starrett/starrett.htm
[3196/4502] http://www.temple.edu/crafts/public_html/mjcc/local/gallery/thesis/strzelec/strzelec.htm
[3197/4502] http://www.temple.edu/crafts/public_html/mjcc/local/gallery/thesis/sweigart/donna_main.htm
[3198/4502] http://www.temple.edu/crafts/public_html/mjcc/local/gallery/thesis/tammaro/tammaro.html
[3199/4502] http://www.temple.edu/crafts/public_html/mjcc/local/gallery/thesis/tatalick/gallery.html
[3200/4502] http://www.temple.edu/crafts/public_html/mjcc/local/gallery/thesis/theokary/start/index.htm
[3201/4502] http://www.temple.edu/crafts/public_html/mjcc/local/gallery/thesis/ty_kim/ty_kim.html
[3202/4502] http://www.temple.edu/crafts/public_html/mjcc/local/gallery/thesis/uhrik/uhrik.htm
[3203/4502] http://www.temple.edu/crafts/public_html/mjcc/local/gallery/thesis/voigt/voigt.html
[3204/4502] http://www.temple.edu/crafts/public_html/mjcc/local/gallery/thesis/yang/yang.htm
[3205/4502] http://www.temple.edu/crafts/public_html/mjcc/local/gallery/thesis/yaukey/gal_yauk.html
[3206/4502] http://www.temple.edu/crafts/public_html/mjcc/local/gallery/thesis/yoon/yoonhomepage.html
[3207/4502] http://www.temple.edu/crafts/public_html/mjcc/local/gallery/thesis/zimmerman_06/zimmerman/zimmerman.htm
[3208/4502] http://www.temple.edu/crafts/public_html/mjcc/local/gallery/thesis/zindell/open/mike1.html
[3209/4502] http://www.temple.edu:80/crafts/facultypage/daniella/daniella_gallery.html
[3210/4502] http://www.temple.edu:80/crafts/facultypage/stanley/stanley_cadworkgallery.html
[3211/4502] http://www.temple.edu:80/crafts/gallerypage/gallerypage.html
[3212/4502] http://www.temple.edu:80/crafts/gallerypage/senior/seniorshowsites/seniorshow01/seniorshow.html
[3213/4502] http://www.temple.edu:80/crafts/gallerypage/senior/seniorshowsites/seniorshow08/alaniz/01.htm
[3214/4502] http://www.temple.edu:80/crafts/gallerypage/senior/seniorshowsites/seniorshow08/annand/01.htm
[3215/4502] http://www.temple.edu:80/crafts/gallerypage/senior/seniorshowsites/seniorshow08/bowman/01.htm
[3216/4502] http://www.temple.edu:80/crafts/gallerypage/senior/seniorshowsites/seniorshow08/cadavid/01.htm
[3217/4502] http://www.temple.edu:80/crafts/gallerypage/senior/seniorshowsites/seniorshow08/chorney/01.htm
[3218/4502] http://www.temple.edu:80/crafts/gallerypage/senior/seniorshowsites/seniorshow08/frey/01.htm
[3219/4502] http://www.temple.edu:80/crafts/gallerypage/senior/seniorshowsites/seniorshow08/goldberg/01.htm
[3220/4502] http://www.temple.edu:80/crafts/gallerypage/senior/seniorshowsites/seniorshow08/index.htm
[3221/4502] http://www.temple.edu:80/crafts/gallerypage/senior/seniorshowsites/seniorshow08/kim/01.htm
[3222/4502] http://www.temple.edu:80/crafts/gallerypage/senior/seniorshowsites/seniorshow08/kim/02.htm
[3223/4502] http://www.temple.edu:80/crafts/gallerypage/senior/seniorshowsites/seniorshow08/kim/03.htm
[3224/4502] http://www.temple.edu:80/crafts/gallerypage/senior/seniorshowsites/seniorshow08/kkim/01.htm
[3225/4502] http://www.temple.edu:80/crafts/gallerypage/senior/seniorshowsites/seniorshow08/lee/01.htm
[3226/4502] http://www.temple.edu:80/crafts/gallerypage/senior/seniorshowsites/seniorshow08/matusik/01.htm
[3227/4502] http://www.temple.edu:80/crafts/gallerypage/senior/seniorshowsites/seniorshow08/pettie/01.htm
[3228/4502] http://www.temple.edu:80/crafts/gallerypage/senior/seniorshowsites/seniorshow08/ponk/01.htm
[3229/4502] http://www.temple.edu:80/crafts/gallerypage/senior/seniorshowsites/seniorshow08/rivard/01.htm
[3230/4502] http://www.temple.edu:80/crafts/gallerypage/senior/seniorshowsites/seniorshow08/schmidt/01.htm
[3231/4502] http://www.temple.edu:80/crafts/gallerypage/senior/seniorshowsites/seniorshow08/stauffer/01.htm
[3232/4502] http://www.temple.edu:80/crafts/gallerypage/senior/seniorshowsites/seniorshow08/strawn/01.htm
[3233/4502] http://www.temple.edu:80/crafts/gallerypage/senior/seniorshowsites/seniorshow08/ttg/01.htm
[3234/4502] http://www.temple.edu:80/crafts/gallerypage/senior/seniorshowsites/seniorshow08/vogel/01.htm
[3235/4502] http://www.temple.edu:80/crafts/gallerypage/senior/seniorshowsites/seniorshow08/webber/01.htm
[3236/4502] http://www.temple.edu:80/crafts/gallerypage/senior/seniorshowsites/seniorshow08/yennie/01.htm
[3237/4502] http://www.temple.edu:80/crafts/gallerypage/senior/seniorshowsites/seniorshow11/seniorshow11/individual_pages/chung_soojin/chung1.htm
[3238/4502] http://www.temple.edu:80/crafts/gallerypage/senior/seniorshowsites/seniorshow11/seniorshow11/individual_pages/chung_soojin/chung2.htm
[3239/4502] http://www.temple.edu:80/crafts/gallerypage/senior/seniorshowsites/seniorshow11/seniorshow11/individual_pages/chung_soojin/chung3.htm
[3240/4502] http://www.temple.edu:80/crafts/gallerypage/senior/seniorshowsites/seniorshow11/seniorshow11/individual_pages/couturier_anna/couturier1.htm
[3241/4502] http://www.temple.edu:80/crafts/gallerypage/senior/seniorshowsites/seniorshow11/seniorshow11/individual_pages/couturier_anna/couturier2.htm
[3242/4502] http://www.temple.edu:80/crafts/gallerypage/senior/seniorshowsites/seniorshow11/seniorshow11/individual_pages/couturier_anna/couturier3.htm
[3243/4502] http://www.temple.edu:80/crafts/gallerypage/senior/seniorshowsites/seniorshow11/seniorshow11/individual_pages/deantonio_monica/deantonio1.htm
[3244/4502] http://www.temple.edu:80/crafts/gallerypage/senior/seniorshowsites/seniorshow11/seniorshow11/individual_pages/deantonio_monica/deantonio2.htm
[3245/4502] http://www.temple.edu:80/crafts/gallerypage/senior/seniorshowsites/seniorshow11/seniorshow11/individual_pages/dolbow_elaine/dolbow1.htm
[3246/4502] http://www.temple.edu:80/crafts/gallerypage/senior/seniorshowsites/seniorshow11/seniorshow11/individual_pages/dolbow_elaine/dolbow2.htm
[3247/4502] http://www.temple.edu:80/crafts/gallerypage/senior/seniorshowsites/seniorshow11/seniorshow11/individual_pages/dolbow_elaine/dolbow3.htm
[3248/4502] http://www.temple.edu:80/crafts/gallerypage/senior/seniorshowsites/seniorshow11/seniorshow11/individual_pages/eirich_sharon/eirich1.htm
[3249/4502] http://www.temple.edu:80/crafts/gallerypage/senior/seniorshowsites/seniorshow11/seniorshow11/individual_pages/eirich_sharon/eirich2.htm
[3250/4502] http://www.temple.edu:80/crafts/gallerypage/senior/seniorshowsites/seniorshow11/seniorshow11/individual_pages/eirich_sharon/eirich3.htm
[3251/4502] http://www.temple.edu:80/crafts/gallerypage/senior/seniorshowsites/seniorshow11/seniorshow11/individual_pages/fine_rachel/fine1.htm
[3252/4502] http://www.temple.edu:80/crafts/gallerypage/senior/seniorshowsites/seniorshow11/seniorshow11/individual_pages/fine_rachel/fine2.htm
[3253/4502] http://www.temple.edu:80/crafts/gallerypage/senior/seniorshowsites/seniorshow11/seniorshow11/individual_pages/fine_rachel/fine3.htm
[3254/4502] http://www.temple.edu:80/crafts/gallerypage/senior/seniorshowsites/seniorshow11/seniorshow11/individual_pages/gardner_ashley/gardner1.htm
[3255/4502] http://www.temple.edu:80/crafts/gallerypage/senior/seniorshowsites/seniorshow11/seniorshow11/individual_pages/gardner_ashley/gardner2.htm
[3256/4502] http://www.temple.edu:80/crafts/gallerypage/senior/seniorshowsites/seniorshow11/seniorshow11/individual_pages/gardner_ashley/gardner3.htm
[3257/4502] http://www.temple.edu:80/crafts/gallerypage/senior/seniorshowsites/seniorshow11/seniorshow11/individual_pages/henry_shannon/henry1.htm
[3258/4502] http://www.temple.edu:80/crafts/gallerypage/senior/seniorshowsites/seniorshow11/seniorshow11/individual_pages/henry_shannon/henry2.htm
[3259/4502] http://www.temple.edu:80/crafts/gallerypage/senior/seniorshowsites/seniorshow11/seniorshow11/individual_pages/henry_shannon/henry3.htm
[3260/4502] http://www.temple.edu:80/crafts/gallerypage/senior/seniorshowsites/seniorshow11/seniorshow11/individual_pages/humphreys_kesse/humphreys1.htm
[3261/4502] http://www.temple.edu:80/crafts/gallerypage/senior/seniorshowsites/seniorshow11/seniorshow11/individual_pages/humphreys_kesse/humphreys2.htm
[3262/4502] http://www.temple.edu:80/crafts/gallerypage/senior/seniorshowsites/seniorshow11/seniorshow11/individual_pages/humphreys_kesse/humphreys3.htm
[3263/4502] http://www.temple.edu:80/crafts/gallerypage/senior/seniorshowsites/seniorshow11/seniorshow11/individual_pages/kaufman_abbie/kaufman1.htm
[3264/4502] http://www.temple.edu:80/crafts/gallerypage/senior/seniorshowsites/seniorshow11/seniorshow11/individual_pages/kaufman_abbie/kaufman2.htm
[3265/4502] http://www.temple.edu:80/crafts/gallerypage/senior/seniorshowsites/seniorshow11/seniorshow11/individual_pages/kaufman_abbie/kaufman3.htm
[3266/4502] http://www.temple.edu:80/crafts/gallerypage/senior/seniorshowsites/seniorshow11/seniorshow11/individual_pages/lambing_brooke/lambing1.htm
[3267/4502] http://www.temple.edu:80/crafts/gallerypage/senior/seniorshowsites/seniorshow11/seniorshow11/individual_pages/lambing_brooke/lambing2.htm
[3268/4502] http://www.temple.edu:80/crafts/gallerypage/senior/seniorshowsites/seniorshow11/seniorshow11/individual_pages/lambing_brooke/lambing3.htm
[3269/4502] http://www.temple.edu:80/crafts/gallerypage/senior/seniorshowsites/seniorshow11/seniorshow11/individual_pages/levine_cheryl/levine1.htm
[3270/4502] http://www.temple.edu:80/crafts/gallerypage/senior/seniorshowsites/seniorshow11/seniorshow11/individual_pages/levine_cheryl/levine2.htm
[3271/4502] http://www.temple.edu:80/crafts/gallerypage/senior/seniorshowsites/seniorshow11/seniorshow11/individual_pages/levine_cheryl/levine3.htm
[3272/4502] http://www.temple.edu:80/crafts/gallerypage/senior/seniorshowsites/seniorshow11/seniorshow11/individual_pages/phillippy_emily/phillippy1.htm
[3273/4502] http://www.temple.edu:80/crafts/gallerypage/senior/seniorshowsites/seniorshow11/seniorshow11/individual_pages/phillippy_emily/phillippy2.htm
[3274/4502] http://www.temple.edu:80/crafts/gallerypage/senior/seniorshowsites/seniorshow11/seniorshow11/individual_pages/phillippy_emily/phillippy3.htm
[3275/4502] http://www.temple.edu:80/crafts/gallerypage/senior/seniorshowsites/seniorshow11/seniorshow11/individual_pages/porucznik_joanne/porucznik1.htm
[3276/4502] http://www.temple.edu:80/crafts/gallerypage/senior/seniorshowsites/seniorshow11/seniorshow11/individual_pages/porucznik_joanne/porucznik2.htm
[3277/4502] http://www.temple.edu:80/crafts/gallerypage/senior/seniorshowsites/seniorshow11/seniorshow11/individual_pages/porucznik_joanne/porucznik3.htm
[3278/4502] http://www.temple.edu:80/crafts/gallerypage/senior/seniorshowsites/seniorshow11/seniorshow11/individual_pages/rapp_kelly/rapp1.htm
[3279/4502] http://www.temple.edu:80/crafts/gallerypage/senior/seniorshowsites/seniorshow11/seniorshow11/individual_pages/rapp_kelly/rapp2.htm
[3280/4502] http://www.temple.edu:80/crafts/gallerypage/senior/seniorshowsites/seniorshow11/seniorshow11/individual_pages/rapp_kelly/rapp3.htm
[3281/4502] http://www.temple.edu:80/crafts/gallerypage/senior/seniorshowsites/seniorshow11/seniorshow11/individual_pages/sanchez_calley/sanchez1.htm
[3282/4502] http://www.temple.edu:80/crafts/gallerypage/senior/seniorshowsites/seniorshow11/seniorshow11/individual_pages/sanchez_calley/sanchez2.htm
[3283/4502] http://www.temple.edu:80/crafts/gallerypage/senior/seniorshowsites/seniorshow11/seniorshow11/individual_pages/sanchez_calley/sanchez3.htm
[3284/4502] http://www.temple.edu:80/crafts/gallerypage/senior/seniorshowsites/seniorshow11/seniorshow11/individual_pages/spain_erica/spain1.htm
[3285/4502] http://www.temple.edu:80/crafts/gallerypage/senior/seniorshowsites/seniorshow11/seniorshow11/individual_pages/spain_erica/spain2.htm
[3286/4502] http://www.temple.edu:80/crafts/gallerypage/senior/seniorshowsites/seniorshow11/seniorshow11/individual_pages/spain_erica/spain3.htm
[3287/4502] http://www.temple.edu:80/crafts/gallerypage/senior/seniorshowsites/seniorshow11/seniorshow11/individual_pages/staver_julia/staver1.htm
[3288/4502] http://www.temple.edu:80/crafts/gallerypage/senior/seniorshowsites/seniorshow11/seniorshow11/individual_pages/staver_julia/staver2.htm
[3289/4502] http://www.temple.edu:80/crafts/gallerypage/senior/seniorshowsites/seniorshow11/seniorshow11/individual_pages/staver_julia/staver3.htm
[3290/4502] http://www.temple.edu:80/crafts/gallerypage/senior/seniorshowsites/seniorshow11/seniorshow11/individual_pages/sullivan_sean/sullivan1.htm
[3291/4502] http://www.temple.edu:80/crafts/gallerypage/senior/seniorshowsites/seniorshow11/seniorshow11/individual_pages/sullivan_sean/sullivan2.htm
[3292/4502] http://www.temple.edu:80/crafts/gallerypage/senior/seniorshowsites/seniorshow11/seniorshow11/individual_pages/sullivan_sean/sullivan3.htm
[3293/4502] http://www.temple.edu:80/crafts/gallerypage/senior/seniorshowsites/seniorshow11/seniorshow11/individual_pages/sun_mei_lin/Sun1.htm
[3294/4502] http://www.temple.edu:80/crafts/gallerypage/senior/seniorshowsites/seniorshow11/seniorshow11/individual_pages/sun_mei_lin/sun2.htm
[3295/4502] http://www.temple.edu:80/crafts/gallerypage/senior/seniorshowsites/seniorshow11/seniorshow11/individual_pages/sun_mei_lin/sun3.htm
[3296/4502] http://www.temple.edu:80/crafts/gallerypage/senior/seniorshowsites/seniorshow11/seniorshow11/seniorshow11_home.htm
[3297/4502] http://www.temple.edu:80/crafts/gallerypage/thesis/alaniz/alaniz/alaniz.html
[3298/4502] http://www.temple.edu:80/crafts/gallerypage/thesis/alaniz/alaniz/gallery/01/1still.html
[3299/4502] http://www.temple.edu:80/crafts/gallerypage/thesis/alaniz/alaniz/resume/alaniz_75cv.html
[3300/4502] http://www.temple.edu:80/crafts/gallerypage/thesis/alaniz/alaniz/statement/alaniz_79statement.html
[3301/4502] http://www.temple.edu:80/crafts/gallerypage/thesis/blum/blum_frontpage/blum.htm
[3302/4502] http://www.temple.edu:80/crafts/gallerypage/thesis/bucci/indexdb.html
[3303/4502] http://www.temple.edu:80/crafts/gallerypage/thesis/chen/chenhome/chen_home.htm
[3304/4502] http://www.temple.edu:80/crafts/gallerypage/thesis/choi/choi.html
[3305/4502] http://www.temple.edu:80/crafts/gallerypage/thesis/choi/gallery/detail/acc-bracelet.html
[3306/4502] http://www.temple.edu:80/crafts/gallerypage/thesis/choi/gallery/detail/d-bracelet.html
[3307/4502] http://www.temple.edu:80/crafts/gallerypage/thesis/choi/gallery/detail/f-neckpiece.html
[3308/4502] http://www.temple.edu:80/crafts/gallerypage/thesis/choi/gallery/detail/o-bracelet.html
[3309/4502] http://www.temple.edu:80/crafts/gallerypage/thesis/choi/gallery/detail/ring.html
[3310/4502] http://www.temple.edu:80/crafts/gallerypage/thesis/choi/gallery/detail/s-ring.html
[3311/4502] http://www.temple.edu:80/crafts/gallerypage/thesis/choi/gallery/detail/two-bracelet.html
[3312/4502] http://www.temple.edu:80/crafts/gallerypage/thesis/choi/gallery/gallery_main/gallery-main.html
[3313/4502] http://www.temple.edu:80/crafts/gallerypage/thesis/choi/gallery/model/acc-bracelet.html
[3314/4502] http://www.temple.edu:80/crafts/gallerypage/thesis/choi/gallery/model/acc-sh-bracelet.html
[3315/4502] http://www.temple.edu:80/crafts/gallerypage/thesis/choi/gallery/model/d-bracelet.html
[3316/4502] http://www.temple.edu:80/crafts/gallerypage/thesis/choi/gallery/model/f-neckpiece.html
[3317/4502] http://www.temple.edu:80/crafts/gallerypage/thesis/choi/gallery/model/o-bracelet.html
[3318/4502] http://www.temple.edu:80/crafts/gallerypage/thesis/choi/gallery/model/ring.html
[3319/4502] http://www.temple.edu:80/crafts/gallerypage/thesis/choi/gallery/model/s-ring.html
[3320/4502] http://www.temple.edu:80/crafts/gallerypage/thesis/choi/gallery/model/two-bracelet.html
[3321/4502] http://www.temple.edu:80/crafts/gallerypage/thesis/choi/gallery/origin/a-bracelet.html
[3322/4502] http://www.temple.edu:80/crafts/gallerypage/thesis/choi/gallery/origin/acc-bracelet.html
[3323/4502] http://www.temple.edu:80/crafts/gallerypage/thesis/choi/gallery/origin/acc-sh-bracelet.html
[3324/4502] http://www.temple.edu:80/crafts/gallerypage/thesis/choi/gallery/origin/bracelet.html
[3325/4502] http://www.temple.edu:80/crafts/gallerypage/thesis/choi/gallery/origin/d-bracelet.html
[3326/4502] http://www.temple.edu:80/crafts/gallerypage/thesis/choi/gallery/origin/f-neckpiece.html
[3327/4502] http://www.temple.edu:80/crafts/gallerypage/thesis/choi/gallery/origin/o-bracelet.html
[3328/4502] http://www.temple.edu:80/crafts/gallerypage/thesis/choi/gallery/origin/ring.html
[3329/4502] http://www.temple.edu:80/crafts/gallerypage/thesis/choi/gallery/origin/s-ring.html
[3330/4502] http://www.temple.edu:80/crafts/gallerypage/thesis/choi/gallery/origin/two-bracelet.html
[3331/4502] http://www.temple.edu:80/crafts/gallerypage/thesis/choi/resume/front/resume-front.html
[3332/4502] http://www.temple.edu:80/crafts/gallerypage/thesis/choi/statement/statement.html
[3333/4502] http://www.temple.edu:80/crafts/gallerypage/thesis/czapka/czapka.htm
[3334/4502] http://www.temple.edu:80/crafts/gallerypage/thesis/demonte/cv.html
[3335/4502] http://www.temple.edu:80/crafts/gallerypage/thesis/demonte/demonte.html
[3336/4502] http://www.temple.edu:80/crafts/gallerypage/thesis/demonte/gallery.html
[3337/4502] http://www.temple.edu:80/crafts/gallerypage/thesis/demonte/statement.html
[3338/4502] http://www.temple.edu:80/crafts/gallerypage/thesis/finkowski/fink_cv/finkowski_cv.html
[3339/4502] http://www.temple.edu:80/crafts/gallerypage/thesis/finkowski/fink_gallery/finkowski_gallery.html
[3340/4502] http://www.temple.edu:80/crafts/gallerypage/thesis/finkowski/fink_main/finkowski_main.html
[3341/4502] http://www.temple.edu:80/crafts/gallerypage/thesis/finkowski/fink_statement/finkowski_statement.html
[3342/4502] http://www.temple.edu:80/crafts/gallerypage/thesis/fletcher/fletcher.htm
[3343/4502] http://www.temple.edu:80/crafts/gallerypage/thesis/grealish/grealish_home.htm
[3344/4502] http://www.temple.edu:80/crafts/gallerypage/thesis/griffin/griffin.html
[3345/4502] http://www.temple.edu:80/crafts/gallerypage/thesis/h_park/parkhome/park1.html
[3346/4502] http://www.temple.edu:80/crafts/gallerypage/thesis/heidinger/heidinger.html
[3347/4502] http://www.temple.edu:80/crafts/gallerypage/thesis/hocker/hocker_home.htm
[3348/4502] http://www.temple.edu:80/crafts/gallerypage/thesis/hollow%20horn/Curriculum-Vitae-Hollow-Horn.html
[3349/4502] http://www.temple.edu:80/crafts/gallerypage/thesis/hollow%20horn/Gallery%20Images/Corset-Collar.html
[3350/4502] http://www.temple.edu:80/crafts/gallerypage/thesis/hollow%20horn/Gallery%20Images/Flared-Bracelet.html
[3351/4502] http://www.temple.edu:80/crafts/gallerypage/thesis/hollow%20horn/Gallery%20Images/High-Collar.html
[3352/4502] http://www.temple.edu:80/crafts/gallerypage/thesis/hollow%20horn/Gallery%20Images/Lace-Corset-Collar.html
[3353/4502] http://www.temple.edu:80/crafts/gallerypage/thesis/hollow%20horn/Gallery%20Images/Mother-Child-Bracelets.html
[3354/4502] http://www.temple.edu:80/crafts/gallerypage/thesis/hollow%20horn/Gallery%20Images/Mother-Child-Collars.html
[3355/4502] http://www.temple.edu:80/crafts/gallerypage/thesis/hollow%20horn/Gallery%20Images/New-Ruff-Bracelet.html
[3356/4502] http://www.temple.edu:80/crafts/gallerypage/thesis/hollow%20horn/Gallery%20Images/Spiral-Bracelet.html
[3357/4502] http://www.temple.edu:80/crafts/gallerypage/thesis/hollow%20horn/Gallery%20Images/Tango-Collar.html
[3358/4502] http://www.temple.edu:80/crafts/gallerypage/thesis/hollow%20horn/Gallery-Hollow-Horn.html
[3359/4502] http://www.temple.edu:80/crafts/gallerypage/thesis/hollow%20horn/home-hollow-horn.html
[3361/4502] http://www.temple.edu:80/crafts/gallerypage/thesis/hollow%20horn/Statement-Hollow-Horn.html
[3362/4502] http://www.temple.edu:80/crafts/gallerypage/thesis/hooper/index.html
[3363/4502] http://www.temple.edu:80/crafts/gallerypage/thesis/kawase/kawase.html
[3364/4502] http://www.temple.edu:80/crafts/gallerypage/thesis/kim/kim_web_final/kim/kim_main.htm
[3365/4502] http://www.temple.edu:80/crafts/gallerypage/thesis/kolb/kolb.html
[3366/4502] http://www.temple.edu:80/crafts/gallerypage/thesis/korony/korony.htm
[3367/4502] http://www.temple.edu:80/crafts/gallerypage/thesis/kraus/index.html
[3368/4502] http://www.temple.edu:80/crafts/gallerypage/thesis/lee/index.html
[3369/4502] http://www.temple.edu:80/crafts/gallerypage/thesis/martino/main/main.htm
[3370/4502] http://www.temple.edu:80/crafts/gallerypage/thesis/massinger/home.htm
[3371/4502] http://www.temple.edu:80/crafts/gallerypage/thesis/minich/minich.html
[3372/4502] http://www.temple.edu:80/crafts/gallerypage/thesis/moran/moranindex.html
[3373/4502] http://www.temple.edu:80/crafts/gallerypage/thesis/nbryant/index.html
[3374/4502] http://www.temple.edu:80/crafts/gallerypage/thesis/park/park.htm
[3375/4502] http://www.temple.edu:80/crafts/gallerypage/thesis/parkin/the_cparkin.html
[3376/4502] http://www.temple.edu:80/crafts/gallerypage/thesis/ranieri/home/ranieri_home.htm
[3377/4502] http://www.temple.edu:80/crafts/gallerypage/thesis/reigart/reigart.htm
[3378/4502] http://www.temple.edu:80/crafts/gallerypage/thesis/reml/intro.html
[3379/4502] http://www.temple.edu:80/crafts/gallerypage/thesis/seo/Seo_Home.htm
[3380/4502] http://www.temple.edu:80/crafts/gallerypage/thesis/sholtis/sholtis.html
[3381/4502] http://www.temple.edu:80/crafts/gallerypage/thesis/starrett/starrett.htm
[3382/4502] http://www.temple.edu:80/crafts/gallerypage/thesis/strzelec/strzelec.htm
[3383/4502] http://www.temple.edu:80/crafts/gallerypage/thesis/sweigart/donna_main.htm
[3384/4502] http://www.temple.edu:80/crafts/gallerypage/thesis/tammaro/tammaro.html
[3385/4502] http://www.temple.edu:80/crafts/gallerypage/thesis/tatalick/gallery.html
[3386/4502] http://www.temple.edu:80/crafts/gallerypage/thesis/theokary/start/index.htm
[3387/4502] http://www.temple.edu:80/crafts/gallerypage/thesis/ty_kim/ty_kim.html
[3388/4502] http://www.temple.edu:80/crafts/gallerypage/thesis/uhrik/uhrik.htm
[3389/4502] http://www.temple.edu:80/crafts/gallerypage/thesis/voigt/voigt.html
[3390/4502] http://www.temple.edu:80/crafts/gallerypage/thesis/yang/yang.htm
[3391/4502] http://www.temple.edu:80/crafts/gallerypage/thesis/yoon/yoonhomepage.html
[3392/4502] http://www.temple.edu:80/crafts/gallerypage/thesis/zimmerman/zimmerman/zimmerman.htm
[3393/4502] http://www.temple.edu:80/crafts/gallerypage/thesis/zindell/open/mike1.html
[3394/4502] http://www.temple.edu:80/crafts/public%5Fhtml/mjcc/local/gallery/
[3395/4502] http://www.temple.edu:80/crafts/public_html/mjcc/local/gallery/faculty/kerner/gal_kerner.html
[3396/4502] http://www.temple.edu:80/crafts/public_html/mjcc/local/gallery/faculty/lechtzin/CADgal_lechtzin.html
[3397/4502] http://www.temple.edu:80/crafts/public_html/mjcc/local/gallery/faculty/lechtzin/lechtzinHW/HW_gal_lechtzin.html
[3398/4502] http://www.temple.edu:80/crafts/public_html/mjcc/local/gallery/faculty/sedman/gal_sedman.html
[3399/4502] http://www.temple.edu:80/crafts/public_html/mjcc/local/gallery/ioshow/iohome/gallery/fullsize/addisfull.htm
[3400/4502] http://www.temple.edu:80/crafts/public_html/mjcc/local/gallery/ioshow/iohome/gallery/fullsize/bartashfull.htm
[3401/4502] http://www.temple.edu:80/crafts/public_html/mjcc/local/gallery/ioshow/iohome/gallery/fullsize/buccifull.htm
[3402/4502] http://www.temple.edu:80/crafts/public_html/mjcc/local/gallery/ioshow/iohome/gallery/fullsize/czapkafull.htm
[3403/4502] http://www.temple.edu:80/crafts/public_html/mjcc/local/gallery/ioshow/iohome/gallery/fullsize/fraczekfull.htm
[3404/4502] http://www.temple.edu:80/crafts/public_html/mjcc/local/gallery/ioshow/iohome/gallery/fullsize/kawasefull.htm
[3405/4502] http://www.temple.edu:80/crafts/public_html/mjcc/local/gallery/ioshow/iohome/gallery/fullsize/kernerfull.htm
[3406/4502] http://www.temple.edu:80/crafts/public_html/mjcc/local/gallery/ioshow/iohome/gallery/fullsize/lechtzinfull.htm
[3407/4502] http://www.temple.edu:80/crafts/public_html/mjcc/local/gallery/ioshow/iohome/gallery/fullsize/macbainfull.htm
[3408/4502] http://www.temple.edu:80/crafts/public_html/mjcc/local/gallery/ioshow/iohome/gallery/fullsize/minichfull.htm
[3409/4502] http://www.temple.edu:80/crafts/public_html/mjcc/local/gallery/ioshow/iohome/gallery/fullsize/naudascherfull.htm
[3410/4502] http://www.temple.edu:80/crafts/public_html/mjcc/local/gallery/ioshow/iohome/gallery/fullsize/parkfull.htm
[3411/4502] http://www.temple.edu:80/crafts/public_html/mjcc/local/gallery/ioshow/iohome/gallery/fullsize/reigartfull.htm
[3412/4502] http://www.temple.edu:80/crafts/public_html/mjcc/local/gallery/ioshow/iohome/gallery/fullsize/safdiefull.htm
[3413/4502] http://www.temple.edu:80/crafts/public_html/mjcc/local/gallery/ioshow/iohome/gallery/fullsize/strzelecfull.htm
[3414/4502] http://www.temple.edu:80/crafts/public_html/mjcc/local/gallery/ioshow/iohome/gallery/fullsize/tatalickfull.htm
[3415/4502] http://www.temple.edu:80/crafts/public_html/mjcc/local/gallery/ioshow/iohome/gallery/fullsize/uhrikfull.htm
[3416/4502] http://www.temple.edu:80/crafts/public_html/mjcc/local/gallery/ioshow/iohome/gallery/fullsize/voigtfull.htm
[3417/4502] http://www.temple.edu:80/crafts/public_html/mjcc/local/gallery/ioshow/iohome/gallery/fullsize/yaukeyfull.htm
[3418/4502] http://www.temple.edu:80/crafts/public_html/mjcc/local/gallery/ioshow/iohome/gallery/fullsize/zindellfull.htm
[3419/4502] http://www.temple.edu:80/crafts/public_html/mjcc/local/gallery/ioshow/iohome/gallery/gallery.htm
[3420/4502] http://www.temple.edu:80/crafts/public_html/mjcc/local/gallery/ioshow/iohome/gallery/statements/addisstate.htm
[3421/4502] http://www.temple.edu:80/crafts/public_html/mjcc/local/gallery/ioshow/iohome/gallery/statements/bartashstate.htm
[3422/4502] http://www.temple.edu:80/crafts/public_html/mjcc/local/gallery/ioshow/iohome/gallery/statements/buccistate.htm
[3423/4502] http://www.temple.edu:80/crafts/public_html/mjcc/local/gallery/ioshow/iohome/gallery/statements/czapkastate.htm
[3424/4502] http://www.temple.edu:80/crafts/public_html/mjcc/local/gallery/ioshow/iohome/gallery/statements/fraczekstate.htm
[3425/4502] http://www.temple.edu:80/crafts/public_html/mjcc/local/gallery/ioshow/iohome/gallery/statements/kawasestate.htm
[3426/4502] http://www.temple.edu:80/crafts/public_html/mjcc/local/gallery/ioshow/iohome/gallery/statements/kernerstate.htm
[3427/4502] http://www.temple.edu:80/crafts/public_html/mjcc/local/gallery/ioshow/iohome/gallery/statements/lechtzinstate.htm
[3428/4502] http://www.temple.edu:80/crafts/public_html/mjcc/local/gallery/ioshow/iohome/gallery/statements/macbainstate.htm
[3429/4502] http://www.temple.edu:80/crafts/public_html/mjcc/local/gallery/ioshow/iohome/gallery/statements/minichstate.htm
[3430/4502] http://www.temple.edu:80/crafts/public_html/mjcc/local/gallery/ioshow/iohome/gallery/statements/naudascherstate.htm
[3431/4502] http://www.temple.edu:80/crafts/public_html/mjcc/local/gallery/ioshow/iohome/gallery/statements/parkstate.htm
[3432/4502] http://www.temple.edu:80/crafts/public_html/mjcc/local/gallery/ioshow/iohome/gallery/statements/reigartstate.htm
[3433/4502] http://www.temple.edu:80/crafts/public_html/mjcc/local/gallery/ioshow/iohome/gallery/statements/safdiestate.htm
[3434/4502] http://www.temple.edu:80/crafts/public_html/mjcc/local/gallery/ioshow/iohome/gallery/statements/strzelecstate.htm
[3435/4502] http://www.temple.edu:80/crafts/public_html/mjcc/local/gallery/ioshow/iohome/gallery/statements/tatalickstate.htm
[3436/4502] http://www.temple.edu:80/crafts/public_html/mjcc/local/gallery/ioshow/iohome/gallery/statements/uhrikstate.htm
[3437/4502] http://www.temple.edu:80/crafts/public_html/mjcc/local/gallery/ioshow/iohome/gallery/statements/voigtstate.htm
[3438/4502] http://www.temple.edu:80/crafts/public_html/mjcc/local/gallery/ioshow/iohome/gallery/statements/yaukeystate.htm
[3439/4502] http://www.temple.edu:80/crafts/public_html/mjcc/local/gallery/ioshow/iohome/gallery/statements/zindellstate.htm
[3440/4502] http://www.temple.edu:80/crafts/public_html/mjcc/local/gallery/ioshow/iohome/iohome.htm
[3441/4502] http://www.temple.edu:80/crafts/public_html/mjcc/local/gallery/mjcc_gallery.html
[3442/4502] http://www.temple.edu:80/crafts/public_html/mjcc/local/gallery/seniorshow/fullsize/alisa_picarella.htm
[3443/4502] http://www.temple.edu:80/crafts/public_html/mjcc/local/gallery/seniorshow/fullsize/amber_schoenk.htm
[3444/4502] http://www.temple.edu:80/crafts/public_html/mjcc/local/gallery/seniorshow/fullsize/carrie_greenspan.htm
[3445/4502] http://www.temple.edu:80/crafts/public_html/mjcc/local/gallery/seniorshow/fullsize/danielle_memoli.htm
[3446/4502] http://www.temple.edu:80/crafts/public_html/mjcc/local/gallery/seniorshow/fullsize/daria_dzwil.htm
[3447/4502] http://www.temple.edu:80/crafts/public_html/mjcc/local/gallery/seniorshow/fullsize/debi_parisi.htm
[3448/4502] http://www.temple.edu:80/crafts/public_html/mjcc/local/gallery/seniorshow/fullsize/gallery.htm
[3449/4502] http://www.temple.edu:80/crafts/public_html/mjcc/local/gallery/seniorshow/fullsize/jae_lenhart.htm
[3450/4502] http://www.temple.edu:80/crafts/public_html/mjcc/local/gallery/seniorshow/fullsize/jennifer_sholtis.htm
[3451/4502] http://www.temple.edu:80/crafts/public_html/mjcc/local/gallery/seniorshow/fullsize/jessica_bush.htm
[3452/4502] http://www.temple.edu:80/crafts/public_html/mjcc/local/gallery/seniorshow/fullsize/karen_ciorciari.htm
[3453/4502] http://www.temple.edu:80/crafts/public_html/mjcc/local/gallery/seniorshow/fullsize/kristin_westrol.htm
[3454/4502] http://www.temple.edu:80/crafts/public_html/mjcc/local/gallery/seniorshow/fullsize/maureen_mctamney.htm
[3455/4502] http://www.temple.edu:80/crafts/public_html/mjcc/local/gallery/seniorshow/fullsize/melanie_love.htm
[3456/4502] http://www.temple.edu:80/crafts/public_html/mjcc/local/gallery/seniorshow/fullsize/michael_latini.htm
[3457/4502] http://www.temple.edu:80/crafts/public_html/mjcc/local/gallery/seniorshow/fullsize/rebekah_groh.htm
[3458/4502] http://www.temple.edu:80/crafts/public_html/mjcc/local/gallery/seniorshow/fullsize/ryan_tull.htm
[3459/4502] http://www.temple.edu:80/crafts/public_html/mjcc/local/gallery/seniorshow/fullsize/sabina_fletcher.htm
[3460/4502] http://www.temple.edu:80/crafts/public_html/mjcc/local/gallery/seniorshow/fullsize/shanna_simicsak.htm
[3461/4502] http://www.temple.edu:80/crafts/public_html/mjcc/local/gallery/seniorshow/fullsize/tammi_melching.htm
[3462/4502] http://www.temple.edu:80/crafts/public_html/mjcc/local/gallery/seniorshow/fullsize/will_patterson.htm
[3463/4502] http://www.temple.edu:80/crafts/public_html/mjcc/local/gallery/seniorshow/SENIOR%20SHOW%202004/ADRIENNE_PAGE.htm
[3464/4502] http://www.temple.edu:80/crafts/public_html/mjcc/local/gallery/seniorshow/SENIOR%20SHOW%202004/ADRIENNE_PAGE_1.htm
[3465/4502] http://www.temple.edu:80/crafts/public_html/mjcc/local/gallery/seniorshow/SENIOR%20SHOW%202004/ADRIENNE_PAGE_2.htm
[3466/4502] http://www.temple.edu:80/crafts/public_html/mjcc/local/gallery/seniorshow/SENIOR%20SHOW%202004/ADRIENNE_PAGE_3.htm
[3467/4502] http://www.temple.edu:80/crafts/public_html/mjcc/local/gallery/seniorshow/SENIOR%20SHOW%202004/ADRIENNE_PAGE_4.htm
[3468/4502] http://www.temple.edu:80/crafts/public_html/mjcc/local/gallery/seniorshow/SENIOR%20SHOW%202004/ADRIENNE_PAGE_5.htm
[3469/4502] http://www.temple.edu:80/crafts/public_html/mjcc/local/gallery/seniorshow/SENIOR%20SHOW%202004/ADRIENNE_PAGE_6.htm
[3470/4502] http://www.temple.edu:80/crafts/public_html/mjcc/local/gallery/seniorshow/SENIOR%20SHOW%202004/CARRIE_PAGE.htm
[3471/4502] http://www.temple.edu:80/crafts/public_html/mjcc/local/gallery/seniorshow/SENIOR%20SHOW%202004/CARRIE_PAGE_1.htm
[3472/4502] http://www.temple.edu:80/crafts/public_html/mjcc/local/gallery/seniorshow/SENIOR%20SHOW%202004/CARRIE_PAGE_2.htm
[3473/4502] http://www.temple.edu:80/crafts/public_html/mjcc/local/gallery/seniorshow/SENIOR%20SHOW%202004/CARRIE_PAGE_3.htm
[3474/4502] http://www.temple.edu:80/crafts/public_html/mjcc/local/gallery/seniorshow/SENIOR%20SHOW%202004/CARRIE_PAGE_4.htm
[3475/4502] http://www.temple.edu:80/crafts/public_html/mjcc/local/gallery/seniorshow/SENIOR%20SHOW%202004/CARRIE_PAGE_5.htm
[3476/4502] http://www.temple.edu:80/crafts/public_html/mjcc/local/gallery/seniorshow/SENIOR%20SHOW%202004/CARRIE_PAGE_6.htm
[3477/4502] http://www.temple.edu:80/crafts/public_html/mjcc/local/gallery/seniorshow/SENIOR%20SHOW%202004/CRISTINA_PAGE.htm
[3478/4502] http://www.temple.edu:80/crafts/public_html/mjcc/local/gallery/seniorshow/SENIOR%20SHOW%202004/CRISTINAÂ­_PAGE_1.htm
[3479/4502] http://www.temple.edu:80/crafts/public_html/mjcc/local/gallery/seniorshow/SENIOR%20SHOW%202004/CRISTINAÂ­_PAGE_2.htm
[3480/4502] http://www.temple.edu:80/crafts/public_html/mjcc/local/gallery/seniorshow/SENIOR%20SHOW%202004/CRISTINAÂ­_PAGE_3.htm
[3481/4502] http://www.temple.edu:80/crafts/public_html/mjcc/local/gallery/seniorshow/SENIOR%20SHOW%202004/EMILY_PAGE.htm
[3482/4502] http://www.temple.edu:80/crafts/public_html/mjcc/local/gallery/seniorshow/SENIOR%20SHOW%202004/EMILY_PAGE_1.htm
[3483/4502] http://www.temple.edu:80/crafts/public_html/mjcc/local/gallery/seniorshow/SENIOR%20SHOW%202004/EMILY_PAGE_2.htm
[3484/4502] http://www.temple.edu:80/crafts/public_html/mjcc/local/gallery/seniorshow/SENIOR%20SHOW%202004/EMILY_PAGE_3.htm
[3485/4502] http://www.temple.edu:80/crafts/public_html/mjcc/local/gallery/seniorshow/SENIOR%20SHOW%202004/EMILY_PAGE_4.htm
[3486/4502] http://www.temple.edu:80/crafts/public_html/mjcc/local/gallery/seniorshow/SENIOR%20SHOW%202004/EMILY_PAGE_5.htm
[3487/4502] http://www.temple.edu:80/crafts/public_html/mjcc/local/gallery/seniorshow/SENIOR%20SHOW%202004/EMILY_PAGE_6.htm
[3488/4502] http://www.temple.edu:80/crafts/public_html/mjcc/local/gallery/seniorshow/SENIOR%20SHOW%202004/GALLERY_PAGE_1.htm
[3489/4502] http://www.temple.edu:80/crafts/public_html/mjcc/local/gallery/seniorshow/SENIOR%20SHOW%202004/GALLERY_PAGE_2.htm
[3490/4502] http://www.temple.edu:80/crafts/public_html/mjcc/local/gallery/seniorshow/SENIOR%20SHOW%202004/GALLERY_PAGE_3.htm
[3491/4502] http://www.temple.edu:80/crafts/public_html/mjcc/local/gallery/seniorshow/SENIOR%20SHOW%202004/GALLERY_PAGE_4.htm
[3492/4502] http://www.temple.edu:80/crafts/public_html/mjcc/local/gallery/seniorshow/SENIOR%20SHOW%202004/GALLERY_PAGE_5.htm
[3493/4502] http://www.temple.edu:80/crafts/public_html/mjcc/local/gallery/seniorshow/SENIOR%20SHOW%202004/JOANNE_PAGE.htm
[3494/4502] http://www.temple.edu:80/crafts/public_html/mjcc/local/gallery/seniorshow/SENIOR%20SHOW%202004/JOANNE_PAGE_1.htm
[3495/4502] http://www.temple.edu:80/crafts/public_html/mjcc/local/gallery/seniorshow/SENIOR%20SHOW%202004/JOANNE_PAGE_2.htm
[3496/4502] http://www.temple.edu:80/crafts/public_html/mjcc/local/gallery/seniorshow/SENIOR%20SHOW%202004/JOANNE_PAGE_3.htm
[3497/4502] http://www.temple.edu:80/crafts/public_html/mjcc/local/gallery/seniorshow/SENIOR%20SHOW%202004/JOANNE_PAGE_4.htm
[3498/4502] http://www.temple.edu:80/crafts/public_html/mjcc/local/gallery/seniorshow/SENIOR%20SHOW%202004/JOANNE_PAGE_5.htm
[3499/4502] http://www.temple.edu:80/crafts/public_html/mjcc/local/gallery/seniorshow/SENIOR%20SHOW%202004/JOANNE_PAGE_6.htm
[3500/4502] http://www.temple.edu:80/crafts/public_html/mjcc/local/gallery/seniorshow/SENIOR%20SHOW%202004/JUSTIN_PAGE.htm
[3501/4502] http://www.temple.edu:80/crafts/public_html/mjcc/local/gallery/seniorshow/SENIOR%20SHOW%202004/JUSTIN_PAGE_1.htm
[3502/4502] http://www.temple.edu:80/crafts/public_html/mjcc/local/gallery/seniorshow/SENIOR%20SHOW%202004/JUSTIN_PAGE_2.htm
[3503/4502] http://www.temple.edu:80/crafts/public_html/mjcc/local/gallery/seniorshow/SENIOR%20SHOW%202004/JUSTIN_PAGE_3.htm
[3504/4502] http://www.temple.edu:80/crafts/public_html/mjcc/local/gallery/seniorshow/SENIOR%20SHOW%202004/JUSTIN_PAGE_4.htm
[3505/4502] http://www.temple.edu:80/crafts/public_html/mjcc/local/gallery/seniorshow/SENIOR%20SHOW%202004/JUSTIN_PAGE_5.htm
[3506/4502] http://www.temple.edu:80/crafts/public_html/mjcc/local/gallery/seniorshow/SENIOR%20SHOW%202004/KELLY_PAGE.htm
[3507/4502] http://www.temple.edu:80/crafts/public_html/mjcc/local/gallery/seniorshow/SENIOR%20SHOW%202004/KELLY_PAGE_1.htm
[3508/4502] http://www.temple.edu:80/crafts/public_html/mjcc/local/gallery/seniorshow/SENIOR%20SHOW%202004/KELLY_PAGE_2.htm
[3509/4502] http://www.temple.edu:80/crafts/public_html/mjcc/local/gallery/seniorshow/SENIOR%20SHOW%202004/KELLY_PAGE_3.htm
[3510/4502] http://www.temple.edu:80/crafts/public_html/mjcc/local/gallery/seniorshow/SENIOR%20SHOW%202004/KELLY_PAGE_4.htm
[3511/4502] http://www.temple.edu:80/crafts/public_html/mjcc/local/gallery/seniorshow/SENIOR%20SHOW%202004/KELLY_PAGE_5.htm
[3512/4502] http://www.temple.edu:80/crafts/public_html/mjcc/local/gallery/seniorshow/SENIOR%20SHOW%202004/KELLY_PAGE_6.htm
[3513/4502] http://www.temple.edu:80/crafts/public_html/mjcc/local/gallery/seniorshow/SENIOR%20SHOW%202004/KIRA_PAGE.htm
[3514/4502] http://www.temple.edu:80/crafts/public_html/mjcc/local/gallery/seniorshow/SENIOR%20SHOW%202004/KIRA_PAGE_1.htm
[3515/4502] http://www.temple.edu:80/crafts/public_html/mjcc/local/gallery/seniorshow/SENIOR%20SHOW%202004/KIRA_PAGE_2.htm
[3516/4502] http://www.temple.edu:80/crafts/public_html/mjcc/local/gallery/seniorshow/SENIOR%20SHOW%202004/KIRA_PAGE_3.htm
[3517/4502] http://www.temple.edu:80/crafts/public_html/mjcc/local/gallery/seniorshow/SENIOR%20SHOW%202004/KIRA_PAGE_4.htm
[3518/4502] http://www.temple.edu:80/crafts/public_html/mjcc/local/gallery/seniorshow/SENIOR%20SHOW%202004/KIRA_PAGE_5.htm
[3519/4502] http://www.temple.edu:80/crafts/public_html/mjcc/local/gallery/seniorshow/SENIOR%20SHOW%202004/KIRA_PAGE_6.htm
[3520/4502] http://www.temple.edu:80/crafts/public_html/mjcc/local/gallery/seniorshow/SENIOR%20SHOW%202004/LISA_PAGE.htm
[3521/4502] http://www.temple.edu:80/crafts/public_html/mjcc/local/gallery/seniorshow/SENIOR%20SHOW%202004/LISA_PAGE_2.htm
[3522/4502] http://www.temple.edu:80/crafts/public_html/mjcc/local/gallery/seniorshow/SENIOR%20SHOW%202004/LISA_PAGE_3.htm
[3523/4502] http://www.temple.edu:80/crafts/public_html/mjcc/local/gallery/seniorshow/SENIOR%20SHOW%202004/MARY_PAGE.htm
[3524/4502] http://www.temple.edu:80/crafts/public_html/mjcc/local/gallery/seniorshow/SENIOR%20SHOW%202004/MARY_PAGE_1.htm
[3525/4502] http://www.temple.edu:80/crafts/public_html/mjcc/local/gallery/seniorshow/SENIOR%20SHOW%202004/MARY_PAGE_2.htm
[3526/4502] http://www.temple.edu:80/crafts/public_html/mjcc/local/gallery/seniorshow/SENIOR%20SHOW%202004/MARY_PAGE_3.htm
[3527/4502] http://www.temple.edu:80/crafts/public_html/mjcc/local/gallery/seniorshow/SENIOR%20SHOW%202004/MARY_PAGE_4.htm
[3528/4502] http://www.temple.edu:80/crafts/public_html/mjcc/local/gallery/seniorshow/SENIOR%20SHOW%202004/MARY_PAGE_5.htm
[3529/4502] http://www.temple.edu:80/crafts/public_html/mjcc/local/gallery/seniorshow/SENIOR%20SHOW%202004/MARY_PAGE_6.htm
[3530/4502] http://www.temple.edu:80/crafts/public_html/mjcc/local/gallery/seniorshow/SENIOR%20SHOW%202004/MONIQUE_PAGE.htm
[3531/4502] http://www.temple.edu:80/crafts/public_html/mjcc/local/gallery/seniorshow/SENIOR%20SHOW%202004/MONIQUE_PAGE_1.htm
[3532/4502] http://www.temple.edu:80/crafts/public_html/mjcc/local/gallery/seniorshow/SENIOR%20SHOW%202004/MONIQUE_PAGE_2.htm
[3533/4502] http://www.temple.edu:80/crafts/public_html/mjcc/local/gallery/seniorshow/SENIOR%20SHOW%202004/MONIQUE_PAGE_3.htm
[3534/4502] http://www.temple.edu:80/crafts/public_html/mjcc/local/gallery/seniorshow/SENIOR%20SHOW%202004/MONIQUE_PAGE_4.htm
[3535/4502] http://www.temple.edu:80/crafts/public_html/mjcc/local/gallery/seniorshow/SENIOR%20SHOW%202004/NADDA_PAGE.htm
[3536/4502] http://www.temple.edu:80/crafts/public_html/mjcc/local/gallery/seniorshow/SENIOR%20SHOW%202004/SENIOR_SHOW_START_2004.htm
[3537/4502] http://www.temple.edu:80/crafts/public_html/mjcc/local/gallery/seniorshow/SENIOR%20SHOW%202004/TINA_PAGE.htm
[3538/4502] http://www.temple.edu:80/crafts/public_html/mjcc/local/gallery/seniorshow/SENIOR%20SHOW%202004/TINA_PAGE_1.htm
[3539/4502] http://www.temple.edu:80/crafts/public_html/mjcc/local/gallery/seniorshow/SENIOR%20SHOW%202004/TINA_PAGE_2.htm
[3540/4502] http://www.temple.edu:80/crafts/public_html/mjcc/local/gallery/seniorshow/SENIOR%20SHOW%202004/TINA_PAGE_3.htm
[3541/4502] http://www.temple.edu:80/crafts/public_html/mjcc/local/gallery/seniorshow/SENIOR%20SHOW%202004/TINA_PAGE_4.htm
[3542/4502] http://www.temple.edu:80/crafts/public_html/mjcc/local/gallery/seniorshow/SENIOR%20SHOW%202004/TINA_PAGE_5.htm
[3543/4502] http://www.temple.edu:80/crafts/public_html/mjcc/local/gallery/seniorshow/SENIOR%20SHOW%202004/TINA_PAGE_6.htm
[3544/4502] http://www.temple.edu:80/crafts/public_html/mjcc/local/gallery/seniorshow/Senior%20Show%20Website%202005/Home%20page/Portrait%20page.htm
[3545/4502] http://www.temple.edu:80/crafts/public_html/mjcc/local/gallery/seniorshow/SENIOR%20website_2006/pages%20etc/Amanda_Miller_1.htm
[3546/4502] http://www.temple.edu:80/crafts/public_html/mjcc/local/gallery/seniorshow/SENIOR%20website_2006/pages%20etc/Amanda_Miller_2.htm
[3547/4502] http://www.temple.edu:80/crafts/public_html/mjcc/local/gallery/seniorshow/SENIOR%20website_2006/pages%20etc/Amanda_Miller_3.htm
[3548/4502] http://www.temple.edu:80/crafts/public_html/mjcc/local/gallery/seniorshow/SENIOR%20website_2006/pages%20etc/Ashley_Chrostowski_1.htm
[3549/4502] http://www.temple.edu:80/crafts/public_html/mjcc/local/gallery/seniorshow/SENIOR%20website_2006/pages%20etc/Ashley_Chrostowski_2.htm
[3550/4502] http://www.temple.edu:80/crafts/public_html/mjcc/local/gallery/seniorshow/SENIOR%20website_2006/pages%20etc/Ashley_Chrostowski_3.htm
[3551/4502] http://www.temple.edu:80/crafts/public_html/mjcc/local/gallery/seniorshow/SENIOR%20website_2006/pages%20etc/Ellen_Himic_1.htm
[3552/4502] http://www.temple.edu:80/crafts/public_html/mjcc/local/gallery/seniorshow/SENIOR%20website_2006/pages%20etc/Ellen_Himic_2.htm
[3553/4502] http://www.temple.edu:80/crafts/public_html/mjcc/local/gallery/seniorshow/SENIOR%20website_2006/pages%20etc/Ellen_Himic_3.htm
[3554/4502] http://www.temple.edu:80/crafts/public_html/mjcc/local/gallery/seniorshow/SENIOR%20website_2006/pages%20etc/Gina_Johnson_1.htm
[3555/4502] http://www.temple.edu:80/crafts/public_html/mjcc/local/gallery/seniorshow/SENIOR%20website_2006/pages%20etc/Gina_Johnson_2.htm
[3556/4502] http://www.temple.edu:80/crafts/public_html/mjcc/local/gallery/seniorshow/SENIOR%20website_2006/pages%20etc/Gina_johnson_3.htm
[3557/4502] http://www.temple.edu:80/crafts/public_html/mjcc/local/gallery/seniorshow/SENIOR%20website_2006/pages%20etc/index.htm
[3558/4502] http://www.temple.edu:80/crafts/public_html/mjcc/local/gallery/seniorshow/SENIOR%20website_2006/pages%20etc/Jenn_McGowan_1.htm
[3559/4502] http://www.temple.edu:80/crafts/public_html/mjcc/local/gallery/seniorshow/SENIOR%20website_2006/pages%20etc/Jenn_McGowan_2.htm
[3560/4502] http://www.temple.edu:80/crafts/public_html/mjcc/local/gallery/seniorshow/SENIOR%20website_2006/pages%20etc/Jenn_McGowan_3.htm
[3561/4502] http://www.temple.edu:80/crafts/public_html/mjcc/local/gallery/seniorshow/SENIOR%20website_2006/pages%20etc/Jeremy_luettgen_3.htm
[3562/4502] http://www.temple.edu:80/crafts/public_html/mjcc/local/gallery/seniorshow/SENIOR%20website_2006/pages%20etc/Jim_Caldewll_1.htm
[3563/4502] http://www.temple.edu:80/crafts/public_html/mjcc/local/gallery/seniorshow/SENIOR%20website_2006/pages%20etc/Jim_Caldewll_2.htm
[3564/4502] http://www.temple.edu:80/crafts/public_html/mjcc/local/gallery/seniorshow/SENIOR%20website_2006/pages%20etc/Jim_Caldewll_3.htm
[3565/4502] http://www.temple.edu:80/crafts/public_html/mjcc/local/gallery/seniorshow/SENIOR%20website_2006/pages%20etc/Joanna_je_1.htm
[3566/4502] http://www.temple.edu:80/crafts/public_html/mjcc/local/gallery/seniorshow/SENIOR%20website_2006/pages%20etc/Joanna_je_2.htm
[3567/4502] http://www.temple.edu:80/crafts/public_html/mjcc/local/gallery/seniorshow/SENIOR%20website_2006/pages%20etc/Josh_DeMonte_1.htm
[3568/4502] http://www.temple.edu:80/crafts/public_html/mjcc/local/gallery/seniorshow/SENIOR%20website_2006/pages%20etc/Josh_DeMonte_2.htm
[3569/4502] http://www.temple.edu:80/crafts/public_html/mjcc/local/gallery/seniorshow/SENIOR%20website_2006/pages%20etc/Josh_DeMonte_3.htm
[3570/4502] http://www.temple.edu:80/crafts/public_html/mjcc/local/gallery/seniorshow/SENIOR%20website_2006/pages%20etc/Joy_Stember_1.htm
[3571/4502] http://www.temple.edu:80/crafts/public_html/mjcc/local/gallery/seniorshow/SENIOR%20website_2006/pages%20etc/Joy_Stember_2.htm
[3572/4502] http://www.temple.edu:80/crafts/public_html/mjcc/local/gallery/seniorshow/SENIOR%20website_2006/pages%20etc/Joy_Stember_3.htm
[3573/4502] http://www.temple.edu:80/crafts/public_html/mjcc/local/gallery/seniorshow/SENIOR%20website_2006/pages%20etc/Julianna_wolf_1.htm
[3574/4502] http://www.temple.edu:80/crafts/public_html/mjcc/local/gallery/seniorshow/SENIOR%20website_2006/pages%20etc/Julianna_wolf_2.htm
[3575/4502] http://www.temple.edu:80/crafts/public_html/mjcc/local/gallery/seniorshow/SENIOR%20website_2006/pages%20etc/Julianna_wolf_3.htm
[3576/4502] http://www.temple.edu:80/crafts/public_html/mjcc/local/gallery/seniorshow/SENIOR%20website_2006/pages%20etc/Laura_1.htm
[3577/4502] http://www.temple.edu:80/crafts/public_html/mjcc/local/gallery/seniorshow/SENIOR%20website_2006/pages%20etc/Laura_2.htm
[3578/4502] http://www.temple.edu:80/crafts/public_html/mjcc/local/gallery/seniorshow/SENIOR%20website_2006/pages%20etc/Laura_3.htm
[3579/4502] http://www.temple.edu:80/crafts/public_html/mjcc/local/gallery/seniorshow/SENIOR%20website_2006/pages%20etc/Maggie_wood-1.htm
[3580/4502] http://www.temple.edu:80/crafts/public_html/mjcc/local/gallery/seniorshow/SENIOR%20website_2006/pages%20etc/Maggie_wood-2.htm
[3581/4502] http://www.temple.edu:80/crafts/public_html/mjcc/local/gallery/seniorshow/SENIOR%20website_2006/pages%20etc/Maggie_wood-3.htm
[3582/4502] http://www.temple.edu:80/crafts/public_html/mjcc/local/gallery/seniorshow/SENIOR%20website_2006/pages%20etc/Matt_walker_1.htm
[3583/4502] http://www.temple.edu:80/crafts/public_html/mjcc/local/gallery/seniorshow/SENIOR%20website_2006/pages%20etc/Megan_morton_1.htm
[3584/4502] http://www.temple.edu:80/crafts/public_html/mjcc/local/gallery/seniorshow/SENIOR%20website_2006/pages%20etc/Megan_morton_2.htm
[3585/4502] http://www.temple.edu:80/crafts/public_html/mjcc/local/gallery/seniorshow/SENIOR%20website_2006/pages%20etc/Megan_morton_3.htm
[3586/4502] http://www.temple.edu:80/crafts/public_html/mjcc/local/gallery/seniorshow/SENIOR%20website_2006/pages%20etc/Rachel_Hershberger_1.htm
[3587/4502] http://www.temple.edu:80/crafts/public_html/mjcc/local/gallery/seniorshow/SENIOR%20website_2006/pages%20etc/Rachel_Hershberger_2.htm
[3588/4502] http://www.temple.edu:80/crafts/public_html/mjcc/local/gallery/seniorshow/SENIOR%20website_2006/pages%20etc/Rachel_Hershberger_3.htm
[3589/4502] http://www.temple.edu:80/crafts/public_html/mjcc/local/gallery/seniorshow/SENIOR%20website_2006/pages%20etc/Rebecca_Craig_1.htm
[3590/4502] http://www.temple.edu:80/crafts/public_html/mjcc/local/gallery/seniorshow/SENIOR%20website_2006/pages%20etc/Rebecca_craig_2.htm
[3591/4502] http://www.temple.edu:80/crafts/public_html/mjcc/local/gallery/seniorshow/SENIOR%20website_2006/pages%20etc/Rebecca_craig_3.htm
[3592/4502] http://www.temple.edu:80/crafts/public_html/mjcc/local/gallery/seniorshow/SENIOR%20website_2006/pages%20etc/Sarah_england_1.htm
[3593/4502] http://www.temple.edu:80/crafts/public_html/mjcc/local/gallery/seniorshow/SENIOR%20website_2006/pages%20etc/Sarah_england_2.htm
[3594/4502] http://www.temple.edu:80/crafts/public_html/mjcc/local/gallery/seniorshow/SENIOR%20website_2006/pages%20etc/Sarah_england_3.htm
[3595/4502] http://www.temple.edu:80/crafts/public_html/mjcc/local/gallery/seniorshow/seniorshow.html
[3596/4502] http://www.temple.edu:80/crafts/public_html/mjcc/local/gallery/seniorshow/seniorshow01/seniorshow.html
[3597/4502] http://www.temple.edu:80/crafts/public_html/mjcc/local/gallery/seniorshow/seniorshow02/individuals/seniorshow_gallery_cook.html
[3598/4502] http://www.temple.edu:80/crafts/public_html/mjcc/local/gallery/seniorshow/seniorshow02/individuals/seniorshow_gallery_epstein.html
[3599/4502] http://www.temple.edu:80/crafts/public_html/mjcc/local/gallery/seniorshow/seniorshow02/individuals/seniorshow_gallery_hutchins.html
[3600/4502] http://www.temple.edu:80/crafts/public_html/mjcc/local/gallery/seniorshow/seniorshow02/individuals/seniorshow_gallery_korony.html
[3601/4502] http://www.temple.edu:80/crafts/public_html/mjcc/local/gallery/seniorshow/seniorshow02/individuals/seniorshow_gallery_lex.html
[3602/4502] http://www.temple.edu:80/crafts/public_html/mjcc/local/gallery/seniorshow/seniorshow02/individuals/seniorshow_gallery_merritt.html
[3603/4502] http://www.temple.edu:80/crafts/public_html/mjcc/local/gallery/seniorshow/seniorshow02/individuals/seniorshow_gallery_prietovelasco.html
[3604/4502] http://www.temple.edu:80/crafts/public_html/mjcc/local/gallery/seniorshow/seniorshow02/individuals/seniorshow_gallery_reese.html
[3605/4502] http://www.temple.edu:80/crafts/public_html/mjcc/local/gallery/seniorshow/seniorshow02/individuals/seniorshow_gallery_reisman.html
[3606/4502] http://www.temple.edu:80/crafts/public_html/mjcc/local/gallery/seniorshow/seniorshow02/individuals/seniorshow_gallery_weinhofer.html
[3607/4502] http://www.temple.edu:80/crafts/public_html/mjcc/local/gallery/seniorshow/seniorshow02/individuals/seniorshow_gallery_wong.html
[3608/4502] http://www.temple.edu:80/crafts/public_html/mjcc/local/gallery/seniorshow/seniorshow02/seniorshow_gallery1.html
[3609/4502] http://www.temple.edu:80/crafts/public_html/mjcc/local/gallery/seniorshow/seniorshow02/seniorshow_gallery2.html
[3610/4502] http://www.temple.edu:80/crafts/public_html/mjcc/local/gallery/seniorshow/seniorshow02/seniorshow_gallery3.html
[3611/4502] http://www.temple.edu:80/crafts/public_html/mjcc/local/gallery/seniorshow/seniorshow02/seniorshow_gallery4.html
[3612/4502] http://www.temple.edu:80/crafts/public_html/mjcc/local/gallery/seniorshow/seniorshow02/seniorshow_gallery5.html
[3613/4502] http://www.temple.edu:80/crafts/public_html/mjcc/local/gallery/seniorshow/seniorshow02/seniorshow_gallery6.html
[3614/4502] http://www.temple.edu:80/crafts/public_html/mjcc/local/gallery/seniorshow/seniorshow02/seniorshow_gallery7.html
[3615/4502] http://www.temple.edu:80/crafts/public_html/mjcc/local/gallery/seniorshow/seniorshow02/seniorshow_gallery8.html
[3616/4502] http://www.temple.edu:80/crafts/public_html/mjcc/local/gallery/seniorshow/seniorshow02/seniorshow_gallerythankyou.html
[3617/4502] http://www.temple.edu:80/crafts/public_html/mjcc/local/gallery/seniorshow/seniorshow02/seniorshow_home.html
[3618/4502] http://www.temple.edu:80/crafts/public_html/mjcc/local/gallery/seniorshow/seniorshow03/seniorshow_03/seniorshow_03_gallery/seniorshow_gallery_baylor.htm
[3619/4502] http://www.temple.edu:80/crafts/public_html/mjcc/local/gallery/seniorshow/seniorshow03/seniorshow_03/seniorshow_03_gallery/seniorshow_gallery_beam.htm
[3620/4502] http://www.temple.edu:80/crafts/public_html/mjcc/local/gallery/seniorshow/seniorshow03/seniorshow_03/seniorshow_03_gallery/seniorshow_gallery_bosler.htm
[3621/4502] http://www.temple.edu:80/crafts/public_html/mjcc/local/gallery/seniorshow/seniorshow03/seniorshow_03/seniorshow_03_gallery/seniorshow_gallery_carson.htm
[3622/4502] http://www.temple.edu:80/crafts/public_html/mjcc/local/gallery/seniorshow/seniorshow03/seniorshow_03/seniorshow_03_gallery/seniorshow_gallery_cook.html
[3623/4502] http://www.temple.edu:80/crafts/public_html/mjcc/local/gallery/seniorshow/seniorshow03/seniorshow_03/seniorshow_03_gallery/seniorshow_gallery_darling.htm
[3624/4502] http://www.temple.edu:80/crafts/public_html/mjcc/local/gallery/seniorshow/seniorshow03/seniorshow_03/seniorshow_03_gallery/seniorshow_gallery_druckenmiller.htm
[3625/4502] http://www.temple.edu:80/crafts/public_html/mjcc/local/gallery/seniorshow/seniorshow03/seniorshow_03/seniorshow_03_gallery/seniorshow_gallery_fluharty.htm
[3626/4502] http://www.temple.edu:80/crafts/public_html/mjcc/local/gallery/seniorshow/seniorshow03/seniorshow_03/seniorshow_03_gallery/seniorshow_gallery_home.htm
[3627/4502] http://www.temple.edu:80/crafts/public_html/mjcc/local/gallery/seniorshow/seniorshow03/seniorshow_03/seniorshow_03_gallery/seniorshow_gallery_kerper.htm
[3628/4502] http://www.temple.edu:80/crafts/public_html/mjcc/local/gallery/seniorshow/seniorshow03/seniorshow_03/seniorshow_03_gallery/seniorshow_gallery_lisowski.htm
[3629/4502] http://www.temple.edu:80/crafts/public_html/mjcc/local/gallery/seniorshow/seniorshow03/seniorshow_03/seniorshow_03_gallery/seniorshow_gallery_magrann.htm
[3630/4502] http://www.temple.edu:80/crafts/public_html/mjcc/local/gallery/seniorshow/seniorshow03/seniorshow_03/seniorshow_03_gallery/seniorshow_gallery_paparone.htm
[3631/4502] http://www.temple.edu:80/crafts/public_html/mjcc/local/gallery/seniorshow/seniorshow03/seniorshow_03/seniorshow_03_gallery/seniorshow_gallery_park.htm
[3632/4502] http://www.temple.edu:80/crafts/public_html/mjcc/local/gallery/seniorshow/seniorshow03/seniorshow_03/seniorshow_03_gallery/seniorshow_gallery_stowman.htm
[3633/4502] http://www.temple.edu:80/crafts/public_html/mjcc/local/gallery/seniorshow/seniorshow03/seniorshow_03/seniorshow_03_gallery/seniorshow_gallery_trohaugh.htm
[3634/4502] http://www.temple.edu:80/crafts/public_html/mjcc/local/gallery/seniorshow/seniorshow03/seniorshow_03/seniorshow_03_gallery/seniorshow_gallery_trunk.htm
[3635/4502] http://www.temple.edu:80/crafts/public_html/mjcc/local/gallery/seniorshow/seniorshow03/seniorshow_03/seniorshow_03_individual/seniorshow_individual_baylor.htm
[3636/4502] http://www.temple.edu:80/crafts/public_html/mjcc/local/gallery/seniorshow/seniorshow03/seniorshow_03/seniorshow_03_individual/seniorshow_individual_beam.htm
[3637/4502] http://www.temple.edu:80/crafts/public_html/mjcc/local/gallery/seniorshow/seniorshow03/seniorshow_03/seniorshow_03_individual/seniorshow_individual_bosler.htm
[3638/4502] http://www.temple.edu:80/crafts/public_html/mjcc/local/gallery/seniorshow/seniorshow03/seniorshow_03/seniorshow_03_individual/seniorshow_individual_carson.htm
[3639/4502] http://www.temple.edu:80/crafts/public_html/mjcc/local/gallery/seniorshow/seniorshow03/seniorshow_03/seniorshow_03_individual/seniorshow_individual_cook.htm
[3640/4502] http://www.temple.edu:80/crafts/public_html/mjcc/local/gallery/seniorshow/seniorshow03/seniorshow_03/seniorshow_03_individual/seniorshow_individual_darling.htm
[3641/4502] http://www.temple.edu:80/crafts/public_html/mjcc/local/gallery/seniorshow/seniorshow03/seniorshow_03/seniorshow_03_individual/seniorshow_individual_druckenmiller.htm
[3642/4502] http://www.temple.edu:80/crafts/public_html/mjcc/local/gallery/seniorshow/seniorshow03/seniorshow_03/seniorshow_03_individual/seniorshow_individual_fluharty.htm
[3643/4502] http://www.temple.edu:80/crafts/public_html/mjcc/local/gallery/seniorshow/seniorshow03/seniorshow_03/seniorshow_03_individual/seniorshow_individual_kerper.htm
[3644/4502] http://www.temple.edu:80/crafts/public_html/mjcc/local/gallery/seniorshow/seniorshow03/seniorshow_03/seniorshow_03_individual/seniorshow_individual_lisowski.htm
[3645/4502] http://www.temple.edu:80/crafts/public_html/mjcc/local/gallery/seniorshow/seniorshow03/seniorshow_03/seniorshow_03_individual/seniorshow_individual_magrann.htm
[3646/4502] http://www.temple.edu:80/crafts/public_html/mjcc/local/gallery/seniorshow/seniorshow03/seniorshow_03/seniorshow_03_individual/seniorshow_individual_paparone.htm
[3647/4502] http://www.temple.edu:80/crafts/public_html/mjcc/local/gallery/seniorshow/seniorshow03/seniorshow_03/seniorshow_03_individual/seniorshow_individual_park.htm
[3648/4502] http://www.temple.edu:80/crafts/public_html/mjcc/local/gallery/seniorshow/seniorshow03/seniorshow_03/seniorshow_03_individual/seniorshow_individual_stowman.htm
[3649/4502] http://www.temple.edu:80/crafts/public_html/mjcc/local/gallery/seniorshow/seniorshow03/seniorshow_03/seniorshow_03_individual/seniorshow_individual_trohaugh.htm
[3650/4502] http://www.temple.edu:80/crafts/public_html/mjcc/local/gallery/seniorshow/seniorshow03/seniorshow_03/seniorshow_03_individual/seniorshow_individual_trunk.htm
[3651/4502] http://www.temple.edu:80/crafts/public_html/mjcc/local/gallery/seniorshow/seniorshow05/Home%20page/Carolyn_1.htm
[3652/4502] http://www.temple.edu:80/crafts/public_html/mjcc/local/gallery/seniorshow/seniorshow05/Home%20page/Carolyn_2.htm
[3653/4502] http://www.temple.edu:80/crafts/public_html/mjcc/local/gallery/seniorshow/seniorshow05/Home%20page/Carolyn_3.htm
[3654/4502] http://www.temple.edu:80/crafts/public_html/mjcc/local/gallery/seniorshow/seniorshow05/Home%20page/Chris_1.htm
[3655/4502] http://www.temple.edu:80/crafts/public_html/mjcc/local/gallery/seniorshow/seniorshow05/Home%20page/Chris_2.htm
[3656/4502] http://www.temple.edu:80/crafts/public_html/mjcc/local/gallery/seniorshow/seniorshow05/Home%20page/Chris_3.htm
[3657/4502] http://www.temple.edu:80/crafts/public_html/mjcc/local/gallery/seniorshow/seniorshow05/Home%20page/Jen_1.htm
[3658/4502] http://www.temple.edu:80/crafts/public_html/mjcc/local/gallery/seniorshow/seniorshow06/pages%20etc/Ashley_Chrostowski_1.htm
[3659/4502] http://www.temple.edu:80/crafts/public_html/mjcc/local/gallery/seniorshow/seniorshow06/pages%20etc/Ashley_Chrostowski_2.htm
[3660/4502] http://www.temple.edu:80/crafts/public_html/mjcc/local/gallery/seniorshow/seniorshow06/pages%20etc/Ashley_Chrostowski_3.htm
[3661/4502] http://www.temple.edu:80/crafts/public_html/mjcc/local/gallery/seniorshow/seniorshow06/pages%20etc/Ellen_Himic_1.htm
[3662/4502] http://www.temple.edu:80/crafts/public_html/mjcc/local/gallery/seniorshow/seniorshow06/pages%20etc/Ellen_Himic_2.htm
[3663/4502] http://www.temple.edu:80/crafts/public_html/mjcc/local/gallery/seniorshow/seniorshow06/pages%20etc/Ellen_Himic_3.htm
[3664/4502] http://www.temple.edu:80/crafts/public_html/mjcc/local/gallery/seniorshow/seniorshow06/pages%20etc/index.htm
[3665/4502] http://www.temple.edu:80/crafts/public_html/mjcc/local/gallery/seniorshow/seniorshow06/pages%20etc/Julianna_wolf_1.htm
[3666/4502] http://www.temple.edu:80/crafts/public_html/mjcc/local/gallery/seniorshow/seniorshow06/pages%20etc/Julianna_wolf_2.htm
[3667/4502] http://www.temple.edu:80/crafts/public_html/mjcc/local/gallery/seniorshow/seniorshow06/pages%20etc/Laura_1.htm
[3668/4502] http://www.temple.edu:80/crafts/public_html/mjcc/local/gallery/seniorshow/seniorshow06/pages%20etc/Laura_2.htm
[3669/4502] http://www.temple.edu:80/crafts/public_html/mjcc/local/gallery/seniorshow/seniorshow06/pages%20etc/Laura_3.htm
[3670/4502] http://www.temple.edu:80/crafts/public_html/mjcc/local/gallery/seniorshow/seniorshow06/pages%20etc/Maggie_wood-1.htm
[3671/4502] http://www.temple.edu:80/crafts/public_html/mjcc/local/gallery/seniorshow/seniorshow06/pages%20etc/Maggie_wood-2.htm
[3672/4502] http://www.temple.edu:80/crafts/public_html/mjcc/local/gallery/seniorshow/seniorshow06/pages%20etc/Maggie_wood-3.htm
[3673/4502] http://www.temple.edu:80/crafts/public_html/mjcc/local/gallery/seniorshow/seniorshow06/pages%20etc/Megan_morton_2.htm
[3674/4502] http://www.temple.edu:80/crafts/public_html/mjcc/local/gallery/seniorshow/seniorshow06/pages%20etc/Megan_morton_3.htm
[3675/4502] http://www.temple.edu:80/crafts/public_html/mjcc/local/gallery/seniorshow/seniorshow06/pages%20etc/Seah_lee_2.htm
[3676/4502] http://www.temple.edu:80/crafts/public_html/mjcc/local/gallery/seniorshow/seniorshow06/pages%20etc/Seah_lee_3.htm
[3677/4502] http://www.temple.edu:80/crafts/public_html/mjcc/local/gallery/seniorshow/seniorshow07/images/namowicz_angela/namowicz2.htm
[3678/4502] http://www.temple.edu:80/crafts/public_html/mjcc/local/gallery/seniorshow/seniorshow07/index.htm
[3679/4502] http://www.temple.edu:80/crafts/public_html/mjcc/local/gallery/seniorshow/seniorshow08/frey/01.htm
[3680/4502] http://www.temple.edu:80/crafts/public_html/mjcc/local/gallery/seniorshow/seniorshow08/index.htm
[3681/4502] http://www.temple.edu:80/crafts/public_html/mjcc/local/gallery/seniorshow/seniorshow08/kkim/01.htm
[3682/4502] http://www.temple.edu:80/crafts/public_html/mjcc/local/gallery/seniorshow/seniorshow08/kkim/02.htm
[3683/4502] http://www.temple.edu:80/crafts/public_html/mjcc/local/gallery/seniorshow/seniorshow08/kkim/03.htm
[3684/4502] http://www.temple.edu:80/crafts/public_html/mjcc/local/gallery/seniorshow/seniorshow08/pettie/01.htm
[3685/4502] http://www.temple.edu:80/crafts/public_html/mjcc/local/gallery/seniorshow/seniorshow08/pettie/02.htm
[3686/4502] http://www.temple.edu:80/crafts/public_html/mjcc/local/gallery/seniorshow/seniorshow08/pettie/03.htm
[3687/4502] http://www.temple.edu:80/crafts/public_html/mjcc/local/gallery/seniorshow/seniorshow08/stauffer/01.htm
[3688/4502] http://www.temple.edu:80/crafts/public_html/mjcc/local/gallery/seniorshow/seniorshow08/ttg/01.htm
[3689/4502] http://www.temple.edu:80/crafts/public_html/mjcc/local/gallery/seniorshow/seniorshow08/ttg/02.htm
[3690/4502] http://www.temple.edu:80/crafts/public_html/mjcc/local/gallery/seniorshow/seniorshow08/ttg/03.htm
[3691/4502] http://www.temple.edu:80/crafts/public_html/mjcc/local/gallery/seniorshow/seniorshow08/ttg/04.htm
[3692/4502] http://www.temple.edu:80/crafts/public_html/mjcc/local/gallery/seniorshow/seniorshow08/ttg/05.htm
[3693/4502] http://www.temple.edu:80/crafts/public_html/mjcc/local/gallery/seniorshow/seniorshow08/ttg/06.htm
[3694/4502] http://www.temple.edu:80/crafts/public_html/mjcc/local/gallery/seniorshow/seniorshow08/ttg/07.htm
[3695/4502] http://www.temple.edu:80/crafts/public_html/mjcc/local/gallery/seniorshow/seniorshow08/ttg/08.htm
[3696/4502] http://www.temple.edu:80/crafts/public_html/mjcc/local/gallery/seniorshow/seniorshow08/ttg/09.htm
[3697/4502] http://www.temple.edu:80/crafts/public_html/mjcc/local/gallery/seniorshow/seniorshow08/ttg/10.htm
[3698/4502] http://www.temple.edu:80/crafts/public_html/mjcc/local/gallery/seniorshow/seniorshow08/ttg/11.htm
[3699/4502] http://www.temple.edu:80/crafts/public_html/mjcc/local/gallery/seniorshow/seniorshow08/webber/01.htm
[3700/4502] http://www.temple.edu:80/crafts/public_html/mjcc/local/gallery/seniorshow/seniorshow08/webber/02.htm
[3701/4502] http://www.temple.edu:80/crafts/public_html/mjcc/local/gallery/seniorshow/seniorshow08/webber/03.htm
[3702/4502] http://www.temple.edu:80/crafts/public_html/mjcc/local/gallery/seniorshow/seniorshow09/home/homepage.html
[3703/4502] http://www.temple.edu:80/crafts/public_html/mjcc/local/gallery/seniorshow/seniorshow10/senior10_home.html
[3704/4502] http://www.temple.edu:80/crafts/public_html/mjcc/local/gallery/student/Cad_gal_stu.htm
[3705/4502] http://www.temple.edu:80/crafts/public_html/mjcc/local/gallery/student/gal_student.html
[3706/4502] http://www.temple.edu:80/crafts/public_html/mjcc/local/gallery/student/handwork/handwork.html
[3707/4502] http://www.temple.edu:80/crafts/public_html/mjcc/local/gallery/thesis/alaniz_2010-05-11/alaniz/alaniz.html
[3708/4502] http://www.temple.edu:80/crafts/public_html/mjcc/local/gallery/thesis/annand/annand/Home.html
[3709/4502] http://www.temple.edu:80/crafts/public_html/mjcc/local/gallery/thesis/blum/Blum_Frontpage/blum.htm
[3710/4502] http://www.temple.edu:80/crafts/public_html/mjcc/local/gallery/thesis/blum/Blum_Frontpage/blum_cv/blum_cv.htm
[3711/4502] http://www.temple.edu:80/crafts/public_html/mjcc/local/gallery/thesis/blum/Blum_Frontpage/blum_gallery/blum_gallery.htm
[3712/4502] http://www.temple.edu:80/crafts/public_html/mjcc/local/gallery/thesis/blum/Blum_Frontpage/blum_gallery/furniture_gallery/convertable/blum_convertable.htm
[3713/4502] http://www.temple.edu:80/crafts/public_html/mjcc/local/gallery/thesis/blum/Blum_Frontpage/blum_gallery/furniture_gallery/gallery_furniture_main.htm
[3714/4502] http://www.temple.edu:80/crafts/public_html/mjcc/local/gallery/thesis/blum/Blum_Frontpage/blum_gallery/furniture_gallery/ghost/blum_ghost.htm
[3715/4502] http://www.temple.edu:80/crafts/public_html/mjcc/local/gallery/thesis/blum/Blum_Frontpage/blum_gallery/glassware_gallery/blum_offset/blum_offset.htm
[3716/4502] http://www.temple.edu:80/crafts/public_html/mjcc/local/gallery/thesis/blum/Blum_Frontpage/blum_gallery/glassware_gallery/blum_portal/blum_portal.htm
[3717/4502] http://www.temple.edu:80/crafts/public_html/mjcc/local/gallery/thesis/blum/Blum_Frontpage/blum_gallery/glassware_gallery/blum_roller_coaster/blum_roller_coaster.htm
[3718/4502] http://www.temple.edu:80/crafts/public_html/mjcc/local/gallery/thesis/blum/Blum_Frontpage/blum_gallery/glassware_gallery/Gallery-Glassware-Main.htm
[3719/4502] http://www.temple.edu:80/crafts/public_html/mjcc/local/gallery/thesis/blum/Blum_Frontpage/blum_gallery/lighting_gallery/gallery_lighting_main.htm
[3720/4502] http://www.temple.edu:80/crafts/public_html/mjcc/local/gallery/thesis/blum/Blum_Frontpage/blum_gallery/lighting_gallery/sculling/blum_sculling.htm
[3721/4502] http://www.temple.edu:80/crafts/public_html/mjcc/local/gallery/thesis/blum/Blum_Frontpage/blum_gallery/lighting_gallery/sputnik/blum_sputnik.htm
[3722/4502] http://www.temple.edu:80/crafts/public_html/mjcc/local/gallery/thesis/bucci/gallery/gallery1.html
[3723/4502] http://www.temple.edu:80/crafts/public_html/mjcc/local/gallery/thesis/bucci/indexdb.html
[3724/4502] http://www.temple.edu:80/crafts/public_html/mjcc/local/gallery/thesis/bucci/menudb.html
[3725/4502] http://www.temple.edu:80/crafts/public_html/mjcc/local/gallery/thesis/bucci/resume/resume.html
[3726/4502] http://www.temple.edu:80/crafts/public_html/mjcc/local/gallery/thesis/bucci/statement/statement1.html
[3727/4502] http://www.temple.edu:80/crafts/public_html/mjcc/local/gallery/thesis/chen/chenhome/chen_home.htm
[3728/4502] http://www.temple.edu:80/crafts/public_html/mjcc/local/gallery/thesis/czapka/bracelets.htm
[3729/4502] http://www.temple.edu:80/crafts/public_html/mjcc/local/gallery/thesis/czapka/brooches.htm
[3730/4502] http://www.temple.edu:80/crafts/public_html/mjcc/local/gallery/thesis/czapka/czapka.htm
[3731/4502] http://www.temple.edu:80/crafts/public_html/mjcc/local/gallery/thesis/czapka/gallery.htm
[3732/4502] http://www.temple.edu:80/crafts/public_html/mjcc/local/gallery/thesis/czapka/resume.htm
[3733/4502] http://www.temple.edu:80/crafts/public_html/mjcc/local/gallery/thesis/czapka/rings.htm
[3734/4502] http://www.temple.edu:80/crafts/public_html/mjcc/local/gallery/thesis/czapka/statement.htm
[3735/4502] http://www.temple.edu:80/crafts/public_html/mjcc/local/gallery/thesis/fletcher/cv/cv_main.htm
[3736/4502] http://www.temple.edu:80/crafts/public_html/mjcc/local/gallery/thesis/fletcher/fletcher.htm
[3737/4502] http://www.temple.edu:80/crafts/public_html/mjcc/local/gallery/thesis/fletcher/gallery_main/bending_brooch/page_1.htm
[3738/4502] http://www.temple.edu:80/crafts/public_html/mjcc/local/gallery/thesis/fletcher/gallery_main/clamp_brooch/page_2.htm
[3739/4502] http://www.temple.edu:80/crafts/public_html/mjcc/local/gallery/thesis/fletcher/gallery_main/clamp_brooch_3/page_6.htm
[3740/4502] http://www.temple.edu:80/crafts/public_html/mjcc/local/gallery/thesis/fletcher/gallery_main/coffee_brooch/page_3.htm
[3741/4502] http://www.temple.edu:80/crafts/public_html/mjcc/local/gallery/thesis/fletcher/gallery_main/examination_brooch/page_4.htm
[3742/4502] http://www.temple.edu:80/crafts/public_html/mjcc/local/gallery/thesis/fletcher/gallery_main/examination_brooch_2/page_8.htm
[3743/4502] http://www.temple.edu:80/crafts/public_html/mjcc/local/gallery/thesis/fletcher/gallery_main/gallery_main.htm
[3744/4502] http://www.temple.edu:80/crafts/public_html/mjcc/local/gallery/thesis/fletcher/gallery_main/glyde_dam_brooch/page_10.htm
[3745/4502] http://www.temple.edu:80/crafts/public_html/mjcc/local/gallery/thesis/fletcher/gallery_main/one_sided_brooch/page_5.htm
[3746/4502] http://www.temple.edu:80/crafts/public_html/mjcc/local/gallery/thesis/fletcher/gallery_main/pressure/page_7.htm
[3747/4502] http://www.temple.edu:80/crafts/public_html/mjcc/local/gallery/thesis/fletcher/gallery_main/ridged_brooch/page_9.htm
[3748/4502] http://www.temple.edu:80/crafts/public_html/mjcc/local/gallery/thesis/fletcher/gallery_main/ridged_brooch_2/page_12.htm
[3749/4502] http://www.temple.edu:80/crafts/public_html/mjcc/local/gallery/thesis/fletcher/gallery_main/uncertainty/page_11.htm
[3750/4502] http://www.temple.edu:80/crafts/public_html/mjcc/local/gallery/thesis/fletcher/statement/statement_main.htm
[3751/4502] http://www.temple.edu:80/crafts/public_html/mjcc/local/gallery/thesis/grealish/Grealish_home.htm
[3752/4502] http://www.temple.edu:80/crafts/public_html/mjcc/local/gallery/thesis/griffin/griffin.html
[3753/4502] http://www.temple.edu:80/crafts/public_html/mjcc/local/gallery/thesis/griffin/resume/resume.html
[3754/4502] http://www.temple.edu:80/crafts/public_html/mjcc/local/gallery/thesis/griffin/statement/statement.html
[3755/4502] http://www.temple.edu:80/crafts/public_html/mjcc/local/gallery/thesis/h_park/cv/cv.html
[3756/4502] http://www.temple.edu:80/crafts/public_html/mjcc/local/gallery/thesis/h_park/gallery/galleryfinalpage.htm
[3757/4502] http://www.temple.edu:80/crafts/public_html/mjcc/local/gallery/thesis/h_park/Parkhome/park1.html
[3758/4502] http://www.temple.edu:80/crafts/public_html/mjcc/local/gallery/thesis/h_park/statement/statement.html
[3759/4502] http://www.temple.edu:80/crafts/public_html/mjcc/local/gallery/thesis/Heidinger/gallery/gallery.html
[3760/4502] http://www.temple.edu:80/crafts/public_html/mjcc/local/gallery/thesis/Heidinger/heidinger.html
[3762/4502] http://www.temple.edu:80/crafts/public_html/mjcc/local/gallery/thesis/Heidinger/resume/resume.html
[3763/4502] http://www.temple.edu:80/crafts/public_html/mjcc/local/gallery/thesis/Heidinger/statement/statement.html
[3764/4502] http://www.temple.edu:80/crafts/public_html/mjcc/local/gallery/thesis/hocker/hocker_website/hocker_home.htm
[3765/4502] http://www.temple.edu:80/crafts/public_html/mjcc/local/gallery/thesis/hocker_website/hocker_gallery/hocker_gallery.htm
[3766/4502] http://www.temple.edu:80/crafts/public_html/mjcc/local/gallery/thesis/hocker_website/hocker_home.htm
[3767/4502] http://www.temple.edu:80/crafts/public_html/mjcc/local/gallery/thesis/hollow_horn/Home-Hollow-Horn.html
[3768/4502] http://www.temple.edu:80/crafts/public_html/mjcc/local/gallery/thesis/hooper/
[3769/4502] http://www.temple.edu:80/crafts/public_html/mjcc/local/gallery/thesis/hooper/blubr10.html
[3770/4502] http://www.temple.edu:80/crafts/public_html/mjcc/local/gallery/thesis/hooper/blubr12.html
[3771/4502] http://www.temple.edu:80/crafts/public_html/mjcc/local/gallery/thesis/hooper/blubr8.html
[3772/4502] http://www.temple.edu:80/crafts/public_html/mjcc/local/gallery/thesis/hooper/bndbr10.html
[3773/4502] http://www.temple.edu:80/crafts/public_html/mjcc/local/gallery/thesis/hooper/bndbr12.html
[3774/4502] http://www.temple.edu:80/crafts/public_html/mjcc/local/gallery/thesis/hooper/bndbr8.html
[3775/4502] http://www.temple.edu:80/crafts/public_html/mjcc/local/gallery/thesis/hooper/collar10.html
[3776/4502] http://www.temple.edu:80/crafts/public_html/mjcc/local/gallery/thesis/hooper/collar12.html
[3777/4502] http://www.temple.edu:80/crafts/public_html/mjcc/local/gallery/thesis/hooper/collar8.html
[3778/4502] http://www.temple.edu:80/crafts/public_html/mjcc/local/gallery/thesis/hooper/cont10x7.html
[3779/4502] http://www.temple.edu:80/crafts/public_html/mjcc/local/gallery/thesis/hooper/cont12x1.html
[3780/4502] http://www.temple.edu:80/crafts/public_html/mjcc/local/gallery/thesis/hooper/cont8x6.html
[3781/4502] http://www.temple.edu:80/crafts/public_html/mjcc/local/gallery/thesis/hooper/ear10x7.html
[3782/4502] http://www.temple.edu:80/crafts/public_html/mjcc/local/gallery/thesis/hooper/ear12x10.html
[3783/4502] http://www.temple.edu:80/crafts/public_html/mjcc/local/gallery/thesis/hooper/ear8x6.html
[3785/4502] http://www.temple.edu:80/crafts/public_html/mjcc/local/gallery/thesis/hooper/knob10x7.html
[3786/4502] http://www.temple.edu:80/crafts/public_html/mjcc/local/gallery/thesis/hooper/knob12x1.html
[3787/4502] http://www.temple.edu:80/crafts/public_html/mjcc/local/gallery/thesis/hooper/knob8x6.html
[3788/4502] http://www.temple.edu:80/crafts/public_html/mjcc/local/gallery/thesis/hooper/oring10x.html
[3789/4502] http://www.temple.edu:80/crafts/public_html/mjcc/local/gallery/thesis/hooper/oring12x.html
[3790/4502] http://www.temple.edu:80/crafts/public_html/mjcc/local/gallery/thesis/hooper/oring8x6.html
[3791/4502] http://www.temple.edu:80/crafts/public_html/mjcc/local/gallery/thesis/hooper/put10x7.html
[3792/4502] http://www.temple.edu:80/crafts/public_html/mjcc/local/gallery/thesis/hooper/putt12x1.html
[3793/4502] http://www.temple.edu:80/crafts/public_html/mjcc/local/gallery/thesis/hooper/putt8x6.html
[3794/4502] http://www.temple.edu:80/crafts/public_html/mjcc/local/gallery/thesis/hooper/ring10x7.html
[3795/4502] http://www.temple.edu:80/crafts/public_html/mjcc/local/gallery/thesis/hooper/ring12x1.html
[3796/4502] http://www.temple.edu:80/crafts/public_html/mjcc/local/gallery/thesis/hooper/ring8x6.html
[3797/4502] http://www.temple.edu:80/crafts/public_html/mjcc/local/gallery/thesis/hooper/sb10x7.html
[3798/4502] http://www.temple.edu:80/crafts/public_html/mjcc/local/gallery/thesis/hooper/sb12x10.html
[3799/4502] http://www.temple.edu:80/crafts/public_html/mjcc/local/gallery/thesis/hooper/sb8x6.html
[3800/4502] http://www.temple.edu:80/crafts/public_html/mjcc/local/gallery/thesis/hooper/sc10x7.html
[3801/4502] http://www.temple.edu:80/crafts/public_html/mjcc/local/gallery/thesis/hooper/sc12.html
[3802/4502] http://www.temple.edu:80/crafts/public_html/mjcc/local/gallery/thesis/hooper/sc8x6.html
[3803/4502] http://www.temple.edu:80/crafts/public_html/mjcc/local/gallery/thesis/hooper/spin10x7.html
[3804/4502] http://www.temple.edu:80/crafts/public_html/mjcc/local/gallery/thesis/hooper/spin12x1.html
[3805/4502] http://www.temple.edu:80/crafts/public_html/mjcc/local/gallery/thesis/hooper/spin8x6.html
[3806/4502] http://www.temple.edu:80/crafts/public_html/mjcc/local/gallery/thesis/hsu/cv/cv.htm
[3807/4502] http://www.temple.edu:80/crafts/public_html/mjcc/local/gallery/thesis/hsu/gallery_bracelet/brac_4bln2.htm
[3808/4502] http://www.temple.edu:80/crafts/public_html/mjcc/local/gallery/thesis/hsu/gallery_bracelet/brac_curve.htm
[3809/4502] http://www.temple.edu:80/crafts/public_html/mjcc/local/gallery/thesis/hsu/gallery_bracelet/brac_horizontal.htm
[3810/4502] http://www.temple.edu:80/crafts/public_html/mjcc/local/gallery/thesis/hsu/gallery_bracelet/brac_long.htm
[3811/4502] http://www.temple.edu:80/crafts/public_html/mjcc/local/gallery/thesis/hsu/gallery_bracelet/brac_short.htm
[3812/4502] http://www.temple.edu:80/crafts/public_html/mjcc/local/gallery/thesis/hsu/gallery_bracelet/gallery_bracelet.htm
[3813/4502] http://www.temple.edu:80/crafts/public_html/mjcc/local/gallery/thesis/hsu/gallery_neckpiece/gallery_neckpiece.htm
[3814/4502] http://www.temple.edu:80/crafts/public_html/mjcc/local/gallery/thesis/hsu/gallery_neckpiece/neck_1gold.htm
[3815/4502] http://www.temple.edu:80/crafts/public_html/mjcc/local/gallery/thesis/hsu/gallery_neckpiece/neck_2gls.htm
[3816/4502] http://www.temple.edu:80/crafts/public_html/mjcc/local/gallery/thesis/hsu/gallery_neckpiece/neck_2gold.htm
[3817/4502] http://www.temple.edu:80/crafts/public_html/mjcc/local/gallery/thesis/hsu/gallery_neckpiece/neck_clear_web.htm
[3818/4502] http://www.temple.edu:80/crafts/public_html/mjcc/local/gallery/thesis/hsu/gallery_neckpiece/neck_cluster.htm
[3819/4502] http://www.temple.edu:80/crafts/public_html/mjcc/local/gallery/thesis/hsu/gallery_neckpiece/neck_shoulder.htm
[3820/4502] http://www.temple.edu:80/crafts/public_html/mjcc/local/gallery/thesis/hsu/gallery_neckpiece/neckp_org_web.htm
[3821/4502] http://www.temple.edu:80/crafts/public_html/mjcc/local/gallery/thesis/hsu/homepage/hsu.htm
[3822/4502] http://www.temple.edu:80/crafts/public_html/mjcc/local/gallery/thesis/hsu/statement/statement.htm
[3823/4502] http://www.temple.edu:80/crafts/public_html/mjcc/local/gallery/thesis/hsu/video/video.htm
[3824/4502] http://www.temple.edu:80/crafts/public_html/mjcc/local/gallery/thesis/kawase/1024_pendant_face_k.html
[3825/4502] http://www.temple.edu:80/crafts/public_html/mjcc/local/gallery/thesis/kawase/1024_pendant_face_m.html
[3826/4502] http://www.temple.edu:80/crafts/public_html/mjcc/local/gallery/thesis/kawase/1024_pendant_face_t.html
[3827/4502] http://www.temple.edu:80/crafts/public_html/mjcc/local/gallery/thesis/kawase/1024_pendant_face_u.html
[3828/4502] http://www.temple.edu:80/crafts/public_html/mjcc/local/gallery/thesis/kawase/1024_pendant_k.html
[3829/4502] http://www.temple.edu:80/crafts/public_html/mjcc/local/gallery/thesis/kawase/1024_pendant_m.html
[3830/4502] http://www.temple.edu:80/crafts/public_html/mjcc/local/gallery/thesis/kawase/1024_pendant_t.html
[3831/4502] http://www.temple.edu:80/crafts/public_html/mjcc/local/gallery/thesis/kawase/1024_pendant_u.html
[3832/4502] http://www.temple.edu:80/crafts/public_html/mjcc/local/gallery/thesis/kawase/1024_pivot_bio_top.html
[3833/4502] http://www.temple.edu:80/crafts/public_html/mjcc/local/gallery/thesis/kawase/1024_pivot_bug_back.html
[3834/4502] http://www.temple.edu:80/crafts/public_html/mjcc/local/gallery/thesis/kawase/1024_pivot_flat.html
[3835/4502] http://www.temple.edu:80/crafts/public_html/mjcc/local/gallery/thesis/kawase/airplane.html
[3836/4502] http://www.temple.edu:80/crafts/public_html/mjcc/local/gallery/thesis/kawase/airplaneanime.html
[3837/4502] http://www.temple.edu:80/crafts/public_html/mjcc/local/gallery/thesis/kawase/animatio1.html
[3838/4502] http://www.temple.edu:80/crafts/public_html/mjcc/local/gallery/thesis/kawase/anime_theater_pendant_kaeru.html
[3839/4502] http://www.temple.edu:80/crafts/public_html/mjcc/local/gallery/thesis/kawase/anime_theater_pendant_monkey.html
[3840/4502] http://www.temple.edu:80/crafts/public_html/mjcc/local/gallery/thesis/kawase/anime_theater_pendant_tiger.html
[3841/4502] http://www.temple.edu:80/crafts/public_html/mjcc/local/gallery/thesis/kawase/anime_theater_pendant_usagi.html
[3842/4502] http://www.temple.edu:80/crafts/public_html/mjcc/local/gallery/thesis/kawase/anime_theater_pivot.html
[3843/4502] http://www.temple.edu:80/crafts/public_html/mjcc/local/gallery/thesis/kawase/animerob.html
[3844/4502] http://www.temple.edu:80/crafts/public_html/mjcc/local/gallery/thesis/kawase/cafe_de_maco_cups.html
[3845/4502] http://www.temple.edu:80/crafts/public_html/mjcc/local/gallery/thesis/kawase/disk1024.html
[3846/4502] http://www.temple.edu:80/crafts/public_html/mjcc/local/gallery/thesis/kawase/finger10.html
[3847/4502] http://www.temple.edu:80/crafts/public_html/mjcc/local/gallery/thesis/kawase/gallery.html
[3848/4502] http://www.temple.edu:80/crafts/public_html/mjcc/local/gallery/thesis/kawase/gallery_onthetop_bracelet.html
[3849/4502] http://www.temple.edu:80/crafts/public_html/mjcc/local/gallery/thesis/kawase/gallery_onthetop_pendant.html
[3850/4502] http://www.temple.edu:80/crafts/public_html/mjcc/local/gallery/thesis/kawase/galleryfourjello.html
[3851/4502] http://www.temple.edu:80/crafts/public_html/mjcc/local/gallery/thesis/kawase/gallerythreecombi.html
[3852/4502] http://www.temple.edu:80/crafts/public_html/mjcc/local/gallery/thesis/kawase/gallerytwo.html
[3853/4502] http://www.temple.edu:80/crafts/public_html/mjcc/local/gallery/thesis/kawase/hiraanim.html
[3854/4502] http://www.temple.edu:80/crafts/public_html/mjcc/local/gallery/thesis/kawase/kanzashi.html
[3855/4502] http://www.temple.edu:80/crafts/public_html/mjcc/local/gallery/thesis/kawase/kawase.html
[3856/4502] http://www.temple.edu:80/crafts/public_html/mjcc/local/gallery/thesis/kawase/long1024.html
[3857/4502] http://www.temple.edu:80/crafts/public_html/mjcc/local/gallery/thesis/kawase/longanim.html
[3858/4502] http://www.temple.edu:80/crafts/public_html/mjcc/local/gallery/thesis/kawase/resumedone.html
[3859/4502] http://www.temple.edu:80/crafts/public_html/mjcc/local/gallery/thesis/kawase/ringring.html
[3860/4502] http://www.temple.edu:80/crafts/public_html/mjcc/local/gallery/thesis/kawase/ringring1.html
[3861/4502] http://www.temple.edu:80/crafts/public_html/mjcc/local/gallery/thesis/kawase/slide1024.html
[3862/4502] http://www.temple.edu:80/crafts/public_html/mjcc/local/gallery/thesis/kawase/slideegg.html
[3863/4502] http://www.temple.edu:80/crafts/public_html/mjcc/local/gallery/thesis/kawase/slideegg1.html
[3864/4502] http://www.temple.edu:80/crafts/public_html/mjcc/local/gallery/thesis/kawase/spbox102.html
[3865/4502] http://www.temple.edu:80/crafts/public_html/mjcc/local/gallery/thesis/kawase/spboxbac.html
[3866/4502] http://www.temple.edu:80/crafts/public_html/mjcc/local/gallery/thesis/kawase/sprapart.html
[3867/4502] http://www.temple.edu:80/crafts/public_html/mjcc/local/gallery/thesis/kawase/sprobot1.html
[3868/4502] http://www.temple.edu:80/crafts/public_html/mjcc/local/gallery/thesis/kawase/statement.html
[3869/4502] http://www.temple.edu:80/crafts/public_html/mjcc/local/gallery/thesis/kawase/swing102.html
[3870/4502] http://www.temple.edu:80/crafts/public_html/mjcc/local/gallery/thesis/kawase/swingani.html
[3871/4502] http://www.temple.edu:80/crafts/public_html/mjcc/local/gallery/thesis/kawase/tenohira.html
[3872/4502] http://www.temple.edu:80/crafts/public_html/mjcc/local/gallery/thesis/kawase/weekend1.html
[3873/4502] http://www.temple.edu:80/crafts/public_html/mjcc/local/gallery/thesis/kawase/wing1024.html
[3874/4502] http://www.temple.edu:80/crafts/public_html/mjcc/local/gallery/thesis/kawase/winganim.html
[3875/4502] http://www.temple.edu:80/crafts/public_html/mjcc/local/gallery/thesis/kim/kim_web_final/kim/kim_main.htm
[3876/4502] http://www.temple.edu:80/crafts/public_html/mjcc/local/gallery/thesis/kim/kim_web_final/kim/kim_main/kim_cv/kim_cv.htm
[3877/4502] http://www.temple.edu:80/crafts/public_html/mjcc/local/gallery/thesis/kim/kim_web_final/kim/kim_main/kim_gallery/kim_bracelet1/kim_bracelet1.htm
[3878/4502] http://www.temple.edu:80/crafts/public_html/mjcc/local/gallery/thesis/kim/kim_web_final/kim/kim_main/kim_gallery/kim_bracelet2/kim_bracelet2.htm
[3879/4502] http://www.temple.edu:80/crafts/public_html/mjcc/local/gallery/thesis/kim/kim_web_final/kim/kim_main/kim_gallery/kim_bracelet3/kim_bracelet3.htm
[3880/4502] http://www.temple.edu:80/crafts/public_html/mjcc/local/gallery/thesis/kim/kim_web_final/kim/kim_main/kim_gallery/kim_gallery.htm
[3881/4502] http://www.temple.edu:80/crafts/public_html/mjcc/local/gallery/thesis/kim/kim_web_final/kim/kim_main/kim_gallery/kim_neckpiece1/kim_neckpiece1.htm
[3882/4502] http://www.temple.edu:80/crafts/public_html/mjcc/local/gallery/thesis/kim/kim_web_final/kim/kim_main/kim_gallery/kim_neckpiece2/kim_neckpiece2.htm
[3883/4502] http://www.temple.edu:80/crafts/public_html/mjcc/local/gallery/thesis/kim/kim_web_final/kim/kim_main/kim_gallery/kim_offb2/kim_offb2.htm
[3884/4502] http://www.temple.edu:80/crafts/public_html/mjcc/local/gallery/thesis/kim/kim_web_final/kim/kim_main/kim_gallery/kim_offb3/kim_offb3.htm
[3885/4502] http://www.temple.edu:80/crafts/public_html/mjcc/local/gallery/thesis/kim/kim_web_final/kim/kim_main/kim_gallery/kim_offb4/kim_offb4.htm
[3886/4502] http://www.temple.edu:80/crafts/public_html/mjcc/local/gallery/thesis/kim/kim_web_final/kim/kim_main/kim_gallery/kim_offb5/kim_offb5.htm
[3887/4502] http://www.temple.edu:80/crafts/public_html/mjcc/local/gallery/thesis/kim/kim_web_final/kim/kim_main/kim_gallery/kim_perfectb1/kim_pb1.htm
[3888/4502] http://www.temple.edu:80/crafts/public_html/mjcc/local/gallery/thesis/kim/kim_web_final/kim/kim_main/kim_gallery/kim_perfectb2/kim_pb2.htm
[3889/4502] http://www.temple.edu:80/crafts/public_html/mjcc/local/gallery/thesis/kolb/kolb.html
[3890/4502] http://www.temple.edu:80/crafts/public_html/mjcc/local/gallery/thesis/korony/cv/cv.htm
[3891/4502] http://www.temple.edu:80/crafts/public_html/mjcc/local/gallery/thesis/korony/gallery/bending_brooch/bending.htm
[3892/4502] http://www.temple.edu:80/crafts/public_html/mjcc/local/gallery/thesis/korony/gallery/fitin_brooch/fit_in.htm
[3893/4502] http://www.temple.edu:80/crafts/public_html/mjcc/local/gallery/thesis/korony/gallery/folding_brooch/folding.htm
[3894/4502] http://www.temple.edu:80/crafts/public_html/mjcc/local/gallery/thesis/korony/gallery/gallery.htm
[3895/4502] http://www.temple.edu:80/crafts/public_html/mjcc/local/gallery/thesis/korony/gallery/listen_brooch/listen.htm
[3896/4502] http://www.temple.edu:80/crafts/public_html/mjcc/local/gallery/thesis/korony/gallery/options_brooch/options.htm
[3897/4502] http://www.temple.edu:80/crafts/public_html/mjcc/local/gallery/thesis/korony/gallery/speech_brooch/speech.htm
[3898/4502] http://www.temple.edu:80/crafts/public_html/mjcc/local/gallery/thesis/korony/gallery/spin2_brooch/spin2.htm
[3899/4502] http://www.temple.edu:80/crafts/public_html/mjcc/local/gallery/thesis/korony/gallery/spin_brooch/spin.htm
[3900/4502] http://www.temple.edu:80/crafts/public_html/mjcc/local/gallery/thesis/korony/gallery/spread_brooch/spread.htm
[3901/4502] http://www.temple.edu:80/crafts/public_html/mjcc/local/gallery/thesis/korony/gallery/symmetry_brooch/symmetry.htm
[3902/4502] http://www.temple.edu:80/crafts/public_html/mjcc/local/gallery/thesis/korony/gallery/weighted_brooch/weighted.htm
[3903/4502] http://www.temple.edu:80/crafts/public_html/mjcc/local/gallery/thesis/korony/gallery/writing_brooch/writing.htm
[3904/4502] http://www.temple.edu:80/crafts/public_html/mjcc/local/gallery/thesis/korony/korony.htm
[3905/4502] http://www.temple.edu:80/crafts/public_html/mjcc/local/gallery/thesis/korony/research/credits/credits.htm
[3906/4502] http://www.temple.edu:80/crafts/public_html/mjcc/local/gallery/thesis/korony/research/printer/z406.htm
[3907/4502] http://www.temple.edu:80/crafts/public_html/mjcc/local/gallery/thesis/korony/research/research.htm
[3908/4502] http://www.temple.edu:80/crafts/public_html/mjcc/local/gallery/thesis/korony/research/zcast/zcast.htm
[3909/4502] http://www.temple.edu:80/crafts/public_html/mjcc/local/gallery/thesis/korony/research/zplaster/zplaster.htm
[3910/4502] http://www.temple.edu:80/crafts/public_html/mjcc/local/gallery/thesis/korony/research/zsnap/zsnap.htm
[3911/4502] http://www.temple.edu:80/crafts/public_html/mjcc/local/gallery/thesis/korony/research/zstarch/zstarch.htm
[3912/4502] http://www.temple.edu:80/crafts/public_html/mjcc/local/gallery/thesis/korony/statement/statement.htm
[3913/4502] http://www.temple.edu:80/crafts/public_html/mjcc/local/gallery/thesis/kraus/index.html
[3914/4502] http://www.temple.edu:80/crafts/public_html/mjcc/local/gallery/thesis/kraus/page2.html
[3915/4502] http://www.temple.edu:80/crafts/public_html/mjcc/local/gallery/thesis/kraus/page3.html
[3916/4502] http://www.temple.edu:80/crafts/public_html/mjcc/local/gallery/thesis/kraus/page5.html
[3917/4502] http://www.temple.edu:80/crafts/public_html/mjcc/local/gallery/thesis/kraus/page6.html
[3918/4502] http://www.temple.edu:80/crafts/public_html/mjcc/local/gallery/thesis/lee/index.html
[3919/4502] http://www.temple.edu:80/crafts/public_html/mjcc/local/gallery/thesis/lee/resume.html
[3920/4502] http://www.temple.edu:80/crafts/public_html/mjcc/local/gallery/thesis/lee/slee0001.html
[3921/4502] http://www.temple.edu:80/crafts/public_html/mjcc/local/gallery/thesis/lee/statement.html
[3922/4502] http://www.temple.edu:80/crafts/public_html/mjcc/local/gallery/thesis/lee/thesis.html
[3923/4502] http://www.temple.edu:80/crafts/public_html/mjcc/local/gallery/thesis/martino/gallery_main/gallery_main.htm
[3924/4502] http://www.temple.edu:80/crafts/public_html/mjcc/local/gallery/thesis/martino/main/main_2.htm
[3925/4502] http://www.temple.edu:80/crafts/public_html/mjcc/local/gallery/thesis/massinger/gallery/anxiety/anxiety.htm
[3926/4502] http://www.temple.edu:80/crafts/public_html/mjcc/local/gallery/thesis/massinger/gallery/anxiety/anxietyobject.htm
[3927/4502] http://www.temple.edu:80/crafts/public_html/mjcc/local/gallery/thesis/massinger/gallery/control/control.htm
[3928/4502] http://www.temple.edu:80/crafts/public_html/mjcc/local/gallery/thesis/massinger/gallery/control/controlobject.htm
[3929/4502] http://www.temple.edu:80/crafts/public_html/mjcc/local/gallery/thesis/massinger/gallery/focus/focusdevice.htm
[3930/4502] http://www.temple.edu:80/crafts/public_html/mjcc/local/gallery/thesis/massinger/gallery/focus/focusdeviceobject.htm
[3931/4502] http://www.temple.edu:80/crafts/public_html/mjcc/local/gallery/thesis/massinger/gallery/gallery.htm
[3932/4502] http://www.temple.edu:80/crafts/public_html/mjcc/local/gallery/thesis/massinger/gallery/kupula/kupula.htm
[3933/4502] http://www.temple.edu:80/crafts/public_html/mjcc/local/gallery/thesis/massinger/gallery/kupula/spirituality.htm
[3934/4502] http://www.temple.edu:80/crafts/public_html/mjcc/local/gallery/thesis/massinger/gallery/ocd/ocd.htm
[3935/4502] http://www.temple.edu:80/crafts/public_html/mjcc/local/gallery/thesis/massinger/gallery/ocd/ocdobject.htm
[3936/4502] http://www.temple.edu:80/crafts/public_html/mjcc/local/gallery/thesis/massinger/gallery/reality/reality.htm
[3937/4502] http://www.temple.edu:80/crafts/public_html/mjcc/local/gallery/thesis/massinger/gallery/reality/realityobject.htm
[3938/4502] http://www.temple.edu:80/crafts/public_html/mjcc/local/gallery/thesis/massinger/gallery/relapse/relapse.htm
[3939/4502] http://www.temple.edu:80/crafts/public_html/mjcc/local/gallery/thesis/massinger/gallery/relapse/relapseobject.htm
[3940/4502] http://www.temple.edu:80/crafts/public_html/mjcc/local/gallery/thesis/massinger/gallery/seductress/seductress.htm
[3941/4502] http://www.temple.edu:80/crafts/public_html/mjcc/local/gallery/thesis/massinger/gallery/seductress/seductressobject.htm
[3942/4502] http://www.temple.edu:80/crafts/public_html/mjcc/local/gallery/thesis/massinger/gallery/starvation/starvation.htm
[3943/4502] http://www.temple.edu:80/crafts/public_html/mjcc/local/gallery/thesis/massinger/gallery/starvation/starvationobject.htm
[3944/4502] http://www.temple.edu:80/crafts/public_html/mjcc/local/gallery/thesis/massinger/gallery/tobeorknot/tobeorknot.htm
[3945/4502] http://www.temple.edu:80/crafts/public_html/mjcc/local/gallery/thesis/massinger/gallery/tobeorknot/tobeornotobject.htm
[3946/4502] http://www.temple.edu:80/crafts/public_html/mjcc/local/gallery/thesis/massinger/gallery/trauma/trauma.htm
[3947/4502] http://www.temple.edu:80/crafts/public_html/mjcc/local/gallery/thesis/massinger/gallery/trauma/traumaobject.htm
[3948/4502] http://www.temple.edu:80/crafts/public_html/mjcc/local/gallery/thesis/massinger/gallery/twelvestep/twelvestep.htm
[3949/4502] http://www.temple.edu:80/crafts/public_html/mjcc/local/gallery/thesis/massinger/gallery/twelvestep/twelvestepobject.htm
[3950/4502] http://www.temple.edu:80/crafts/public_html/mjcc/local/gallery/thesis/massinger/HOME.HTM
[3952/4502] http://www.temple.edu:80/crafts/public_html/mjcc/local/gallery/thesis/massinger/ressume/RESUME.HTM
[3954/4502] http://www.temple.edu:80/crafts/public_html/mjcc/local/gallery/thesis/massinger/statement/statement.htm
[3955/4502] http://www.temple.edu:80/crafts/public_html/mjcc/local/gallery/thesis/minich/animatio.html
[3956/4502] http://www.temple.edu:80/crafts/public_html/mjcc/local/gallery/thesis/minich/cuff10.html
[3957/4502] http://www.temple.edu:80/crafts/public_html/mjcc/local/gallery/thesis/minich/cuff210.html
[3958/4502] http://www.temple.edu:80/crafts/public_html/mjcc/local/gallery/thesis/minich/cuff2800.html
[3959/4502] http://www.temple.edu:80/crafts/public_html/mjcc/local/gallery/thesis/minich/gallery2.html
[3960/4502] http://www.temple.edu:80/crafts/public_html/mjcc/local/gallery/thesis/minich/lb1024.html
[3961/4502] http://www.temple.edu:80/crafts/public_html/mjcc/local/gallery/thesis/minich/lb800.html
[3962/4502] http://www.temple.edu:80/crafts/public_html/mjcc/local/gallery/thesis/minich/ln1024.html
[3963/4502] http://www.temple.edu:80/crafts/public_html/mjcc/local/gallery/thesis/minich/ln800.html
[3964/4502] http://www.temple.edu:80/crafts/public_html/mjcc/local/gallery/thesis/minich/minich.html
[3965/4502] http://www.temple.edu:80/crafts/public_html/mjcc/local/gallery/thesis/minich/newpage1.html
[3966/4502] http://www.temple.edu:80/crafts/public_html/mjcc/local/gallery/thesis/minich/newpage11.html
[3967/4502] http://www.temple.edu:80/crafts/public_html/mjcc/local/gallery/thesis/minich/newpage12.html
[3968/4502] http://www.temple.edu:80/crafts/public_html/mjcc/local/gallery/thesis/minich/newpage13.html
[3969/4502] http://www.temple.edu:80/crafts/public_html/mjcc/local/gallery/thesis/minich/newpage14.html
[3970/4502] http://www.temple.edu:80/crafts/public_html/mjcc/local/gallery/thesis/minich/newpage16.html
[3971/4502] http://www.temple.edu:80/crafts/public_html/mjcc/local/gallery/thesis/minich/newpage17.html
[3972/4502] http://www.temple.edu:80/crafts/public_html/mjcc/local/gallery/thesis/minich/newpage2.html
[3973/4502] http://www.temple.edu:80/crafts/public_html/mjcc/local/gallery/thesis/minich/newpage3.html
[3974/4502] http://www.temple.edu:80/crafts/public_html/mjcc/local/gallery/thesis/minich/newpage4.html
[3975/4502] http://www.temple.edu:80/crafts/public_html/mjcc/local/gallery/thesis/minich/newpage5.html
[3976/4502] http://www.temple.edu:80/crafts/public_html/mjcc/local/gallery/thesis/minich/newpage6.html
[3977/4502] http://www.temple.edu:80/crafts/public_html/mjcc/local/gallery/thesis/minich/newpage7.html
[3978/4502] http://www.temple.edu:80/crafts/public_html/mjcc/local/gallery/thesis/minich/newpage8.html
[3979/4502] http://www.temple.edu:80/crafts/public_html/mjcc/local/gallery/thesis/minich/newpage9.html
[3980/4502] http://www.temple.edu:80/crafts/public_html/mjcc/local/gallery/thesis/minich/resume.html
[3981/4502] http://www.temple.edu:80/crafts/public_html/mjcc/local/gallery/thesis/minich/spb1024.html
[3982/4502] http://www.temple.edu:80/crafts/public_html/mjcc/local/gallery/thesis/minich/spb800.html
[3983/4502] http://www.temple.edu:80/crafts/public_html/mjcc/local/gallery/thesis/minich/spn1024.html
[3984/4502] http://www.temple.edu:80/crafts/public_html/mjcc/local/gallery/thesis/minich/spn800.html
[3985/4502] http://www.temple.edu:80/crafts/public_html/mjcc/local/gallery/thesis/minich/stage128.html
[3986/4502] http://www.temple.edu:80/crafts/public_html/mjcc/local/gallery/thesis/minich/statemen.html
[3987/4502] http://www.temple.edu:80/crafts/public_html/mjcc/local/gallery/thesis/Montagna/montatgna.html
[3988/4502] http://www.temple.edu:80/crafts/public_html/mjcc/local/gallery/thesis/moran/morangallery.html
[3989/4502] http://www.temple.edu:80/crafts/public_html/mjcc/local/gallery/thesis/moran/moranindex.html
[3990/4502] http://www.temple.edu:80/crafts/public_html/mjcc/local/gallery/thesis/moran/moranresume.html
[3991/4502] http://www.temple.edu:80/crafts/public_html/mjcc/local/gallery/thesis/moran/moranstate.html
[3992/4502] http://www.temple.edu:80/crafts/public_html/mjcc/local/gallery/thesis/nbryant/4chafing.html
[3993/4502] http://www.temple.edu:80/crafts/public_html/mjcc/local/gallery/thesis/nbryant/4jelly.html
[3994/4502] http://www.temple.edu:80/crafts/public_html/mjcc/local/gallery/thesis/nbryant/4lves.html
[3995/4502] http://www.temple.edu:80/crafts/public_html/mjcc/local/gallery/thesis/nbryant/4shakers.html
[3996/4502] http://www.temple.edu:80/crafts/public_html/mjcc/local/gallery/thesis/nbryant/4sugcr.html
[3997/4502] http://www.temple.edu:80/crafts/public_html/mjcc/local/gallery/thesis/nbryant/4tray.html
[3998/4502] http://www.temple.edu:80/crafts/public_html/mjcc/local/gallery/thesis/nbryant/4vves.html
[3999/4502] http://www.temple.edu:80/crafts/public_html/mjcc/local/gallery/thesis/nbryant/bio.html
[4000/4502] http://www.temple.edu:80/crafts/public_html/mjcc/local/gallery/thesis/nbryant/dchafing.html
[4001/4502] http://www.temple.edu:80/crafts/public_html/mjcc/local/gallery/thesis/nbryant/djelly.html
[4002/4502] http://www.temple.edu:80/crafts/public_html/mjcc/local/gallery/thesis/nbryant/dlves.html
[4003/4502] http://www.temple.edu:80/crafts/public_html/mjcc/local/gallery/thesis/nbryant/dshakers.html
[4004/4502] http://www.temple.edu:80/crafts/public_html/mjcc/local/gallery/thesis/nbryant/dsugcr.html
[4005/4502] http://www.temple.edu:80/crafts/public_html/mjcc/local/gallery/thesis/nbryant/dtray.html
[4006/4502] http://www.temple.edu:80/crafts/public_html/mjcc/local/gallery/thesis/nbryant/dvves.html
[4007/4502] http://www.temple.edu:80/crafts/public_html/mjcc/local/gallery/thesis/nbryant/index.html
[4008/4502] http://www.temple.edu:80/crafts/public_html/mjcc/local/gallery/thesis/nbryant/state.html
[4009/4502] http://www.temple.edu:80/crafts/public_html/mjcc/local/gallery/thesis/park/animation/animation.htm
[4010/4502] http://www.temple.edu:80/crafts/public_html/mjcc/local/gallery/thesis/park/gallery/1024x768/adj_brac2_1024.htm
[4011/4502] http://www.temple.edu:80/crafts/public_html/mjcc/local/gallery/thesis/park/gallery/1024x768/adj_brac_1024.htm
[4012/4502] http://www.temple.edu:80/crafts/public_html/mjcc/local/gallery/thesis/park/gallery/1024x768/beacon_1024.htm
[4013/4502] http://www.temple.edu:80/crafts/public_html/mjcc/local/gallery/thesis/park/gallery/1024x768/bridge_1024.htm
[4014/4502] http://www.temple.edu:80/crafts/public_html/mjcc/local/gallery/thesis/park/gallery/1024x768/clamp_1024.htm
[4015/4502] http://www.temple.edu:80/crafts/public_html/mjcc/local/gallery/thesis/park/gallery/1024x768/engage_1024.htm
[4016/4502] http://www.temple.edu:80/crafts/public_html/mjcc/local/gallery/thesis/park/gallery/1024x768/lensecraft_1024.htm
[4017/4502] http://www.temple.edu:80/crafts/public_html/mjcc/local/gallery/thesis/park/gallery/1024x768/poison_1024.htm
[4018/4502] http://www.temple.edu:80/crafts/public_html/mjcc/local/gallery/thesis/park/gallery/1024x768/pushnpull_1024.htm
[4019/4502] http://www.temple.edu:80/crafts/public_html/mjcc/local/gallery/thesis/park/gallery/1024x768/rollnsqueez_1024.htm
[4020/4502] http://www.temple.edu:80/crafts/public_html/mjcc/local/gallery/thesis/park/gallery/1024x768/rxbrooch_1024.htm
[4021/4502] http://www.temple.edu:80/crafts/public_html/mjcc/local/gallery/thesis/park/gallery/1024x768/smooth_1024.htm
[4022/4502] http://www.temple.edu:80/crafts/public_html/mjcc/local/gallery/thesis/park/gallery/1024x768/swing_1024.htm
[4023/4502] http://www.temple.edu:80/crafts/public_html/mjcc/local/gallery/thesis/park/gallery/1024x768/tension2_1024.htm
[4024/4502] http://www.temple.edu:80/crafts/public_html/mjcc/local/gallery/thesis/park/gallery/1024x768/tension_1024.htm
[4025/4502] http://www.temple.edu:80/crafts/public_html/mjcc/local/gallery/thesis/park/gallery/1024x768/variable_1024.htm
[4026/4502] http://www.temple.edu:80/crafts/public_html/mjcc/local/gallery/thesis/park/gallery/1024x768/venus_1024.htm
[4027/4502] http://www.temple.edu:80/crafts/public_html/mjcc/local/gallery/thesis/park/gallery/1024x768/venus_w_1024.htm
[4028/4502] http://www.temple.edu:80/crafts/public_html/mjcc/local/gallery/thesis/park/gallery/1024x768/voiceneck_1024.htm
[4029/4502] http://www.temple.edu:80/crafts/public_html/mjcc/local/gallery/thesis/park/gallery/1280x1024/adj_brac2_1280.htm
[4030/4502] http://www.temple.edu:80/crafts/public_html/mjcc/local/gallery/thesis/park/gallery/1280x1024/adj_brac_1280.htm
[4031/4502] http://www.temple.edu:80/crafts/public_html/mjcc/local/gallery/thesis/park/gallery/1280x1024/beacon_1280.htm
[4032/4502] http://www.temple.edu:80/crafts/public_html/mjcc/local/gallery/thesis/park/gallery/1280x1024/bridge_1280.htm
[4033/4502] http://www.temple.edu:80/crafts/public_html/mjcc/local/gallery/thesis/park/gallery/1280x1024/clamp_1280.htm
[4034/4502] http://www.temple.edu:80/crafts/public_html/mjcc/local/gallery/thesis/park/gallery/1280x1024/engage_1280.htm
[4035/4502] http://www.temple.edu:80/crafts/public_html/mjcc/local/gallery/thesis/park/gallery/1280x1024/lensecraft_1280.htm
[4036/4502] http://www.temple.edu:80/crafts/public_html/mjcc/local/gallery/thesis/park/gallery/1280x1024/poison_1280.htm
[4037/4502] http://www.temple.edu:80/crafts/public_html/mjcc/local/gallery/thesis/park/gallery/1280x1024/pushnpull_1280.htm
[4038/4502] http://www.temple.edu:80/crafts/public_html/mjcc/local/gallery/thesis/park/gallery/1280x1024/rollnsqueez_1280.htm
[4039/4502] http://www.temple.edu:80/crafts/public_html/mjcc/local/gallery/thesis/park/gallery/1280x1024/rxbrooch_1280.htm
[4040/4502] http://www.temple.edu:80/crafts/public_html/mjcc/local/gallery/thesis/park/gallery/1280x1024/smooth_1280.htm
[4041/4502] http://www.temple.edu:80/crafts/public_html/mjcc/local/gallery/thesis/park/gallery/1280x1024/swing_1280.htm
[4042/4502] http://www.temple.edu:80/crafts/public_html/mjcc/local/gallery/thesis/park/gallery/1280x1024/tension2_1280.htm
[4043/4502] http://www.temple.edu:80/crafts/public_html/mjcc/local/gallery/thesis/park/gallery/1280x1024/tension_1280.htm
[4044/4502] http://www.temple.edu:80/crafts/public_html/mjcc/local/gallery/thesis/park/gallery/1280x1024/variable_1280.htm
[4045/4502] http://www.temple.edu:80/crafts/public_html/mjcc/local/gallery/thesis/park/gallery/1280x1024/venus_1280.htm
[4046/4502] http://www.temple.edu:80/crafts/public_html/mjcc/local/gallery/thesis/park/gallery/1280x1024/venus_w_1280.htm
[4047/4502] http://www.temple.edu:80/crafts/public_html/mjcc/local/gallery/thesis/park/gallery/1280x1024/voiceneck_1280.htm
[4048/4502] http://www.temple.edu:80/crafts/public_html/mjcc/local/gallery/thesis/park/gallery/800x600/adj_brac2_800.htm
[4049/4502] http://www.temple.edu:80/crafts/public_html/mjcc/local/gallery/thesis/park/gallery/800x600/adj_brac_800.htm
[4050/4502] http://www.temple.edu:80/crafts/public_html/mjcc/local/gallery/thesis/park/gallery/800x600/beacon_800.htm
[4051/4502] http://www.temple.edu:80/crafts/public_html/mjcc/local/gallery/thesis/park/gallery/800x600/bridge_800.htm
[4052/4502] http://www.temple.edu:80/crafts/public_html/mjcc/local/gallery/thesis/park/gallery/800x600/clamp_800.htm
[4053/4502] http://www.temple.edu:80/crafts/public_html/mjcc/local/gallery/thesis/park/gallery/800x600/engage_800.htm
[4054/4502] http://www.temple.edu:80/crafts/public_html/mjcc/local/gallery/thesis/park/gallery/800x600/lensecraft_800.htm
[4055/4502] http://www.temple.edu:80/crafts/public_html/mjcc/local/gallery/thesis/park/gallery/800x600/poison_800.htm
[4056/4502] http://www.temple.edu:80/crafts/public_html/mjcc/local/gallery/thesis/park/gallery/800x600/pushnpull_800.htm
[4057/4502] http://www.temple.edu:80/crafts/public_html/mjcc/local/gallery/thesis/park/gallery/800x600/rollnsqueez_800.htm
[4058/4502] http://www.temple.edu:80/crafts/public_html/mjcc/local/gallery/thesis/park/gallery/800x600/rxbrooch_800.htm
[4059/4502] http://www.temple.edu:80/crafts/public_html/mjcc/local/gallery/thesis/park/gallery/800x600/smooth_800.htm
[4060/4502] http://www.temple.edu:80/crafts/public_html/mjcc/local/gallery/thesis/park/gallery/800x600/swing_800.htm
[4061/4502] http://www.temple.edu:80/crafts/public_html/mjcc/local/gallery/thesis/park/gallery/800x600/tension2_800.htm
[4062/4502] http://www.temple.edu:80/crafts/public_html/mjcc/local/gallery/thesis/park/gallery/800x600/tension_800.htm
[4063/4502] http://www.temple.edu:80/crafts/public_html/mjcc/local/gallery/thesis/park/gallery/800x600/variable_800.htm
[4064/4502] http://www.temple.edu:80/crafts/public_html/mjcc/local/gallery/thesis/park/gallery/800x600/venus_800.htm
[4065/4502] http://www.temple.edu:80/crafts/public_html/mjcc/local/gallery/thesis/park/gallery/800x600/venus_w_800.htm
[4066/4502] http://www.temple.edu:80/crafts/public_html/mjcc/local/gallery/thesis/park/gallery/800x600/voiceneck_800.htm
[4067/4502] http://www.temple.edu:80/crafts/public_html/mjcc/local/gallery/thesis/park/gallery/gallery.htm
[4068/4502] http://www.temple.edu:80/crafts/public_html/mjcc/local/gallery/thesis/park/park.htm
[4069/4502] http://www.temple.edu:80/crafts/public_html/mjcc/local/gallery/thesis/park/resume/resume.htm
[4070/4502] http://www.temple.edu:80/crafts/public_html/mjcc/local/gallery/thesis/park/statement/statement.htm
[4071/4502] http://www.temple.edu:80/crafts/public_html/mjcc/local/gallery/thesis/parkin/the_cparkin.html
[4072/4502] http://www.temple.edu:80/crafts/public_html/mjcc/local/gallery/thesis/ranieri/cv/ranieri_cv.htm
[4073/4502] http://www.temple.edu:80/crafts/public_html/mjcc/local/gallery/thesis/ranieri/gallery_main/anoit/anoiting_brooch.htm
[4074/4502] http://www.temple.edu:80/crafts/public_html/mjcc/local/gallery/thesis/ranieri/gallery_main/bapt1/gallery_bapt1.htm
[4075/4502] http://www.temple.edu:80/crafts/public_html/mjcc/local/gallery/thesis/ranieri/gallery_main/bapt2/gallery_bapt2.htm
[4076/4502] http://www.temple.edu:80/crafts/public_html/mjcc/local/gallery/thesis/ranieri/gallery_main/bapt3/gallery_bapt3.htm
[4077/4502] http://www.temple.edu:80/crafts/public_html/mjcc/local/gallery/thesis/ranieri/gallery_main/communion/holycommunion_gallery.htm
[4078/4502] http://www.temple.edu:80/crafts/public_html/mjcc/local/gallery/thesis/ranieri/gallery_main/confirmation/gallery_confimation.htm
[4079/4502] http://www.temple.edu:80/crafts/public_html/mjcc/local/gallery/thesis/ranieri/gallery_main/holy_orders/ranieri_holy_orders.htm
[4080/4502] http://www.temple.edu:80/crafts/public_html/mjcc/local/gallery/thesis/ranieri/gallery_main/matrimony/matrimony2_gallery.htm
[4081/4502] http://www.temple.edu:80/crafts/public_html/mjcc/local/gallery/thesis/ranieri/gallery_main/penance1/gallery_penance1.htm
[4082/4502] http://www.temple.edu:80/crafts/public_html/mjcc/local/gallery/thesis/ranieri/gallery_main/penance2/gallery_penance2.htm
[4083/4502] http://www.temple.edu:80/crafts/public_html/mjcc/local/gallery/thesis/ranieri/gallery_main/ranieri_gallery_main.htm
[4084/4502] http://www.temple.edu:80/crafts/public_html/mjcc/local/gallery/thesis/ranieri/home/ranieri_home.htm
[4085/4502] http://www.temple.edu:80/crafts/public_html/mjcc/local/gallery/thesis/ranieri/statement/ranieri_statement.htm
[4086/4502] http://www.temple.edu:80/crafts/public_html/mjcc/local/gallery/thesis/ranieri/statement/ranieri_statement_erin2.htm
[4087/4502] http://www.temple.edu:80/crafts/public_html/mjcc/local/gallery/thesis/ranieri/statement/ranieri_statement_erin_1st.htm
[4088/4502] http://www.temple.edu:80/crafts/public_html/mjcc/local/gallery/thesis/ranieri/statement/ranieri_statement_erin_2nd.htm
[4089/4502] http://www.temple.edu:80/crafts/public_html/mjcc/local/gallery/thesis/ranieri/statement/ranieri_statement_erin_last.htm
[4090/4502] http://www.temple.edu:80/crafts/public_html/mjcc/local/gallery/thesis/reigart/curriculumvitae/cv.htm
[4091/4502] http://www.temple.edu:80/crafts/public_html/mjcc/local/gallery/thesis/reigart/gallery/apprehensive_800x600.htm
[4092/4502] http://www.temple.edu:80/crafts/public_html/mjcc/local/gallery/thesis/reigart/gallery/at_800x600.htm
[4093/4502] http://www.temple.edu:80/crafts/public_html/mjcc/local/gallery/thesis/reigart/gallery/atari_800x600.htm
[4094/4502] http://www.temple.edu:80/crafts/public_html/mjcc/local/gallery/thesis/reigart/gallery/bone_800x600.htm
[4095/4502] http://www.temple.edu:80/crafts/public_html/mjcc/local/gallery/thesis/reigart/gallery/chokeher_800x600.htm
[4096/4502] http://www.temple.edu:80/crafts/public_html/mjcc/local/gallery/thesis/reigart/gallery/cme_800x600.htm
[4097/4502] http://www.temple.edu:80/crafts/public_html/mjcc/local/gallery/thesis/reigart/gallery/conform_800x600.htm
[4098/4502] http://www.temple.edu:80/crafts/public_html/mjcc/local/gallery/thesis/reigart/gallery/gallery.htm
[4099/4502] http://www.temple.edu:80/crafts/public_html/mjcc/local/gallery/thesis/reigart/gallery/mag1_800x600.htm
[4100/4502] http://www.temple.edu:80/crafts/public_html/mjcc/local/gallery/thesis/reigart/gallery/magnetique_800x600.htm
[4101/4502] http://www.temple.edu:80/crafts/public_html/mjcc/local/gallery/thesis/reigart/gallery/ml_800x600.htm
[4102/4502] http://www.temple.edu:80/crafts/public_html/mjcc/local/gallery/thesis/reigart/gallery/nother_800x600.htm
[4103/4502] http://www.temple.edu:80/crafts/public_html/mjcc/local/gallery/thesis/reigart/gallery/number2_800x600.htm
[4104/4502] http://www.temple.edu:80/crafts/public_html/mjcc/local/gallery/thesis/reigart/gallery/number9_800x600.htm
[4105/4502] http://www.temple.edu:80/crafts/public_html/mjcc/local/gallery/thesis/reigart/gallery/rattled.htm
[4106/4502] http://www.temple.edu:80/crafts/public_html/mjcc/local/gallery/thesis/reigart/gallery/strangeher_800x600.htm
[4107/4502] http://www.temple.edu:80/crafts/public_html/mjcc/local/gallery/thesis/reigart/gallery/tension_800x600.htm
[4108/4502] http://www.temple.edu:80/crafts/public_html/mjcc/local/gallery/thesis/reigart/gallery/umleitung_800x600.htm
[4109/4502] http://www.temple.edu:80/crafts/public_html/mjcc/local/gallery/thesis/reigart/gallery/utilitypod_800x600.htm
[4110/4502] http://www.temple.edu:80/crafts/public_html/mjcc/local/gallery/thesis/reigart/gallery/walllamp_800x600.htm
[4111/4502] http://www.temple.edu:80/crafts/public_html/mjcc/local/gallery/thesis/reigart/gallery/wedded_800x600.htm
[4112/4502] http://www.temple.edu:80/crafts/public_html/mjcc/local/gallery/thesis/reigart/netscape/apprehensivetwo.htm
[4113/4502] http://www.temple.edu:80/crafts/public_html/mjcc/local/gallery/thesis/reigart/netscape/at2_800x600.htm
[4114/4502] http://www.temple.edu:80/crafts/public_html/mjcc/local/gallery/thesis/reigart/netscape/ataritwo.htm
[4115/4502] http://www.temple.edu:80/crafts/public_html/mjcc/local/gallery/thesis/reigart/netscape/bonetwo.htm
[4116/4502] http://www.temple.edu:80/crafts/public_html/mjcc/local/gallery/thesis/reigart/netscape/chokehertwo.htm
[4117/4502] http://www.temple.edu:80/crafts/public_html/mjcc/local/gallery/thesis/reigart/netscape/cmetwo.htm
[4118/4502] http://www.temple.edu:80/crafts/public_html/mjcc/local/gallery/thesis/reigart/netscape/conformtwo.htm
[4119/4502] http://www.temple.edu:80/crafts/public_html/mjcc/local/gallery/thesis/reigart/netscape/cvtwo.htm
[4120/4502] http://www.temple.edu:80/crafts/public_html/mjcc/local/gallery/thesis/reigart/netscape/gallerytwo.htm
[4121/4502] http://www.temple.edu:80/crafts/public_html/mjcc/local/gallery/thesis/reigart/netscape/mag1two.htm
[4122/4502] http://www.temple.edu:80/crafts/public_html/mjcc/local/gallery/thesis/reigart/netscape/magnetiquetwo.htm
[4123/4502] http://www.temple.edu:80/crafts/public_html/mjcc/local/gallery/thesis/reigart/netscape/ml2_800x600.htm
[4124/4502] http://www.temple.edu:80/crafts/public_html/mjcc/local/gallery/thesis/reigart/netscape/nothertwo.htm
[4125/4502] http://www.temple.edu:80/crafts/public_html/mjcc/local/gallery/thesis/reigart/netscape/number2two.htm
[4126/4502] http://www.temple.edu:80/crafts/public_html/mjcc/local/gallery/thesis/reigart/netscape/number9two.htm
[4127/4502] http://www.temple.edu:80/crafts/public_html/mjcc/local/gallery/thesis/reigart/netscape/rattledtwo.htm
[4128/4502] http://www.temple.edu:80/crafts/public_html/mjcc/local/gallery/thesis/reigart/netscape/reigart2.htm
[4129/4502] http://www.temple.edu:80/crafts/public_html/mjcc/local/gallery/thesis/reigart/netscape/statementtwo.htm
[4130/4502] http://www.temple.edu:80/crafts/public_html/mjcc/local/gallery/thesis/reigart/netscape/strangehertwo.htm
[4131/4502] http://www.temple.edu:80/crafts/public_html/mjcc/local/gallery/thesis/reigart/netscape/tensiontwo.htm
[4132/4502] http://www.temple.edu:80/crafts/public_html/mjcc/local/gallery/thesis/reigart/netscape/umleitungtwo.htm
[4133/4502] http://www.temple.edu:80/crafts/public_html/mjcc/local/gallery/thesis/reigart/netscape/utilitypodtwo.htm
[4134/4502] http://www.temple.edu:80/crafts/public_html/mjcc/local/gallery/thesis/reigart/netscape/walllamptwo.htm
[4135/4502] http://www.temple.edu:80/crafts/public_html/mjcc/local/gallery/thesis/reigart/netscape/weddedtwo.htm
[4136/4502] http://www.temple.edu:80/crafts/public_html/mjcc/local/gallery/thesis/reigart/reigart.htm
[4137/4502] http://www.temple.edu:80/crafts/public_html/mjcc/local/gallery/thesis/reigart/statement/statement.htm
[4138/4502] http://www.temple.edu:80/crafts/public_html/mjcc/local/gallery/thesis/reml/adh_anim.html
[4139/4502] http://www.temple.edu:80/crafts/public_html/mjcc/local/gallery/thesis/reml/adh_note.html
[4140/4502] http://www.temple.edu:80/crafts/public_html/mjcc/local/gallery/thesis/reml/adh_obj.html
[4141/4502] http://www.temple.edu:80/crafts/public_html/mjcc/local/gallery/thesis/reml/adh_plan.html
[4142/4502] http://www.temple.edu:80/crafts/public_html/mjcc/local/gallery/thesis/reml/adh_sch.html
[4143/4502] http://www.temple.edu:80/crafts/public_html/mjcc/local/gallery/thesis/reml/adh_sl1.html
[4144/4502] http://www.temple.edu:80/crafts/public_html/mjcc/local/gallery/thesis/reml/adh_sl2.html
[4145/4502] http://www.temple.edu:80/crafts/public_html/mjcc/local/gallery/thesis/reml/bl_anim.html
[4146/4502] http://www.temple.edu:80/crafts/public_html/mjcc/local/gallery/thesis/reml/bl_note.html
[4147/4502] http://www.temple.edu:80/crafts/public_html/mjcc/local/gallery/thesis/reml/bl_obj.html
[4148/4502] http://www.temple.edu:80/crafts/public_html/mjcc/local/gallery/thesis/reml/bl_plan.html
[4149/4502] http://www.temple.edu:80/crafts/public_html/mjcc/local/gallery/thesis/reml/bl_sch.html
[4150/4502] http://www.temple.edu:80/crafts/public_html/mjcc/local/gallery/thesis/reml/bl_sl1.html
[4151/4502] http://www.temple.edu:80/crafts/public_html/mjcc/local/gallery/thesis/reml/bl_sl2.html
[4152/4502] http://www.temple.edu:80/crafts/public_html/mjcc/local/gallery/thesis/reml/dbh_anim.html
[4153/4502] http://www.temple.edu:80/crafts/public_html/mjcc/local/gallery/thesis/reml/dbh_note.html
[4154/4502] http://www.temple.edu:80/crafts/public_html/mjcc/local/gallery/thesis/reml/dbh_obj.html
[4155/4502] http://www.temple.edu:80/crafts/public_html/mjcc/local/gallery/thesis/reml/dbh_plan.html
[4156/4502] http://www.temple.edu:80/crafts/public_html/mjcc/local/gallery/thesis/reml/dbh_sch.html
[4157/4502] http://www.temple.edu:80/crafts/public_html/mjcc/local/gallery/thesis/reml/dbh_sl1.html
[4158/4502] http://www.temple.edu:80/crafts/public_html/mjcc/local/gallery/thesis/reml/dbh_sl2.html
[4159/4502] http://www.temple.edu:80/crafts/public_html/mjcc/local/gallery/thesis/reml/dh_anim.html
[4160/4502] http://www.temple.edu:80/crafts/public_html/mjcc/local/gallery/thesis/reml/dh_note.html
[4161/4502] http://www.temple.edu:80/crafts/public_html/mjcc/local/gallery/thesis/reml/dh_obj.html
[4162/4502] http://www.temple.edu:80/crafts/public_html/mjcc/local/gallery/thesis/reml/dh_plan.html
[4163/4502] http://www.temple.edu:80/crafts/public_html/mjcc/local/gallery/thesis/reml/dh_sch.html
[4164/4502] http://www.temple.edu:80/crafts/public_html/mjcc/local/gallery/thesis/reml/dh_sl1.html
[4165/4502] http://www.temple.edu:80/crafts/public_html/mjcc/local/gallery/thesis/reml/dh_sl2.html
[4166/4502] http://www.temple.edu:80/crafts/public_html/mjcc/local/gallery/thesis/reml/dx_anim.html
[4167/4502] http://www.temple.edu:80/crafts/public_html/mjcc/local/gallery/thesis/reml/dx_note.html
[4168/4502] http://www.temple.edu:80/crafts/public_html/mjcc/local/gallery/thesis/reml/dx_obj.html
[4169/4502] http://www.temple.edu:80/crafts/public_html/mjcc/local/gallery/thesis/reml/dx_plan.html
[4170/4502] http://www.temple.edu:80/crafts/public_html/mjcc/local/gallery/thesis/reml/dx_sch.html
[4171/4502] http://www.temple.edu:80/crafts/public_html/mjcc/local/gallery/thesis/reml/dx_sl1.html
[4172/4502] http://www.temple.edu:80/crafts/public_html/mjcc/local/gallery/thesis/reml/dx_sl2.html
[4173/4502] http://www.temple.edu:80/crafts/public_html/mjcc/local/gallery/thesis/reml/fprint.html
[4174/4502] http://www.temple.edu:80/crafts/public_html/mjcc/local/gallery/thesis/reml/index_1.html
[4175/4502] http://www.temple.edu:80/crafts/public_html/mjcc/local/gallery/thesis/reml/index_2.html
[4176/4502] http://www.temple.edu:80/crafts/public_html/mjcc/local/gallery/thesis/reml/intro.html
[4177/4502] http://www.temple.edu:80/crafts/public_html/mjcc/local/gallery/thesis/reml/ls_anim.html
[4178/4502] http://www.temple.edu:80/crafts/public_html/mjcc/local/gallery/thesis/reml/ls_note.html
[4179/4502] http://www.temple.edu:80/crafts/public_html/mjcc/local/gallery/thesis/reml/ls_obj.html
[4180/4502] http://www.temple.edu:80/crafts/public_html/mjcc/local/gallery/thesis/reml/ls_plan.html
[4181/4502] http://www.temple.edu:80/crafts/public_html/mjcc/local/gallery/thesis/reml/ls_sch.html
[4182/4502] http://www.temple.edu:80/crafts/public_html/mjcc/local/gallery/thesis/reml/ls_sl1.html
[4183/4502] http://www.temple.edu:80/crafts/public_html/mjcc/local/gallery/thesis/reml/ls_sl2.html
[4184/4502] http://www.temple.edu:80/crafts/public_html/mjcc/local/gallery/thesis/reml/nl_anim.html
[4185/4502] http://www.temple.edu:80/crafts/public_html/mjcc/local/gallery/thesis/reml/nl_note.html
[4186/4502] http://www.temple.edu:80/crafts/public_html/mjcc/local/gallery/thesis/reml/nl_obj.html
[4187/4502] http://www.temple.edu:80/crafts/public_html/mjcc/local/gallery/thesis/reml/nl_plan.html
[4188/4502] http://www.temple.edu:80/crafts/public_html/mjcc/local/gallery/thesis/reml/nl_sch.html
[4189/4502] http://www.temple.edu:80/crafts/public_html/mjcc/local/gallery/thesis/reml/nl_sl1.html
[4190/4502] http://www.temple.edu:80/crafts/public_html/mjcc/local/gallery/thesis/reml/nl_sl2.html
[4191/4502] http://www.temple.edu:80/crafts/public_html/mjcc/local/gallery/thesis/reml/pj_anim.html
[4192/4502] http://www.temple.edu:80/crafts/public_html/mjcc/local/gallery/thesis/reml/pj_note.html
[4193/4502] http://www.temple.edu:80/crafts/public_html/mjcc/local/gallery/thesis/reml/pj_obj.html
[4194/4502] http://www.temple.edu:80/crafts/public_html/mjcc/local/gallery/thesis/reml/pj_plan.html
[4195/4502] http://www.temple.edu:80/crafts/public_html/mjcc/local/gallery/thesis/reml/pj_sch.html
[4196/4502] http://www.temple.edu:80/crafts/public_html/mjcc/local/gallery/thesis/reml/pj_sl1.html
[4197/4502] http://www.temple.edu:80/crafts/public_html/mjcc/local/gallery/thesis/reml/pj_sl2.html
[4198/4502] http://www.temple.edu:80/crafts/public_html/mjcc/local/gallery/thesis/reml/pjb_anim.html
[4199/4502] http://www.temple.edu:80/crafts/public_html/mjcc/local/gallery/thesis/reml/pjb_note.html
[4200/4502] http://www.temple.edu:80/crafts/public_html/mjcc/local/gallery/thesis/reml/pjb_obj.html
[4201/4502] http://www.temple.edu:80/crafts/public_html/mjcc/local/gallery/thesis/reml/pjb_plan.html
[4202/4502] http://www.temple.edu:80/crafts/public_html/mjcc/local/gallery/thesis/reml/pjb_sch.html
[4203/4502] http://www.temple.edu:80/crafts/public_html/mjcc/local/gallery/thesis/reml/pjb_sl1.html
[4204/4502] http://www.temple.edu:80/crafts/public_html/mjcc/local/gallery/thesis/reml/pjb_sl2.html
[4205/4502] http://www.temple.edu:80/crafts/public_html/mjcc/local/gallery/thesis/reml/reml_frames.html
[4206/4502] http://www.temple.edu:80/crafts/public_html/mjcc/local/gallery/thesis/reml/reml_noframes.html
[4207/4502] http://www.temple.edu:80/crafts/public_html/mjcc/local/gallery/thesis/reml/state_1.html
[4208/4502] http://www.temple.edu:80/crafts/public_html/mjcc/local/gallery/thesis/reml/state_2.html
[4209/4502] http://www.temple.edu:80/crafts/public_html/mjcc/local/gallery/thesis/reml/toc.html
[4210/4502] http://www.temple.edu:80/crafts/public_html/mjcc/local/gallery/thesis/reml/vg_anim.html
[4211/4502] http://www.temple.edu:80/crafts/public_html/mjcc/local/gallery/thesis/reml/vg_note.html
[4212/4502] http://www.temple.edu:80/crafts/public_html/mjcc/local/gallery/thesis/reml/vg_obj.html
[4213/4502] http://www.temple.edu:80/crafts/public_html/mjcc/local/gallery/thesis/reml/vg_plan.html
[4214/4502] http://www.temple.edu:80/crafts/public_html/mjcc/local/gallery/thesis/reml/vg_sch.html
[4215/4502] http://www.temple.edu:80/crafts/public_html/mjcc/local/gallery/thesis/reml/vg_sl1.html
[4216/4502] http://www.temple.edu:80/crafts/public_html/mjcc/local/gallery/thesis/reml/vg_sl2.html
[4217/4502] http://www.temple.edu:80/crafts/public_html/mjcc/local/gallery/thesis/reml/view_1.html
[4218/4502] http://www.temple.edu:80/crafts/public_html/mjcc/local/gallery/thesis/reml/ws_anim.html
[4219/4502] http://www.temple.edu:80/crafts/public_html/mjcc/local/gallery/thesis/reml/ws_note.html
[4220/4502] http://www.temple.edu:80/crafts/public_html/mjcc/local/gallery/thesis/reml/ws_obj.html
[4221/4502] http://www.temple.edu:80/crafts/public_html/mjcc/local/gallery/thesis/reml/ws_plan.html
[4222/4502] http://www.temple.edu:80/crafts/public_html/mjcc/local/gallery/thesis/reml/ws_sch.html
[4223/4502] http://www.temple.edu:80/crafts/public_html/mjcc/local/gallery/thesis/reml/ws_sl1.html
[4224/4502] http://www.temple.edu:80/crafts/public_html/mjcc/local/gallery/thesis/reml/ws_sl2.html
[4225/4502] http://www.temple.edu:80/crafts/public_html/mjcc/local/gallery/thesis/reml/wsw_anim.html
[4226/4502] http://www.temple.edu:80/crafts/public_html/mjcc/local/gallery/thesis/reml/wsw_note.html
[4227/4502] http://www.temple.edu:80/crafts/public_html/mjcc/local/gallery/thesis/reml/wsw_obj.html
[4228/4502] http://www.temple.edu:80/crafts/public_html/mjcc/local/gallery/thesis/reml/wsw_plan.html
[4229/4502] http://www.temple.edu:80/crafts/public_html/mjcc/local/gallery/thesis/reml/wsw_sch.html
[4230/4502] http://www.temple.edu:80/crafts/public_html/mjcc/local/gallery/thesis/reml/wsw_sl1.html
[4231/4502] http://www.temple.edu:80/crafts/public_html/mjcc/local/gallery/thesis/reml/wsw_sl2.html
[4232/4502] http://www.temple.edu:80/crafts/public_html/mjcc/local/gallery/thesis/seo/Seo_Home.htm
[4233/4502] http://www.temple.edu:80/crafts/public_html/mjcc/local/gallery/thesis/sholtis/cv/sholtis_cv.HTM
[4234/4502] http://www.temple.edu:80/crafts/public_html/mjcc/local/gallery/thesis/sholtis/gallery/10_REVOLVE_EVOLVE/sholtis_10.html
[4235/4502] http://www.temple.edu:80/crafts/public_html/mjcc/local/gallery/thesis/sholtis/gallery/11_SB1/sholtis_11.html
[4236/4502] http://www.temple.edu:80/crafts/public_html/mjcc/local/gallery/thesis/sholtis/gallery/12_CONVERGENCE/sholtis_12.html
[4237/4502] http://www.temple.edu:80/crafts/public_html/mjcc/local/gallery/thesis/sholtis/gallery/1_FOLD/sholtis_1.html
[4238/4502] http://www.temple.edu:80/crafts/public_html/mjcc/local/gallery/thesis/sholtis/gallery/2_BROOCH%202/sholtis_2.html
[4239/4502] http://www.temple.edu:80/crafts/public_html/mjcc/local/gallery/thesis/sholtis/gallery/3_GROWTH/sholtis_3.html
[4240/4502] http://www.temple.edu:80/crafts/public_html/mjcc/local/gallery/thesis/sholtis/gallery/4_EMBRACE2/sholtis_4.html
[4241/4502] http://www.temple.edu:80/crafts/public_html/mjcc/local/gallery/thesis/sholtis/gallery/5_SP2/sholtis_5.html
[4242/4502] http://www.temple.edu:80/crafts/public_html/mjcc/local/gallery/thesis/sholtis/gallery/6_SB3/sholtis_6.html
[4243/4502] http://www.temple.edu:80/crafts/public_html/mjcc/local/gallery/thesis/sholtis/gallery/7_BROOCH%201/sholtis_7.html
[4244/4502] http://www.temple.edu:80/crafts/public_html/mjcc/local/gallery/thesis/sholtis/gallery/8_EMBRACE1/sholtis_8.html
[4245/4502] http://www.temple.edu:80/crafts/public_html/mjcc/local/gallery/thesis/sholtis/gallery/9_GRAD/sholtis_9.html
[4246/4502] http://www.temple.edu:80/crafts/public_html/mjcc/local/gallery/thesis/sholtis/gallery/sholtis_gallery_main.htm
[4247/4502] http://www.temple.edu:80/crafts/public_html/mjcc/local/gallery/thesis/sholtis/sholtis.html
[4248/4502] http://www.temple.edu:80/crafts/public_html/mjcc/local/gallery/thesis/sholtis/statement/sholtis_statement.html
[4249/4502] http://www.temple.edu:80/crafts/public_html/mjcc/local/gallery/thesis/starrett/cv/starrett_cv.htm
[4250/4502] http://www.temple.edu:80/crafts/public_html/mjcc/local/gallery/thesis/starrett/gallery/bend/starrett_gallery_bend.htm
[4251/4502] http://www.temple.edu:80/crafts/public_html/mjcc/local/gallery/thesis/starrett/gallery/body/starrett_gallery_body.htm
[4252/4502] http://www.temple.edu:80/crafts/public_html/mjcc/local/gallery/thesis/starrett/gallery/breaking_point/starrett_gallery_breaking.htm
[4253/4502] http://www.temple.edu:80/crafts/public_html/mjcc/local/gallery/thesis/starrett/gallery/bubble_wrap/starrett_gallery_bubble_wrap.htm
[4254/4502] http://www.temple.edu:80/crafts/public_html/mjcc/local/gallery/thesis/starrett/gallery/bubbles/starrett_gallery_bubbles.htm
[4255/4502] http://www.temple.edu:80/crafts/public_html/mjcc/local/gallery/thesis/starrett/gallery/drseuss/starrett_gallery_drseuss.htm
[4256/4502] http://www.temple.edu:80/crafts/public_html/mjcc/local/gallery/thesis/starrett/gallery/external/starrett_gallery_external.htm
[4257/4502] http://www.temple.edu:80/crafts/public_html/mjcc/local/gallery/thesis/starrett/gallery/internal/starrett_gallery_internal.htm
[4258/4502] http://www.temple.edu:80/crafts/public_html/mjcc/local/gallery/thesis/starrett/gallery/scarf/starrett_gallery_scarf.htm
[4259/4502] http://www.temple.edu:80/crafts/public_html/mjcc/local/gallery/thesis/starrett/gallery/starrett_gallery.htm
[4260/4502] http://www.temple.edu:80/crafts/public_html/mjcc/local/gallery/thesis/starrett/gallery/stretch_one/starrett_gallery_stretch_one.htm
[4261/4502] http://www.temple.edu:80/crafts/public_html/mjcc/local/gallery/thesis/starrett/gallery/stretch_two/starrett_gallery_stretch_two.htm
[4262/4502] http://www.temple.edu:80/crafts/public_html/mjcc/local/gallery/thesis/starrett/gallery/sundew/starrett_gallery_sundew.htm
[4263/4502] http://www.temple.edu:80/crafts/public_html/mjcc/local/gallery/thesis/starrett/starrett.htm
[4264/4502] http://www.temple.edu:80/crafts/public_html/mjcc/local/gallery/thesis/strzelec/gallery/biopsy/strzelecbiopsy.htm
[4265/4502] http://www.temple.edu:80/crafts/public_html/mjcc/local/gallery/thesis/strzelec/gallery/bracelet/strzelecbrace.htm
[4266/4502] http://www.temple.edu:80/crafts/public_html/mjcc/local/gallery/thesis/strzelec/gallery/plana/strzelecplana.htm
[4267/4502] http://www.temple.edu:80/crafts/public_html/mjcc/local/gallery/thesis/strzelec/gallery/planb/strzelecplanb.htm
[4268/4502] http://www.temple.edu:80/crafts/public_html/mjcc/local/gallery/thesis/strzelec/gallery/ring/strzelecring.htm
[4269/4502] http://www.temple.edu:80/crafts/public_html/mjcc/local/gallery/thesis/strzelec/gallery/scarone/strzelecscarone.htm
[4270/4502] http://www.temple.edu:80/crafts/public_html/mjcc/local/gallery/thesis/strzelec/gallery/scarthree/strzelecscarthree.htm
[4271/4502] http://www.temple.edu:80/crafts/public_html/mjcc/local/gallery/thesis/strzelec/gallery/scartwo/strzelecscartwo.htm
[4272/4502] http://www.temple.edu:80/crafts/public_html/mjcc/local/gallery/thesis/strzelec/gallery/skin/strzelecskin.htm
[4273/4502] http://www.temple.edu:80/crafts/public_html/mjcc/local/gallery/thesis/strzelec/gallery/strzelecgallery.htm
[4274/4502] http://www.temple.edu:80/crafts/public_html/mjcc/local/gallery/thesis/strzelec/gallery/tamox/strzelectamox.htm
[4275/4502] http://www.temple.edu:80/crafts/public_html/mjcc/local/gallery/thesis/strzelec/gallery/tumor/strzelectumor.htm
[4276/4502] http://www.temple.edu:80/crafts/public_html/mjcc/local/gallery/thesis/strzelec/gallery/twoyear/strzelectwoyear.htm
[4277/4502] http://www.temple.edu:80/crafts/public_html/mjcc/local/gallery/thesis/strzelec/research/strzelecresearch.htm
[4278/4502] http://www.temple.edu:80/crafts/public_html/mjcc/local/gallery/thesis/strzelec/resume/strzelecresume.htm
[4279/4502] http://www.temple.edu:80/crafts/public_html/mjcc/local/gallery/thesis/strzelec/statement/strzelecstatement.htm
[4280/4502] http://www.temple.edu:80/crafts/public_html/mjcc/local/gallery/thesis/strzelec/strzelec.htm
[4281/4502] http://www.temple.edu:80/crafts/public_html/mjcc/local/gallery/thesis/sweigart/donna_1/donna_1.htm
[4282/4502] http://www.temple.edu:80/crafts/public_html/mjcc/local/gallery/thesis/sweigart/donna_10/donna_10.htm
[4283/4502] http://www.temple.edu:80/crafts/public_html/mjcc/local/gallery/thesis/sweigart/donna_11/donna_11.htm
[4284/4502] http://www.temple.edu:80/crafts/public_html/mjcc/local/gallery/thesis/sweigart/donna_12/donna_12.htm
[4285/4502] http://www.temple.edu:80/crafts/public_html/mjcc/local/gallery/thesis/sweigart/donna_2/donna_2.htm
[4286/4502] http://www.temple.edu:80/crafts/public_html/mjcc/local/gallery/thesis/sweigart/donna_3/donna_3.htm
[4287/4502] http://www.temple.edu:80/crafts/public_html/mjcc/local/gallery/thesis/sweigart/donna_4/donna_4.htm
[4288/4502] http://www.temple.edu:80/crafts/public_html/mjcc/local/gallery/thesis/sweigart/donna_5/donna_5.htm
[4289/4502] http://www.temple.edu:80/crafts/public_html/mjcc/local/gallery/thesis/sweigart/donna_6/donna_6.htm
[4290/4502] http://www.temple.edu:80/crafts/public_html/mjcc/local/gallery/thesis/sweigart/donna_7/donna_7.htm
[4291/4502] http://www.temple.edu:80/crafts/public_html/mjcc/local/gallery/thesis/sweigart/donna_8/donna_8.htm
[4292/4502] http://www.temple.edu:80/crafts/public_html/mjcc/local/gallery/thesis/sweigart/donna_9/donna_9.htm
[4293/4502] http://www.temple.edu:80/crafts/public_html/mjcc/local/gallery/thesis/sweigart/donna_cv/donna_cv.htm
[4294/4502] http://www.temple.edu:80/crafts/public_html/mjcc/local/gallery/thesis/sweigart/donna_gallery/donna_gallery.htm
[4295/4502] http://www.temple.edu:80/crafts/public_html/mjcc/local/gallery/thesis/sweigart/donna_main.htm
[4296/4502] http://www.temple.edu:80/crafts/public_html/mjcc/local/gallery/thesis/sweigart/donna_statement/donna_statement.htm
[4297/4502] http://www.temple.edu:80/crafts/public_html/mjcc/local/gallery/thesis/tammaro/tammaro.html
[4298/4502] http://www.temple.edu:80/crafts/public_html/mjcc/local/gallery/thesis/tatalick/gallery.html
[4299/4502] http://www.temple.edu:80/crafts/public_html/mjcc/local/gallery/thesis/tatalick/research.html
[4300/4502] http://www.temple.edu:80/crafts/public_html/mjcc/local/gallery/thesis/tatalick/resume.html
[4301/4502] http://www.temple.edu:80/crafts/public_html/mjcc/local/gallery/thesis/tatalick/sment.html
[4302/4502] http://www.temple.edu:80/crafts/public_html/mjcc/local/gallery/thesis/theokary/gallery/attachment.htm
[4303/4502] http://www.temple.edu:80/crafts/public_html/mjcc/local/gallery/thesis/theokary/gallery/embracebooch2.htm
[4304/4502] http://www.temple.edu:80/crafts/public_html/mjcc/local/gallery/thesis/theokary/gallery/embracebrooch1.htm
[4305/4502] http://www.temple.edu:80/crafts/public_html/mjcc/local/gallery/thesis/theokary/gallery/grib%20brooch.htm
[4306/4502] http://www.temple.edu:80/crafts/public_html/mjcc/local/gallery/thesis/theokary/gallery/intercoursebrace.htm
[4307/4502] http://www.temple.edu:80/crafts/public_html/mjcc/local/gallery/thesis/theokary/gallery/interleavebrooch.htm
[4308/4502] http://www.temple.edu:80/crafts/public_html/mjcc/local/gallery/thesis/theokary/gallery/intrusionbrace1.htm
[4309/4502] http://www.temple.edu:80/crafts/public_html/mjcc/local/gallery/thesis/theokary/gallery/intrusionbrace2.htm
[4310/4502] http://www.temple.edu:80/crafts/public_html/mjcc/local/gallery/thesis/theokary/gallery/Main%20Gallery.htm
[4311/4502] http://www.temple.edu:80/crafts/public_html/mjcc/local/gallery/thesis/theokary/gallery/presurebrooch.htm
[4312/4502] http://www.temple.edu:80/crafts/public_html/mjcc/local/gallery/thesis/theokary/start/index.htm
[4313/4502] http://www.temple.edu:80/crafts/public_html/mjcc/local/gallery/thesis/theokary/statement/statement.htm
[4314/4502] http://www.temple.edu:80/crafts/public_html/mjcc/local/gallery/thesis/ty_kim/credits/credits.html
[4315/4502] http://www.temple.edu:80/crafts/public_html/mjcc/local/gallery/thesis/ty_kim/gallery/gallery.html
[4316/4502] http://www.temple.edu:80/crafts/public_html/mjcc/local/gallery/thesis/ty_kim/kim.html
[4317/4502] http://www.temple.edu:80/crafts/public_html/mjcc/local/gallery/thesis/ty_kim/resume/resume.html
[4318/4502] http://www.temple.edu:80/crafts/public_html/mjcc/local/gallery/thesis/ty_kim/resume/resume_content.html
[4319/4502] http://www.temple.edu:80/crafts/public_html/mjcc/local/gallery/thesis/ty_kim/statement/statement.html
[4320/4502] http://www.temple.edu:80/crafts/public_html/mjcc/local/gallery/thesis/ty_kim/statement/statement_content.html
[4321/4502] http://www.temple.edu:80/crafts/public_html/mjcc/local/gallery/thesis/ty_kim/ty_kim.html
[4322/4502] http://www.temple.edu:80/crafts/public_html/mjcc/local/gallery/thesis/ty_kim/workwindow/aroundus.html
[4323/4502] http://www.temple.edu:80/crafts/public_html/mjcc/local/gallery/thesis/ty_kim/workwindow/being.html
[4324/4502] http://www.temple.edu:80/crafts/public_html/mjcc/local/gallery/thesis/ty_kim/workwindow/being_animation.html
[4325/4502] http://www.temple.edu:80/crafts/public_html/mjcc/local/gallery/thesis/ty_kim/workwindow/betweenyouandme_01.html
[4326/4502] http://www.temple.edu:80/crafts/public_html/mjcc/local/gallery/thesis/ty_kim/workwindow/betweenyouandme_02.html
[4327/4502] http://www.temple.edu:80/crafts/public_html/mjcc/local/gallery/thesis/ty_kim/workwindow/bothhands_01.html
[4328/4502] http://www.temple.edu:80/crafts/public_html/mjcc/local/gallery/thesis/ty_kim/workwindow/bothhands_02.html
[4329/4502] http://www.temple.edu:80/crafts/public_html/mjcc/local/gallery/thesis/ty_kim/workwindow/circulation.html
[4330/4502] http://www.temple.edu:80/crafts/public_html/mjcc/local/gallery/thesis/ty_kim/workwindow/immersion_01.html
[4331/4502] http://www.temple.edu:80/crafts/public_html/mjcc/local/gallery/thesis/ty_kim/workwindow/immersion_02.html
[4332/4502] http://www.temple.edu:80/crafts/public_html/mjcc/local/gallery/thesis/ty_kim/workwindow/internalinfinity.html
[4333/4502] http://www.temple.edu:80/crafts/public_html/mjcc/local/gallery/thesis/ty_kim/workwindow/khora.html
[4334/4502] http://www.temple.edu:80/crafts/public_html/mjcc/local/gallery/thesis/ty_kim/workwindow/khora_animation.html
[4335/4502] http://www.temple.edu:80/crafts/public_html/mjcc/local/gallery/thesis/ty_kim/workwindow/madreporite.html
[4336/4502] http://www.temple.edu:80/crafts/public_html/mjcc/local/gallery/thesis/ty_kim/workwindow/newgrowing.html
[4337/4502] http://www.temple.edu:80/crafts/public_html/mjcc/local/gallery/thesis/ty_kim/workwindow/porusness_01.html
[4338/4502] http://www.temple.edu:80/crafts/public_html/mjcc/local/gallery/thesis/ty_kim/workwindow/porusness_02.html
[4339/4502] http://www.temple.edu:80/crafts/public_html/mjcc/local/gallery/thesis/ty_kim/workwindow/samsara.html
[4340/4502] http://www.temple.edu:80/crafts/public_html/mjcc/local/gallery/thesis/uhrik/full/ballbearing.htm
[4341/4502] http://www.temple.edu:80/crafts/public_html/mjcc/local/gallery/thesis/uhrik/full/captured.htm
[4342/4502] http://www.temple.edu:80/crafts/public_html/mjcc/local/gallery/thesis/uhrik/full/dual.htm
[4343/4502] http://www.temple.edu:80/crafts/public_html/mjcc/local/gallery/thesis/uhrik/full/engaged.htm
[4344/4502] http://www.temple.edu:80/crafts/public_html/mjcc/local/gallery/thesis/uhrik/full/engaging.htm
[4345/4502] http://www.temple.edu:80/crafts/public_html/mjcc/local/gallery/thesis/uhrik/full/fitted.htm
[4346/4502] http://www.temple.edu:80/crafts/public_html/mjcc/local/gallery/thesis/uhrik/full/flip.htm
[4347/4502] http://www.temple.edu:80/crafts/public_html/mjcc/local/gallery/thesis/uhrik/full/light1.htm
[4348/4502] http://www.temple.edu:80/crafts/public_html/mjcc/local/gallery/thesis/uhrik/full/light2.htm
[4349/4502] http://www.temple.edu:80/crafts/public_html/mjcc/local/gallery/thesis/uhrik/full/locked.htm
[4350/4502] http://www.temple.edu:80/crafts/public_html/mjcc/local/gallery/thesis/uhrik/full/louver.htm
[4351/4502] http://www.temple.edu:80/crafts/public_html/mjcc/local/gallery/thesis/uhrik/full/magnabrac1.htm
[4352/4502] http://www.temple.edu:80/crafts/public_html/mjcc/local/gallery/thesis/uhrik/full/magnabrac2.htm
[4353/4502] http://www.temple.edu:80/crafts/public_html/mjcc/local/gallery/thesis/uhrik/full/magnabrooch.htm
[4354/4502] http://www.temple.edu:80/crafts/public_html/mjcc/local/gallery/thesis/uhrik/full/roller.htm
[4355/4502] http://www.temple.edu:80/crafts/public_html/mjcc/local/gallery/thesis/uhrik/full/slide.htm
[4356/4502] http://www.temple.edu:80/crafts/public_html/mjcc/local/gallery/thesis/uhrik/full/slip.htm
[4357/4502] http://www.temple.edu:80/crafts/public_html/mjcc/local/gallery/thesis/uhrik/full/wedded.htm
[4358/4502] http://www.temple.edu:80/crafts/public_html/mjcc/local/gallery/thesis/uhrik/uhrik.htm
[4359/4502] http://www.temple.edu:80/crafts/public_html/mjcc/local/gallery/thesis/uhrik/uhrikbracelets.htm
[4360/4502] http://www.temple.edu:80/crafts/public_html/mjcc/local/gallery/thesis/uhrik/uhrikbrooches.htm
[4361/4502] http://www.temple.edu:80/crafts/public_html/mjcc/local/gallery/thesis/uhrik/uhrikcurrvitae.htm
[4362/4502] http://www.temple.edu:80/crafts/public_html/mjcc/local/gallery/thesis/uhrik/uhrikgallery.htm
[4363/4502] http://www.temple.edu:80/crafts/public_html/mjcc/local/gallery/thesis/uhrik/uhrikrings.htm
[4364/4502] http://www.temple.edu:80/crafts/public_html/mjcc/local/gallery/thesis/uhrik/uhrikstatement.htm
[4365/4502] http://www.temple.edu:80/crafts/public_html/mjcc/local/gallery/thesis/voigt/1024x768/0071.html
[4366/4502] http://www.temple.edu:80/crafts/public_html/mjcc/local/gallery/thesis/voigt/1024x768/0073.html
[4367/4502] http://www.temple.edu:80/crafts/public_html/mjcc/local/gallery/thesis/voigt/1024x768/aurora-f1.html
[4368/4502] http://www.temple.edu:80/crafts/public_html/mjcc/local/gallery/thesis/voigt/1024x768/emerge-31.html
[4369/4502] http://www.temple.edu:80/crafts/public_html/mjcc/local/gallery/thesis/voigt/1024x768/emerge-33.html
[4370/4502] http://www.temple.edu:80/crafts/public_html/mjcc/local/gallery/thesis/voigt/1024x768/emerge-51.html
[4371/4502] http://www.temple.edu:80/crafts/public_html/mjcc/local/gallery/thesis/voigt/1024x768/emerge-53.html
[4372/4502] http://www.temple.edu:80/crafts/public_html/mjcc/local/gallery/thesis/voigt/1024x768/newpage111.html
[4373/4502] http://www.temple.edu:80/crafts/public_html/mjcc/local/gallery/thesis/voigt/1024x768/newpage12.html
[4374/4502] http://www.temple.edu:80/crafts/public_html/mjcc/local/gallery/thesis/voigt/1024x768/newpage15.html
[4375/4502] http://www.temple.edu:80/crafts/public_html/mjcc/local/gallery/thesis/voigt/1024x768/newpage17.html
[4376/4502] http://www.temple.edu:80/crafts/public_html/mjcc/local/gallery/thesis/voigt/1024x768/newpage19.html
[4377/4502] http://www.temple.edu:80/crafts/public_html/mjcc/local/gallery/thesis/voigt/1024x768/newpage21.html
[4378/4502] http://www.temple.edu:80/crafts/public_html/mjcc/local/gallery/thesis/voigt/1024x768/newpage22.html
[4379/4502] http://www.temple.edu:80/crafts/public_html/mjcc/local/gallery/thesis/voigt/1024x768/newpage4.html
[4380/4502] http://www.temple.edu:80/crafts/public_html/mjcc/local/gallery/thesis/voigt/1024x768/newpage6.html
[4381/4502] http://www.temple.edu:80/crafts/public_html/mjcc/local/gallery/thesis/voigt/1024x768/newpage61.html
[4382/4502] http://www.temple.edu:80/crafts/public_html/mjcc/local/gallery/thesis/voigt/1024x768/newpage8.html
[4383/4502] http://www.temple.edu:80/crafts/public_html/mjcc/local/gallery/thesis/voigt/1024x768/newpage81.html
[4384/4502] http://www.temple.edu:80/crafts/public_html/mjcc/local/gallery/thesis/voigt/1024x768/spring1.html
[4385/4502] http://www.temple.edu:80/crafts/public_html/mjcc/local/gallery/thesis/voigt/800x600/007.html
[4386/4502] http://www.temple.edu:80/crafts/public_html/mjcc/local/gallery/thesis/voigt/800x600/0072.html
[4387/4502] http://www.temple.edu:80/crafts/public_html/mjcc/local/gallery/thesis/voigt/800x600/aurora-f.html
[4388/4502] http://www.temple.edu:80/crafts/public_html/mjcc/local/gallery/thesis/voigt/800x600/emerge-3.html
[4389/4502] http://www.temple.edu:80/crafts/public_html/mjcc/local/gallery/thesis/voigt/800x600/emerge-32.html
[4390/4502] http://www.temple.edu:80/crafts/public_html/mjcc/local/gallery/thesis/voigt/800x600/emerge-5.html
[4391/4502] http://www.temple.edu:80/crafts/public_html/mjcc/local/gallery/thesis/voigt/800x600/emerge-52.html
[4392/4502] http://www.temple.edu:80/crafts/public_html/mjcc/local/gallery/thesis/voigt/800x600/newpage11.html
[4393/4502] http://www.temple.edu:80/crafts/public_html/mjcc/local/gallery/thesis/voigt/800x600/newpage110.html
[4394/4502] http://www.temple.edu:80/crafts/public_html/mjcc/local/gallery/thesis/voigt/800x600/newpage13.html
[4395/4502] http://www.temple.edu:80/crafts/public_html/mjcc/local/gallery/thesis/voigt/800x600/newpage14.html
[4396/4502] http://www.temple.edu:80/crafts/public_html/mjcc/local/gallery/thesis/voigt/800x600/newpage16.html
[4397/4502] http://www.temple.edu:80/crafts/public_html/mjcc/local/gallery/thesis/voigt/800x600/newpage18.html
[4398/4502] http://www.temple.edu:80/crafts/public_html/mjcc/local/gallery/thesis/voigt/800x600/newpage31.html
[4399/4502] http://www.temple.edu:80/crafts/public_html/mjcc/local/gallery/thesis/voigt/800x600/newpage5.html
[4400/4502] http://www.temple.edu:80/crafts/public_html/mjcc/local/gallery/thesis/voigt/800x600/newpage7.html
[4401/4502] http://www.temple.edu:80/crafts/public_html/mjcc/local/gallery/thesis/voigt/800x600/newpage71.html
[4402/4502] http://www.temple.edu:80/crafts/public_html/mjcc/local/gallery/thesis/voigt/800x600/newpage9.html
[4403/4502] http://www.temple.edu:80/crafts/public_html/mjcc/local/gallery/thesis/voigt/800x600/spring.html
[4404/4502] http://www.temple.edu:80/crafts/public_html/mjcc/local/gallery/thesis/voigt/800x600/t-cont-.html
[4405/4502] http://www.temple.edu:80/crafts/public_html/mjcc/local/gallery/thesis/voigt/armpieces/arm.html
[4406/4502] http://www.temple.edu:80/crafts/public_html/mjcc/local/gallery/thesis/voigt/gallery/gallery.html
[4407/4502] http://www.temple.edu:80/crafts/public_html/mjcc/local/gallery/thesis/voigt/neckpieces/neck.html
[4408/4502] http://www.temple.edu:80/crafts/public_html/mjcc/local/gallery/thesis/voigt/objects/objects.html
[4409/4502] http://www.temple.edu:80/crafts/public_html/mjcc/local/gallery/thesis/voigt/research/abstract/abstract.html
[4410/4502] http://www.temple.edu:80/crafts/public_html/mjcc/local/gallery/thesis/voigt/research/credits/credits.html
[4411/4502] http://www.temple.edu:80/crafts/public_html/mjcc/local/gallery/thesis/voigt/research/definition/definiti.html
[4412/4502] http://www.temple.edu:80/crafts/public_html/mjcc/local/gallery/thesis/voigt/research/newpage1.html
[4413/4502] http://www.temple.edu:80/crafts/public_html/mjcc/local/gallery/thesis/voigt/research/process/process.html
[4414/4502] http://www.temple.edu:80/crafts/public_html/mjcc/local/gallery/thesis/voigt/resume/newpage3.html
[4415/4502] http://www.temple.edu:80/crafts/public_html/mjcc/local/gallery/thesis/voigt/rings/rings.html
[4416/4502] http://www.temple.edu:80/crafts/public_html/mjcc/local/gallery/thesis/voigt/statement/newpage2.html
[4417/4502] http://www.temple.edu:80/crafts/public_html/mjcc/local/gallery/thesis/voigt/voigt.html
[4418/4502] http://www.temple.edu:80/crafts/public_html/mjcc/local/gallery/thesis/yang/aspire_i_layout.htm
[4419/4502] http://www.temple.edu:80/crafts/public_html/mjcc/local/gallery/thesis/yang/aspire_ii_animation.htm
[4420/4502] http://www.temple.edu:80/crafts/public_html/mjcc/local/gallery/thesis/yang/aspire_ii_layout.htm
[4421/4502] http://www.temple.edu:80/crafts/public_html/mjcc/local/gallery/thesis/yang/aspire_iii_layout.htm
[4422/4502] http://www.temple.edu:80/crafts/public_html/mjcc/local/gallery/thesis/yang/aspire_iv_layout.htm
[4423/4502] http://www.temple.edu:80/crafts/public_html/mjcc/local/gallery/thesis/yang/aspire_series_home.htm
[4424/4502] http://www.temple.edu:80/crafts/public_html/mjcc/local/gallery/thesis/yang/aspire_v_layout.htm
[4425/4502] http://www.temple.edu:80/crafts/public_html/mjcc/local/gallery/thesis/yang/aspire_vi_layout.htm
[4426/4502] http://www.temple.edu:80/crafts/public_html/mjcc/local/gallery/thesis/yang/drawing_i_animation.htm
[4427/4502] http://www.temple.edu:80/crafts/public_html/mjcc/local/gallery/thesis/yang/drawing_i_full.htm
[4428/4502] http://www.temple.edu:80/crafts/public_html/mjcc/local/gallery/thesis/yang/drawing_i_layout.htm
[4429/4502] http://www.temple.edu:80/crafts/public_html/mjcc/local/gallery/thesis/yang/drawing_ii_layout.htm
[4430/4502] http://www.temple.edu:80/crafts/public_html/mjcc/local/gallery/thesis/yang/drawing_iii_layout.htm
[4431/4502] http://www.temple.edu:80/crafts/public_html/mjcc/local/gallery/thesis/yang/drawing_iv_layout.htm
[4432/4502] http://www.temple.edu:80/crafts/public_html/mjcc/local/gallery/thesis/yang/drawing_series_home.htm
[4433/4502] http://www.temple.edu:80/crafts/public_html/mjcc/local/gallery/thesis/yang/gallery.htm
[4434/4502] http://www.temple.edu:80/crafts/public_html/mjcc/local/gallery/thesis/yang/victory_i_animation.htm
[4435/4502] http://www.temple.edu:80/crafts/public_html/mjcc/local/gallery/thesis/yang/victory_i_layout.htm
[4436/4502] http://www.temple.edu:80/crafts/public_html/mjcc/local/gallery/thesis/yang/victory_ii_layout.htm
[4437/4502] http://www.temple.edu:80/crafts/public_html/mjcc/local/gallery/thesis/yang/victory_series_home.htm
[4438/4502] http://www.temple.edu:80/crafts/public_html/mjcc/local/gallery/thesis/yang/yang.htm
[4439/4502] http://www.temple.edu:80/crafts/public_html/mjcc/local/gallery/thesis/yaukey/bio_yauk.html
[4440/4502] http://www.temple.edu:80/crafts/public_html/mjcc/local/gallery/thesis/yaukey/gal_yauk.html
[4441/4502] http://www.temple.edu:80/crafts/public_html/mjcc/local/gallery/thesis/yaukey/sta_yauk.html
[4442/4502] http://www.temple.edu:80/crafts/public_html/mjcc/local/gallery/thesis/yoon/brooch12.html
[4443/4502] http://www.temple.edu:80/crafts/public_html/mjcc/local/gallery/thesis/yoon/brooch80.html
[4444/4502] http://www.temple.edu:80/crafts/public_html/mjcc/local/gallery/thesis/yoon/cr-sg128.html
[4445/4502] http://www.temple.edu:80/crafts/public_html/mjcc/local/gallery/thesis/yoon/cr-sg800.html
[4446/4502] http://www.temple.edu:80/crafts/public_html/mjcc/local/gallery/thesis/yoon/creamer1.html
[4447/4502] http://www.temple.edu:80/crafts/public_html/mjcc/local/gallery/thesis/yoon/creamer8.html
[4448/4502] http://www.temple.edu:80/crafts/public_html/mjcc/local/gallery/thesis/yoon/earings1.html
[4449/4502] http://www.temple.edu:80/crafts/public_html/mjcc/local/gallery/thesis/yoon/earings8.html
[4450/4502] http://www.temple.edu:80/crafts/public_html/mjcc/local/gallery/thesis/yoon/lamp1280.html
[4451/4502] http://www.temple.edu:80/crafts/public_html/mjcc/local/gallery/thesis/yoon/lamp800.html
[4452/4502] http://www.temple.edu:80/crafts/public_html/mjcc/local/gallery/thesis/yoon/newpage1.html
[4453/4502] http://www.temple.edu:80/crafts/public_html/mjcc/local/gallery/thesis/yoon/newpage11.html
[4454/4502] http://www.temple.edu:80/crafts/public_html/mjcc/local/gallery/thesis/yoon/newpage2.html
[4455/4502] http://www.temple.edu:80/crafts/public_html/mjcc/local/gallery/thesis/yoon/newpage21.html
[4456/4502] http://www.temple.edu:80/crafts/public_html/mjcc/local/gallery/thesis/yoon/newpage3.html
[4457/4502] http://www.temple.edu:80/crafts/public_html/mjcc/local/gallery/thesis/yoon/newpage4.html
[4458/4502] http://www.temple.edu:80/crafts/public_html/mjcc/local/gallery/thesis/yoon/newpage6.html
[4459/4502] http://www.temple.edu:80/crafts/public_html/mjcc/local/gallery/thesis/yoon/pc5-1280.html
[4460/4502] http://www.temple.edu:80/crafts/public_html/mjcc/local/gallery/thesis/yoon/pc5-800.html
[4461/4502] http://www.temple.edu:80/crafts/public_html/mjcc/local/gallery/thesis/yoon/sltnp128.html
[4462/4502] http://www.temple.edu:80/crafts/public_html/mjcc/local/gallery/thesis/yoon/sltnp800.html
[4463/4502] http://www.temple.edu:80/crafts/public_html/mjcc/local/gallery/thesis/yoon/spnrst1-.html
[4464/4502] http://www.temple.edu:80/crafts/public_html/mjcc/local/gallery/thesis/yoon/spnrst2-.html
[4465/4502] http://www.temple.edu:80/crafts/public_html/mjcc/local/gallery/thesis/yoon/spnrst2-1.html
[4466/4502] http://www.temple.edu:80/crafts/public_html/mjcc/local/gallery/thesis/yoon/teapot1-.html
[4467/4502] http://www.temple.edu:80/crafts/public_html/mjcc/local/gallery/thesis/yoon/teapot1-1.html
[4468/4502] http://www.temple.edu:80/crafts/public_html/mjcc/local/gallery/thesis/yoon/teapot3-.html
[4469/4502] http://www.temple.edu:80/crafts/public_html/mjcc/local/gallery/thesis/yoon/teapot3-1.html
[4470/4502] http://www.temple.edu:80/crafts/public_html/mjcc/local/gallery/thesis/yoon/vractn.html
[4471/4502] http://www.temple.edu:80/crafts/public_html/mjcc/local/gallery/thesis/yoon/yoonhomepage.html
[4472/4502] http://www.temple.edu:80/crafts/public_html/mjcc/local/gallery/thesis/zimmerman_06/zimmerman/extract_video.htm
[4473/4502] http://www.temple.edu:80/crafts/public_html/mjcc/local/gallery/thesis/zimmerman_06/zimmerman/ritual_video.htm
[4474/4502] http://www.temple.edu:80/crafts/public_html/mjcc/local/gallery/thesis/zimmerman_06/zimmerman/shatter_video.htm
[4475/4502] http://www.temple.edu:80/crafts/public_html/mjcc/local/gallery/thesis/zimmerman_06/zimmerman/zimmerman.htm
[4476/4502] http://www.temple.edu:80/crafts/public_html/mjcc/local/gallery/thesis/zimmerman_06/zimmerman/zimmerman_catch.htm
[4477/4502] http://www.temple.edu:80/crafts/public_html/mjcc/local/gallery/thesis/zimmerman_06/zimmerman/zimmerman_extract.htm
[4478/4502] http://www.temple.edu:80/crafts/public_html/mjcc/local/gallery/thesis/zimmerman_06/zimmerman/zimmerman_gallery.htm
[4479/4502] http://www.temple.edu:80/crafts/public_html/mjcc/local/gallery/thesis/zimmerman_06/zimmerman/zimmerman_infuse.htm
[4480/4502] http://www.temple.edu:80/crafts/public_html/mjcc/local/gallery/thesis/zimmerman_06/zimmerman/zimmerman_inhale.htm
[4481/4502] http://www.temple.edu:80/crafts/public_html/mjcc/local/gallery/thesis/zimmerman_06/zimmerman/zimmerman_manipulate.htm
[4482/4502] http://www.temple.edu:80/crafts/public_html/mjcc/local/gallery/thesis/zimmerman_06/zimmerman/zimmerman_peel.htm
[4483/4502] http://www.temple.edu:80/crafts/public_html/mjcc/local/gallery/thesis/zimmerman_06/zimmerman/zimmerman_pierce.htm
[4484/4502] http://www.temple.edu:80/crafts/public_html/mjcc/local/gallery/thesis/zimmerman_06/zimmerman/zimmerman_pluck.htm
[4485/4502] http://www.temple.edu:80/crafts/public_html/mjcc/local/gallery/thesis/zimmerman_06/zimmerman/zimmerman_pop.htm
[4486/4502] http://www.temple.edu:80/crafts/public_html/mjcc/local/gallery/thesis/zimmerman_06/zimmerman/zimmerman_press.htm
[4487/4502] http://www.temple.edu:80/crafts/public_html/mjcc/local/gallery/thesis/zimmerman_06/zimmerman/zimmerman_reflect.htm
[4488/4502] http://www.temple.edu:80/crafts/public_html/mjcc/local/gallery/thesis/zimmerman_06/zimmerman/zimmerman_shatter.htm
[4489/4502] http://www.temple.edu:80/crafts/public_html/mjcc/local/gallery/thesis/zimmerman_06/zimmerman/zimmerman_statement.htm
[4490/4502] http://www.temple.edu:80/crafts/public_html/mjcc/local/gallery/thesis/zindell/open/animation/animation.html
[4491/4502] http://www.temple.edu:80/crafts/public_html/mjcc/local/gallery/thesis/zindell/open/animation/commitanime.html
[4492/4502] http://www.temple.edu:80/crafts/public_html/mjcc/local/gallery/thesis/zindell/open/animation/elastanime.html
[4493/4502] http://www.temple.edu:80/crafts/public_html/mjcc/local/gallery/thesis/zindell/open/animation/flipanime.html
[4494/4502] http://www.temple.edu:80/crafts/public_html/mjcc/local/gallery/thesis/zindell/open/animation/mechanime.html
[4495/4502] http://www.temple.edu:80/crafts/public_html/mjcc/local/gallery/thesis/zindell/open/animation/mosqanime.html
[4496/4502] http://www.temple.edu:80/crafts/public_html/mjcc/local/gallery/thesis/zindell/open/animation/swanqanime.html
[4497/4502] http://www.temple.edu:80/crafts/public_html/mjcc/local/gallery/thesis/zindell/open/animation/twinanime.html
[4498/4502] http://www.temple.edu:80/crafts/public_html/mjcc/local/gallery/thesis/zindell/open/mike1.html
[4499/4502] http://www.temple.edu:80/crafts/public_html/mjcc/local/gallery/thesis/zindell/open/products/productchoice.html
[4500/4502] http://www.temple.edu:80/crafts/public_html/mjcc/local/gallery/thesis/zindell/open/resume/resume.html
[4501/4502] http://www.temple.edu:80/crafts/public_html/mjcc/local/gallery/thesis/zindell/open/statement/statement.html
[4502/4502] http://www.temple.edu:80/crafts/public_html/mjcc/local/gallery/thesis/zindell/open/tangible/tangible.html

Parsed 4499 pages | bios 170 | schools 1269 | gallery 2918 | failures 3
Carrizzi: ["http://www.temple.edu/crafts/metalsdirectorypage/s272.html  (title='Phil Carrizzi')", "http://www.temple.edu:80/crafts/metalsdirectorypage/s272.html  (title='Phil Carrizzi')", "http://www.temple.edu:80/crafts/public_html/mjcc/local/history/s272.html  (title='Phil Carrizzi')"]

Done. See ./amd-recovery/manifest.txt
