person_id,level,school,years,major,degree,instructor
1,Undergraduate,University of Florida,1970 to 1975,Art Eduation (concentration in ceramics),BS,
1,Graduate,East Carolina University,1981 to 1989,Metals,MFA I nstructor: John Satterfield,
2,Undergraduate,California State College - Long Beach,1960 to 1963,Industrial Arts,BA,Bill Macon (wood)
2,Undergraduate,California State College - San Jose,1956 to 1957,Industrial Arts,none,
2,Graduate,Cranbrook Academy of Art,1966 to 1968,Metalsmithing,MFA,Richard Thomas
3,Undergraduate,Orange Coast College,1958 to 1961,Graphic Design,AA,
3,Undergraduate,California State University - Long Beach,1964 to 1967,"Painting/Drawing (1966), Metals (1967)",BA,Alvin Pine
3,Graduate,Rochester Institute of Technology,1967 to 1968,Metals,none,Hans Christensen
3,Graduate,California State University - Long Beach,"1967 to 1969, 1975 to 1977",Metals,MA & MFA,Alvin Pine
4,Undergraduate,Massachusetts School of Art,? to 1926,Education,BS,
5,Undergraduate,San Diego State University,1965 to 1969,Art Education,BA,Arline Fisch
5,Graduate,California State University - Long Beach,1970 to 1971 and 1976 to 1977,Crafts with emphasis in Jewelry/Metalsmithing,MFA,Alvine Pine
6,Undergraduate,University of Texas - Austin,1963 to 1965,Studio Art,BFA,Michael Lacktman
6,Undergraduate,Del Mar Junior College,1960 to 1963,Art,BS,Charlotte Watson
6,Graduate,Cranbrook Academy of Art,1965 to 1967,Jewelry/Metalsmithing with a minor in design,MFA,Richard Thomas
7,Undergraduate,University of Minnesota,1975 to 1981,Photography,BA,
7,Graduate,State University of New York - New Paltz,1984 to 1985,Metals/Jewelry,MA,Bob Ebendorf
7,Graduate,Hunter College of the City of New York,1990 to 1993,Sculpture,MFA,
8,Undergraduate,Indiana University,1981 to 1985,Metalsmithing,BA,Randy Long
8,Graduate,Indiana State University,1985 to 1988,Ceramics,MFA,Dick Hay
9,Undergraduate,University of Wisconsin - Madison,1960 to 1963 with one year out for military,Art Education with metal emphasis,BS,Arthur Vierthaler
9,Undergraduate,Platteville State Teacher's College,1958 to 1960,Industrial Arts Education,none,E.W. Manzur
9,Graduate,University of Illinois - Urbana,1966 to 1967,Art Education with emphasis in jewelry,MA,Robert Von Neumann
9,Graduate,University of Wisconsin - Madison,1967 to 1968,Jewelry/Metalsmithing,MFA,Arthur Vierthaler
10,Undergraduate,Phoenix Indian School,? to 1940,?,?,
10,Graduate,School for American Craftsmen/Rochester Institute of Technology,1945 to 1948,,,
11,Undergraduate,Southwestern College,1969 to 1971,Art,AA,David Richardson
11,Undergraduate,San Diego State University,1971 to 1974,Crafts,BA,Arline Fisch
11,Graduate,San Diego State University,1974 to 1977,Metalsmithing/Jewelry,MA,Arline Fisch
11,Graduate,California State University - Long Beach,1982 to 1983,Metalsmithing/Jewelry,MFA,Alvin Pine
12,Undergraduate,Philadelphia College of Art,? to ?,Industrial Design,BS,
12,Graduate,Tyler School of Art - Temple University,? to ?,Metals/Jewelry,MFA,Stanley Lechtzin
13,Undergraduate,California State University - Long Beach,? to ?,General Art,BA,Alvine Pine
13,Graduate,California State University - Long Beach,1971 to 1973,Art/Metalsmithing/Jewelry,MA,Alvine Pine
14,Undergraduate,California State University - Long Beach,? to ?,?,BA,Alvin Pine
14,Graduate,University of Indiana,? to ?,?,MFA,
15,Undergraduate,New York University,,Business Administration,none,
15,Undergraduate,University of Georgia,? to 1970,,BFA,
15,Graduate,State University of New York - New Paltz,1970 to 1974,Metals,MFA,Bob Ebendorf
16,Undergraduate,Kansas State University,1978 to 1981,Jewelry/Metalsmithing,BFA,Elliot Pujol
16,Graduate,Bowling Green State University,1986 to 1988,Jewelry/Metalsmithing,MFA,Harold Hasselschwert
17,Undergraduate,Kent State University,1970 to 1971,Design/Crafts,BFA,William Harper
17,Undergraduate,Miami Dade Junior College,1967 to 1969,Art,AA,Duane Hanson
17,Graduate,State College of New York - New Paltz,1972 to 1975,Gold and Silversmithing,MFA,Bob Ebendorf
18,Undergraduate,University of Wisconsin - Madison,1961 to 1965,Metal/ Wood Sculpture,BS,Fred Fenster
18,Graduate,University of Wisconsin - Madison,1965 to 1966,Metal/ Wood Sculpture,MS,Fred Fenster
19,Undergraduate,Cleveland Institute of Art,1960 to 1965,Metals,BFA,Frederick Miller
19,Undergraduate,Grove City College,1958 to 1959,Business Administration,,
19,Graduate,Syracuse University,1965 to 1967,Metals,MFA,Arthur Pulos
20,Undergraduate,Oxford University,? to 1949,Fine Art/Sculpture,Diploma,
20,Undergraduate,Slade School of Art,? to ?,?,?,
20,Graduate,University of Iowa,? to 1954,Jewelry/Metalsmithing,MFA,
21,Undergraduate,Emporia State University,1963 to 1967,Art,BSE,Don Hazelrigg
21,Graduate,University of Kansas,1967 to 1969,Jewelry/Silversmithing,MFA,Carlyle Smith
22,Undergraduate,Grinnell College,1978 to 1982,History,BA,Merle Zirkle
22,Graduate,Southern Illinois University - Carbondale,1988 to 1990,Jewlery/Metalsmithing,MFA,Brent Kington
23,Undergraduate,Tyler School of Art - Temple University,1970 to 1974,Jewelry/Metalsmithing,BFA,Stanley Lechtzin
23,Graduate,Rhode Island School of Design,1976 to 1978,Jewelry/Metalsmithing,MFA,John Prip
24,Undergraduate,The College of Wooster,1969 to 1973,Sculpture,BA,Sufi Ahmed
24,Graduate,Bowling Green State Universit y,1973 to 1975,Jewelry/Metalsmithing,MFA,Harold Hasselschwert
25,Undergraduate,Louisiana State University,1965 to 1971,English,BA,Irene Luchetti
26,Undergraduate,City College of New York,1953 to 1957,Education/Industrial Arts,BS,George Keane (metalshop)
26,Graduate,City College of New York,1957 to 1960,Education/Industrial Arts,MS,
26,Graduate,School for American Craftsmen,1959 to 1963,Silversmithing,MFA,Hans Christensen
27,Undergraduate,Syracuse University,1986 to 1990,Jewelry/Metalsmithing,BFA,Michael Jerry
27,Undergraduate,City of London Polytechnical,?,Jewelry/Metalsmithing,none sought,
27,Graduate,Cranbrook Academy of Art,1992 to 1994,Jewelry/Metalsmithing,MFA,Gary Griffin
28,Undergraduate,Syracuse University,1967 to 1972,Jewelry/Metals,BFA,Michael Jerry
28,Undergraduate,State University of New York - New Paltz,1973 to 1974,none (evening classes),,Claudia Kuehnl (graduate student)
28,Graduate,Tyler School of Art - Temple University,1975 to 1977,Jewelry/Metals,MFA,Stanley Lechtzin
28,Graduate,Montana State University,1972 to 1973,Jewelry/Metals,none,Richard Helzer
29,Undergraduate,Wayne State University,1971 to 1973,Art Education/Ceramics,BS,
29,Graduate,University of Illinois - Urbana,1976 to 1978,Metals,MA,Robert Von Neumann
29,Graduate,Michigan State University,1978 to 1980,Metals,MFA,Mary Lee Hu
30,Undergraduate,Cleveland Institute of Art,1936 to 1940,Art/Design,BS,Enameling with Kenneth Bates
31,Undergraduate,Cleveland Institute of Art,1936 to 1940,Industrial Art with a minor in Ceramics,Certificate,
32,Undergraduate,Illinois Wesleyan University,1960 to 1966,Ceramics/Sculpture/Painting,BFA,Fred Brian
32,Graduate,Southern Illinois University - Carbondale,1964 to 1966,Ceramics,MFA,Nickolas Vergette
32,Graduate,Kansas State University,1972 to 1973,Jewelry/Metals,MFA,Carlyle Smith
33,Undergraduate,Kansas City Art Institute,1949 to 1953,Design,B.F.A.,
33,Undergraduate,Wichita State University,1953 to 1955,Art Education,B.S.,
33,Graduate,University of Kansas,1955 to 1957,Jewelry and Metalsmithing,M.F.A.,Carlyle Smith
34,Undergraduate,University of Utah,1940,Sociology,BA,
34,Graduate,Bowling Green State University,1976,Rehabilitation/Counseling,MA,
35,Undergraduate,University of Illinois - Urbana,1963 to 1968,Jewelry,BFA,Robert Von Neumann
35,Graduate,Tyler School of Art - Temple University,1968 to 1971,Jewelry/Metalsmithing,MFA,Stanley Lechtzin
36,Undergraduate,University of Southwestern Louisiana,1956 to 1960,Art,BA,William Moreland
36,Graduate,Louisiana State University,1961 to 1963,Fine Arts/Design,MA,Don Bruce
37,Undergraduate,Cranbrook Academy of Art,1937 to 1939,,,
38,Undergraduate,School for American Craftsmen/Rochester Institute of Technology,? to 1969,?,BFA,
38,Graduate,Rhode Island School of Design,1969 to 1971,Jewelry/Metals,MFA,John Prip
39,Undergraduate,Akademie Der Bildenden Kunste,?,Gold & Silberschmieden,Certificate,Franz Rickert
39,Graduate,Akademie Der Bildenden Kunste,,Gold & Silberschmieden,Meister Diploma,Franz Rickert
40,Undergraduate,Georgia State University,1978 to 1982,Jewelry/Metalsmithing,BA,Richard Mafong
40,Graduate,Indiana University,1982 to 1985,Jewelry/Metalsmithing,M.F.A.,Leslie Leupp
41,Undergraduate,School of Industrial Art of the Pennsylvania Museum,? to 1888,Drawing,Certificate,
41,Graduate,School of Industrial Art - Munich,?,?,?,
42,Undergraduate,San Jose State University,1977 to 1979,Craft,BA,Marcia Chamberlain (craft)
42,Undergraduate,De Anza College,1975 to 1977,Fine Arts,AA,Joyce Hendry (sculpture)
42,Graduate,San Diego State University,1979 to 1982,Metalsmithing/Jewelry,MA,Helen Shirk
42,Graduate,San Jose State University,1990 to 1994,Spatial Arts (installation),MFA,Jacqueline Thurston (critical theory)
43,Undergraduate,University of Northern Colorado,1967 to 1971,Art Education,BA,
43,Undergraduate,Colorado State University,1982 to 1984,Metalsmithing,MFA,Nilda Getty
44,Undergraduate,Clarke College,1965 to 1969,Theatre,BA,Siser Xavier Coen
44,Undergraduate,Kunsthaandvaerkerskolen,1969 to 1970,Ceramics,none,
44,Graduate,University of Iowa,1970 to 1972,Ceramics,MFA,
44,Graduate,University of Iowa,1972 to 1975,Metalsmithing/Jewelry,MFA,Chunghi Choo
45,Undergraduate,Cleveland Institute of Art,1980 to 1985,Jewelry/Metalsmithing,BFA,John Paul Miller
45,Graduate,Cranbrook Academy of Art,1985 to 1989,Jewelry/Metalsmithing,MFA,Gary Griffin
46,Undergraduate,University of New Mexico,1962 to 1965 and 1970,Anthropology,BA,Ralph Lewis (jewelry)
46,Undergraduate,Fachochschule fur Gestaltung,1966 to 1967,"Jewelry design, Fabrication, Stone setting",none,Reinhold Reiling
46,Graduate,Instituto Allende,1971,Art Jewelry Design,MFA,Professor Fischer
46,Graduate,Int. Summar Academy for Fine Arts,1972,,none,Joseph Symon
47,Undergraduate,California State University - Northridge,? to 1969,Anthropology/Metals,BA,Fred Lauritzen
47,Graduate,San Diego State University,? to 1978,Metals,MA,Arline Fisch
47,Graduate,California State University - Long Beach,1978 to 1980,Metals,MFA,Alvine Pine
48,Undergraduate,Calvin College,,Art Education,AB,
48,Graduate,Western Michigan University,,Art Education,MA,
49,Undergraduate,Pittsburg State University,1980 to 1984,Metals/Jewelry,BFA,Majorie Schick
49,Graduate,Pittsburg State University,1989 to 1991,Metalsmithing/Jewelry,MA,Majorie Schick
49,Graduate,University of Kansas,1991 to 1995,Metalsmithing/Jewelry,MFA,Jon Havener
50,Undergraduate,Tyler School of Art - Temple University,1962 to 1966,Jewelry/Metalsmithing,BFA,Stanley Lechtzin
50,Graduate,Tyler School of Art - Temple University,1966 to 1969,Jewelry/Metalsmithing,MFA,Stanley Lechtzin
51,Undergraduate,Memphis Academy of Art,? to 1951,Painting,BFA,
51,Graduate,Syracuse University,? to 1959,Painting,MFA,
52,Undergraduate,University of Wisconsin - Madison,1942 to 1943,,none,
52,Undergraduate,School for American Craftsmen/Rochester Institute of Technology,1947 to 1948,Metals,none,Philip Morton
53,Undergraduate,"Maryland Institute, College of Art",1975 to 1976,Painting,none,Peter Collier
53,Undergraduate,University of Texas - El Paso,1976 to 1982,Sculpture/Metals,BFA,Rachelle Thiewes
53,Graduate,New Mexico State University,1984 to 1986,Jewelry/Metalsmithing,MA,Kate Wagle
53,Graduate,State University of New York - New Paltz,1987 to 1989,Jewelry/Metalsmithing,MFA,Bob Ebendorf
54,Undergraduate,Cleveland Institute of Art,1974 to 1978,Metals,BFA,John Paul Miller
54,Graduate,Cranbrook Academy of Art,1980 to 1982,Metals,MFA,Richard Thomas
55,Undergraduate,Webster University,1959 to 1960 and 1963 to 1965,Art Education,BA,Rudolph Torrini
55,Graduate,University of Wisconsin- Milwaukee,1970 to 1975,Art Education and Metals,MS,Mary Tingley
56,Undergraduate,University of Wisconsin - Milwaukee,? to ?,Jewelry/Metalsmithing,BFA,Mary Tingley
56,Undergraduate,University of Wisconsin - Madison,? to ?,Science,none,
56,Graduate,University of Wisconsin - Milwaukee,? to ?,Metals,MFA,Mary Tingley
57,Undergraduate,Wayne State University,1960 to 1965,Metalcraft,BFA,Philip Fike
57,Graduate,Wayne State University,1965 to 1967,Metalcraft,MA,Philip Fike
57,Graduate,Cranbrook Academy of Art,1967 to 1969,Metalsmithing,MFA,Richard Thomas
58,Undergraduate,St. Paul University/Rikkyo University,1960 to 1964,,BA,
58,Graduate,Cranbrook Academy of Art,1964 to 1966,Jewelry/Metasmithing,MFA,Richard Thomas
59,Undergraduate,University of Texas at Austin,1969 to 1973,Painting/Art History,BFA,John Lednicki
59,Graduate,Texas Women's University,1973 to 1975,Clay and metal with minor in sculpture,MA +,"John Brough Miller, Bud Green, and Warren Casey"
60,Undergraduate,Southern Illinois University - Carbondale,1960 to 1964,Photography,BS,
60,Undergraduate,Southern Illinois University - Carbondale,1964 to 1966,Art,BA,Brent Kington
60,Graduate,Southern Illinois University - Carbondale,1969 to 1971,Metalsmithing,MFA,Brent Kington
61,Undergraduate,Massachusetts College of Art,1961 to 1965,Education,BS,
61,Graduate,School for American Craftsmen/Rochester Institute of Technology,1969 to 1971,Jewelry/Metalsmithing,MFA,Hans Christensen
62,Undergraduate,City College of New York,1951 to 1955,Industrial Arts,BS in Education,George Keens
62,Graduate,Cranbrook Academy of Art,1956 to 1958,Metalsmithing/Jewelry,MFA,Richard Thomas
62,Graduate,Munich Art Academy,1960 to 1961,Silversmithing and Goldsmithing,none - one year of study after MFA,Franz Rickert
64,Undergraduate,Southern Illinois University - Carbondale,1964 to 1968,Theatre,BA,
64,Graduate,Southern Illinois University - Carbondale,1968 to 1971,Metals,MFA,Brent Kington
65,Undergraduate,Carnegie Institute of Technology,? to 1939,?,BA,
65,Graduate,University of Oregon,1939 to 1943,?,MFA,
66,Undergraduate,University of Wisconsin - Madison,1954 to 1958,Art Education,BS,Arthur Viertahler
66,Graduate,University of Wisconsin - Madison,1962 ot 1963,Art Education emphasis in jewelry and crafts,MS,Arthur Viertahler
66,Graduate,Ball State University,1966 to 1969,Art Education/Jewelry: Art Metals,Doctorate of Art Education,Ned Grinder
67,Undergraduate,Tyler School of Art - Temple University,1970 to 1974,Jewelry/Metalsmithing,BFA,Stanley Lechtzin
67,Graduate,Rhode Island School of Design,1974 to 1976,Jewelry/Metalsmithing,MFA,John Prip
68,Undergraduate,"Royal Academy of Art in Belgrade, Yugoslavia",? to 1938,Painting,Bachelor of Arts,
68,Graduate,Royal Academy of Art,1939,Painting,Master of Arts,
68,Graduate,Studied with Mogen Bjorn-Anderson in Copenhagen,1954,,,
69,Undergraduate,University of Michigan,1979 to 1983,Jewelry/Metalsmithing,BFA and Teaching Certificate,Gene Pijanowski
69,Graduate,Texas Technical University,1983 to 1985,Jewelry/Metalsmithin,MFA,
71,Undergraduate,Otis Parsons Art Institute,1979 to 1981,Painting,BFA,Robin Vaccarino
71,Undergraduate,San Jose State University,1973 to 1976,Fine Arts,none,John DiVencenzi
71,Graduate,New Mexico State University,1993 to 1996,Metals,MFA,Jullia Barello
72,Undergraduate,School of Industrial Arts - Trenton,?,?,?,
72,Graduate,Institute of Design - Chicago,?,?,?,
73,Undergraduate,Philadelphia Museum School of Industrial Arts/The University of the Arts,1939 to 1947,Art Education,BAA,Douglas Gilchrist
74,Undergraduate,University of Virginia,1965 to 1969,Psychology/Art,BA,Tom Hagen (sculpture)
74,Graduate,Instituto Allende,1970 to 1972,Jewelry/Sculpture,MFA,Enrique Lopez
74,Graduate,Fachhochschul fur Gestaltung,1972 to 1974,Jewelry Design/Goldsmithing,none,Reinhold Reiling
75,Undergraduate,Montana State University,1970 to 1976,Studio Art/Jewelry,BA,Richard Helzer
75,Graduate,Central Washington University,1976 to 1979,Jewelry,MA,Ken Cory
75,Graduate,West Virginia University,1979 to 1981,Sculpture,MFA,
76,Undergraduate,University of Texas,? to ?,Art Education,BFA,John Lednicky
76,Undergraduate,Abilene Christian University,?,?,none,
76,Graduate,Indiana University,? to ?,Jewelry/Metalsmithing,MFA,Alma Eikerman
77,Undergraduate,University of Florida,1954 to 1957,Graphic Art,BFA,Roy C. Craven
77,Undergraduate,St. Petersburg Junior College,1950 to 1951,?,none,
77,Graduate,University of Kansas,1965 to 1967,Design/Metal,MFA,Carlyle Smith
78,Undergraduate,Cleveland Institute of Art,1941 to 1944,Illustration/Design,,Kenneth Bates
78,Undergraduate,University of Akron,1941,Painting,none,Julious Fasach
78,Graduate,Kent State University,1960 to 1976,,"Equivilent Master's Degree to permit continued teaching basic design, metals and graphics",
79,Undergraduate,University of Wisconsin - Madison,? to 1963,Metals,BS,Fred Fenster
79,Graduate,Indiana University,1964 to 1966,Jewelry/Metalsmithing,MFA,Alma Eikerman
80,Undergraduate,University of Texas - Arlington,1986 to 1989,Jewelry/Metalsmithing,BFA,David Keens
80,Graduate,University of North Texas,1990 to 1993,Jewelry/Metalsmithing,MFA,Harlan Butt
81,Undergraduate,University of Wisconsin - Green Bay,1977 to 1980,Communications/Visual Arts/Education,BA,Bob Pum
81,Undergraduate,University of Wisconsin - Stout,,Education Vocational Certification,,Hector Cruz
81,Graduate,Bradley University,,"Jewelry, Art/Metals",MA,
82,Undergraduate,Wayne State University,1968 to 1971,Jewelry/Metalsmithing,BFA,Philip Fike
82,Graduate,University of Wisconsin - Madison,1971 to 1974,Jewelry/Metalsmithing,MFA,Arthur Viertahler
83,Undergraduate,University of Wisconsin - Platteville,1981 to 1983,Ceramic Sculpture,BS,Gene Smaczek (industrial technical program)
83,Undergraduate,University of Wisconsin - Stout,1977 to 1978,Art,none,Ron Verdon
83,Graduate,West Texas State University,1983 to 1985,Ceramic Sculpture,MFA,
84,Undergraduate,"Goldsmith School of Helsinki, Finland Central School of Industrial Art of Finland",1941 to 1945,,,
85,Undergraduate,University of North Carolina,1982 to 1989,Design,BFA,Cynthia Laymon
85,Graduate,University of Texas - Austin,1992 to 1995,emphasis in sculpture,MFA,Thelma Coles
86,Undergraduate,Skidmore College,1959 to 1963,Art,BS,Earl Pardon
86,Graduate,Indiana University,1967 to 1969,Jewelry/Metalsmithing,MFA,Alma Eikerman
87,Undergraduate,Hong-ik University,? to ?,Metal Arts,BFA,Professor Hyum-Chil Choi
87,Graduate,Hong-ik University,? to ?,Gold and Silversmithing,BFA,Professor Hyum-Chil Choi
87,Graduate,State University of New York - New Paltz,? to ?,Jewelry/Metalsmithing,MFA,Bob Ebendorf I nstructor: Jamie Bennet
88,Undergraduate,University of California - Los Angeles,?,?,BA,
88,Graduate,University of California - Los Angeles,?,?,MA,
88,Graduate,California State College,?,?,MS,
89,Undergraduate,Philadelphia Museum School of Art/The University of the Arts,1949 to 1953,Jewelry/Metalsmithing,BFA,Kathryn P. Finkbeiner
89,Graduate,School for American Craftsmen/Rochester Institute of Technology,1955 to 1957,Metals,MFA,Hans Christensen
90,Undergraduate,Rhode Island School of Design,1928 to 1931,Metals,?,Antonio Cirono
90,Graduate,University of Kansas,1947,Metals,MFA,
91,Undergraduate,University of Washington,? to 1939,?,BA,Ruth Pennington
91,Graduate,University of Washington,? to 1957,?,MFA,
92,Undergraduate,Western New Mexico University,1961 to 1965,General Art,BA,Cecil Howard
92,Graduate,Western New Mexico University,1965 to 1967,Ceramics,MA,Cecil Howard
93,Undergraduate,Maryland Institute College of Art,1969 to 1972,Photo/Video,BFA,Grace Hartigan
93,Undergraduate,School of Visual Arts,1966 to 1969,Advertising,AA,Jim Dine
93,Graduate,Long Island University,1981 to 1984,Ceramics/Sculpture,MFA,Rose Krebs
94,Undergraduate,Iowa State University,? to ?,Craft Design,BFA,Chuck Evans
95,Undergraduate,San Francisco State University,? to ?,Art/Industrial Arts,BA,
95,Graduate,California College of Arts and Crafts,? to ?,Sculpture,none,Evan Nayes
96,Undergraduate,City College of New York,1971 to 1974,Industrial Arts Education,BS,Professor Bernard Bernstein
96,Graduate,City College of New York,1974 to 1976,Industrial Arts Education,MS,Professor Bernard Bernstein
97,Undergraduate,,1965 to 1968,Art,BA with certification,
97,Undergraduate,University of Wisconsin - Green Bay,1963 to 1965,,none,
97,Graduate,University of Puget,1969 to 1971,Ceramics,MFA,F. Carlton Ball
98,Undergraduate,University of Miami,1957 ot 1961,Crafts/Art History,AB,
98,Graduate,Indiana University,1962 to 1963,Jewelry/Metalsmithing,MFA,Alma Eikerman
99,Undergraduate,Drake University,1974 ot 1978,Jewelry and Silversmithing/Graphic Design,BFA,Condon Kuhl
99,Graduate,Indiana University,1978 to 1982,Jewelry/Metalsmithing,MFA,Leslie Leupp
100,Undergraduate,Western Illinois University,? to ?,Art,none,
100,Undergraduate,Southern Illinois University,? to ?,Art/Metals,BA,Brent Kington
100,Graduate,Kent State University,? to ?,Art/Metals,MFA,Mary Ann Scheer
101,Undergraduate,State Teacher's College at Indiana,1936 to 1941,Education,BS,
101,Graduate,Cranbrook Academy of Art,1946 to 1948,Painting,MFA,
102,Undergraduate,Ball State Teacher's College/Ball State University,1959 to 1963,Art,BS,Ned Griner
102,Graduate,Indiana University,1965 to 1968,Jewelry/Metalsmithing,MFA,Alma Eikerman
103,Undergraduate,Ball State University,1973 to 1975,Jewelry/Metalsmithing,BS,Leslie Leupp
103,Undergraduate,Indiana University (I.U.S.B.),1971 to 1972,Took foundation courses,none,
103,Graduate,Indiana University,1977 to 1980,Jewelry/Metalsmithing,MFA,Alma Eikerman
104,Undergraduate,University of Utah,? to ?,Art Composite (designer craftsman emphasis),BFA,Richard Johnson
104,Graduate,Brigham Young University,? to?,Art Education,Master of Education,Clark Webb
105,Undergraduate,University of Windsor,1965 to 1969,English/Sculpture,BA & BFA,Joseph N. DeLauro
105,Undergraduate,Instituto Statale D'Arte A. Apolloni,1954 to 1958,Painting,none,Professor Zicari
105,Graduate,Florida State University,1969 to 1971,Sculpture/Printmaking,MFA,Fredrich Holschuh
106,Undergraduate,Cornell University,1950 to 1952,Liberal Arts,BA,John Mahoney (painting)
106,Undergraduate,Kansas City Art Institute,1958 to 1960,Sculpture,none,R. Bresson (painting)
106,Graduate,University of Kansas,1964 to 1965 and 1972 to 1973,Metalsmithing/Jewelry Design,MFA,Carlyle Smith
107,Undergraduate,California State University,? to 1964,?,BA,Frederick Lauritzen
107,Graduate,California State University - Long Beach,? to 1971,Metals,MA,Alvin Pine
107,Graduate,Rhode Island School of Design,1971 to 1972,Metals,MFA,John Prip
108,Undergraduate,Hunter College,1960 to 1964,Art,BFA,William Baziotes
108,Graduate,Rutgers University,1978 to 1987,,Ed D in Creativity,John Klimo
108,Graduate,Montclair State College,,Fine Art,MA,Richard Kyle
109,Undergraduate,Milwaukee State Teachers College,?,Education,BS,
109,Undergraduate,Chicago Art Institute,,,,
109,Graduate,University of Wisconsin - Madison,?,?,MS and MFA,
110,Undergraduate,Art Institute of Chicago,? to 1948,?,BFA,
110,Graduate,University of Wisconsin,1948 to 1950,?,MS,
111,Undergraduate,Portland State University,? to 1975,Art,BS,
111,Graduate,Arizona State University,? to 1981,Jewelry/Metals,MFA,David Pimentel
112,Undergraduate,University of Wisconsin - Lacrosse,1974 to 1979,Art Education/Physical Education,BS,Bill Fiorini
112,Graduate,Iowa State University,1979 to 1980,Jewelry/Metalsmithing,MA,Chuck Evans
112,Graduate,Arizona State University,1980 to 1983,Jewelry/Metalsmithing,MFA,David Pimentel
113,Undergraduate,University of California - Berkeley,1936 to 1940,Art with a minor in Art History,BA,
113,Graduate,University of California - Berkeley,1940 to 1944,Art with a minor in Art History,MA,
115,Undergraduate,Tyler School of Art - Temple University,1968 to 1972,Metals,BFA,Stanley Lechtzin
115,Graduate,Southern Illinois University,1973 to 1974,Metals,MFA,Brent Kington
116,Undergraduate,Eastern Michigan University,1974 to 1976,Metalsmithing/Ceramics,BFA,John Vanharen
116,Undergraduate,Henry Ford Community College,1971 to 1974,Art,none,Charlotte Quinn
116,Graduate,Cranbrook Academy of Art,1976 to 1978,Metalsmithing,,Richard Thomas
117,Undergraduate,University of Illinois - Urbana,1955 to 1956,Art,none,
117,Undergraduate,University of Illinois - Urbana,1958 to 1960,Jewelry/Metalsmithing,BA,Robert Von Neumann
117,Graduate,University of Wisconsin - Madison,1960 to 1962,Art Metal and Graphics,,Arthur Viertahler
117,Graduate,Cranbrook Academy of Art,1969 to ?,Sculpture,,Richard Thomas
118,Undergraduate,New York State University College at Buffalo,1972 to 1977,Art Education/Design,BS,John (Jack) Jauquet
118,Graduate,Kent State University,1981 to 1984,Jewelry/Metalsmithing,MFA,Bruce Metcalf
119,Undergraduate,University of Kansas,1958 to 1962,Jewelry/Silversmithing,BFA,Carlyle Smith
119,Graduate,Arizona State University,1962 to 1965,Art Education,MA,
119,Graduate,University of Kansas,1965 to 1969,Design,MFA,Carlyle Smith
121,Undergraduate,East Carolina University,1963 to 1965,Art Education,BS,"Dr. Wellington B. Gray, Dean of Art School"
121,Graduate,George Peabody College of Vanderbilt University,1967 to 1968,Metals/Weaving,MA,All teachers in Art Department
122,Graduate,,,,Instrucor:,
123,Undergraduate,Wayne State University,1948 to 1952,,BFA,?
123,Graduate,Cranbrook Academy of Art,1952 to 1954,,MFA,Richard Thomas
124,Undergraduate,Indiana University,1965 to 1969,Fibers,BFA,?
124,Graduate,Indiana University,1969 to 1973,Metals with a minor in Fibers,MFA,Alma Eikerman
125,Undergraduate,University of Georgia,1970,,BFA,
125,Graduate,Tyler School of Art/Temple University,1978,Metals,MFA,Stanley Lechtzin
126,Undergraduate,Ball State University,,Art,BS,
126,Undergraduate,Indiana University,,Education,none,
126,Graduate,University of Arizona,,Jewelry/Metalsmithing,MFA,Michael Croft
127,Undergraduate,University of Washington,1927,,BFA,
127,Graduate,University of Washington,1929,,MFA,
130,Undergraduate,"Tyler School of Art, Temple University",1997-2001,Metals/Jewelry/CAD-CAM,B.F.A.,"Stanley Lechtzin, Vickie Sedman, & Daniella Kerner"
130,Graduate,"Tyler School of Art, Temple University",2001-2003,Metals/Jewelry/CAD-CAM,M.F.A,Stanley Lechtzin & Vickie Sedman
131,Undergraduate,State University College of Buffalo,,,B S,
131,Undergraduate,Y ears:,,,,
131,Graduate,State University of New York at New Paltz,1985 to 1987,,MFA,
132,Undergraduate,Hongik University,? to 1976,Metals,BFA,Hyun Chil Choi
132,Graduate,Hongik University,? to 1980,Jewelry/Metals,MFA,Hyun Chil Choi
132,Graduate,The University of Texas - Austin,? to 1984,Metalsmithing/Jewelry,MFA,Thelma Coles
133,Graduate,Cranbrook Academy of Art,? to 1965,Jewelry/Metals,MFA,Richard Thomas
134,Undergraduate,Western Michigan University,1958 to 1960,Art,BS,Robert Engstrom
134,Undergraduate,Michigan Technical University,,Mechanical Engineering,none,
134,Graduate,Cranbrook Academy of Art,1968 to 1970,Metalsmithing,MFA,Richard Thomas
135,Undergraduate,Skidmore College,1967 to 1970,Art,BS,Earl Pardon
135,Undergraduate,Bucknell University,1966 to 1967,,none,
135,Graduate,School for American Craftsmen/Rochester Institute of Technology,1971 to 1973,Jewelry/Metals,MFA,Hans Christensen
136,Undergraduate,The School of Arts and Crafts,1939 to 1944,,,
138,Undergraduate,SUNY New Paltz,1982-1986,Gold and Silversmithing,BFA,Kurt Matzdorf
138,Graduate,Tyler School of Art,1988-1990,Metals,MFA,Stanley Lechtzin
139,Undergraduate,University of Washington,,Metalsmithing/Jewelry,BFA,John Marshall
139,Undergraduate,University of Montana,,Geology/Art,none,
139,Graduate,Rochester Institute of Technology,,Metalsmithing/Jewelry,MFA,Gary Griffin
140,Undergraduate,San Diego State University,1970 to 1975,Crafts,BA,Arline Fisch
140,Graduate,San Diego State University,1975 to 1978,Jewelry/Metals,MA,Harlan Butt
141,Undergraduate,University of Arizona,,,none,
141,Undergraduate,Rochester Institute of Technology,1962 to 1966,Silversmithing,BFA,Hans Christensen
141,Graduate,Rochester Institute of Technology,1966 to 1967,Silversmithing,BFA,Hans Christensen
142,Undergraduate,Humboldt University,1974 to 1977,Art,BA,David LaPlantz
142,Graduate,Cranbrook Academy of Art,1977 to 1979,Metalsmithing,MFA,Richard Thomas
143,Undergraduate,Arizona State University,1970 to 1975,Advertising/Design,BFA,
143,Graduate,California State University - Long Beach,1978 to 1979,Metalsmithing/Jewelry,MFA,Alvin Pine
144,Undergraduate,University of Illinois - Urbana,1966 to 1969,Metals,BFA,Robert Von Neumann
144,Graduate,University of Oklahoma,1972 to 1974,Metalsmithing,MFA,
145,Undergraduate,Eckard College,1972 to 1974,Art/Music,BA,
145,Undergraduate,Stetson University,1969 to 1971,Humanities - Art/Music,none,
145,Graduate,University of Wisconsin - Madison,1979 to 1983,Metals,MFA,Eleanor Moty
146,Undergraduate,California College of Arts and Crafts,1963 to 1967,,BFA,
146,Graduate,Washington State University - Pullman,1967 to 1969,,MFA,
147,Undergraduate,University of Kansas,? to 1929,Design,,
148,Undergraduate,University of New Mexico,1959 to 1963,Crafts (ceramics emphasis),BFA,
148,Graduate,Southern Illinois Universtiy,1963 to 1965,Metals,MFA,Brent Kington
149,Undergraduate,Moore College of Art,? to 1942,,BA,
149,Graduate,University of Pennsylvania,,,MFA,
150,Undergraduate,University of Florida,1970 to 1975,Art Eduation (concentration in ceramics),BS,
150,Graduate,East Carolina University,1981 to 1989,Metals,MFA I nstructor: John Satterfield,
152,Undergraduate,Central Methodist College,1954 to 1956,Art,BA,
152,Undergraduate,William Woods University,1952 to 1954,Retailing/Merchandising,AA,
152,Graduate,University of Missouri - Columbia,1965 to 1969,Ceramics/Sculpture,MA,
153,Undergraduate,College of St. Francis,1963 to 1968,Art,BA,
153,Graduate,Northern Illinois University,1976 to 1978,Metals/Jewelry,MA,
154,Undergraduate,Tulsa University,1962 to 1967,Commercial Design,BFA,
154,Graduate,Tulsa University,1967 to 1968,Painting,MA,
154,Graduate,Western Illinois University,,Jewelry/Metals,MA,Steve Albair
155,Undergraduate,Pittsburg State University,1965 to 1969,Metals,BFA,Majorie Schick
155,Graduate,Indiana University,1972 to 1974,Jewelry Design/Metalsmithing,MFA Instrucor: Alma Eikerman,
156,Undergraduate,Miami University,1972 to 1974,Art (no metals),none,
156,Undergraduate,Purdue University,1974 to 1976,Creative Arts,BA,Gene Pijanowski
156,Graduate,Washington University,1976 to 1978,Metalsmithing,MFA,Heikka Seppa
157,Undergraduate,University of Kansas,1954 to 1958,,BFA,Robert Montgomery
157,Graduate,University of Kansas,? to 1963,,MFA,Robert Montgomery
158,Undergraduate,Kansas State University,1936 to 1940,Music/Art,BA,
158,Graduate,University of Kansas,1940 to 1942,Music/Art,none,
158,Graduate,Columbia University,1942,Music/Art,MA,
159,Undergraduate,Tyler School of Art - Temple University,,,BA,Stanley Lechtzin
160,Undergraduate,Rochester Institute of Technology,1969 to 1971,Jewelry/Metalsmithing,"AAS, BFA",Hans Christensen
160,Graduate,Rochester Institute of Technology,1971 to 1972,Jewelry/Metalsmithing,MFA,Hans Christensen
161,Undergraduate,Stephens College,1973 to 1974,Music,Associate of Arts,
161,Undergraduate,Indiana University,1974 to 1976,Jewelry/Metalsmithing,BA,Alma Eikerman
161,Graduate,Indiana University,1977 to 1980,Jewelry/Metalsmithing,MFA,Alma Eikerman
162,Undergraduate,The City College of New York,1952 to 1956,Education/Industrial Arts,BS,
162,Graduate,Cranbrook Academy of Art,1958 to 1960,Metals with a minor in Ceramics,MFA,Richard Thomas
163,Undergraduate,University of Northern Iowa,1960 to 1963,Art Education,BA,Dr. Clifford Herrold
163,Graduate,University of Northern Iowa,1964 to 1968,Art Education (jewelry/metalsmithing),MA,Dr. Clifford Herrold
164,Undergraduate,University of Wisconsin - Madison,1946 to 1950,,BS,
164,Graduate,University of Wisconsin - Madison,1950 to 1951,Metals,MA,
165,Undergraduate,Seton Hill College,1951 to 1955,Art Education,BA,Sister Mary Francis Irvin
165,Graduate,Carnegie Mellon University,1961 to 1963,Sculpture with minors in clay and metals,BFA,
165,Graduate,Cranbrook Academy of Art,1965 to 1967,Metalsmithing,MFA,Richard Thomas
166,Undergraduate,Skidmore College,1948 to 1952,Studio Art,BS,Caroline Rossi (metals)
166,Graduate,University of Illinois - Urbana,1952 to 1954,Art,MA,Arthur Pulos (metal)
167,Undergraduate,Tyler School of Art - Temple University,1964 to 1966,Fine Arts,"none (joined USN 1966 to 1970, Vietnam Conflict)",Stanley Lechtzin (metal)
167,Undergraduate,Georgia State University,1970 to 1973,"Drawing/Painting, Sculpture (1972)",BVA,Richard Mafong (jewelry)
167,Graduate,Radford University,1987 to 1990,Sculpture/3D Design,MFA,Charlie Brouwer (sculpture)
168,Undergraduate,Miami University,1962 to 1967,Art Education,BS,
168,Graduate,Cranbrook Academy of Art,1971 to 1973,Metalsmithing,MFA,Richard Thomas
168,Graduate,Miami University,1967 to 1968,Metal,M.ED,Florence Penn
169,Undergraduate,Ohio State University,1960 to 1964,Art/Sculpture,BFA,
169,Graduate,Cranbrook Academy of Art,1964 to 1966,Metalsmithing,MFA,Richard Thomas
170,Undergraduate,School of the Worchester Art Museum,1952 to 1955,Art,Certificate,Sante Graziani
170,Undergraduate,Clark University,1955 to 1957,Art,BA,
170,Graduate,Clark University,1957 to 1959,Education/Art,MA,
170,Graduate,Harvard University,1959 to 1961,Education/Art,MA,
171,Undergraduate,State College of Arkansas,1966 to 1967,,none,
171,Undergraduate,University of Arkansas,1967 to 1968,,none,
171,Undergraduate,The Memphis Academy of the Arts,,1968 to 1971,BFA,
171,Graduate,Tyler School of Art - Temple University,1971 to 1973,Jewelry/Metalsmithing,MFA,Stanley Lechtizin
172,Undergraduate,University of Pennsylvania of Millersville,1975 to 1977,Art Education,BS,
172,Graduate,University of Pennsylvania of Millersville,1977 to 1979,Art Education,M. ED,
173,Undergraduate,University of Washington,1977 to 1980,Metals,BFA,John Marshall
173,Undergraduate,Washington State University,1975 to 1977,Art,none,
174,Undergraduate,State University College at Buffalo,1964 to 1968,Art Education,BS,
174,Graduate,Cranbrook Academy of Art,1968 to 1970,Jewelry/Metalsmithing,MFA,Richard Thomas
175,Undergraduate,Humboldt State University,1974 to 1979,Art,BA,David LaPlantz
175,Graduate,Humboldt State University,1991 to 1993,Sculpture,MA,Mort Scott
176,Undergraduate,Stetson University,,,BFA,
176,Graduate,University of Georgia,,Metalsmithing/Printmaking,MFA,
177,Undergraduate,Texas State College for Women,1940 to 1944,Advertising Design,BS,Toni LaSalle
177,Undergraduate,Hoffman School,1946 to 1947,Painting,none,Hans Hoffman
177,Graduate,University of Washington,1955 to 1956,Metals,MA,Ruth Pennington
177,Graduate,College of Marin,1953,Metalwork,none,Victor Reis
179,Undergraduate,Indiana University of Pennsylvania,1986 to 1990,Sculpture/Metalsmithing,BFA,Robert W. Hamilton
179,Graduate,Tyler School of Art - Temple University,1990 to 1992,Metals,MFA,Stanley Lechtzin
180,Undergraduate,Indiana State University,1970 to 1974,Jewelry/Metals/Graphic Design,BS,Robert Montgomery
180,Graduate,Indiana State University,1974 to 1975,Jewelry/Metalsmithing,none,Robert Montgomery
180,Graduate,Southern Illinois University,1975 to 1977,Jewelry/Metalsmithing,MFA,Brent Kington
181,Undergraduate,University of Wisconsin - Madison,,BS,Education,
181,Graduate,University of Wisconsin - Madison,1974 to 1978,Metalsmithing/Jewelry,MFA,Fred Fenster
182,Undergraduate,Philadelphia College of Art/The University of the Arts,1980 to 1984,Metals,BFA,Richard Reinhardt
182,Graduate,Cranbrook Academy of Arts,1984 to 1986,Metalsmithing,MFA,Gary Griffin
183,Undergraduate,Middle Tennessee State University,1959 to 1965,Art Education/Graphic Design (no metals),Middle Tennessee State University,
183,Graduate,University of Tennessee,1972 to 1973,Metalsmithing,MS,Tom Timm
184,Undergraduate,Massachusetts College of Art,1965 to 1969,Art Education,BS,Jim Kenney
184,Graduate,Washington University,1972 to 1974,Metalsmithing,MFA,Heikka Seppa
185,Undergraduate,California State University - Long Beach,1966 to 1972,Industrial Arts/Fine Arts,BA,Alvine Pine
185,Graduate,Tyler School of Art - Temple University,1972 to 1974,Metalsmithing,MFA,Stanley Lechtzin
186,Undergraduate,Central Washington State University,? to 1970,Art Education,BA,Ramona Solberg
186,Graduate,University of Oregon,1967 to 1970,Art Education,MA,
187,Undergraduate,University of Kansas - Lawerence,1953 to 1957,Jewelry/Metalsmithing,BFA,Carlyle Smith (Metals)
187,Graduate,University of Kansas - Lawerence,1964 to 1967,Jewelry/Metalsmithing,MFA,Carlyle Smith (Metals)
188,Undergraduate,Case Western Reserve University,? to 1966,Art Education,BS,
188,Undergraduate,Cleveland Institute of Art,1967,advanced work in enameling,Certificate in Teacher Training,worked with John Paul Miller
188,Graduate,Case Western Reserve University,1968,Art Education,MS,
189,Undergraduate,Mount Holyoke College,1972 to 1976,Sculpture,BA,Leonard DeLouge
189,Undergraduate,Skidmore College,fall of 1974 and summers of 1975 and 1976,Metals,none,Earl Pardon
189,Graduate,Rochester Institute of Technology,1977 to 1978,Jewelry/Metalsmithing,MFA,Gary Griffin
189,Graduate,University of Wisconsin - Madison,fall of 1976,Jewelry/Metalsmithing,none,Fred Fenster
190,Undergraduate,Cleveland Institute of Art,,,none,
190,Undergraduate,Bowling Green State University,? to 1958,Metals,BS,
190,Graduate,Bowling Green State University,1958 to 1959,Metals,MA,
191,Undergraduate,Cleveland Institute of Art,1968 to 1973,Silversmithing,BFA,John Paul Miller
191,Graduate,Cranbrook Academy of Art,1973 to 1975,Metalsmithing,MFA,Richard Thomas
193,Undergraduate,Minneapolis Minnesota Technical College,1972 to 1973 and 1976 to 1977,Metal Arts/Jewelry Mfg. and Repair,Certificate of Completion,Ray Grobe
194,Undergraduate,University of Nebraska - Kearney,1961 to 1965,Art Education (no metals),BA,
194,Graduate,University of Kansas,1966 to 1969,Jewelry/Metalsmithing,MFA,Carlyle Smith
195,Undergraduate,Cranbrook Academy of Art,1958 to 1962,Metalsmithing,BFA,Richard Thomas
195,Graduate,Cranbrook Academy of Art,1962 to 1964,Metals,MFA,Richard Thomas
196,Undergraduate,University of Wisconsin - Madison,1982 to 1987,Art/French,BS,Fred Fenster
196,Graduate,Tyler School of Art - Temple University,1987 to 1989,Jewelry/Metalsmithing,MFA,Stanley Lechtzin
197,Undergraduate,University of Science and Arts - Oklahoma,1966 to 1968,Painting,BA,Derral Swineford (painting)
197,Graduate,Instituto Allende,1968 to 1969,Painting/Jewelry,MFA,Fred Samulson (painting)
198,Undergraduate,Cranbrook Academy of Art,1963 to 1965,Jewelry/Metalsmithing,BFA,Richard Thomas
198,Undergraduate,Rochester Institute of Technology,summer of 1963,Jewelry/Metalsmithing,none,Hans Christensen
198,Graduate,Southern Illinois University,1965 to 1967,Jewelry/Metalsmithing,MFA,Brent Kington
199,Undergraduate,University of Washington,1974 to 1979,Metals,BFA,John Marshall
199,Graduate,School for American Craftsmen/Rochester Institute of Technology,1979 to 1981,Metals/Minor in Wood,MFA,Gary Griffin
200,Undergraduate,School for American Craftsmen/Rochester Institute of Technology,1956 to 1960,Jewelry/Metalsmithing,BFA,Hans Christensen
200,Graduate,School for American Craftsmen/Rochester Institute of Technology,1960 to 1963,Jewelry/Metalsmithing,MFA,Hans Christensen
200,Graduate,Cranbrook Academy of Art,1960 to 1962,Jewelry/Metalsmithing,none,Richard Thomas
201,Undergraduate,University of Maryland,1957 to 1958,,none,
201,Undergraduate,Bethany College,,Creative Art,BFA,John Barbon
201,Graduate,University of Kansas,1961 to 1962 and 1965 to 1966,Jewelry/Metalsmithing,MFA,Carlyle Smith (metals)
202,Undergraduate,Miami University of Ohio,1986 to 1990,Metalsmithing/Jewelry Design,BFA,Susan Ewing
202,Graduate,Indiana University,1990 to 1993,Silversmithing/Jewelry Design,MFA,Randy Long
203,Undergraduate,California State University - Long Beach,1969 to 1972,Jewelry/Metalsmithing,BA,Alvin Pine
203,Undergraduate,Los Angeles Harbor College,1967 to 1969,Art,none,
203,Graduate,University of Washington,1972 to 1974,Jewelry/Metalsmithing,MFA,John Marshall
204,Undergraduate,Sir George Williams University,1969 to 1974,Fine Arts (no metals),BFA,
204,Graduate,Tyler School of Art - Temple University,1974 to 1977,Jewelry/Metalsmithing,MFA,Stanley Lechtzin
205,Undergraduate,University of Kansas,? to 1957,Jewelry/Metalsmithing,BFA,Carlyle Smith
205,Graduate,Cranbrook Academy of Art,? to 1959,Jewelry/Metalsmithing,MFA,Richard Thomas
206,Undergraduate,Fairhaven College at Western Washington University,1977 to 1978 & 1980 to 1985,"Anthropology, Art History, Studio Art",BA,
206,Graduate,University of Wisconsin - Milwaukee,1989 to 1992,Metals,MFA,Kate Wagle
207,Undergraduate,University of Illinois - Urbana,1973 to 1975,"Plastic & Graphic Arts, Painting",none,Morris Barazani (painting/printmaking)
207,Undergraduate,University of Illinois at Chicago,1976 to 1978,"Plastic & Graphic Arts, Painting",BA,
207,Graduate,Kent State University,1988 to 1991,Metals,MFA,Bruce Metcalf
208,Undergraduate,Michigan State University,1974 to 1976,Art,BFA,David George Logan
208,Graduate,University of Wisconsin - Madison,1976 to 1979,Jewelry/Metalsmithing,MFA,Fred Fenster
209,Undergraduate,Millersville University,1957 to 1961,,BS,
209,Graduate,Cranbrook Academy of Art,1961 to 1963,Jewelry/Metalsmithing,MFA,Richard Thomas
210,Undergraduate,University of Kansas,1957 to 1962,Jewelry/Silversmithing,BFA,Carlyle Smith
210,Graduate,Cranbrook Academy of Art,1962 to 1964,Metal,MFA,Richard Thomas
211,Undergraduate,Bowling Green State University,1962 to 1966,Education,BS,Harold Hasselschwert
211,Graduate,Cranbrook Academy of Art,1966 to 1967 and 1968 to 1969,Metalsmithing,MFA,Richard Thomas
212,Undergraduate,University of Science and Arts of Oklahoma,? to ?,Professional Art,BA,Derald Swineford
212,Graduate,Instituto Allende,? to ?,Painting/Sculpture,MFA,
213,Undergraduate,State University of New York,1950 to 1954,Education,BS,Goldsmith
213,Graduate,Florida State University,? to ?,Sculpture/Constructive Design,MS,
214,Undergraduate,Wayne State University,1956 to 1960,Jewelry/Metalsmithing,BFA,Philip Fike
214,Graduate,Cranbrook Academy of Art,1960 to 1962,Metalsmithing,MFA,Richard Thomas
215,Undergraduate,Hesstion College,? to ?,Art,BA,
215,Undergraduate,Bethel College,,,,
215,Graduate,Indiana University,? to ?,Jewelry/Metalsmithing,MFA,Alma Eikerman
216,Undergraduate,Dickinson College,1977 to 1981,Chemistry with a minor in Geology,BS,
216,Graduate,Kent State University,1990 to 1993,Metals,MFA,Bruce Metcalf
217,Undergraduate,Eastern Michigan University,1994-1999,Jewelry/ Painting,BFA,Skip Hunter
217,Graduate,University of Washington,200 to 2002,Metals,MFA,Mary Lee Hu
218,Undergraduate,University of Texas - Austin,1963 to 1965,Studio Art,BFA,Michael Lacktman
218,Undergraduate,Del Mar Junior College,1960 to 1963,Art,BS,Charlotte Watson
218,Graduate,Cranbrook Academy of Art,1965 to 1967,Jewelry/Metalsmithing with a minor in design,MFA,Richard Thomas
219,Undergraduate,Emporia State University,1963 to 1967,Art,BSE,Don Hazelrigg
219,Graduate,University of Kansas,1967 to 1969,Jewelry/Silversmithing,MFA,Carlyle Smith
220,Undergraduate,The College of Wooster,1969 to 1973,Sculpture,BA,Sufi Ahmed
220,Graduate,Bowling Green State Universit y,1973 to 1975,Jewelry/Metalsmithing,MFA,Harold Hasselschwert
221,Undergraduate,Syracuse University,1967 to 1972,Jewelry/Metals,BFA,Michael Jerry
221,Undergraduate,State University of New York - New Paltz,1973 to 1974,none (evening classes),,Claudia Kuehnl (graduate student)
221,Graduate,Tyler School of Art - Temple University,1975 to 1977,Jewelry/Metals,MFA,Stanley Lechtzin
221,Graduate,Montana State University,1972 to 1973,Jewelry/Metals,none,Richard Helzer
222,Undergraduate,University of Illinois - Urbana,1963 to 1968,Jewelry,BFA,Robert Von Neumann
222,Graduate,Tyler School of Art - Temple University,1968 to 1971,Jewelry/Metalsmithing,MFA,Stanley Lechtzin
223,Undergraduate,Cleveland Institute of Art,1941 to 1944,Illustration/Design,,Kenneth Bates
223,Undergraduate,University of Akron,1941,Painting,none,Julious Fasach
223,Graduate,Kent State University,1960 to 1976,,"Equivilent Master's Degree to permit continued teaching basic design, metals and graphics",
224,Undergraduate,Rhode Island School of Design,1928 to 1931,Metals,?,Antonio Cirono
224,Graduate,University of Kansas,1947,Metals,MFA,
225,Undergraduate,Western Illinois University,? to ?,Art,none,
225,Undergraduate,Southern Illinois University,? to ?,Art/Metals,BA,Brent Kington
225,Graduate,Kent State University,? to ?,Art/Metals,MFA,Mary Ann Scheer
226,Undergraduate,Rochester Institute of Technology,1969 to 1971,Jewelry/Metalsmithing,"AAS, BFA",Hans Christensen
226,Graduate,Rochester Institute of Technology,1971 to 1972,Jewelry/Metalsmithing,MFA,Hans Christensen
227,Undergraduate,The City College of New York,1952 to 1956,Education/Industrial Arts,BS,
227,Graduate,Cranbrook Academy of Art,1958 to 1960,Metals with a minor in Ceramics,MFA,Richard Thomas
228,Undergraduate,Skidmore College,1948 to 1952,Studio Art,BS,Caroline Rossi (metals)
228,Graduate,University of Illinois - Urbana,1952 to 1954,Art,MA,Arthur Pulos (metal)
229,Undergraduate,Cleveland Institute of Art,,,none,
229,Undergraduate,Bowling Green State University,? to 1958,Metals,BS,
229,Graduate,Bowling Green State University,1958 to 1959,Metals,MA,
230,Undergraduate,University of Kansas,? to 1957,Jewelry/Metalsmithing,BFA,Carlyle Smith
230,Graduate,Cranbrook Academy of Art,? to 1959,Jewelry/Metalsmithing,MFA,Richard Thomas
296,Undergraduate,California State College - Long Beach,1960 to 1963,Industrial Arts,BA,Bill Macon (wood)
296,Undergraduate,California State College - San Jose,1956 to 1957,Industrial Arts,none,
296,Graduate,Cranbrook Academy of Art,1966 to 1968,Metalsmithing,MFA,Richard Thomas
528,Undergraduate,Orange Coast College,1958 to 1961,Graphic Design,AA,
528,Undergraduate,California State University - Long Beach,1964 to 1967,"Painting/Drawing (1966), Metals (1967)",BA,Alvin Pine
528,Graduate,Rochester Institute of Technology,1967 to 1968,Metals,none,Hans Christensen
528,Graduate,California State University - Long Beach,"1967 to 1969, 1975 to 1977",Metals,MA & MFA,Alvin Pine
532,Undergraduate,Massachusetts School of Art,? to 1926,Education,BS,
533,Undergraduate,San Diego State University,1965 to 1969,Art Education,BA,Arline Fisch
533,Graduate,California State University - Long Beach,1970 to 1971 and 1976 to 1977,Crafts with emphasis in Jewelry/Metalsmithing,MFA,Alvine Pine
535,Undergraduate,University of Texas - Austin,1963 to 1965,Studio Art,BFA,Michael Lacktman
535,Undergraduate,Del Mar Junior College,1960 to 1963,Art,BS,Charlotte Watson
535,Graduate,Cranbrook Academy of Art,1965 to 1967,Jewelry/Metalsmithing with a minor in design,MFA,Richard Thomas
538,Undergraduate,University of Minnesota,1975 to 1981,Photography,BA,
538,Graduate,State University of New York - New Paltz,1984 to 1985,Metals/Jewelry,MA,Bob Ebendorf
538,Graduate,Hunter College of the City of New York,1990 to 1993,Sculpture,MFA,
541,Undergraduate,Indiana University,1981 to 1985,Metalsmithing,BA,Randy Long
541,Graduate,Indiana State University,1985 to 1988,Ceramics,MFA,Dick Hay
543,Undergraduate,University of Wisconsin - Madison,1960 to 1963 with one year out for military,Art Education with metal emphasis,BS,Arthur Vierthaler
543,Undergraduate,Platteville State Teacher's College,1958 to 1960,Industrial Arts Education,none,E.W. Manzur
543,Graduate,University of Illinois - Urbana,1966 to 1967,Art Education with emphasis in jewelry,MA,Robert Von Neumann
543,Graduate,University of Wisconsin - Madison,1967 to 1968,Jewelry/Metalsmithing,MFA,Arthur Vierthaler
547,Undergraduate,Phoenix Indian School,? to 1940,?,?,
547,Graduate,School for American Craftsmen/Rochester Institute of Technology,1945 to 1948,,,
549,Undergraduate,Southwestern College,1969 to 1971,Art,AA,David Richardson
549,Undergraduate,San Diego State University,1971 to 1974,Crafts,BA,Arline Fisch
549,Graduate,San Diego State University,1974 to 1977,Metalsmithing/Jewelry,MA,Arline Fisch
549,Graduate,California State University - Long Beach,1982 to 1983,Metalsmithing/Jewelry,MFA,Alvin Pine
553,Undergraduate,Philadelphia College of Art,? to ?,Industrial Design,BS,
553,Graduate,Tyler School of Art - Temple University,? to ?,Metals/Jewelry,MFA,Stanley Lechtzin
555,Undergraduate,California State University - Long Beach,? to ?,General Art,BA,Alvine Pine
555,Graduate,California State University - Long Beach,1971 to 1973,Art/Metalsmithing/Jewelry,MA,Alvine Pine
557,Undergraduate,California State University - Long Beach,? to ?,?,BA,Alvin Pine
557,Graduate,University of Indiana,? to ?,?,MFA,
559,Undergraduate,New York University,,Business Administration,none,
559,Undergraduate,University of Georgia,? to 1970,,BFA,
559,Graduate,State University of New York - New Paltz,1970 to 1974,Metals,MFA,Bob Ebendorf
562,Undergraduate,Kansas State University,1978 to 1981,Jewelry/Metalsmithing,BFA,Elliot Pujol
562,Graduate,Bowling Green State University,1986 to 1988,Jewelry/Metalsmithing,MFA,Harold Hasselschwert
564,Undergraduate,Kent State University,1970 to 1971,Design/Crafts,BFA,William Harper
564,Undergraduate,Miami Dade Junior College,1967 to 1969,Art,AA,Duane Hanson
564,Graduate,State College of New York - New Paltz,1972 to 1975,Gold and Silversmithing,MFA,Bob Ebendorf
567,Undergraduate,University of Wisconsin - Madison,1961 to 1965,Metal/ Wood Sculpture,BS,Fred Fenster
567,Graduate,University of Wisconsin - Madison,1965 to 1966,Metal/ Wood Sculpture,MS,Fred Fenster
569,Undergraduate,Cleveland Institute of Art,1960 to 1965,Metals,BFA,Frederick Miller
569,Undergraduate,Grove City College,1958 to 1959,Business Administration,,
569,Graduate,Syracuse University,1965 to 1967,Metals,MFA,Arthur Pulos
572,Undergraduate,Oxford University,? to 1949,Fine Art/Sculpture,Diploma,
572,Undergraduate,Slade School of Art,? to ?,?,?,
572,Graduate,University of Iowa,? to 1954,Jewelry/Metalsmithing,MFA,
575,Undergraduate,Emporia State University,1963 to 1967,Art,BSE,Don Hazelrigg
575,Graduate,University of Kansas,1967 to 1969,Jewelry/Silversmithing,MFA,Carlyle Smith
577,Undergraduate,Grinnell College,1978 to 1982,History,BA,Merle Zirkle
577,Graduate,Southern Illinois University - Carbondale,1988 to 1990,Jewlery/Metalsmithing,MFA,Brent Kington
579,Undergraduate,Tyler School of Art - Temple University,1970 to 1974,Jewelry/Metalsmithing,BFA,Stanley Lechtzin
579,Graduate,Rhode Island School of Design,1976 to 1978,Jewelry/Metalsmithing,MFA,John Prip
581,Undergraduate,The College of Wooster,1969 to 1973,Sculpture,BA,Sufi Ahmed
581,Graduate,Bowling Green State Universit y,1973 to 1975,Jewelry/Metalsmithing,MFA,Harold Hasselschwert
583,Undergraduate,Louisiana State University,1965 to 1971,English,BA,Irene Luchetti
584,Undergraduate,City College of New York,1953 to 1957,Education/Industrial Arts,BS,George Keane (metalshop)
584,Graduate,City College of New York,1957 to 1960,Education/Industrial Arts,MS,
584,Graduate,School for American Craftsmen,1959 to 1963,Silversmithing,MFA,Hans Christensen
587,Undergraduate,Syracuse University,1986 to 1990,Jewelry/Metalsmithing,BFA,Michael Jerry
587,Undergraduate,City of London Polytechnical,?,Jewelry/Metalsmithing,none sought,
587,Graduate,Cranbrook Academy of Art,1992 to 1994,Jewelry/Metalsmithing,MFA,Gary Griffin
590,Undergraduate,Syracuse University,1967 to 1972,Jewelry/Metals,BFA,Michael Jerry
590,Undergraduate,State University of New York - New Paltz,1973 to 1974,none (evening classes),,Claudia Kuehnl (graduate student)
590,Graduate,Tyler School of Art - Temple University,1975 to 1977,Jewelry/Metals,MFA,Stanley Lechtzin
590,Graduate,Montana State University,1972 to 1973,Jewelry/Metals,none,Richard Helzer
594,Undergraduate,Wayne State University,1971 to 1973,Art Education/Ceramics,BS,
594,Graduate,University of Illinois - Urbana,1976 to 1978,Metals,MA,Robert Von Neumann
594,Graduate,Michigan State University,1978 to 1980,Metals,MFA,Mary Lee Hu
597,Undergraduate,Cleveland Institute of Art,1936 to 1940,Art/Design,BS,Enameling with Kenneth Bates
598,Undergraduate,Cleveland Institute of Art,1936 to 1940,Industrial Art with a minor in Ceramics,Certificate,
599,Undergraduate,Illinois Wesleyan University,1960 to 1966,Ceramics/Sculpture/Painting,BFA,Fred Brian
599,Graduate,Southern Illinois University - Carbondale,1964 to 1966,Ceramics,MFA,Nickolas Vergette
599,Graduate,Kansas State University,1972 to 1973,Jewelry/Metals,MFA,Carlyle Smith
602,Undergraduate,Kansas City Art Institute,1949 to 1953,Design,B.F.A.,
602,Undergraduate,Wichita State University,1953 to 1955,Art Education,B.S.,
602,Graduate,University of Kansas,1955 to 1957,Jewelry and Metalsmithing,M.F.A.,Carlyle Smith
605,Undergraduate,University of Utah,1940,Sociology,BA,
605,Graduate,Bowling Green State University,1976,Rehabilitation/Counseling,MA,
607,Undergraduate,University of Southwestern Louisiana,1956 to 1960,Art,BA,William Moreland
607,Graduate,Louisiana State University,1961 to 1963,Fine Arts/Design,MA,Don Bruce
609,Undergraduate,Cranbrook Academy of Art,1937 to 1939,,,
610,Undergraduate,School for American Craftsmen/Rochester Institute of Technology,? to 1969,?,BFA,
610,Graduate,Rhode Island School of Design,1969 to 1971,Jewelry/Metals,MFA,John Prip
612,Undergraduate,Akademie Der Bildenden Kunste,?,Gold & Silberschmieden,Certificate,Franz Rickert
612,Graduate,Akademie Der Bildenden Kunste,,Gold & Silberschmieden,Meister Diploma,Franz Rickert
614,Undergraduate,Georgia State University,1978 to 1982,Jewelry/Metalsmithing,BA,Richard Mafong
614,Graduate,Indiana University,1982 to 1985,Jewelry/Metalsmithing,M.F.A.,Leslie Leupp
616,Undergraduate,School of Industrial Art of the Pennsylvania Museum,? to 1888,Drawing,Certificate,
616,Graduate,School of Industrial Art - Munich,?,?,?,
618,Undergraduate,San Jose State University,1977 to 1979,Craft,BA,Marcia Chamberlain (craft)
618,Undergraduate,De Anza College,1975 to 1977,Fine Arts,AA,Joyce Hendry (sculpture)
618,Graduate,San Diego State University,1979 to 1982,Metalsmithing/Jewelry,MA,Helen Shirk
618,Graduate,San Jose State University,1990 to 1994,Spatial Arts (installation),MFA,Jacqueline Thurston (critical theory)
622,Undergraduate,University of Northern Colorado,1967 to 1971,Art Education,BA,
622,Undergraduate,Colorado State University,1982 to 1984,Metalsmithing,MFA,Nilda Getty
624,Undergraduate,Clarke College,1965 to 1969,Theatre,BA,Siser Xavier Coen
624,Undergraduate,Kunsthaandvaerkerskolen,1969 to 1970,Ceramics,none,
624,Graduate,University of Iowa,1970 to 1972,Ceramics,MFA,
624,Graduate,University of Iowa,1972 to 1975,Metalsmithing/Jewelry,MFA,Chunghi Choo
628,Undergraduate,Cleveland Institute of Art,1980 to 1985,Jewelry/Metalsmithing,BFA,John Paul Miller
628,Graduate,Cranbrook Academy of Art,1985 to 1989,Jewelry/Metalsmithing,MFA,Gary Griffin
630,Undergraduate,University of New Mexico,1962 to 1965 and 1970,Anthropology,BA,Ralph Lewis (jewelry)
630,Undergraduate,Fachochschule fur Gestaltung,1966 to 1967,"Jewelry design, Fabrication, Stone setting",none,Reinhold Reiling
630,Graduate,Instituto Allende,1971,Art Jewelry Design,MFA,Professor Fischer
630,Graduate,Int. Summar Academy for Fine Arts,1972,,none,Joseph Symon
634,Undergraduate,California State University - Northridge,? to 1969,Anthropology/Metals,BA,Fred Lauritzen
634,Graduate,San Diego State University,? to 1978,Metals,MA,Arline Fisch
634,Graduate,California State University - Long Beach,1978 to 1980,Metals,MFA,Alvine Pine
637,Undergraduate,Calvin College,,Art Education,AB,
637,Graduate,Western Michigan University,,Art Education,MA,
639,Undergraduate,Pittsburg State University,1980 to 1984,Metals/Jewelry,BFA,Majorie Schick
639,Graduate,Pittsburg State University,1989 to 1991,Metalsmithing/Jewelry,MA,Majorie Schick
639,Graduate,University of Kansas,1991 to 1995,Metalsmithing/Jewelry,MFA,Jon Havener
642,Undergraduate,Tyler School of Art - Temple University,1962 to 1966,Jewelry/Metalsmithing,BFA,Stanley Lechtzin
642,Graduate,Tyler School of Art - Temple University,1966 to 1969,Jewelry/Metalsmithing,MFA,Stanley Lechtzin
644,Undergraduate,Memphis Academy of Art,? to 1951,Painting,BFA,
644,Graduate,Syracuse University,? to 1959,Painting,MFA,
646,Undergraduate,University of Wisconsin - Madison,1942 to 1943,,none,
646,Undergraduate,School for American Craftsmen/Rochester Institute of Technology,1947 to 1948,Metals,none,Philip Morton
648,Undergraduate,"Maryland Institute, College of Art",1975 to 1976,Painting,none,Peter Collier
648,Undergraduate,University of Texas - El Paso,1976 to 1982,Sculpture/Metals,BFA,Rachelle Thiewes
648,Graduate,New Mexico State University,1984 to 1986,Jewelry/Metalsmithing,MA,Kate Wagle
648,Graduate,State University of New York - New Paltz,1987 to 1989,Jewelry/Metalsmithing,MFA,Bob Ebendorf
652,Undergraduate,Cleveland Institute of Art,1974 to 1978,Metals,BFA,John Paul Miller
652,Graduate,Cranbrook Academy of Art,1980 to 1982,Metals,MFA,Richard Thomas
654,Undergraduate,Webster University,1959 to 1960 and 1963 to 1965,Art Education,BA,Rudolph Torrini
654,Graduate,University of Wisconsin- Milwaukee,1970 to 1975,Art Education and Metals,MS,Mary Tingley
656,Undergraduate,University of Wisconsin - Milwaukee,? to ?,Jewelry/Metalsmithing,BFA,Mary Tingley
656,Undergraduate,University of Wisconsin - Madison,? to ?,Science,none,
656,Graduate,University of Wisconsin - Milwaukee,? to ?,Metals,MFA,Mary Tingley
659,Undergraduate,Wayne State University,1960 to 1965,Metalcraft,BFA,Philip Fike
659,Graduate,Wayne State University,1965 to 1967,Metalcraft,MA,Philip Fike
659,Graduate,Cranbrook Academy of Art,1967 to 1969,Metalsmithing,MFA,Richard Thomas
662,Undergraduate,St. Paul University/Rikkyo University,1960 to 1964,,BA,
662,Graduate,Cranbrook Academy of Art,1964 to 1966,Jewelry/Metasmithing,MFA,Richard Thomas
664,Undergraduate,University of Texas at Austin,1969 to 1973,Painting/Art History,BFA,John Lednicki
664,Graduate,Texas Women's University,1973 to 1975,Clay and metal with minor in sculpture,MA +,"John Brough Miller, Bud Green, and Warren Casey"
666,Undergraduate,Southern Illinois University - Carbondale,1960 to 1964,Photography,BS,
666,Undergraduate,Southern Illinois University - Carbondale,1964 to 1966,Art,BA,Brent Kington
666,Graduate,Southern Illinois University - Carbondale,1969 to 1971,Metalsmithing,MFA,Brent Kington
669,Undergraduate,Massachusetts College of Art,1961 to 1965,Education,BS,
669,Graduate,School for American Craftsmen/Rochester Institute of Technology,1969 to 1971,Jewelry/Metalsmithing,MFA,Hans Christensen
671,Undergraduate,City College of New York,1951 to 1955,Industrial Arts,BS in Education,George Keens
671,Graduate,Cranbrook Academy of Art,1956 to 1958,Metalsmithing/Jewelry,MFA,Richard Thomas
671,Graduate,Munich Art Academy,1960 to 1961,Silversmithing and Goldsmithing,none - one year of study after MFA,Franz Rickert
674,Undergraduate,Southern Illinois University - Carbondale,1964 to 1968,Theatre,BA,
674,Graduate,Southern Illinois University - Carbondale,1968 to 1971,Metals,MFA,Brent Kington
676,Undergraduate,Carnegie Institute of Technology,? to 1939,?,BA,
676,Graduate,University of Oregon,1939 to 1943,?,MFA,
678,Undergraduate,University of Wisconsin - Madison,1954 to 1958,Art Education,BS,Arthur Viertahler
678,Graduate,University of Wisconsin - Madison,1962 ot 1963,Art Education emphasis in jewelry and crafts,MS,Arthur Viertahler
678,Graduate,Ball State University,1966 to 1969,Art Education/Jewelry: Art Metals,Doctorate of Art Education,Ned Grinder
681,Undergraduate,Tyler School of Art - Temple University,1970 to 1974,Jewelry/Metalsmithing,BFA,Stanley Lechtzin
681,Graduate,Rhode Island School of Design,1974 to 1976,Jewelry/Metalsmithing,MFA,John Prip
683,Undergraduate,"Royal Academy of Art in Belgrade, Yugoslavia",? to 1938,Painting,Bachelor of Arts,
683,Graduate,Royal Academy of Art,1939,Painting,Master of Arts,
683,Graduate,Studied with Mogen Bjorn-Anderson in Copenhagen,1954,,,
686,Undergraduate,University of Michigan,1979 to 1983,Jewelry/Metalsmithing,BFA and Teaching Certificate,Gene Pijanowski
686,Graduate,Texas Technical University,1983 to 1985,Jewelry/Metalsmithin,MFA,
688,Undergraduate,Otis Parsons Art Institute,1979 to 1981,Painting,BFA,Robin Vaccarino
688,Undergraduate,San Jose State University,1973 to 1976,Fine Arts,none,John DiVencenzi
688,Graduate,New Mexico State University,1993 to 1996,Metals,MFA,Jullia Barello
691,Undergraduate,School of Industrial Arts - Trenton,?,?,?,
691,Graduate,Institute of Design - Chicago,?,?,?,
693,Undergraduate,Philadelphia Museum School of Industrial Arts/The University of the Arts,1939 to 1947,Art Education,BAA,Douglas Gilchrist
694,Undergraduate,University of Virginia,1965 to 1969,Psychology/Art,BA,Tom Hagen (sculpture)
694,Graduate,Instituto Allende,1970 to 1972,Jewelry/Sculpture,MFA,Enrique Lopez
694,Graduate,Fachhochschul fur Gestaltung,1972 to 1974,Jewelry Design/Goldsmithing,none,Reinhold Reiling
697,Undergraduate,Montana State University,1970 to 1976,Studio Art/Jewelry,BA,Richard Helzer
697,Graduate,Central Washington University,1976 to 1979,Jewelry,MA,Ken Cory
697,Graduate,West Virginia University,1979 to 1981,Sculpture,MFA,
700,Undergraduate,University of Texas,? to ?,Art Education,BFA,John Lednicky
700,Undergraduate,Abilene Christian University,?,?,none,
700,Graduate,Indiana University,? to ?,Jewelry/Metalsmithing,MFA,Alma Eikerman
703,Undergraduate,University of Florida,1954 to 1957,Graphic Art,BFA,Roy C. Craven
703,Undergraduate,St. Petersburg Junior College,1950 to 1951,?,none,
703,Graduate,University of Kansas,1965 to 1967,Design/Metal,MFA,Carlyle Smith
706,Undergraduate,Cleveland Institute of Art,1941 to 1944,Illustration/Design,,Kenneth Bates
706,Undergraduate,University of Akron,1941,Painting,none,Julious Fasach
706,Graduate,Kent State University,1960 to 1976,,"Equivilent Master's Degree to permit continued teaching basic design, metals and graphics",
709,Undergraduate,University of Wisconsin - Madison,? to 1963,Metals,BS,Fred Fenster
709,Graduate,Indiana University,1964 to 1966,Jewelry/Metalsmithing,MFA,Alma Eikerman
711,Undergraduate,University of Texas - Arlington,1986 to 1989,Jewelry/Metalsmithing,BFA,David Keens
711,Graduate,University of North Texas,1990 to 1993,Jewelry/Metalsmithing,MFA,Harlan Butt
713,Undergraduate,University of Wisconsin - Green Bay,1977 to 1980,Communications/Visual Arts/Education,BA,Bob Pum
713,Undergraduate,University of Wisconsin - Stout,,Education Vocational Certification,,Hector Cruz
713,Graduate,Bradley University,,"Jewelry, Art/Metals",MA,
716,Undergraduate,Wayne State University,1968 to 1971,Jewelry/Metalsmithing,BFA,Philip Fike
716,Graduate,University of Wisconsin - Madison,1971 to 1974,Jewelry/Metalsmithing,MFA,Arthur Viertahler
718,Undergraduate,University of Wisconsin - Platteville,1981 to 1983,Ceramic Sculpture,BS,Gene Smaczek (industrial technical program)
718,Undergraduate,University of Wisconsin - Stout,1977 to 1978,Art,none,Ron Verdon
718,Graduate,West Texas State University,1983 to 1985,Ceramic Sculpture,MFA,
721,Undergraduate,"Goldsmith School of Helsinki, Finland Central School of Industrial Art of Finland",1941 to 1945,,,
722,Undergraduate,University of North Carolina,1982 to 1989,Design,BFA,Cynthia Laymon
722,Graduate,University of Texas - Austin,1992 to 1995,emphasis in sculpture,MFA,Thelma Coles
724,Undergraduate,Skidmore College,1959 to 1963,Art,BS,Earl Pardon
724,Graduate,Indiana University,1967 to 1969,Jewelry/Metalsmithing,MFA,Alma Eikerman
726,Undergraduate,Hong-ik University,? to ?,Metal Arts,BFA,Professor Hyum-Chil Choi
726,Graduate,Hong-ik University,? to ?,Gold and Silversmithing,BFA,Professor Hyum-Chil Choi
726,Graduate,State University of New York - New Paltz,? to ?,Jewelry/Metalsmithing,MFA,Bob Ebendorf I nstructor: Jamie Bennet
729,Undergraduate,University of California - Los Angeles,?,?,BA,
729,Graduate,University of California - Los Angeles,?,?,MA,
729,Graduate,California State College,?,?,MS,
732,Undergraduate,Rhode Island School of Design,1928 to 1931,Metals,?,Antonio Cirono
732,Graduate,University of Kansas,1947,Metals,MFA,
734,Undergraduate,University of Washington,? to 1939,?,BA,Ruth Pennington
734,Graduate,University of Washington,? to 1957,?,MFA,
736,Undergraduate,Western New Mexico University,1961 to 1965,General Art,BA,Cecil Howard
736,Graduate,Western New Mexico University,1965 to 1967,Ceramics,MA,Cecil Howard
738,Undergraduate,Maryland Institute College of Art,1969 to 1972,Photo/Video,BFA,Grace Hartigan
738,Undergraduate,School of Visual Arts,1966 to 1969,Advertising,AA,Jim Dine
738,Graduate,Long Island University,1981 to 1984,Ceramics/Sculpture,MFA,Rose Krebs
741,Undergraduate,Iowa State University,? to ?,Craft Design,BFA,Chuck Evans
742,Undergraduate,San Francisco State University,? to ?,Art/Industrial Arts,BA,
742,Graduate,California College of Arts and Crafts,? to ?,Sculpture,none,Evan Nayes
744,Undergraduate,City College of New York,1971 to 1974,Industrial Arts Education,BS,Professor Bernard Bernstein
744,Graduate,City College of New York,1974 to 1976,Industrial Arts Education,MS,Professor Bernard Bernstein
746,Undergraduate,,1965 to 1968,Art,BA with certification,
746,Undergraduate,University of Wisconsin - Green Bay,1963 to 1965,,none,
746,Graduate,University of Puget,1969 to 1971,Ceramics,MFA,F. Carlton Ball
749,Undergraduate,University of Miami,1957 ot 1961,Crafts/Art History,AB,
749,Graduate,Indiana University,1962 to 1963,Jewelry/Metalsmithing,MFA,Alma Eikerman
751,Undergraduate,Drake University,1974 ot 1978,Jewelry and Silversmithing/Graphic Design,BFA,Condon Kuhl
751,Graduate,Indiana University,1978 to 1982,Jewelry/Metalsmithing,MFA,Leslie Leupp
753,Undergraduate,Western Illinois University,? to ?,Art,none,
753,Undergraduate,Southern Illinois University,? to ?,Art/Metals,BA,Brent Kington
753,Graduate,Kent State University,? to ?,Art/Metals,MFA,Mary Ann Scheer
756,Undergraduate,State Teacher's College at Indiana,1936 to 1941,Education,BS,
756,Graduate,Cranbrook Academy of Art,1946 to 1948,Painting,MFA,
758,Undergraduate,Ball State Teacher's College/Ball State University,1959 to 1963,Art,BS,Ned Griner
758,Graduate,Indiana University,1965 to 1968,Jewelry/Metalsmithing,MFA,Alma Eikerman
760,Undergraduate,Ball State University,1973 to 1975,Jewelry/Metalsmithing,BS,Leslie Leupp
760,Undergraduate,Indiana University (I.U.S.B.),1971 to 1972,Took foundation courses,none,
760,Graduate,Indiana University,1977 to 1980,Jewelry/Metalsmithing,MFA,Alma Eikerman
763,Undergraduate,University of Utah,? to ?,Art Composite (designer craftsman emphasis),BFA,Richard Johnson
763,Graduate,Brigham Young University,? to?,Art Education,Master of Education,Clark Webb
765,Undergraduate,University of Windsor,1965 to 1969,English/Sculpture,BA & BFA,Joseph N. DeLauro
765,Undergraduate,Instituto Statale D'Arte A. Apolloni,1954 to 1958,Painting,none,Professor Zicari
765,Graduate,Florida State University,1969 to 1971,Sculpture/Printmaking,MFA,Fredrich Holschuh
768,Undergraduate,Cornell University,1950 to 1952,Liberal Arts,BA,John Mahoney (painting)
768,Undergraduate,Kansas City Art Institute,1958 to 1960,Sculpture,none,R. Bresson (painting)
768,Graduate,University of Kansas,1964 to 1965 and 1972 to 1973,Metalsmithing/Jewelry Design,MFA,Carlyle Smith
771,Undergraduate,California State University,? to 1964,?,BA,Frederick Lauritzen
771,Graduate,California State University - Long Beach,? to 1971,Metals,MA,Alvin Pine
771,Graduate,Rhode Island School of Design,1971 to 1972,Metals,MFA,John Prip
774,Undergraduate,Hunter College,1960 to 1964,Art,BFA,William Baziotes
774,Graduate,Rutgers University,1978 to 1987,,Ed D in Creativity,John Klimo
774,Graduate,Montclair State College,,Fine Art,MA,Richard Kyle
777,Undergraduate,Milwaukee State Teachers College,?,Education,BS,
777,Undergraduate,Chicago Art Institute,,,,
777,Graduate,University of Wisconsin - Madison,?,?,MS and MFA,
780,Undergraduate,Art Institute of Chicago,? to 1948,?,BFA,
780,Graduate,University of Wisconsin,1948 to 1950,?,MS,
782,Undergraduate,Portland State University,? to 1975,Art,BS,
782,Graduate,Arizona State University,? to 1981,Jewelry/Metals,MFA,David Pimentel
784,Undergraduate,University of Wisconsin - Lacrosse,1974 to 1979,Art Education/Physical Education,BS,Bill Fiorini
784,Graduate,Iowa State University,1979 to 1980,Jewelry/Metalsmithing,MA,Chuck Evans
784,Graduate,Arizona State University,1980 to 1983,Jewelry/Metalsmithing,MFA,David Pimentel
787,Undergraduate,University of California - Berkeley,1936 to 1940,Art with a minor in Art History,BA,
787,Graduate,University of California - Berkeley,1940 to 1944,Art with a minor in Art History,MA,
789,Undergraduate,Tyler School of Art - Temple University,1968 to 1972,Metals,BFA,Stanley Lechtzin
789,Graduate,Southern Illinois University,1973 to 1974,Metals,MFA,Brent Kington
791,Undergraduate,Eastern Michigan University,1974 to 1976,Metalsmithing/Ceramics,BFA,John Vanharen
791,Undergraduate,Henry Ford Community College,1971 to 1974,Art,none,Charlotte Quinn
791,Graduate,Cranbrook Academy of Art,1976 to 1978,Metalsmithing,,Richard Thomas
794,Undergraduate,University of Illinois - Urbana,1955 to 1956,Art,none,
794,Undergraduate,University of Illinois - Urbana,1958 to 1960,Jewelry/Metalsmithing,BA,Robert Von Neumann
794,Graduate,University of Wisconsin - Madison,1960 to 1962,Art Metal and Graphics,,Arthur Viertahler
794,Graduate,Cranbrook Academy of Art,1969 to ?,Sculpture,,Richard Thomas
798,Undergraduate,New York State University College at Buffalo,1972 to 1977,Art Education/Design,BS,John (Jack) Jauquet
798,Graduate,Kent State University,1981 to 1984,Jewelry/Metalsmithing,MFA,Bruce Metcalf
800,Undergraduate,University of Kansas,1958 to 1962,Jewelry/Silversmithing,BFA,Carlyle Smith
800,Graduate,Arizona State University,1962 to 1965,Art Education,MA,
800,Graduate,University of Kansas,1965 to 1969,Design,MFA,Carlyle Smith
803,Undergraduate,East Carolina University,1963 to 1965,Art Education,BS,"Dr. Wellington B. Gray, Dean of Art School"
803,Graduate,George Peabody College of Vanderbilt University,1967 to 1968,Metals/Weaving,MA,All teachers in Art Department
805,Graduate,,,,Instrucor:,
806,Undergraduate,Wayne State University,1948 to 1952,,BFA,?
806,Graduate,Cranbrook Academy of Art,1952 to 1954,,MFA,Richard Thomas
808,Undergraduate,Indiana University,1965 to 1969,Fibers,BFA,?
808,Graduate,Indiana University,1969 to 1973,Metals with a minor in Fibers,MFA,Alma Eikerman
810,Undergraduate,University of Georgia,1970,,BFA,
810,Graduate,Tyler School of Art/Temple University,1978,Metals,MFA,Stanley Lechtzin
812,Undergraduate,Ball State University,,Art,BS,
812,Undergraduate,Indiana University,,Education,none,
812,Graduate,University of Arizona,,Jewelry/Metalsmithing,MFA,Michael Croft
815,Undergraduate,University of Washington,1927,,BFA,
815,Graduate,University of Washington,1929,,MFA,
817,Undergraduate,"Tyler School of Art, Temple University",1997-2001,Metals/Jewelry/CAD-CAM,B.F.A.,"Stanley Lechtzin, Vickie Sedman, & Daniella Kerner"
817,Graduate,"Tyler School of Art, Temple University",2001-2003,Metals/Jewelry/CAD-CAM,M.F.A,Stanley Lechtzin & Vickie Sedman
819,Undergraduate,Hongik University,? to 1976,Metals,BFA,Hyun Chil Choi
819,Graduate,Hongik University,? to 1980,Jewelry/Metals,MFA,Hyun Chil Choi
819,Graduate,The University of Texas - Austin,? to 1984,Metalsmithing/Jewelry,MFA,Thelma Coles
822,Graduate,Cranbrook Academy of Art,? to 1965,Jewelry/Metals,MFA,Richard Thomas
823,Undergraduate,Western Michigan University,1958 to 1960,Art,BS,Robert Engstrom
823,Undergraduate,Michigan Technical University,,Mechanical Engineering,none,
823,Graduate,Cranbrook Academy of Art,1968 to 1970,Metalsmithing,MFA,Richard Thomas
826,Undergraduate,Skidmore College,1967 to 1970,Art,BS,Earl Pardon
826,Undergraduate,Bucknell University,1966 to 1967,,none,
826,Graduate,School for American Craftsmen/Rochester Institute of Technology,1971 to 1973,Jewelry/Metals,MFA,Hans Christensen
829,Undergraduate,The School of Arts and Crafts,1939 to 1944,,,
830,Undergraduate,SUNY New Paltz,1982-1986,Gold and Silversmithing,BFA,Kurt Matzdorf
830,Graduate,Tyler School of Art,1988-1990,Metals,MFA,Stanley Lechtzin
832,Undergraduate,University of Washington,,Metalsmithing/Jewelry,BFA,John Marshall
832,Undergraduate,University of Montana,,Geology/Art,none,
832,Graduate,Rochester Institute of Technology,,Metalsmithing/Jewelry,MFA,Gary Griffin
835,Undergraduate,San Diego State University,1970 to 1975,Crafts,BA,Arline Fisch
835,Graduate,San Diego State University,1975 to 1978,Jewelry/Metals,MA,Harlan Butt
837,Undergraduate,University of Arizona,,,none,
837,Undergraduate,Rochester Institute of Technology,1962 to 1966,Silversmithing,BFA,Hans Christensen
837,Graduate,Rochester Institute of Technology,1966 to 1967,Silversmithing,BFA,Hans Christensen
840,Undergraduate,Humboldt University,1974 to 1977,Art,BA,David LaPlantz
840,Graduate,Cranbrook Academy of Art,1977 to 1979,Metalsmithing,MFA,Richard Thomas
842,Undergraduate,Arizona State University,1970 to 1975,Advertising/Design,BFA,
842,Graduate,California State University - Long Beach,1978 to 1979,Metalsmithing/Jewelry,MFA,Alvin Pine
844,Undergraduate,University of Illinois - Urbana,1966 to 1969,Metals,BFA,Robert Von Neumann
844,Graduate,University of Oklahoma,1972 to 1974,Metalsmithing,MFA,
846,Undergraduate,Eckard College,1972 to 1974,Art/Music,BA,
846,Undergraduate,Stetson University,1969 to 1971,Humanities - Art/Music,none,
846,Graduate,University of Wisconsin - Madison,1979 to 1983,Metals,MFA,Eleanor Moty
849,Undergraduate,California College of Arts and Crafts,1963 to 1967,,BFA,
849,Graduate,Washington State University - Pullman,1967 to 1969,,MFA,
851,Undergraduate,University of Kansas,? to 1929,Design,,
852,Undergraduate,University of New Mexico,1959 to 1963,Crafts (ceramics emphasis),BFA,
852,Graduate,Southern Illinois Universtiy,1963 to 1965,Metals,MFA,Brent Kington
854,Undergraduate,Moore College of Art,? to 1942,,BA,
854,Graduate,University of Pennsylvania,,,MFA,
856,Undergraduate,University of Florida,1970 to 1975,Art Eduation (concentration in ceramics),BS,
856,Graduate,East Carolina University,1981 to 1989,Metals,MFA I nstructor: John Satterfield,
858,Undergraduate,Central Methodist College,1954 to 1956,Art,BA,
858,Undergraduate,William Woods University,1952 to 1954,Retailing/Merchandising,AA,
858,Graduate,University of Missouri - Columbia,1965 to 1969,Ceramics/Sculpture,MA,
861,Undergraduate,College of St. Francis,1963 to 1968,Art,BA,
861,Graduate,Northern Illinois University,1976 to 1978,Metals/Jewelry,MA,
863,Undergraduate,Tulsa University,1962 to 1967,Commercial Design,BFA,
863,Graduate,Tulsa University,1967 to 1968,Painting,MA,
863,Graduate,Western Illinois University,,Jewelry/Metals,MA,Steve Albair
866,Undergraduate,Pittsburg State University,1965 to 1969,Metals,BFA,Majorie Schick
866,Graduate,Indiana University,1972 to 1974,Jewelry Design/Metalsmithing,MFA Instrucor: Alma Eikerman,
868,Undergraduate,Miami University,1972 to 1974,Art (no metals),none,
868,Undergraduate,Purdue University,1974 to 1976,Creative Arts,BA,Gene Pijanowski
868,Graduate,Washington University,1976 to 1978,Metalsmithing,MFA,Heikka Seppa
871,Undergraduate,University of Kansas,1954 to 1958,,BFA,Robert Montgomery
871,Graduate,University of Kansas,? to 1963,,MFA,Robert Montgomery
873,Undergraduate,Kansas State University,1936 to 1940,Music/Art,BA,
873,Graduate,University of Kansas,1940 to 1942,Music/Art,none,
873,Graduate,Columbia University,1942,Music/Art,MA,
876,Undergraduate,Tyler School of Art - Temple University,,,BA,Stanley Lechtzin
877,Undergraduate,Rochester Institute of Technology,1969 to 1971,Jewelry/Metalsmithing,"AAS, BFA",Hans Christensen
877,Graduate,Rochester Institute of Technology,1971 to 1972,Jewelry/Metalsmithing,MFA,Hans Christensen
879,Undergraduate,Stephens College,1973 to 1974,Music,Associate of Arts,
879,Undergraduate,Indiana University,1974 to 1976,Jewelry/Metalsmithing,BA,Alma Eikerman
879,Graduate,Indiana University,1977 to 1980,Jewelry/Metalsmithing,MFA,Alma Eikerman
882,Undergraduate,The City College of New York,1952 to 1956,Education/Industrial Arts,BS,
882,Graduate,Cranbrook Academy of Art,1958 to 1960,Metals with a minor in Ceramics,MFA,Richard Thomas
884,Undergraduate,University of Northern Iowa,1960 to 1963,Art Education,BA,Dr. Clifford Herrold
884,Graduate,University of Northern Iowa,1964 to 1968,Art Education (jewelry/metalsmithing),MA,Dr. Clifford Herrold
886,Undergraduate,University of Wisconsin - Madison,1946 to 1950,,BS,
886,Graduate,University of Wisconsin - Madison,1950 to 1951,Metals,MA,
888,Undergraduate,Seton Hill College,1951 to 1955,Art Education,BA,Sister Mary Francis Irvin
888,Graduate,Carnegie Mellon University,1961 to 1963,Sculpture with minors in clay and metals,BFA,
888,Graduate,Cranbrook Academy of Art,1965 to 1967,Metalsmithing,MFA,Richard Thomas
891,Undergraduate,Skidmore College,1948 to 1952,Studio Art,BS,Caroline Rossi (metals)
891,Graduate,University of Illinois - Urbana,1952 to 1954,Art,MA,Arthur Pulos (metal)
893,Undergraduate,Tyler School of Art - Temple University,1964 to 1966,Fine Arts,"none (joined USN 1966 to 1970, Vietnam Conflict)",Stanley Lechtzin (metal)
893,Undergraduate,Georgia State University,1970 to 1973,"Drawing/Painting, Sculpture (1972)",BVA,Richard Mafong (jewelry)
893,Graduate,Radford University,1987 to 1990,Sculpture/3D Design,MFA,Charlie Brouwer (sculpture)
896,Undergraduate,Miami University,1962 to 1967,Art Education,BS,
896,Graduate,Cranbrook Academy of Art,1971 to 1973,Metalsmithing,MFA,Richard Thomas
896,Graduate,Miami University,1967 to 1968,Metal,M.ED,Florence Penn
899,Undergraduate,Ohio State University,1960 to 1964,Art/Sculpture,BFA,
899,Graduate,Cranbrook Academy of Art,1964 to 1966,Metalsmithing,MFA,Richard Thomas
901,Undergraduate,School of the Worchester Art Museum,1952 to 1955,Art,Certificate,Sante Graziani
901,Undergraduate,Clark University,1955 to 1957,Art,BA,
901,Graduate,Clark University,1957 to 1959,Education/Art,MA,
901,Graduate,Harvard University,1959 to 1961,Education/Art,MA,
905,Undergraduate,State College of Arkansas,1966 to 1967,,none,
905,Undergraduate,University of Arkansas,1967 to 1968,,none,
905,Undergraduate,The Memphis Academy of the Arts,,1968 to 1971,BFA,
905,Graduate,Tyler School of Art - Temple University,1971 to 1973,Jewelry/Metalsmithing,MFA,Stanley Lechtizin
909,Undergraduate,University of Pennsylvania of Millersville,1975 to 1977,Art Education,BS,
909,Graduate,University of Pennsylvania of Millersville,1977 to 1979,Art Education,M. ED,
911,Undergraduate,University of Washington,1977 to 1980,Metals,BFA,John Marshall
911,Undergraduate,Washington State University,1975 to 1977,Art,none,
913,Undergraduate,State University College at Buffalo,1964 to 1968,Art Education,BS,
913,Graduate,Cranbrook Academy of Art,1968 to 1970,Jewelry/Metalsmithing,MFA,Richard Thomas
915,Undergraduate,Humboldt State University,1974 to 1979,Art,BA,David LaPlantz
915,Graduate,Humboldt State University,1991 to 1993,Sculpture,MA,Mort Scott
917,Undergraduate,Stetson University,,,BFA,
917,Graduate,University of Georgia,,Metalsmithing/Printmaking,MFA,
919,Undergraduate,Texas State College for Women,1940 to 1944,Advertising Design,BS,Toni LaSalle
919,Undergraduate,Hoffman School,1946 to 1947,Painting,none,Hans Hoffman
919,Graduate,University of Washington,1955 to 1956,Metals,MA,Ruth Pennington
919,Graduate,College of Marin,1953,Metalwork,none,Victor Reis
923,Undergraduate,Indiana University of Pennsylvania,1986 to 1990,Sculpture/Metalsmithing,BFA,Robert W. Hamilton
923,Graduate,Tyler School of Art - Temple University,1990 to 1992,Metals,MFA,Stanley Lechtzin
925,Undergraduate,Indiana State University,1970 to 1974,Jewelry/Metals/Graphic Design,BS,Robert Montgomery
925,Graduate,Indiana State University,1974 to 1975,Jewelry/Metalsmithing,none,Robert Montgomery
925,Graduate,Southern Illinois University,1975 to 1977,Jewelry/Metalsmithing,MFA,Brent Kington
928,Undergraduate,University of Wisconsin - Madison,,BS,Education,
928,Graduate,University of Wisconsin - Madison,1974 to 1978,Metalsmithing/Jewelry,MFA,Fred Fenster
930,Undergraduate,Philadelphia College of Art/The University of the Arts,1980 to 1984,Metals,BFA,Richard Reinhardt
930,Graduate,Cranbrook Academy of Arts,1984 to 1986,Metalsmithing,MFA,Gary Griffin
932,Undergraduate,Middle Tennessee State University,1959 to 1965,Art Education/Graphic Design (no metals),Middle Tennessee State University,
932,Graduate,University of Tennessee,1972 to 1973,Metalsmithing,MS,Tom Timm
934,Undergraduate,Massachusetts College of Art,1965 to 1969,Art Education,BS,Jim Kenney
934,Graduate,Washington University,1972 to 1974,Metalsmithing,MFA,Heikka Seppa
936,Undergraduate,California State University - Long Beach,1966 to 1972,Industrial Arts/Fine Arts,BA,Alvine Pine
936,Graduate,Tyler School of Art - Temple University,1972 to 1974,Metalsmithing,MFA,Stanley Lechtzin
938,Undergraduate,Central Washington State University,? to 1970,Art Education,BA,Ramona Solberg
938,Graduate,University of Oregon,1967 to 1970,Art Education,MA,
940,Undergraduate,University of Kansas - Lawerence,1953 to 1957,Jewelry/Metalsmithing,BFA,Carlyle Smith (Metals)
940,Graduate,University of Kansas - Lawerence,1964 to 1967,Jewelry/Metalsmithing,MFA,Carlyle Smith (Metals)
942,Undergraduate,Case Western Reserve University,? to 1966,Art Education,BS,
942,Undergraduate,Cleveland Institute of Art,1967,advanced work in enameling,Certificate in Teacher Training,worked with John Paul Miller
942,Graduate,Case Western Reserve University,1968,Art Education,MS,
945,Undergraduate,Mount Holyoke College,1972 to 1976,Sculpture,BA,Leonard DeLouge
945,Undergraduate,Skidmore College,fall of 1974 and summers of 1975 and 1976,Metals,none,Earl Pardon
945,Graduate,Rochester Institute of Technology,1977 to 1978,Jewelry/Metalsmithing,MFA,Gary Griffin
945,Graduate,University of Wisconsin - Madison,fall of 1976,Jewelry/Metalsmithing,none,Fred Fenster
949,Undergraduate,Cleveland Institute of Art,,,none,
949,Undergraduate,Bowling Green State University,? to 1958,Metals,BS,
949,Graduate,Bowling Green State University,1958 to 1959,Metals,MA,
952,Undergraduate,Cleveland Institute of Art,1968 to 1973,Silversmithing,BFA,John Paul Miller
952,Graduate,Cranbrook Academy of Art,1973 to 1975,Metalsmithing,MFA,Richard Thomas
954,Undergraduate,Minneapolis Minnesota Technical College,1972 to 1973 and 1976 to 1977,Metal Arts/Jewelry Mfg. and Repair,Certificate of Completion,Ray Grobe
955,Undergraduate,University of Nebraska - Kearney,1961 to 1965,Art Education (no metals),BA,
955,Graduate,University of Kansas,1966 to 1969,Jewelry/Metalsmithing,MFA,Carlyle Smith
957,Undergraduate,Cranbrook Academy of Art,1958 to 1962,Metalsmithing,BFA,Richard Thomas
957,Graduate,Cranbrook Academy of Art,1962 to 1964,Metals,MFA,Richard Thomas
959,Undergraduate,University of Wisconsin - Madison,1982 to 1987,Art/French,BS,Fred Fenster
959,Graduate,Tyler School of Art - Temple University,1987 to 1989,Jewelry/Metalsmithing,MFA,Stanley Lechtzin
961,Undergraduate,University of Science and Arts - Oklahoma,1966 to 1968,Painting,BA,Derral Swineford (painting)
961,Graduate,Instituto Allende,1968 to 1969,Painting/Jewelry,MFA,Fred Samulson (painting)
963,Undergraduate,Cranbrook Academy of Art,1963 to 1965,Jewelry/Metalsmithing,BFA,Richard Thomas
963,Undergraduate,Rochester Institute of Technology,summer of 1963,Jewelry/Metalsmithing,none,Hans Christensen
963,Graduate,Southern Illinois University,1965 to 1967,Jewelry/Metalsmithing,MFA,Brent Kington
966,Undergraduate,University of Washington,1974 to 1979,Metals,BFA,John Marshall
966,Graduate,School for American Craftsmen/Rochester Institute of Technology,1979 to 1981,Metals/Minor in Wood,MFA,Gary Griffin
968,Undergraduate,School for American Craftsmen/Rochester Institute of Technology,1956 to 1960,Jewelry/Metalsmithing,BFA,Hans Christensen
968,Graduate,School for American Craftsmen/Rochester Institute of Technology,1960 to 1963,Jewelry/Metalsmithing,MFA,Hans Christensen
968,Graduate,Cranbrook Academy of Art,1960 to 1962,Jewelry/Metalsmithing,none,Richard Thomas
971,Undergraduate,University of Maryland,1957 to 1958,,none,
971,Undergraduate,Bethany College,,Creative Art,BFA,John Barbon
971,Graduate,University of Kansas,1961 to 1962 and 1965 to 1966,Jewelry/Metalsmithing,MFA,Carlyle Smith (metals)
974,Undergraduate,Miami University of Ohio,1986 to 1990,Metalsmithing/Jewelry Design,BFA,Susan Ewing
974,Graduate,Indiana University,1990 to 1993,Silversmithing/Jewelry Design,MFA,Randy Long
976,Undergraduate,California State University - Long Beach,1969 to 1972,Jewelry/Metalsmithing,BA,Alvin Pine
976,Undergraduate,Los Angeles Harbor College,1967 to 1969,Art,none,
976,Graduate,University of Washington,1972 to 1974,Jewelry/Metalsmithing,MFA,John Marshall
979,Undergraduate,Sir George Williams University,1969 to 1974,Fine Arts (no metals),BFA,
979,Graduate,Tyler School of Art - Temple University,1974 to 1977,Jewelry/Metalsmithing,MFA,Stanley Lechtzin
981,Undergraduate,University of Kansas,? to 1957,Jewelry/Metalsmithing,BFA,Carlyle Smith
981,Graduate,Cranbrook Academy of Art,? to 1959,Jewelry/Metalsmithing,MFA,Richard Thomas
983,Undergraduate,Fairhaven College at Western Washington University,1977 to 1978 & 1980 to 1985,"Anthropology, Art History, Studio Art",BA,
983,Graduate,University of Wisconsin - Milwaukee,1989 to 1992,Metals,MFA,Kate Wagle
985,Undergraduate,University of Illinois - Urbana,1973 to 1975,"Plastic & Graphic Arts, Painting",none,Morris Barazani (painting/printmaking)
985,Undergraduate,University of Illinois at Chicago,1976 to 1978,"Plastic & Graphic Arts, Painting",BA,
985,Graduate,Kent State University,1988 to 1991,Metals,MFA,Bruce Metcalf
988,Undergraduate,Michigan State University,1974 to 1976,Art,BFA,David George Logan
988,Graduate,University of Wisconsin - Madison,1976 to 1979,Jewelry/Metalsmithing,MFA,Fred Fenster
990,Undergraduate,Millersville University,1957 to 1961,,BS,
990,Graduate,Cranbrook Academy of Art,1961 to 1963,Jewelry/Metalsmithing,MFA,Richard Thomas
992,Undergraduate,University of Kansas,1957 to 1962,Jewelry/Silversmithing,BFA,Carlyle Smith
992,Graduate,Cranbrook Academy of Art,1962 to 1964,Metal,MFA,Richard Thomas
994,Undergraduate,Bowling Green State University,1962 to 1966,Education,BS,Harold Hasselschwert
994,Graduate,Cranbrook Academy of Art,1966 to 1967 and 1968 to 1969,Metalsmithing,MFA,Richard Thomas
996,Undergraduate,University of Science and Arts of Oklahoma,? to ?,Professional Art,BA,Derald Swineford
996,Graduate,Instituto Allende,? to ?,Painting/Sculpture,MFA,
998,Undergraduate,State University of New York,1950 to 1954,Education,BS,Goldsmith
998,Graduate,Florida State University,? to ?,Sculpture/Constructive Design,MS,
1000,Undergraduate,Wayne State University,1956 to 1960,Jewelry/Metalsmithing,BFA,Philip Fike
1000,Graduate,Cranbrook Academy of Art,1960 to 1962,Metalsmithing,MFA,Richard Thomas
1002,Undergraduate,Hesstion College,? to ?,Art,BA,
1002,Undergraduate,Bethel College,,,,
1002,Graduate,Indiana University,? to ?,Jewelry/Metalsmithing,MFA,Alma Eikerman
1005,Undergraduate,Dickinson College,1977 to 1981,Chemistry with a minor in Geology,BS,
1005,Graduate,Kent State University,1990 to 1993,Metals,MFA,Bruce Metcalf
486,Undergraduate,Eastern Michigan University,1994-1999,Jewelry/ Painting,BFA,Skip Hunter
486,Graduate,University of Washington,200 to 2002,Metals,MFA,Mary Lee Hu
231,Undergraduate,California State College - Long Beach,1960 to 1963,Industrial Arts,BA,Bill Macon (wood)
231,Undergraduate,California State College - San Jose,1956 to 1957,Industrial Arts,none,
231,Graduate,Cranbrook Academy of Art,1966 to 1968,Metalsmithing,MFA,Richard Thomas
232,Undergraduate,Orange Coast College,1958 to 1961,Graphic Design,AA,
232,Undergraduate,California State University - Long Beach,1964 to 1967,"Painting/Drawing (1966), Metals (1967)",BA,Alvin Pine
232,Graduate,Rochester Institute of Technology,1967 to 1968,Metals,none,Hans Christensen
232,Graduate,California State University - Long Beach,"1967 to 1969, 1975 to 1977",Metals,MA & MFA,Alvin Pine
233,Undergraduate,Massachusetts School of Art,? to 1926,Education,BS,
234,Undergraduate,San Diego State University,1965 to 1969,Art Education,BA,Arline Fisch
234,Graduate,California State University - Long Beach,1970 to 1971 and 1976 to 1977,Crafts with emphasis in Jewelry/Metalsmithing,MFA,Alvine Pine
1019,Undergraduate,University of Texas - Austin,1963 to 1965,Studio Art,BFA,Michael Lacktman
1019,Undergraduate,Del Mar Junior College,1960 to 1963,Art,BS,Charlotte Watson
1019,Graduate,Cranbrook Academy of Art,1965 to 1967,Jewelry/Metalsmithing with a minor in design,MFA,Richard Thomas
235,Undergraduate,University of Minnesota,1975 to 1981,Photography,BA,
235,Graduate,State University of New York - New Paltz,1984 to 1985,Metals/Jewelry,MA,Bob Ebendorf
235,Graduate,Hunter College of the City of New York,1990 to 1993,Sculpture,MFA,
236,Undergraduate,Indiana University,1981 to 1985,Metalsmithing,BA,Randy Long
236,Graduate,Indiana State University,1985 to 1988,Ceramics,MFA,Dick Hay
237,Undergraduate,University of Wisconsin - Madison,1960 to 1963 with one year out for military,Art Education with metal emphasis,BS,Arthur Vierthaler
237,Undergraduate,Platteville State Teacher's College,1958 to 1960,Industrial Arts Education,none,E.W. Manzur
237,Graduate,University of Illinois - Urbana,1966 to 1967,Art Education with emphasis in jewelry,MA,Robert Von Neumann
237,Graduate,University of Wisconsin - Madison,1967 to 1968,Jewelry/Metalsmithing,MFA,Arthur Vierthaler
238,Undergraduate,Phoenix Indian School,? to 1940,?,?,
238,Graduate,School for American Craftsmen/Rochester Institute of Technology,1945 to 1948,,,
239,Undergraduate,Southwestern College,1969 to 1971,Art,AA,David Richardson
239,Undergraduate,San Diego State University,1971 to 1974,Crafts,BA,Arline Fisch
239,Graduate,San Diego State University,1974 to 1977,Metalsmithing/Jewelry,MA,Arline Fisch
239,Graduate,California State University - Long Beach,1982 to 1983,Metalsmithing/Jewelry,MFA,Alvin Pine
240,Undergraduate,Philadelphia College of Art,? to ?,Industrial Design,BS,
240,Graduate,Tyler School of Art - Temple University,? to ?,Metals/Jewelry,MFA,Stanley Lechtzin
241,Undergraduate,California State University - Long Beach,? to ?,General Art,BA,Alvine Pine
241,Graduate,California State University - Long Beach,1971 to 1973,Art/Metalsmithing/Jewelry,MA,Alvine Pine
242,Undergraduate,California State University - Long Beach,? to ?,?,BA,Alvin Pine
242,Graduate,University of Indiana,? to ?,?,MFA,
243,Undergraduate,New York University,,Business Administration,none,
243,Undergraduate,University of Georgia,? to 1970,,BFA,
243,Graduate,State University of New York - New Paltz,1970 to 1974,Metals,MFA,Bob Ebendorf
244,Undergraduate,Kansas State University,1978 to 1981,Jewelry/Metalsmithing,BFA,Elliot Pujol
244,Graduate,Bowling Green State University,1986 to 1988,Jewelry/Metalsmithing,MFA,Harold Hasselschwert
245,Undergraduate,Kent State University,1970 to 1971,Design/Crafts,BFA,William Harper
245,Undergraduate,Miami Dade Junior College,1967 to 1969,Art,AA,Duane Hanson
245,Graduate,State College of New York - New Paltz,1972 to 1975,Gold and Silversmithing,MFA,Bob Ebendorf
246,Undergraduate,University of Wisconsin - Madison,1961 to 1965,Metal/ Wood Sculpture,BS,Fred Fenster
246,Graduate,University of Wisconsin - Madison,1965 to 1966,Metal/ Wood Sculpture,MS,Fred Fenster
247,Undergraduate,Cleveland Institute of Art,1960 to 1965,Metals,BFA,Frederick Miller
247,Undergraduate,Grove City College,1958 to 1959,Business Administration,,
247,Graduate,Syracuse University,1965 to 1967,Metals,MFA,Arthur Pulos
248,Undergraduate,Oxford University,? to 1949,Fine Art/Sculpture,Diploma,
248,Undergraduate,Slade School of Art,? to ?,?,?,
248,Graduate,University of Iowa,? to 1954,Jewelry/Metalsmithing,MFA,
1059,Undergraduate,Emporia State University,1963 to 1967,Art,BSE,Don Hazelrigg
1059,Graduate,University of Kansas,1967 to 1969,Jewelry/Silversmithing,MFA,Carlyle Smith
249,Undergraduate,Grinnell College,1978 to 1982,History,BA,Merle Zirkle
249,Graduate,Southern Illinois University - Carbondale,1988 to 1990,Jewlery/Metalsmithing,MFA,Brent Kington
250,Undergraduate,Tyler School of Art - Temple University,1970 to 1974,Jewelry/Metalsmithing,BFA,Stanley Lechtzin
250,Graduate,Rhode Island School of Design,1976 to 1978,Jewelry/Metalsmithing,MFA,John Prip
1065,Undergraduate,The College of Wooster,1969 to 1973,Sculpture,BA,Sufi Ahmed
1065,Graduate,Bowling Green State Universit y,1973 to 1975,Jewelry/Metalsmithing,MFA,Harold Hasselschwert
251,Undergraduate,Louisiana State University,1965 to 1971,English,BA,Irene Luchetti
252,Undergraduate,City College of New York,1953 to 1957,Education/Industrial Arts,BS,George Keane (metalshop)
252,Graduate,City College of New York,1957 to 1960,Education/Industrial Arts,MS,
252,Graduate,School for American Craftsmen,1959 to 1963,Silversmithing,MFA,Hans Christensen
253,Undergraduate,Syracuse University,1986 to 1990,Jewelry/Metalsmithing,BFA,Michael Jerry
253,Undergraduate,City of London Polytechnical,?,Jewelry/Metalsmithing,none sought,
253,Graduate,Cranbrook Academy of Art,1992 to 1994,Jewelry/Metalsmithing,MFA,Gary Griffin
1074,Undergraduate,Syracuse University,1967 to 1972,Jewelry/Metals,BFA,Michael Jerry
1074,Undergraduate,State University of New York - New Paltz,1973 to 1974,none (evening classes),,Claudia Kuehnl (graduate student)
1074,Graduate,Tyler School of Art - Temple University,1975 to 1977,Jewelry/Metals,MFA,Stanley Lechtzin
1074,Graduate,Montana State University,1972 to 1973,Jewelry/Metals,none,Richard Helzer
254,Undergraduate,Wayne State University,1971 to 1973,Art Education/Ceramics,BS,
254,Graduate,University of Illinois - Urbana,1976 to 1978,Metals,MA,Robert Von Neumann
254,Graduate,Michigan State University,1978 to 1980,Metals,MFA,Mary Lee Hu
255,Undergraduate,Cleveland Institute of Art,1936 to 1940,Art/Design,BS,Enameling with Kenneth Bates
256,Undergraduate,Cleveland Institute of Art,1936 to 1940,Industrial Art with a minor in Ceramics,Certificate,
257,Undergraduate,Illinois Wesleyan University,1960 to 1966,Ceramics/Sculpture/Painting,BFA,Fred Brian
257,Graduate,Southern Illinois University - Carbondale,1964 to 1966,Ceramics,MFA,Nickolas Vergette
257,Graduate,Kansas State University,1972 to 1973,Jewelry/Metals,MFA,Carlyle Smith
259,Undergraduate,University of Utah,1940,Sociology,BA,
259,Graduate,Bowling Green State University,1976,Rehabilitation/Counseling,MA,
1088,Undergraduate,University of Illinois - Urbana,1963 to 1968,Jewelry,BFA,Robert Von Neumann
1088,Graduate,Tyler School of Art - Temple University,1968 to 1971,Jewelry/Metalsmithing,MFA,Stanley Lechtzin
260,Undergraduate,University of Southwestern Louisiana,1956 to 1960,Art,BA,William Moreland
260,Graduate,Louisiana State University,1961 to 1963,Fine Arts/Design,MA,Don Bruce
261,Undergraduate,Cranbrook Academy of Art,1937 to 1939,,,
262,Undergraduate,School for American Craftsmen/Rochester Institute of Technology,? to 1969,?,BFA,
262,Graduate,Rhode Island School of Design,1969 to 1971,Jewelry/Metals,MFA,John Prip
263,Undergraduate,Akademie Der Bildenden Kunste,?,Gold & Silberschmieden,Certificate,Franz Rickert
263,Graduate,Akademie Der Bildenden Kunste,,Gold & Silberschmieden,Meister Diploma,Franz Rickert
264,Undergraduate,Georgia State University,1978 to 1982,Jewelry/Metalsmithing,BA,Richard Mafong
264,Graduate,Indiana University,1982 to 1985,Jewelry/Metalsmithing,M.F.A.,Leslie Leupp
265,Undergraduate,School of Industrial Art of the Pennsylvania Museum,? to 1888,Drawing,Certificate,
265,Graduate,School of Industrial Art - Munich,?,?,?,
266,Undergraduate,San Jose State University,1977 to 1979,Craft,BA,Marcia Chamberlain (craft)
266,Undergraduate,De Anza College,1975 to 1977,Fine Arts,AA,Joyce Hendry (sculpture)
266,Graduate,San Diego State University,1979 to 1982,Metalsmithing/Jewelry,MA,Helen Shirk
266,Graduate,San Jose State University,1990 to 1994,Spatial Arts (installation),MFA,Jacqueline Thurston (critical theory)
267,Undergraduate,University of Northern Colorado,1967 to 1971,Art Education,BA,
267,Undergraduate,Colorado State University,1982 to 1984,Metalsmithing,MFA,Nilda Getty
268,Undergraduate,Clarke College,1965 to 1969,Theatre,BA,Siser Xavier Coen
268,Undergraduate,Kunsthaandvaerkerskolen,1969 to 1970,Ceramics,none,
268,Graduate,University of Iowa,1970 to 1972,Ceramics,MFA,
268,Graduate,University of Iowa,1972 to 1975,Metalsmithing/Jewelry,MFA,Chunghi Choo
269,Undergraduate,Cleveland Institute of Art,1980 to 1985,Jewelry/Metalsmithing,BFA,John Paul Miller
269,Graduate,Cranbrook Academy of Art,1985 to 1989,Jewelry/Metalsmithing,MFA,Gary Griffin
270,Undergraduate,University of New Mexico,1962 to 1965 and 1970,Anthropology,BA,Ralph Lewis (jewelry)
270,Undergraduate,Fachochschule fur Gestaltung,1966 to 1967,"Jewelry design, Fabrication, Stone setting",none,Reinhold Reiling
270,Graduate,Instituto Allende,1971,Art Jewelry Design,MFA,Professor Fischer
270,Graduate,Int. Summar Academy for Fine Arts,1972,,none,Joseph Symon
271,Undergraduate,California State University - Northridge,? to 1969,Anthropology/Metals,BA,Fred Lauritzen
271,Graduate,San Diego State University,? to 1978,Metals,MA,Arline Fisch
271,Graduate,California State University - Long Beach,1978 to 1980,Metals,MFA,Alvine Pine
272,Undergraduate,Calvin College,,Art Education,AB,
272,Graduate,Western Michigan University,,Art Education,MA,
273,Undergraduate,Pittsburg State University,1980 to 1984,Metals/Jewelry,BFA,Majorie Schick
273,Graduate,Pittsburg State University,1989 to 1991,Metalsmithing/Jewelry,MA,Majorie Schick
273,Graduate,University of Kansas,1991 to 1995,Metalsmithing/Jewelry,MFA,Jon Havener
274,Undergraduate,Tyler School of Art - Temple University,1962 to 1966,Jewelry/Metalsmithing,BFA,Stanley Lechtzin
274,Graduate,Tyler School of Art - Temple University,1966 to 1969,Jewelry/Metalsmithing,MFA,Stanley Lechtzin
275,Undergraduate,Memphis Academy of Art,? to 1951,Painting,BFA,
275,Graduate,Syracuse University,? to 1959,Painting,MFA,
276,Undergraduate,University of Wisconsin - Madison,1942 to 1943,,none,
276,Undergraduate,School for American Craftsmen/Rochester Institute of Technology,1947 to 1948,Metals,none,Philip Morton
277,Undergraduate,"Maryland Institute, College of Art",1975 to 1976,Painting,none,Peter Collier
277,Undergraduate,University of Texas - El Paso,1976 to 1982,Sculpture/Metals,BFA,Rachelle Thiewes
277,Graduate,New Mexico State University,1984 to 1986,Jewelry/Metalsmithing,MA,Kate Wagle
277,Graduate,State University of New York - New Paltz,1987 to 1989,Jewelry/Metalsmithing,MFA,Bob Ebendorf
278,Undergraduate,Cleveland Institute of Art,1974 to 1978,Metals,BFA,John Paul Miller
278,Graduate,Cranbrook Academy of Art,1980 to 1982,Metals,MFA,Richard Thomas
279,Undergraduate,Webster University,1959 to 1960 and 1963 to 1965,Art Education,BA,Rudolph Torrini
279,Graduate,University of Wisconsin- Milwaukee,1970 to 1975,Art Education and Metals,MS,Mary Tingley
280,Undergraduate,University of Wisconsin - Milwaukee,? to ?,Jewelry/Metalsmithing,BFA,Mary Tingley
280,Undergraduate,University of Wisconsin - Madison,? to ?,Science,none,
280,Graduate,University of Wisconsin - Milwaukee,? to ?,Metals,MFA,Mary Tingley
281,Undergraduate,Wayne State University,1960 to 1965,Metalcraft,BFA,Philip Fike
281,Graduate,Wayne State University,1965 to 1967,Metalcraft,MA,Philip Fike
281,Graduate,Cranbrook Academy of Art,1967 to 1969,Metalsmithing,MFA,Richard Thomas
282,Undergraduate,St. Paul University/Rikkyo University,1960 to 1964,,BA,
282,Graduate,Cranbrook Academy of Art,1964 to 1966,Jewelry/Metasmithing,MFA,Richard Thomas
283,Undergraduate,University of Texas at Austin,1969 to 1973,Painting/Art History,BFA,John Lednicki
283,Graduate,Texas Women's University,1973 to 1975,Clay and metal with minor in sculpture,MA +,"John Brough Miller, Bud Green, and Warren Casey"
284,Undergraduate,Southern Illinois University - Carbondale,1960 to 1964,Photography,BS,
284,Undergraduate,Southern Illinois University - Carbondale,1964 to 1966,Art,BA,Brent Kington
284,Graduate,Southern Illinois University - Carbondale,1969 to 1971,Metalsmithing,MFA,Brent Kington
285,Undergraduate,Massachusetts College of Art,1961 to 1965,Education,BS,
285,Graduate,School for American Craftsmen/Rochester Institute of Technology,1969 to 1971,Jewelry/Metalsmithing,MFA,Hans Christensen
286,Undergraduate,City College of New York,1951 to 1955,Industrial Arts,BS in Education,George Keens
286,Graduate,Cranbrook Academy of Art,1956 to 1958,Metalsmithing/Jewelry,MFA,Richard Thomas
286,Graduate,Munich Art Academy,1960 to 1961,Silversmithing and Goldsmithing,none - one year of study after MFA,Franz Rickert
288,Undergraduate,Southern Illinois University - Carbondale,1964 to 1968,Theatre,BA,
288,Graduate,Southern Illinois University - Carbondale,1968 to 1971,Metals,MFA,Brent Kington
289,Undergraduate,Carnegie Institute of Technology,? to 1939,?,BA,
289,Graduate,University of Oregon,1939 to 1943,?,MFA,
290,Undergraduate,University of Wisconsin - Madison,1954 to 1958,Art Education,BS,Arthur Viertahler
290,Graduate,University of Wisconsin - Madison,1962 ot 1963,Art Education emphasis in jewelry and crafts,MS,Arthur Viertahler
290,Graduate,Ball State University,1966 to 1969,Art Education/Jewelry: Art Metals,Doctorate of Art Education,Ned Grinder
291,Undergraduate,Tyler School of Art - Temple University,1970 to 1974,Jewelry/Metalsmithing,BFA,Stanley Lechtzin
291,Graduate,Rhode Island School of Design,1974 to 1976,Jewelry/Metalsmithing,MFA,John Prip
292,Undergraduate,"Royal Academy of Art in Belgrade, Yugoslavia",? to 1938,Painting,Bachelor of Arts,
292,Graduate,Royal Academy of Art,1939,Painting,Master of Arts,
292,Graduate,Studied with Mogen Bjorn-Anderson in Copenhagen,1954,,,
293,Undergraduate,University of Michigan,1979 to 1983,Jewelry/Metalsmithing,BFA and Teaching Certificate,Gene Pijanowski
293,Graduate,Texas Technical University,1983 to 1985,Jewelry/Metalsmithin,MFA,
295,Undergraduate,Otis Parsons Art Institute,1979 to 1981,Painting,BFA,Robin Vaccarino
295,Undergraduate,San Jose State University,1973 to 1976,Fine Arts,none,John DiVencenzi
295,Graduate,New Mexico State University,1993 to 1996,Metals,MFA,Jullia Barello
296,Undergraduate,School of Industrial Arts - Trenton,?,?,?,
296,Graduate,Institute of Design - Chicago,?,?,?,
297,Undergraduate,Philadelphia Museum School of Industrial Arts/The University of the Arts,1939 to 1947,Art Education,BAA,Douglas Gilchrist
298,Undergraduate,University of Virginia,1965 to 1969,Psychology/Art,BA,Tom Hagen (sculpture)
298,Graduate,Instituto Allende,1970 to 1972,Jewelry/Sculpture,MFA,Enrique Lopez
298,Graduate,Fachhochschul fur Gestaltung,1972 to 1974,Jewelry Design/Goldsmithing,none,Reinhold Reiling
299,Undergraduate,Montana State University,1970 to 1976,Studio Art/Jewelry,BA,Richard Helzer
299,Graduate,Central Washington University,1976 to 1979,Jewelry,MA,Ken Cory
299,Graduate,West Virginia University,1979 to 1981,Sculpture,MFA,
300,Undergraduate,University of Texas,? to ?,Art Education,BFA,John Lednicky
300,Undergraduate,Abilene Christian University,?,?,none,
300,Graduate,Indiana University,? to ?,Jewelry/Metalsmithing,MFA,Alma Eikerman
301,Undergraduate,University of Florida,1954 to 1957,Graphic Art,BFA,Roy C. Craven
301,Undergraduate,St. Petersburg Junior College,1950 to 1951,?,none,
301,Graduate,University of Kansas,1965 to 1967,Design/Metal,MFA,Carlyle Smith
1189,Undergraduate,Cleveland Institute of Art,1941 to 1944,Illustration/Design,,Kenneth Bates
1189,Undergraduate,University of Akron,1941,Painting,none,Julious Fasach
1189,Graduate,Kent State University,1960 to 1976,,"Equivilent Master's Degree to permit continued teaching basic design, metals and graphics",
302,Undergraduate,University of Wisconsin - Madison,? to 1963,Metals,BS,Fred Fenster
302,Graduate,Indiana University,1964 to 1966,Jewelry/Metalsmithing,MFA,Alma Eikerman
303,Undergraduate,University of Texas - Arlington,1986 to 1989,Jewelry/Metalsmithing,BFA,David Keens
303,Graduate,University of North Texas,1990 to 1993,Jewelry/Metalsmithing,MFA,Harlan Butt
304,Undergraduate,University of Wisconsin - Green Bay,1977 to 1980,Communications/Visual Arts/Education,BA,Bob Pum
304,Undergraduate,University of Wisconsin - Stout,,Education Vocational Certification,,Hector Cruz
304,Graduate,Bradley University,,"Jewelry, Art/Metals",MA,
305,Undergraduate,Wayne State University,1968 to 1971,Jewelry/Metalsmithing,BFA,Philip Fike
305,Graduate,University of Wisconsin - Madison,1971 to 1974,Jewelry/Metalsmithing,MFA,Arthur Viertahler
306,Undergraduate,University of Wisconsin - Platteville,1981 to 1983,Ceramic Sculpture,BS,Gene Smaczek (industrial technical program)
306,Undergraduate,University of Wisconsin - Stout,1977 to 1978,Art,none,Ron Verdon
306,Graduate,West Texas State University,1983 to 1985,Ceramic Sculpture,MFA,
307,Undergraduate,"Goldsmith School of Helsinki, Finland Central School of Industrial Art of Finland",1941 to 1945,,,
308,Undergraduate,University of North Carolina,1982 to 1989,Design,BFA,Cynthia Laymon
308,Graduate,University of Texas - Austin,1992 to 1995,emphasis in sculpture,MFA,Thelma Coles
309,Undergraduate,Skidmore College,1959 to 1963,Art,BS,Earl Pardon
309,Graduate,Indiana University,1967 to 1969,Jewelry/Metalsmithing,MFA,Alma Eikerman
310,Undergraduate,Hong-ik University,? to ?,Metal Arts,BFA,Professor Hyum-Chil Choi
310,Graduate,Hong-ik University,? to ?,Gold and Silversmithing,BFA,Professor Hyum-Chil Choi
310,Graduate,State University of New York - New Paltz,? to ?,Jewelry/Metalsmithing,MFA,Bob Ebendorf I nstructor: Jamie Bennet
311,Undergraduate,University of California - Los Angeles,?,?,BA,
311,Graduate,University of California - Los Angeles,?,?,MA,
311,Graduate,California State College,?,?,MS,
312,Undergraduate,Philadelphia Museum School of Art/The University of the Arts,1949 to 1953,Jewelry/Metalsmithing,BFA,Kathryn P. Finkbeiner
312,Graduate,School for American Craftsmen/Rochester Institute of Technology,1955 to 1957,Metals,MFA,Hans Christensen
1217,Undergraduate,Rhode Island School of Design,1928 to 1931,Metals,?,Antonio Cirono
1217,Graduate,University of Kansas,1947,Metals,MFA,
313,Undergraduate,University of Washington,? to 1939,?,BA,Ruth Pennington
313,Graduate,University of Washington,? to 1957,?,MFA,
314,Undergraduate,Western New Mexico University,1961 to 1965,General Art,BA,Cecil Howard
314,Graduate,Western New Mexico University,1965 to 1967,Ceramics,MA,Cecil Howard
315,Undergraduate,Maryland Institute College of Art,1969 to 1972,Photo/Video,BFA,Grace Hartigan
315,Undergraduate,School of Visual Arts,1966 to 1969,Advertising,AA,Jim Dine
315,Graduate,Long Island University,1981 to 1984,Ceramics/Sculpture,MFA,Rose Krebs
316,Undergraduate,Iowa State University,? to ?,Craft Design,BFA,Chuck Evans
317,Undergraduate,San Francisco State University,? to ?,Art/Industrial Arts,BA,
317,Graduate,California College of Arts and Crafts,? to ?,Sculpture,none,Evan Nayes
318,Undergraduate,City College of New York,1971 to 1974,Industrial Arts Education,BS,Professor Bernard Bernstein
318,Graduate,City College of New York,1974 to 1976,Industrial Arts Education,MS,Professor Bernard Bernstein
319,Undergraduate,,1965 to 1968,Art,BA with certification,
319,Undergraduate,University of Wisconsin - Green Bay,1963 to 1965,,none,
319,Graduate,University of Puget,1969 to 1971,Ceramics,MFA,F. Carlton Ball
320,Undergraduate,University of Miami,1957 ot 1961,Crafts/Art History,AB,
320,Graduate,Indiana University,1962 to 1963,Jewelry/Metalsmithing,MFA,Alma Eikerman
321,Undergraduate,Drake University,1974 ot 1978,Jewelry and Silversmithing/Graphic Design,BFA,Condon Kuhl
321,Graduate,Indiana University,1978 to 1982,Jewelry/Metalsmithing,MFA,Leslie Leupp
1238,Undergraduate,Western Illinois University,? to ?,Art,none,
1238,Undergraduate,Southern Illinois University,? to ?,Art/Metals,BA,Brent Kington
1238,Graduate,Kent State University,? to ?,Art/Metals,MFA,Mary Ann Scheer
322,Undergraduate,State Teacher's College at Indiana,1936 to 1941,Education,BS,
322,Graduate,Cranbrook Academy of Art,1946 to 1948,Painting,MFA,
323,Undergraduate,Ball State Teacher's College/Ball State University,1959 to 1963,Art,BS,Ned Griner
323,Graduate,Indiana University,1965 to 1968,Jewelry/Metalsmithing,MFA,Alma Eikerman
324,Undergraduate,Ball State University,1973 to 1975,Jewelry/Metalsmithing,BS,Leslie Leupp
324,Undergraduate,Indiana University (I.U.S.B.),1971 to 1972,Took foundation courses,none,
324,Graduate,Indiana University,1977 to 1980,Jewelry/Metalsmithing,MFA,Alma Eikerman
325,Undergraduate,University of Utah,? to ?,Art Composite (designer craftsman emphasis),BFA,Richard Johnson
325,Graduate,Brigham Young University,? to?,Art Education,Master of Education,Clark Webb
326,Undergraduate,University of Windsor,1965 to 1969,English/Sculpture,BA & BFA,Joseph N. DeLauro
326,Undergraduate,Instituto Statale D'Arte A. Apolloni,1954 to 1958,Painting,none,Professor Zicari
326,Graduate,Florida State University,1969 to 1971,Sculpture/Printmaking,MFA,Fredrich Holschuh
327,Undergraduate,Cornell University,1950 to 1952,Liberal Arts,BA,John Mahoney (painting)
327,Undergraduate,Kansas City Art Institute,1958 to 1960,Sculpture,none,R. Bresson (painting)
327,Graduate,University of Kansas,1964 to 1965 and 1972 to 1973,Metalsmithing/Jewelry Design,MFA,Carlyle Smith
328,Undergraduate,California State University,? to 1964,?,BA,Frederick Lauritzen
328,Graduate,California State University - Long Beach,? to 1971,Metals,MA,Alvin Pine
328,Graduate,Rhode Island School of Design,1971 to 1972,Metals,MFA,John Prip
329,Undergraduate,Hunter College,1960 to 1964,Art,BFA,William Baziotes
329,Graduate,Rutgers University,1978 to 1987,,Ed D in Creativity,John Klimo
329,Graduate,Montclair State College,,Fine Art,MA,Richard Kyle
330,Undergraduate,Milwaukee State Teachers College,?,Education,BS,
330,Undergraduate,Chicago Art Institute,,,,
330,Graduate,University of Wisconsin - Madison,?,?,MS and MFA,
331,Undergraduate,Art Institute of Chicago,? to 1948,?,BFA,
331,Graduate,University of Wisconsin,1948 to 1950,?,MS,
332,Undergraduate,Portland State University,? to 1975,Art,BS,
332,Graduate,Arizona State University,? to 1981,Jewelry/Metals,MFA,David Pimentel
333,Undergraduate,University of Wisconsin - Lacrosse,1974 to 1979,Art Education/Physical Education,BS,Bill Fiorini
333,Graduate,Iowa State University,1979 to 1980,Jewelry/Metalsmithing,MA,Chuck Evans
333,Graduate,Arizona State University,1980 to 1983,Jewelry/Metalsmithing,MFA,David Pimentel
334,Undergraduate,University of California - Berkeley,1936 to 1940,Art with a minor in Art History,BA,
334,Graduate,University of California - Berkeley,1940 to 1944,Art with a minor in Art History,MA,
336,Undergraduate,Tyler School of Art - Temple University,1968 to 1972,Metals,BFA,Stanley Lechtzin
336,Graduate,Southern Illinois University,1973 to 1974,Metals,MFA,Brent Kington
337,Undergraduate,Eastern Michigan University,1974 to 1976,Metalsmithing/Ceramics,BFA,John Vanharen
337,Undergraduate,Henry Ford Community College,1971 to 1974,Art,none,Charlotte Quinn
337,Graduate,Cranbrook Academy of Art,1976 to 1978,Metalsmithing,,Richard Thomas
338,Undergraduate,University of Illinois - Urbana,1955 to 1956,Art,none,
338,Undergraduate,University of Illinois - Urbana,1958 to 1960,Jewelry/Metalsmithing,BA,Robert Von Neumann
338,Graduate,University of Wisconsin - Madison,1960 to 1962,Art Metal and Graphics,,Arthur Viertahler
338,Graduate,Cranbrook Academy of Art,1969 to ?,Sculpture,,Richard Thomas
339,Undergraduate,New York State University College at Buffalo,1972 to 1977,Art Education/Design,BS,John (Jack) Jauquet
339,Graduate,Kent State University,1981 to 1984,Jewelry/Metalsmithing,MFA,Bruce Metcalf
340,Undergraduate,University of Kansas,1958 to 1962,Jewelry/Silversmithing,BFA,Carlyle Smith
340,Graduate,Arizona State University,1962 to 1965,Art Education,MA,
340,Graduate,University of Kansas,1965 to 1969,Design,MFA,Carlyle Smith
342,Undergraduate,East Carolina University,1963 to 1965,Art Education,BS,"Dr. Wellington B. Gray, Dean of Art School"
342,Graduate,George Peabody College of Vanderbilt University,1967 to 1968,Metals/Weaving,MA,All teachers in Art Department
343,Graduate,,,,Instrucor:,
344,Undergraduate,Wayne State University,1948 to 1952,,BFA,?
344,Graduate,Cranbrook Academy of Art,1952 to 1954,,MFA,Richard Thomas
345,Undergraduate,Indiana University,1965 to 1969,Fibers,BFA,?
345,Graduate,Indiana University,1969 to 1973,Metals with a minor in Fibers,MFA,Alma Eikerman
346,Undergraduate,University of Georgia,1970,,BFA,
346,Graduate,Tyler School of Art/Temple University,1978,Metals,MFA,Stanley Lechtzin
347,Undergraduate,Ball State University,,Art,BS,
347,Undergraduate,Indiana University,,Education,none,
347,Graduate,University of Arizona,,Jewelry/Metalsmithing,MFA,Michael Croft
348,Undergraduate,University of Washington,1927,,BFA,
348,Graduate,University of Washington,1929,,MFA,
351,Undergraduate,"Tyler School of Art, Temple University",1997-2001,Metals/Jewelry/CAD-CAM,B.F.A.,"Stanley Lechtzin, Vickie Sedman, & Daniella Kerner"
351,Graduate,"Tyler School of Art, Temple University",2001-2003,Metals/Jewelry/CAD-CAM,M.F.A,Stanley Lechtzin & Vickie Sedman
352,Undergraduate,State University College of Buffalo,,,B S,
352,Undergraduate,Y ears:,,,,
352,Graduate,State University of New York at New Paltz,1985 to 1987,,MFA,
353,Undergraduate,Hongik University,? to 1976,Metals,BFA,Hyun Chil Choi
353,Graduate,Hongik University,? to 1980,Jewelry/Metals,MFA,Hyun Chil Choi
353,Graduate,The University of Texas - Austin,? to 1984,Metalsmithing/Jewelry,MFA,Thelma Coles
354,Graduate,Cranbrook Academy of Art,? to 1965,Jewelry/Metals,MFA,Richard Thomas
355,Undergraduate,Western Michigan University,1958 to 1960,Art,BS,Robert Engstrom
355,Undergraduate,Michigan Technical University,,Mechanical Engineering,none,
355,Graduate,Cranbrook Academy of Art,1968 to 1970,Metalsmithing,MFA,Richard Thomas
356,Undergraduate,Skidmore College,1967 to 1970,Art,BS,Earl Pardon
356,Undergraduate,Bucknell University,1966 to 1967,,none,
356,Graduate,School for American Craftsmen/Rochester Institute of Technology,1971 to 1973,Jewelry/Metals,MFA,Hans Christensen
357,Undergraduate,The School of Arts and Crafts,1939 to 1944,,,
359,Undergraduate,SUNY New Paltz,1982-1986,Gold and Silversmithing,BFA,Kurt Matzdorf
359,Graduate,Tyler School of Art,1988-1990,Metals,MFA,Stanley Lechtzin
360,Undergraduate,University of Washington,,Metalsmithing/Jewelry,BFA,John Marshall
360,Undergraduate,University of Montana,,Geology/Art,none,
360,Graduate,Rochester Institute of Technology,,Metalsmithing/Jewelry,MFA,Gary Griffin
361,Undergraduate,San Diego State University,1970 to 1975,Crafts,BA,Arline Fisch
361,Graduate,San Diego State University,1975 to 1978,Jewelry/Metals,MA,Harlan Butt
362,Undergraduate,University of Arizona,,,none,
362,Undergraduate,Rochester Institute of Technology,1962 to 1966,Silversmithing,BFA,Hans Christensen
362,Graduate,Rochester Institute of Technology,1966 to 1967,Silversmithing,BFA,Hans Christensen
363,Undergraduate,Humboldt University,1974 to 1977,Art,BA,David LaPlantz
363,Graduate,Cranbrook Academy of Art,1977 to 1979,Metalsmithing,MFA,Richard Thomas
364,Undergraduate,Arizona State University,1970 to 1975,Advertising/Design,BFA,
364,Graduate,California State University - Long Beach,1978 to 1979,Metalsmithing/Jewelry,MFA,Alvin Pine
365,Undergraduate,University of Illinois - Urbana,1966 to 1969,Metals,BFA,Robert Von Neumann
365,Graduate,University of Oklahoma,1972 to 1974,Metalsmithing,MFA,
366,Undergraduate,Eckard College,1972 to 1974,Art/Music,BA,
366,Undergraduate,Stetson University,1969 to 1971,Humanities - Art/Music,none,
366,Graduate,University of Wisconsin - Madison,1979 to 1983,Metals,MFA,Eleanor Moty
367,Undergraduate,California College of Arts and Crafts,1963 to 1967,,BFA,
367,Graduate,Washington State University - Pullman,1967 to 1969,,MFA,
368,Undergraduate,University of Kansas,? to 1929,Design,,
369,Undergraduate,University of New Mexico,1959 to 1963,Crafts (ceramics emphasis),BFA,
369,Graduate,Southern Illinois Universtiy,1963 to 1965,Metals,MFA,Brent Kington
370,Undergraduate,Moore College of Art,? to 1942,,BA,
370,Graduate,University of Pennsylvania,,,MFA,
1344,Undergraduate,University of Florida,1970 to 1975,Art Eduation (concentration in ceramics),BS,
1344,Graduate,East Carolina University,1981 to 1989,Metals,MFA I nstructor: John Satterfield,
372,Undergraduate,Central Methodist College,1954 to 1956,Art,BA,
372,Undergraduate,William Woods University,1952 to 1954,Retailing/Merchandising,AA,
372,Graduate,University of Missouri - Columbia,1965 to 1969,Ceramics/Sculpture,MA,
373,Undergraduate,College of St. Francis,1963 to 1968,Art,BA,
373,Graduate,Northern Illinois University,1976 to 1978,Metals/Jewelry,MA,
374,Undergraduate,Tulsa University,1962 to 1967,Commercial Design,BFA,
374,Graduate,Tulsa University,1967 to 1968,Painting,MA,
374,Graduate,Western Illinois University,,Jewelry/Metals,MA,Steve Albair
375,Undergraduate,Pittsburg State University,1965 to 1969,Metals,BFA,Majorie Schick
375,Graduate,Indiana University,1972 to 1974,Jewelry Design/Metalsmithing,MFA Instrucor: Alma Eikerman,
376,Undergraduate,Miami University,1972 to 1974,Art (no metals),none,
376,Undergraduate,Purdue University,1974 to 1976,Creative Arts,BA,Gene Pijanowski
376,Graduate,Washington University,1976 to 1978,Metalsmithing,MFA,Heikka Seppa
377,Undergraduate,University of Kansas,1954 to 1958,,BFA,Robert Montgomery
377,Graduate,University of Kansas,? to 1963,,MFA,Robert Montgomery
378,Undergraduate,Kansas State University,1936 to 1940,Music/Art,BA,
378,Graduate,University of Kansas,1940 to 1942,Music/Art,none,
378,Graduate,Columbia University,1942,Music/Art,MA,
379,Undergraduate,Tyler School of Art - Temple University,,,BA,Stanley Lechtzin
1365,Undergraduate,Rochester Institute of Technology,1969 to 1971,Jewelry/Metalsmithing,"AAS, BFA",Hans Christensen
1365,Graduate,Rochester Institute of Technology,1971 to 1972,Jewelry/Metalsmithing,MFA,Hans Christensen
380,Undergraduate,Stephens College,1973 to 1974,Music,Associate of Arts,
380,Undergraduate,Indiana University,1974 to 1976,Jewelry/Metalsmithing,BA,Alma Eikerman
380,Graduate,Indiana University,1977 to 1980,Jewelry/Metalsmithing,MFA,Alma Eikerman
1370,Undergraduate,The City College of New York,1952 to 1956,Education/Industrial Arts,BS,
1370,Graduate,Cranbrook Academy of Art,1958 to 1960,Metals with a minor in Ceramics,MFA,Richard Thomas
381,Undergraduate,University of Northern Iowa,1960 to 1963,Art Education,BA,Dr. Clifford Herrold
381,Graduate,University of Northern Iowa,1964 to 1968,Art Education (jewelry/metalsmithing),MA,Dr. Clifford Herrold
382,Undergraduate,University of Wisconsin - Madison,1946 to 1950,,BS,
382,Graduate,University of Wisconsin - Madison,1950 to 1951,Metals,MA,
383,Undergraduate,Seton Hill College,1951 to 1955,Art Education,BA,Sister Mary Francis Irvin
383,Graduate,Carnegie Mellon University,1961 to 1963,Sculpture with minors in clay and metals,BFA,
383,Graduate,Cranbrook Academy of Art,1965 to 1967,Metalsmithing,MFA,Richard Thomas
1379,Undergraduate,Skidmore College,1948 to 1952,Studio Art,BS,Caroline Rossi (metals)
1379,Graduate,University of Illinois - Urbana,1952 to 1954,Art,MA,Arthur Pulos (metal)
384,Undergraduate,Tyler School of Art - Temple University,1964 to 1966,Fine Arts,"none (joined USN 1966 to 1970, Vietnam Conflict)",Stanley Lechtzin (metal)
384,Undergraduate,Georgia State University,1970 to 1973,"Drawing/Painting, Sculpture (1972)",BVA,Richard Mafong (jewelry)
384,Graduate,Radford University,1987 to 1990,Sculpture/3D Design,MFA,Charlie Brouwer (sculpture)
385,Undergraduate,Miami University,1962 to 1967,Art Education,BS,
385,Graduate,Cranbrook Academy of Art,1971 to 1973,Metalsmithing,MFA,Richard Thomas
385,Graduate,Miami University,1967 to 1968,Metal,M.ED,Florence Penn
386,Undergraduate,Ohio State University,1960 to 1964,Art/Sculpture,BFA,
386,Graduate,Cranbrook Academy of Art,1964 to 1966,Metalsmithing,MFA,Richard Thomas
387,Undergraduate,School of the Worchester Art Museum,1952 to 1955,Art,Certificate,Sante Graziani
387,Undergraduate,Clark University,1955 to 1957,Art,BA,
387,Graduate,Clark University,1957 to 1959,Education/Art,MA,
387,Graduate,Harvard University,1959 to 1961,Education/Art,MA,
388,Undergraduate,State College of Arkansas,1966 to 1967,,none,
388,Undergraduate,University of Arkansas,1967 to 1968,,none,
388,Undergraduate,The Memphis Academy of the Arts,,1968 to 1971,BFA,
388,Graduate,Tyler School of Art - Temple University,1971 to 1973,Jewelry/Metalsmithing,MFA,Stanley Lechtizin
389,Undergraduate,University of Pennsylvania of Millersville,1975 to 1977,Art Education,BS,
389,Graduate,University of Pennsylvania of Millersville,1977 to 1979,Art Education,M. ED,
390,Undergraduate,University of Washington,1977 to 1980,Metals,BFA,John Marshall
390,Undergraduate,Washington State University,1975 to 1977,Art,none,
391,Undergraduate,State University College at Buffalo,1964 to 1968,Art Education,BS,
391,Graduate,Cranbrook Academy of Art,1968 to 1970,Jewelry/Metalsmithing,MFA,Richard Thomas
392,Undergraduate,Humboldt State University,1974 to 1979,Art,BA,David LaPlantz
392,Graduate,Humboldt State University,1991 to 1993,Sculpture,MA,Mort Scott
393,Undergraduate,Stetson University,,,BFA,
393,Graduate,University of Georgia,,Metalsmithing/Printmaking,MFA,
394,Undergraduate,Texas State College for Women,1940 to 1944,Advertising Design,BS,Toni LaSalle
394,Undergraduate,Hoffman School,1946 to 1947,Painting,none,Hans Hoffman
394,Graduate,University of Washington,1955 to 1956,Metals,MA,Ruth Pennington
394,Graduate,College of Marin,1953,Metalwork,none,Victor Reis
396,Undergraduate,Indiana University of Pennsylvania,1986 to 1990,Sculpture/Metalsmithing,BFA,Robert W. Hamilton
396,Graduate,Tyler School of Art - Temple University,1990 to 1992,Metals,MFA,Stanley Lechtzin
397,Undergraduate,Indiana State University,1970 to 1974,Jewelry/Metals/Graphic Design,BS,Robert Montgomery
397,Graduate,Indiana State University,1974 to 1975,Jewelry/Metalsmithing,none,Robert Montgomery
397,Graduate,Southern Illinois University,1975 to 1977,Jewelry/Metalsmithing,MFA,Brent Kington
398,Undergraduate,University of Wisconsin - Madison,,BS,Education,
398,Graduate,University of Wisconsin - Madison,1974 to 1978,Metalsmithing/Jewelry,MFA,Fred Fenster
399,Undergraduate,Philadelphia College of Art/The University of the Arts,1980 to 1984,Metals,BFA,Richard Reinhardt
399,Graduate,Cranbrook Academy of Arts,1984 to 1986,Metalsmithing,MFA,Gary Griffin
400,Undergraduate,Middle Tennessee State University,1959 to 1965,Art Education/Graphic Design (no metals),Middle Tennessee State University,
400,Graduate,University of Tennessee,1972 to 1973,Metalsmithing,MS,Tom Timm
401,Undergraduate,Massachusetts College of Art,1965 to 1969,Art Education,BS,Jim Kenney
401,Graduate,Washington University,1972 to 1974,Metalsmithing,MFA,Heikka Seppa
402,Undergraduate,California State University - Long Beach,1966 to 1972,Industrial Arts/Fine Arts,BA,Alvine Pine
402,Graduate,Tyler School of Art - Temple University,1972 to 1974,Metalsmithing,MFA,Stanley Lechtzin
403,Undergraduate,Central Washington State University,? to 1970,Art Education,BA,Ramona Solberg
403,Graduate,University of Oregon,1967 to 1970,Art Education,MA,
404,Undergraduate,University of Kansas - Lawerence,1953 to 1957,Jewelry/Metalsmithing,BFA,Carlyle Smith
404,Graduate,University of Kansas - Lawerence,1964 to 1967,Jewelry/Metalsmithing,MFA,Carlyle Smith
405,Undergraduate,Case Western Reserve University,? to 1966,Art Education,BS,
405,Undergraduate,Cleveland Institute of Art,1967,advanced work in enameling,Certificate in Teacher Training,worked with John Paul Miller
405,Graduate,Case Western Reserve University,1968,Art Education,MS,
406,Undergraduate,Mount Holyoke College,1972 to 1976,Sculpture,BA,Leonard DeLouge
406,Undergraduate,Skidmore College,fall of 1974 and summers of 1975 and 1976,Metals,none,Earl Pardon
406,Graduate,Rochester Institute of Technology,1977 to 1978,Jewelry/Metalsmithing,MFA,Gary Griffin
406,Graduate,University of Wisconsin - Madison,fall of 1976,Jewelry/Metalsmithing,none,Fred Fenster
1437,Undergraduate,Cleveland Institute of Art,,,none,
1437,Undergraduate,Bowling Green State University,? to 1958,Metals,BS,
1437,Graduate,Bowling Green State University,1958 to 1959,Metals,MA,
407,Undergraduate,Cleveland Institute of Art,1968 to 1973,Silversmithing,BFA,John Paul Miller
407,Graduate,Cranbrook Academy of Art,1973 to 1975,Metalsmithing,MFA,Richard Thomas
409,Undergraduate,Minneapolis Minnesota Technical College,1972 to 1973 and 1976 to 1977,Metal Arts/Jewelry Mfg. and Repair,Certificate of Completion,Ray Grobe
410,Undergraduate,University of Nebraska - Kearney,1961 to 1965,Art Education (no metals),BA,
410,Graduate,University of Kansas,1966 to 1969,Jewelry/Metalsmithing,MFA,Carlyle Smith
411,Undergraduate,Cranbrook Academy of Art,1958 to 1962,Metalsmithing,BFA,Richard Thomas
411,Graduate,Cranbrook Academy of Art,1962 to 1964,Metals,MFA,Richard Thomas
412,Undergraduate,University of Wisconsin - Madison,1982 to 1987,Art/French,BS,Fred Fenster
412,Graduate,Tyler School of Art - Temple University,1987 to 1989,Jewelry/Metalsmithing,MFA,Stanley Lechtzin
413,Undergraduate,University of Science and Arts - Oklahoma,1966 to 1968,Painting,BA,Derral Swineford (painting)
413,Graduate,Instituto Allende,1968 to 1969,Painting/Jewelry,MFA,Fred Samulson (painting)
414,Undergraduate,Cranbrook Academy of Art,1963 to 1965,Jewelry/Metalsmithing,BFA,Richard Thomas
414,Undergraduate,Rochester Institute of Technology,summer of 1963,Jewelry/Metalsmithing,none,Hans Christensen
414,Graduate,Southern Illinois University,1965 to 1967,Jewelry/Metalsmithing,MFA,Brent Kington
415,Undergraduate,University of Washington,1974 to 1979,Metals,BFA,John Marshall
415,Graduate,School for American Craftsmen/Rochester Institute of Technology,1979 to 1981,Metals/Minor in Wood,MFA,Gary Griffin
416,Undergraduate,School for American Craftsmen/Rochester Institute of Technology,1956 to 1960,Jewelry/Metalsmithing,BFA,Hans Christensen
416,Graduate,School for American Craftsmen/Rochester Institute of Technology,1960 to 1963,Jewelry/Metalsmithing,MFA,Hans Christensen
416,Graduate,Cranbrook Academy of Art,1960 to 1962,Jewelry/Metalsmithing,none,Richard Thomas
417,Undergraduate,University of Maryland,1957 to 1958,,none,
417,Undergraduate,Bethany College,,Creative Art,BFA,John Barbon
417,Graduate,University of Kansas,1961 to 1962 and 1965 to 1966,Jewelry/Metalsmithing,MFA,Carlyle Smith (metals)
418,Undergraduate,Miami University of Ohio,1986 to 1990,Metalsmithing/Jewelry Design,BFA,Susan Ewing
418,Graduate,Indiana University,1990 to 1993,Silversmithing/Jewelry Design,MFA,Randy Long
419,Undergraduate,California State University - Long Beach,1969 to 1972,Jewelry/Metalsmithing,BA,Alvin Pine
419,Undergraduate,Los Angeles Harbor College,1967 to 1969,Art,none,
419,Graduate,University of Washington,1972 to 1974,Jewelry/Metalsmithing,MFA,John Marshall
420,Undergraduate,Sir George Williams University,1969 to 1974,Fine Arts (no metals),BFA,
420,Graduate,Tyler School of Art - Temple University,1974 to 1977,Jewelry/Metalsmithing,MFA,Stanley Lechtzin
1469,Undergraduate,University of Kansas,? to 1957,Jewelry/Metalsmithing,BFA,Carlyle Smith
1469,Graduate,Cranbrook Academy of Art,? to 1959,Jewelry/Metalsmithing,MFA,Richard Thomas
421,Undergraduate,Fairhaven College at Western Washington University,1977 to 1978 & 1980 to 1985,"Anthropology, Art History, Studio Art",BA,
421,Graduate,University of Wisconsin - Milwaukee,1989 to 1992,Metals,MFA,Kate Wagle
422,Undergraduate,University of Illinois - Urbana,1973 to 1975,"Plastic & Graphic Arts, Painting",none,Morris Barazani (painting/printmaking)
422,Undergraduate,University of Illinois at Chicago,1976 to 1978,"Plastic & Graphic Arts, Painting",BA,
422,Graduate,Kent State University,1988 to 1991,Metals,MFA,Bruce Metcalf
423,Undergraduate,Michigan State University,1974 to 1976,Art,BFA,David George Logan
423,Graduate,University of Wisconsin - Madison,1976 to 1979,Jewelry/Metalsmithing,MFA,Fred Fenster
424,Undergraduate,Millersville University,1957 to 1961,,BS,
424,Graduate,Cranbrook Academy of Art,1961 to 1963,Jewelry/Metalsmithing,MFA,Richard Thomas
425,Undergraduate,University of Kansas,1957 to 1962,Jewelry/Silversmithing,BFA,Carlyle Smith
425,Graduate,Cranbrook Academy of Art,1962 to 1964,Metal,MFA,Richard Thomas
426,Undergraduate,Bowling Green State University,1962 to 1966,Education,BS,Harold Hasselschwert
426,Graduate,Cranbrook Academy of Art,1966 to 1967 and 1968 to 1969,Metalsmithing,MFA,Richard Thomas
427,Undergraduate,University of Science and Arts of Oklahoma,? to ?,Professional Art,BA,Derald Swineford
427,Graduate,Instituto Allende,? to ?,Painting/Sculpture,MFA,
428,Undergraduate,State University of New York,1950 to 1954,Education,BS,Goldsmith
428,Graduate,Florida State University,? to ?,Sculpture/Constructive Design,MS,
429,Undergraduate,Wayne State University,1956 to 1960,Jewelry/Metalsmithing,BFA,Philip Fike
429,Graduate,Cranbrook Academy of Art,1960 to 1962,Metalsmithing,MFA,Richard Thomas
430,Undergraduate,Hesstion College,? to ?,Art,BA,
430,Undergraduate,Bethel College,,,,
430,Graduate,Indiana University,? to ?,Jewelry/Metalsmithing,MFA,Alma Eikerman
431,Undergraduate,Dickinson College,1977 to 1981,Chemistry with a minor in Geology,BS,
431,Graduate,Kent State University,1990 to 1993,Metals,MFA,Bruce Metcalf
432,Undergraduate,Eastern Michigan University,1994-1999,Jewelry/ Painting,BFA,Skip Hunter
432,Graduate,University of Washington,200 to 2002,Metals,MFA,Mary Lee Hu
