id,entity_type,slug,name,question,finding,status,confidence,source_url,source_title,date_checked,notes
1,person,crafts/metalsdirectorypage/p38.html,Linda Darty,alive/job/name-change,"Linda Darty is the same metalsmith/enamelist from the archived record (confirmed by the ECU/MFA and John Satterfield instructor detail). She established ECU's first enameling program in 1981, authored The Art of Enameling (2004), and later founded and directs ECU's Italy Intensives program in Tuscany, where she now lives and teaches. No obituary found; she appears to be living and active.",retired-emeritus,medium,https://www.lindadarty.com/ | https://art.ecu.edu/faculty-staff__trashed/linda-darty/ | https://www.enamelarts.org/linda-darty-tribute-collection/ | https://www.enamelarts.org/linda-darty/ | https://enamelcenter.org/tag/linda-darty/ | https://www.riogrande.com/knowledge-hub/influencers-jewelry-design-lindadarty/,,2026-05-29,"verified=not-needed; Correct person confirmed: archived ""MFA at ECU, instructor John Satterfield"" matches sourced bio (""while a graduate student under master silversmith John Satterfield, Darty established the university's first formal enamels program""). NAME UNCHANGED. Status: still associated with ECU but her ECU faculty page now sits at a ""faculty-staff__trashed"" URL and she has relocated to Certaldo, Italy to run the Italy Intensives program, strongly suggesting she has transitioned out of regular resident faculty (likely retired/emeritus) — but ECU's own page has not labeled her emeritus, so this is inferred, not confirmed. ALIVE: no obituary or death record found in searches; living-artist tribute collections (Enamel Arts Foundation 2017) and an active personal portfolio site indicate she is alive — set to 'unknown' only out of source caution, but evidence leans living. Born 1952 per archive; would be ~74 in 2026."
2,person,crafts/metalsdirectorypage/P68.html,Alfred E. (Bud) Green,alive/job/name-change,"Alfred E. Green was an associate professor of art at Texas Woman's University, confirmed as a metalsmith by the silver-and-ivory university ceremonial mace he designed and handmade by hand in 1977. He no longer appears on any current TWU faculty roster; born 1933, he is almost certainly long retired, but no obituary, name change, or current record could be found, so his life status is unknown.",retired-emeritus,low,https://twu.edu/inauguration/academic-and-university-symbols/ | https://twu.edu/commencement/symbols-and-traditions/ | https://twu.edu/faculty-handbook/faculty-employment-policies-and-practices/emeritus-faculty/ | https://twu.edu/visual-arts/about-us/faculty-and-staff/,,2026-05-29,"verified=confirmed; Identity confirmed via TWU's official Academic Symbols page: ""Designed and handmade in 1977 by Alfred E. Green, associate professor of art, the mace... silver sphere banded by ivory... gold seal of the university."" The handcrafted silver/gold metalwork matches the directory's metalsmith/jeweler profile and the ""Texas Woman's University since 1969"" employment. NO obituary located (several unrelated Alfred Greens in TX, e.g. Alfred Gale Green of Haslet d.2022, do not match an art professor — distinct person). NO evidence of a name change. He is NOT on TWU's current Visual Arts faculty or current emeritus PDF results, consistent with retirement decades ago. Could not independently confirm the CSU Long Beach BA / CSU San Jose / Cranbrook MFA education chain from public web sources, though it is plausible and internally consistent. Born 1933 -> ~93 in 2026, so 'likely-deceased' is plausible but unsupported by any obituary, hence 'unknown' at low confidence. Do not confuse with Alfred E. Green the early-Hollywood film director (1889-1960)."
3,person,crafts/metalsdirectorypage/p1.html,Lynda Watson-Abbott,alive/job/name-change,"Living American metalsmith/jeweler (b. 1940), now working professionally as ""Lynda Watson"" (the archived ""Watson-Abbott"" was a married/professional surname she no longer uses). She built and ran the Jewelry/Metals Program at Cabrillo College from 1970 until her retirement in 1995, and remains an active studio artist — named the Metal Museum's 2022 Master Metalsmith and an American Craft Council Fellow in 2024.",retired-emeritus,high,https://en.wikipedia.org/wiki/Lynda_Watson | https://artjewelryforum.org/interviews/lynda-watson_artistnatl-us_auth-kris-patzlaff_authnatl-us_9-9-2024/ | https://www.metalmuseum.org/master-metalsmith-lynda-watson | https://www.craftcouncil.org/recognition/lynda-watson | https://www.ganoksin.com/article/lynda-watson-abbott-visual-diaries/ | https://www.wikidata.org/wiki/Q18813634,,2026-05-29,"verified=confirmed; The archived directory lists ""n/a"" for currently teaching, consistent with her 1995 retirement from Cabrillo College (Aptos, CA) after 25 years. Name change is well-supported: all current/recent sources (Wikipedia, Metal Museum 2022 Master Metalsmith, American Craft Council, 2024 Art Jewelry Forum interview) refer to her solely as ""Lynda Watson""; ""Watson-Abbott"" appears only in older sources (e.g., a 1990s Ganoksin ""Visual Diaries"" piece) and Wikidata as an alternate name. In the Sept 2024 interview she describes herself as ""in my mid-80s,"" confirming she is alive. Education in the record matches her bio (CSU Long Beach BA/MA/MFA; she also attended Orange Coast College and RIT). Her own site is lyndawatsonart.com. No obituary found; alive with high confidence."
4,person,crafts/metalsdirectorypage/p10.html,Kenneth Bates,alive/job/name-change,"Kenneth Francis Bates (1904–1994) was the enamelist long associated with the Cleveland Institute of Art, widely regarded as the ""Dean of American Enamelists."" He died in 1994; the archived ""n/a"" current-teaching status is consistent with a historical figure.",retired-emeritus,high,https://case.edu/ech/articles/b/bates-kenneth-f | https://www.enamelarts.org/kenneth-f-bates/ | https://www.aaa.si.edu/collections/kenneth-francis-bates-papers-5875 | https://clevelandartsprize.org/artists/kenneth-bates/,,2026-05-29,"verified=not-needed; Confirmed historical metals-arts figure, not a same-named person in another field. Studied at Massachusetts School of Art (BS, ~1922–1926), matching the archived education record. Taught at Cleveland School of Art / Cleveland Institute of Art from 1927 for ~43 years; authored Enameling: Principles and Practice (1951), The Enamelist (1967), Basic Design (1970). No name change. Born well before 1930, consistent with the archive's ""likely historical figure"" note. Multiple corroborating sources (Encyclopedia of Cleveland History, Smithsonian Archives of American Art, Enamel Arts Foundation, Cleveland Arts Prize)."
5,person,crafts/metalsdirectorypage/p100.html,Marcia Lewis,alive/job/name-change,"Marcia Lewis (b. 1946), the jeweler/metalsmith known for the chasing technique, taught at Long Beach City College from 1978 to 2003 and is now professor emeritus; she is living and her work is held by the Smithsonian American Art Museum and Carnegie Museum of Art.",retired-emeritus,high,https://en.wikipedia.org/wiki/Marcia_Lewis_(artist) | https://americanart.si.edu/artist/marcia-lewis-5885 | https://www.objectsusa.com/?jw_portfolio=marcia-lewis-sculpture | https://www.lbcc.edu/jewelry-metalsmithing,,2026-05-29,"verified=not-needed; Strong identity match: archived record's education (San Diego State undergrad, CSU Long Beach MFA) and Long Beach City College teaching since 1978 align with sources. Wikipedia lists her as living; no obituary found for this person (obituary search results were unrelated same-named individuals, including a Broadway actress who died in 2010). No evidence of a name change. Archived ""since 1978"" job ended in 2003 (retirement to emeritus status), so she is no longer actively teaching there. Wikipedia gives birthplace Washington DC, b. 1946; archived ""Born: October 7"" is consistent (day/month only)."
6,person,crafts/metalsdirectorypage/p101.html,Val J. Link,alive/job/name-change,"Val J. Link (Val James Link), the metalsmith/jeweler who founded and led the University of Houston's jewelry/metalsmithing program, died July 22, 2019 at age 79 in Houston, TX. His name did not change.",retired-emeritus,high,https://www.millerfuneral.com/obituaries/Val-James-Link?obId=5403215 | https://www.ganoksin.com/article/metalsmith-92-winter-exhibition-reviews/ | http://www.temple.edu/crafts/metalsdirectorypage/p101.html,,2026-05-29,"verified=confirmed; High-confidence identity match: the obituary's ""Val James Link"" matches the archived ""Val J. Link"" on exact birth year (1940) and Houston location, and the metalsmith identity is independently corroborated by a 1992 Metalsmith magazine review describing Val Link as head of the University of Houston's jewelry/metalsmithing department with a 25-year career making ""knives, jewelry, vessels and objects"" — consistent with the archived ""teaching at University of Houston since 1970."" The archived Tyler/Temple directory page itself (http://www.temple.edu/crafts/metalsdirectorypage/p101.html) surfaced in search as the source record. The Miller Funeral obituary page loaded only partial text (birth/death dates) via fetch, so career details in the obituary itself were not directly read, but the cross-source corroboration is strong. No evidence of a name change. Education (UT-Austin BFA, Del Mar College, Cranbrook MFA) was not independently re-verified online but is consistent with the era and field."
7,person,crafts/metalsdirectorypage/p102.html,Pamela E. Lins,alive/job/name-change,"The metalsmith Pamela E. Lins now works professionally as ""Pam Lins,"" an award-winning sculptor and educator; she left FIT/metals and is, as of July 2025, Interim Director of Princeton University's Program in Visual Arts. She is alive and active.",no,high,https://en.wikipedia.org/wiki/Pam_Lins | https://arts.princeton.edu/people/pam-lins/ | https://www.towntopics.com/2025/08/27/lins-named-interim-director-of-pus-program-in-visual-arts/ | https://www.gf.org/fellows/pam-lins/ | https://www.ganoksin.com/article/metalsmith-90-spring-exhibition-reviews/ | https://www.huntermfastudio.org/alumni/pam-lins | https://www.bard.edu/mfa/bios/index.php?id=99959667,,2026-05-29,"verified=confirmed; Strong identity match, not a same-name confusion. Education aligns: BA University of Minnesota (""State University of Minnesota"" in her current bios) and MFA Hunter College/CUNY both confirmed; the archive's intermediate MA from SUNY New Paltz fits her metals training but was not independently re-confirmed in current sources (New Paltz has a noted metals MFA program). Her metalsmithing origin is confirmed by a Metalsmith magazine (1990 Spring) review of her 1989 Brooklyn solo show ""A Kept Object"" (brass, steel, glass, wood; patination) — she later expanded from metals into sculpture/cross-disciplinary art. Birth year 1957 in the archive is plausible but not explicitly confirmed in current public sources (current bios omit a birth year; some note birthplace Chicago, which does not conflict with the archive which gives only a year). NAME CHANGE is professional shortening ""Pamela E. Lins"" -> ""Pam Lins,"" not a married rename. She is NOT still at the Fashion Institute of Technology; her academic path ran through The Cooper Union, Bard College (Milton Avery MFA program), and Princeton (senior lecturer since 2010; associate director of Visual Arts 2018-2025; interim director from 1 July 2025). Honors include Guggenheim, Anonymous Was A Woman, Radcliffe Institute, Pollock-Krasner, and Louis Comfort Tiffany awards; exhibited Whitney Biennial 2014, MoMA PS1. Represented by Rachel Uffner / Uffner & Liu gallery. No obituary found; clearly alive."
8,person,crafts/metalsdirectorypage/p103.html,Lisa Lockman,alive/job/name-change,"Lisa Lockman is still a Professor of Art at Nebraska Wesleyan University (since 1990), teaching Metalsmithing and Ceramics. She is an active current faculty member; name unchanged.",yes,high,https://www.nebrwesleyan.edu/campus-directory/lisa-lockman-mfa | https://www.nebrwesleyan.edu/campus-directory/lisa-lockman | http://lisalockman.com/contributors | https://aobfineart.com/artist/lisa-lockman,,2026-05-29,"verified=not-needed; Strong identity match on all archived facts: at NWU since 1990, BA Indiana University, MFA Indiana State University, born/era consistent. Her own bio lists her as teaching ""Ceramics, Metalsmithing, Non-Western Art History, and Intro to Creative Tech."" Her studio practice has shifted primarily toward ceramics (porcelaineous stoneware), but metalsmithing remains part of her teaching, confirming continuity with the metals-directory record. NWU faculty directory lists her with an active email (llockman@NebrWesleyan.edu) as Professor of Art — indicating current, non-retired employment. Personal site lisalockman.com is live (some sub-pages 404). No obituary or name change found."
9,person,crafts/metalsdirectorypage/p104.html,David George Logan,alive/job/name-change,"David George Logan, the ETSU jewelry/metalsmithing professor and metals-arts educator, retired as Professor Emeritus in 2003 and died October 20, 2009 at age 72 of lymphoma.",retired-emeritus,high,https://easttennessean.com/2009/11/02/retired-art-professor-dies-at-72/ | https://www.etsu.edu/cas/art/galleries/history.php,,2026-05-29,"verified=confirmed; Strong identity match: obituary gives full name ""David George Logan,"" born 1937 in Milwaukee WI, earned an MFA in jewelry and metalsmithing (1967), and led ETSU's jewelry/metalsmithing program from 1979 until his retirement (emeritus) in 2003 — matching the archived record's name, birth year, ETSU-since-1979, and metals specialty. He also chaired the Art Dept 1993–1999 and was Faculty Senate president 2001–2002. The obituary cites a vocational-school background and MFA but does not itemize the specific institutions in the archived record (Wisconsin–Madison, Illinois–Urbana, Platteville State Teacher's College); it does note prior faculty service (the obit says Michigan State University for 11 years before ETSU). No name change. Confidence high on identity and death; the exact undergraduate/graduate institution list could not be independently corroborated."
10,person,crafts/metalsdirectorypage/p105.html,Charles Loloma,alive/job/name-change,"Charles Loloma (1921–1991) was a highly influential Hopi jeweler/metalsmith who pioneered the use of gold, gemstones, and inlaid exotic materials in Native American jewelry. He died June 9, 1991; he is a celebrated historical figure, not a current educator.",unknown,high,https://en.wikipedia.org/wiki/Charles_Loloma | https://kinggalleries.com/brand/loloma-charles-1921-1991/ | https://www.medicinemangallery.com/blogs/biographies/charles-loloma-1921-1991-biography | https://www.adobegallery.com/artist/Charles_Loloma_1921_1991_Hopi25332325,,2026-05-29,"verified=not-needed; Archived ""n/a"" for current teaching is correct — Loloma died in 1991. The archived education note (Phoenix Indian School undergraduate; School for American Craftsmen/RIT graduate) matches the record: he attended Phoenix Indian High School and earned a pottery certificate from the School for American Craftsmen (housed at Alfred University in 1947–49, the program later moved to RIT). No name change. He earlier taught at the Institute of American Indian Arts in Santa Fe. Note: SAC was at Alfred University when Loloma attended; the directory's RIT attribution reflects the program's later home."
11,person,crafts/metalsdirectorypage/p106.html,Randy J. Long,alive/job/name-change,"Randy Long is the metalsmith/jeweler from the archived record (born 1951; BA/MA San Diego State, MFA Cal State Long Beach; joined IU in 1983). She is a woman who built IU's metals program, was named Distinguished Professor in 2017, received IU's Bicentennial Medal in 2020, and is now listed as Faculty Emerita. No obituary found; presumed alive.",retired-emeritus,high,https://honorsandawards.iu.edu/awards/honoree/8058.html | https://eskenazi.indiana.edu/news/2017/2017-02-13-randy-long-distinguished.html | https://bulletins.iu.edu/iu/gradschool/2024-2025/programs/bloomington/art-and-design/faculty.shtml | https://eskenazi.indiana.edu/news/2020/2020-10-07-bicentennial-awardees.html | https://www.ganoksin.com/article/randy-long-works-metal/,,2026-05-29,"verified=not-needed; Identity match is strong on all archived facts: born 1951, Southwestern College AA, San Diego State BA + MA, Cal State Long Beach MFA, Indiana University since 1983. Confirmed she is the metals-arts educator (not a same-named person in another field). NAME: no change found; ""Randy"" is her given name and she is a woman (IU uses she/her). STATUS: archived as ""currently teaching at IU since 1983""; she is now Distinguished Professor EMERITA — confirmed in the 2024-2025 IU Graduate School Art & Design bulletin Faculty Emeriti section. Career highlights: NICHE Art Educator of the Year (2007), two NEA Craftsman Fellowships, two Indiana Arts Commission Master Fellowships; work held by Art Institute of Chicago, Museum of Arts and Design (NY), Indianapolis Museum of Art, Jewish Museum (NY). LinkedIn profile exists (long-randy-558a368). ALIVE: no obituary located via searches through 2025; treated as alive with high confidence on the rest, though death status itself is from absence-of-obituary rather than a positive recent confirmation."
12,person,crafts/metalsdirectorypage/p107.html,Leon Lugassy,alive/job/name-change,"Leon Judah Lugassy, jeweler/metalsmith and longtime industrial-design professor at Philadelphia College of Art (now University of the Arts), died December 25, 2021, aged 84. He earned his MFA in Jewelry and Metalsmithing from Tyler School of Art in 1968.",no,high,https://paffett.family/remembering-leon-lugassy/ | http://www.carrfuneralhome.net/obituaries/leon-judah-lugassy,,2026-05-29,"verified=confirmed; Identity confirmed with high confidence: the archived education record (PCA undergraduate BS; Tyler School of Art MFA) matches the obituary exactly — he earned a BS in Industrial Design at Philadelphia College of Arts (now University of the Arts) and a Master's in Jewelry and Metalsmithing from Tyler School of Art in 1968, then taught at PCA for ~20 years and ""created countless pieces of work for synagogues, galleries, exhibits and collections."" The archived ""currently teaching at: n/a"" is consistent — by the directory era he had left teaching; in 1989 he transitioned to a hardwood-flooring business in the Delaware Valley. No name change. Born in Morocco; immigrated to the US in 1962. Carr Funeral Home also hosts an obituary (carrfuneralhome.net/obituaries/leon-judah-lugassy) but that page was unreachable (ECONNREFUSED) at check time."
13,person,crafts/metalsdirectorypage/p108.html,Anthony James Lugo,alive/job/name-change,"Anthony ""Tony"" Lugo was the longtime jewelry/metalsmithing and 3D-design instructor in Palomar College's Fine Arts department (consistent with the archived 1974 start; students recall his classes back to 1986/87). He no longer appears on Palomar's current art faculty or program pages — the current metals instructor is Lisa Mandel and Palomar is advertising an adjunct opening — so he appears to have retired/gone emeritus. No name change and no matching obituary were found.",retired-emeritus,medium,https://www.ratemyprofessors.com/professor/382688 | https://www.palomar.edu/art/explore-programs/ | https://programmap.palomar.edu/academics/interest-clusters/e5374361-6869-4373-90b5-cdcbb1a8f9ec/programs/4d5e743b-a2c9-c650-12b8-6648044d2302 | https://www.higheredjobs.com/faculty/details.cfm?JobCode=179179267 | https://www.silversmithing.com/artisan-memorial.htm,,2026-05-29,"verified=not-needed; Identity confirmed as the correct metalsmith (not a same-named person): Rate My Professors lists him at Palomar College, Fine Arts dept, teaching ART100/105/145/146/150 = metalsmithing, jewelry, enameling, woodworking and design — exactly matching the archived record (Palomar, jewelry/metals). Reviews span from a student who took his class in 1986/87 through June 2012 (most recent review), consistent with the 1974 archived start and a multi-decade tenure. NAME CHANGE: none found. ALIVE: unknown — no obituary that matches the metalsmith. Several ""Anthony/Tony Lugo"" obituaries exist (Modesto 2017, Texas, etc.) but none are tied to jewelry/metals/Palomar, and he is NOT in the Society of American Silversmiths Artisan Memorial. STILL IN JOB: retired-emeritus inferred (medium confidence) — absent from the current Palomar art-department faculty/program pages; current metals instructor is Lisa Mandel; Palomar has an open adjunct jewelry/metalsmithing posting; last RMP review 2012. No formal retirement/emeritus announcement or current personal site was located. Education in archive (CSU Long Beach BA & MA) could not be independently confirmed online but was not contradicted."
14,person,crafts/metalsdirectorypage/p109.html,Richard Mafong,alive/job/name-change,"Richard Mafong (b. Tijuana, Mexico, 1942) is the metalsmith/jeweler who founded and led the Georgia State University metals program in 1968 and retired in 2002; he is Professor Emeritus, not still actively teaching. He was still exhibiting as recently as 2015-2016; no obituary was found, so his current life status is unknown.",retired-emeritus,medium,https://americanart.si.edu/artist/richard-mafong-18315 | https://high.org/collection/container-6/ | https://dlg.usg.edu/record/gsu_ajc_4591 | https://www.artfieldssc.org/galleries/art/2015/cosmos/163760/ | https://www.askart.com/artist/Richard_Mafong/11000838/Richard_Mafong.aspx,,2026-05-29,"verified=not-needed; Identity firmly confirmed (correct field — metals/jewelry; matches archived 1942 birth year): Smithsonian American Art Museum and High Museum both list ""Richard Mafong, American, born Mexico, 1942."" A 1986 AJC photo (Digital Library of Georgia) already calls him ""former Georgia State University professor."" Multiple sources describe him as GSU Professor Emeritus who established the metals program in 1968 and retired in 2002. The archived ""currently teaching at GSU"" is therefore outdated -> retired/emeritus. No evidence of any name change. No obituary located despite targeted searches; he was actively exhibiting through 2015 (ArtFields ""Cosmos"") and 2016 (MOCA GA), so he was alive into the mid-2010s. Would be ~84 in 2026; alive/deceased status genuinely unknown. Note: askART and ArtFields pages returned HTTP 403 to the fetcher but are valid public pages corroborating the 1942/Atlanta details."
15,person,crafts/metalsdirectorypage/p11.html,Jamie Bennett,alive/job/name-change,"Jamie Bennett (b. 1948), the enamelist/jeweler, is alive and is now Professor Emeritus at SUNY New Paltz after retiring from teaching around 2014–2015; he received the SNAG Lifetime Achievement Award in 2022.",retired-emeritus,high,https://en.wikipedia.org/wiki/Jamie_Bennett_(artist) | https://snagmetalsmith.org/2022/04/2022-laa-jamie-bennett/ | https://www.enamelarts.org/jamie-bennett/ | https://americanart.si.edu/artist/jamie-bennett-346 | https://sites.newpaltz.edu/news/2008/09/jamie-bennett-contemplative-jeweler/,,2026-05-29,"verified=not-needed; Strong confirmed match to the archived record: enamelist/metalsmith, born 1948, MFA from SUNY New Paltz (1974), BFA from University of Georgia (the archived NYU entry shows ""(none)"", consistent with no NYU degree). Returned to teach at SUNY New Paltz from 1985 (matches archived ""since 1985""). Retired from teaching circa 2014 (Wikipedia/SNAG say 2014; Enamel Arts Foundation says 2015) after ~30 years and is Professor Emeritus. Wikipedia categorizes him under ""Living people"" (last updated Oct 2025); no obituary found. Recipient of 2022 SNAG Lifetime Achievement Award and 2016 James Renwick Alliance Outstanding Educator Award. No name change."
16,person,crafts/metalsdirectorypage/p110.html,Thomas S. Madden,alive/job/name-change,"Identity strongly confirmed: the metalsmith Thomas Madden taught at the (renamed) College for Creative Studies in Detroit from 1992, with education matching exactly (BFA Kansas State, MFA Bowling Green State). The school's own faculty page lists his tenure as 1992-2014, indicating he has retired or left active teaching; no obituary was found, so his alive status is unknown.",retired-emeritus,high,https://www.ccsdetroit.edu/person/thomas-madden/ | https://www.collegeforcreativestudies.edu/Faculty/2500/Madden | https://www.toledoblade.com/a-e/art/2007/10/10/Heavy-metal-Bedford-metalsmith-Tom-Madden-s-artwork-is-drawing-national-attention/stories/200710100039,,2026-05-29,"verified=not-needed; ""Center for Creative Studies"" was renamed ""College for Creative Studies"" (CCS Detroit) — same institution, so the archived job is unchanged in substance. Education matches the archived record exactly (BFA Kansas State University, MFA Bowling Green State University), confirming this is the correct metalsmith and not a same-named person. Notable: named ""Master Metalsmith 2007"" by the National Ornamental Metals Museum, Memphis. Faculty page states tenure 1992-2014, so he appears retired/no longer active, though the page does not explicitly say emeritus. No obituary located for this specific individual; multiple unrelated ""Thomas Madden"" obituaries exist but none match — alive status left unknown. No evidence of any name change."
17,person,crafts/metalsdirectorypage/p111.html,James Malenda,alive/job/name-change,"James Malenda (b. 1946, Kingston PA) is alive and an internationally recognized metalsmith/enamelist. He taught at Kutztown University from 1987 and is now Professor Emeritus there; he received Kent State University's 2025 Professional Achievement Award and remains active teaching workshops and maintaining a studio.",retired-emeritus,high,https://www.enamelarts.org/james-malenda/ | https://www.kent.edu/alumni-and-giving/james-malenda-71-2025-professional-achievement-award-recipient | https://www.kutztown.edu/news-and-media/ku-media/daily-brief/may-2022/may-12-2022.html | http://malendamonumetal.com/about.html,,2026-05-29,"verified=not-needed; Archived record fully confirmed as the correct metals artist: born 1946, BFA Kent State, MFA SUNY New Paltz (New Paltz), at Kutztown since 1987. The Miami Dade Junior College AA is plausible but not independently corroborated in the sources found (most bios skip it). He is now retired/emeritus rather than ""currently teaching""; Kent State and Kutztown both refer to him as emeritus/retired while noting he still teaches workshops and abroad. Name unchanged (also goes by ""Jim Malenda"" / runs ""Malenda MONUMETAL""). Alive as of 2025 (2025 Kent State award; Kutztown 2022 Daily Brief). Note one source (Kent State) loosely estimated his Kutztown tenure at 40 years and birth ~1949 from his 1971 graduation, but the Enamel Arts Foundation gives the firmer 1946 birth year, matching the archive. No obituary found."
18,person,crafts/metalsdirectorypage/p112.html,Thomas R. Markusen,alive/job/name-change,"Confirmed as the metalsmith: born 1940 (Chicago), BS/MS from University of Wisconsin-Madison, taught at SUNY Brockport 1968-1998. He retired in 1998 and is Professor Emeritus; he now runs Markusen Metal Studios in Kendall, NY. No obituary found and he appears in current donor/residence records, so likely living; no name change.",retired-emeritus,medium,https://brockport.academicworks.com/donors/thomas-r-and-mary-p-markusen | http://www.markusenmetal.com/Studio/thomas_roy_markusen.htm | http://www.markusenmetal.com/ | https://www.ganoksin.com/article/tom-markusen-holloware-maker-integrity/ | https://www.askart.com/artist/Thomas_Roy_Markusen/112113/Thomas_Roy_Markusen.aspx,,2026-05-29,"verified=not-needed; Identity is unambiguous — matches archived name, birth year 1940, University of Wisconsin-Madison BS/MS, and SUNY Brockport since 1968. He LEFT the archived ""currently teaching"" job: retired from Brockport in 1998 (Professor Emeritus), received an honorary Doctor of Fine Arts from SUNY in 1994, was a past president of the Society of North American Goldsmiths (SNAG) and an American Craft Council member. Since 1998 he operates Markusen Metal Studios, Ltd. (founded 1998) in Kendall, NY, making handmade holloware/copper sculpture; work is in the Museum of Arts and Design (NYC), the Vatican, and the White House collections. No name change found. No obituary or death notice located despite targeted searches (2020-2025); the SUNY Brockport Foundation donor page describes him as Emeritus and still active in philanthropy with his wife Mary P. Markusen, and he appears in current Kendall, NY residence records — so most evidence supports him being alive, though at ~86 (in 2026) and without a definitive recent statement, certainty is medium. The artist's askART page (Thomas_Roy_Markusen, id 112113) lists no death year. Caution: do not conflate with economist Ann Markusen or others."
19,person,crafts/metalsdirectorypage/p113.html,John Marshall,alive/job/name-change,"John Marshall (b. 1936, Pittsburgh), the silversmith/metalsmith, taught at the University of Washington from 1970 and retired in 2001, becoming Professor Emeritus; he is not currently teaching there. No name change and no obituary was found; alive status could not be confirmed.",retired-emeritus,high,https://www.johnmarshallmetalsmith.com/ | https://www.johnmarshallmetalsmith.com/timeline | https://www.aaa.si.edu/collections/john-marshall-papers-11575 | https://www.silversmithing.com/1hans27.htm | https://www.ganoksin.com/article/conversation-john-marshall/ | https://bainbridgebarn.org/jewelry/the-tools-of-a-master-find-a-new-home-at-barn/,,2026-05-29,"verified=not-needed; Confirmed as the correct metals-arts person: BFA Cleveland Institute of Art, MFA Syracuse University, taught at U. of Washington — all match the archived record. The archived claim that he is ""currently teaching at University of Washington since 1975"" is outdated; he retired in 2001 as head of the metal arts program and holds emeritus status. Founding member of SNAG; 2006 Hans Christensen Lifetime Achievement Award (Society of American Silversmiths); papers held at Smithsonian Archives of American Art. His personal site (johnmarshallmetalsmith.com) remains active and notes a later turn to painting. The most recent confirmed-alive reference is a May 2015 Bainbridge BARN article treating him in present tense. No death record or obituary was found in any search; given he would be ~89-90 in 2026, alive status is genuinely unknown — no evidence of death, but no recent confirmation of life either. Name is unchanged (note: a distinct same-named U.S. Supreme Court Chief Justice and other John Marshalls exist; this entry is the metalsmith)."
20,person,crafts/metalsdirectorypage/p114.html,Kurt Matzdorf,alive/job/name-change,"Kurt J. Matzdorf (1922–2008) was a German-born American silversmith/goldsmith and educator who founded the metals program at SUNY New Paltz, teaching there 1957–1985, and won SNAG's 2006 Lifetime Achievement Award. He died December 20, 2008.",retired-emeritus,high,https://en.wikipedia.org/wiki/Kurt_Matzdorf | https://sites.newpaltz.edu/news/2006/06/professor-emeritus-recognized-for-contribution-to-metalsmith-community/ | https://www.findagrave.com/memorial/228996715/kurt-j.-matzdorf | https://www.legacy.com/us/obituaries/nytimes/name/kurt-matzdorf-obituary?id=28875445 | https://www.jmberlin.de/en/topic-kurt-j-matzdorf,,2026-05-29,"verified=not-needed; Strong, unambiguous match: born 1922 in Germany; education aligns with archived record (London/Slade-area undergraduate sculpture work, University of Iowa MFA in silversmithing). No name change. Known especially for contemporary Judaica, ceremonial maces, and presidential chains of office. Findagrave gives 1922–2008. Archived 'currently teaching' was n/a, consistent with his being retired emeritus / deceased."
21,person,crafts/metalsdirectorypage/p115.html,Richard Mawdsley,alive/job/name-change,"Richard Mawdsley (b. 1945), the metalsmith/jeweler, retired from Southern Illinois University Carbondale in 2004 as Professor Emeritus and remains living and artistically active. He is not in the archived teaching job anymore (retired 20+ years ago), and his name is unchanged.",retired-emeritus,high,https://en.wikipedia.org/wiki/Richard_Mawdsley | https://americanart.si.edu/artist/richard-mawdsley-3182 | https://www.metalmuseum.org/post/2017/12/29/inside-the-collection-richard-mawdsley | https://www.craftinamerica.org/artist/richard-mawdsley/ | https://richardmawdsley.tumblr.com/bio | https://news.siu.edu/2013/05/050813amh13037.php,,2026-05-29,"verified=not-needed; Archived record matches the artist exactly (b. 1945, Emporia State BSE undergrad, University of Kansas MFA, SIU Carbondale since 1978). He built SIU's fine metals program in 1978 and retired in 2004 after 36 years of university teaching, becoming Professor Emeritus. Wikipedia categorizes him under ""Living people,"" lists age 80-81, and gives no death date (last updated March 2026). The several ""Richard Mawdsley"" obituaries that surface in search (Worcester, MA 1944-2017; ""Mel"" Mawdsley 2024; others) are clearly different individuals, NOT this artist. Distinguish from any same-named person in other fields. He maintains an active artist Tumblr (richardmawdsley.tumblr.com) and is collected by the Met, MFA Boston, Yale, MAD, Renwick/Smithsonian, MFA Houston. Elected to American Craft Council College of Fellows (1998)."
22,person,crafts/metalsdirectorypage/p116.html,Tom Mccarthy,alive/job/name-change,"Tom McCarthy (BA History, Grinnell 1983; MFA Metals, SIU Carbondale 1990) left the Florida Gulf Coast Art Center long ago (artist-in-residence there 1990-92, on staff through ~1998). He is now a St. Louis-based studio jeweler/metalsmith known for concrete-and-metal work, teaching at Craft Alliance since 2014; his site shows activity through 2021. No name change and no obituary found.</summary>
<parameter name=""notes"">Identity confirmed via his own site's resume matching the archived record exactly: Grinnell College (BA), Southern Illinois University-Carbondale (MFA, 1990, studied under Brent Kington and Richard Mawdsley), and Florida Gulf Coast Art Center, Belleair FL. NOT the same as the USNA History professor Tom McCarthy or other same-named people. Archived ""since 1990"" matches his 1990-92 FGC Art Center residency; he subsequently moved through Penland, John C. Campbell Folk School, Eckerd College, Morean Arts Center, Arrowmont, Idyllwild Arts, and now Craft Alliance St. Louis. Birth year 1960 not directly confirmed but consistent with a 1983 BA; no death record found. Confidence high on identity/role; 'alive=yes' inferred from absence of any obituary plus an actively maintained site/store (copyright 2021, live online shop and social links).",no,high,https://tommccarthyjewelry.com/about/resume | https://tommccarthyjewelry.com/ | https://tommccarthyjewelry.com/teaching-events | https://www.craftalliance.org/,,2026-05-29,verified=confirmed; 
23,person,crafts/metalsdirectorypage/p117.html,Rod Mccormick,alive/job/name-change,"Rod McCormick is the same metalsmith/sculptor/jeweler — Tyler BFA + RISD MFA — who taught at Philadelphia College of Art (which became the University of the Arts in 1987) as professor of jewelry/metals from 1986. The program ended ~2021 and UArts closed in 2024; he continues as an independent studio jeweler making 3D-printed work, shown at Gravers Lane Gallery. No obituary found; appears alive. Name unchanged.",no,high,http://rod-mccormick.com/?page_id=157 | https://www.uarts.edu/staff-directory/rmccormick | https://www.graverslanegallery.com/rod-mccormick | https://en.wikipedia.org/wiki/University_of_the_Arts_(Philadelphia),,2026-05-29,"verified=confirmed; Confirmed match on all archived facts: metalsmith/jeweler, BFA Tyler School of Art (Temple University), MFA Rhode Island School of Design, Philadelphia teaching career. The archived ""Philadelphia College of Art and Design since 1981"" corresponds to the same institutional lineage: Philadelphia College of Art merged into the University of the Arts in 1987; McCormick is documented as professor of jewelry/metals there since 1986. Search snippets give his BFA as 1974 and MFA as 1978, which conflicts with the archived birth year of 1952 only insofar as no source independently confirms the 1952 birth year (could not verify birth year; not contradicted either). His personal site (rod-mccormick.com) and the UArts staff page were both unreachable at research time (ECONNREFUSED — UArts is defunct after the 2024 closure), so bio details come from search-result excerpts of those pages plus Gravers Lane Gallery. No obituary or death record found, so marked alive. Distinct from the unrelated ""Rodney I. McCormick"" physics award at NC State."
24,person,crafts/metalsdirectorypage/p118.html,Tim McCreight,alive/job/name-change,"Tim McCreight, the metalsmith/jeweler and author of ""The Complete Metalsmith,"" is alive and active in Harpswell, Maine as of December 2025. He retired from full-time teaching at Maine College of Art (where he taught 1988–2005); no name change.",retired-emeritus,high,https://en.wikipedia.org/wiki/Tim_McCreight | https://harpswellanchor.org/2025/12/new-book-chronicles-pioneering-work-of-great-island-metalsmith-and-author/ | https://mainecrafts.org/2021-maine-craft-artist-award-tm/ | https://www.covestreetarts.com/exhibition-artist-bios/tim-mccreight,,2026-05-29,"verified=not-needed; Archived record fully matches the metalsmith: born 1951, BA College of Wooster, MFA Bowling Green State University, taught at Maine College of Art. Education/dates corroborated by Wikipedia. He left MCA around 2005, so ""currently teaching"" in the archive is outdated. He founded Brynmorgen Press (1985), is a past SNAG president, and received the 2021 Maine Craft Artist Award. A December 2025 Harpswell Anchor article includes a recent (Nov 2025) photo confirming he is living and active. No evidence of any name change or death."
25,person,crafts/metalsdirectorypage/p119.html,Vitrice Mcmurry,alive/job/name-change,"Vitrice McMurry is alive and an active New Orleans studio jeweler/metalsmith selling under ""Vitrice Jewelry"" (JazzFest, Symmetry Jewelers, Ogden Museum, etc.) as of 2024-2025. She taught metals at Metairie Park Country Day School for many years; her own bio now describes that teaching in the past tense, so her current status there is uncertain.",unknown,high,https://vitrice.indiemade.com/ | https://vitrice.indiemade.com/content/bio | https://www.myneworleans.com/vitrice-mcmurry-2014-new-orleans-top-female-achievers/ | https://www.nojazzfest.com/craft-vendors/vitrice-mcmurry/ | https://symmetryjewelers.com/collections/vitrice-mcmurry,,2026-05-29,"verified=not-needed; Identity confirmed as the metalsmith/jewelry educator: studied metalsmithing at LSU, taught metalworking at Metairie Park Country Day School since 1983, was original Crafts Director of the New Orleans Jazz & Heritage Festival for its first 10 years, founding member of RHINO Crafts Gallery. Name unchanged (McMurry, used professionally and on social media). No obituary found; she had an active Etsy review Dec 2024 and was a 2024 JazzFest vendor. Whether she still teaches at MPCDS is unknown — her current bio uses past tense (""taught for many years""), and she was not confirmed on the current MPCDS faculty page. Birth year 1947 not directly corroborated in sources found but plausible/uncontradicted."
26,person,crafts/metalsdirectorypage/p12.html,Bernard Bernstein,alive/job/name-change,"Bernard ""Bernie"" Bernstein (1928–2021) was an American metalsmith known for Judaica silver; he taught at City College of New York and later silversmithing/Judaica at the 92nd Street Y. He died July 28, 2021, so the archived ""currently teaching at 92nd Street Y"" record is now historical.",no,high,https://en.wikipedia.org/wiki/Bernard_Bernstein_(metalsmith) | https://www.wikidata.org/wiki/Q106629596 | https://archives.cjh.org/repositories/6/resources/56 | https://craftcouncil.org/recognition/bernard-bernstein | https://www.92ny.org/instructor/bernard-bernstein | https://www.cbsnews.com/newyork/news/hanukkah-celebrations-highlight-silversmith-bernard-bernsteins-craft/,,2026-05-29,"verified=not-needed; Strong match to the archived record (born 1928, 92nd Street Y, City College). Note discrepancy: the directory lists his graduate degrees as City College MS plus School for American Craftsmen MFA, while current sources cite an MFA from Rochester Institute of Technology (RIT — which absorbed the School for American Craftsmen) and a PhD from NYU (1972). These are reconcilable; SAC became part of RIT. Named a Fellow of the American Craft Council in 2009. A 92nd Street Y instructor page still exists. No name change. The 92ny.org instructor page (92ny.org/instructor/bernard-bernstein) is an additional source but may be a class-listing remnant."
27,person,crafts/metalsdirectorypage/p120.html,Brian Meek,alive/job/name-change,"Brian Meek (b. 1970), the metalsmith/jeweler with a Syracuse BFA, a year at City of London Polytechnic, and a Cranbrook MFA, is alive and active as the owner and tool designer of Knew Concepts, which he purchased after partner Lee Marshall died in June 2017. He still teaches metalsmithing workshops but holds no academic faculty post.",no,high,https://knewconcepts.com/about-knew-concepts.php | https://www.knewconcepts.com/Changing-of-the-guard.php | https://www.metalartsguildsf.org/member-of-the-month-archive/featuredmember2019/ | https://metalwerx.org/instructors/22389 | https://www.linkedin.com/in/brian-meek-86a0b017/ | https://orchid.ganoksin.com/t/introducing-brian-meek/26770,,2026-05-29,"verified=confirmed; Identity confirmed by exact match of all three education credentials (Syracuse BFA jewelry/metalsmithing, City of London Polytechnic, Cranbrook MFA metalsmithing). The archived directory listed ""currently teaching at: n/a,"" consistent with the fact he was a workshop/adult-ed teacher and toolmaker rather than a tenured academic; he previously taught 12 years at Santa Barbara City College Adult-Ed before moving to the Bay Area. No name change. Obituaries surfaced in search (Kansas City 2014; South Bend IN; ASME) are unrelated same-named individuals, not this jeweler. No obituary or death record exists for the metalsmith; he is presented as actively running Knew Concepts in 2019+ Metal Arts Guild SF feature and an active LinkedIn (Owner, Knew Concepts). His professional blog is alberic.net / ganoksin alberic blog."
28,person,crafts/metalsdirectorypage/p121.html,Bruce Metcalf,alive/job/name-change,"Bruce Metcalf (b. 1949, Amherst, MA) is alive and active as a leading art jeweler, critic, and craft historian; his archived part-time post at the University of the Arts ended when that institution abruptly closed in June 2024. He continues to exhibit (work on view at the Met through January 2026) and maintains his own website.",no,high,https://en.wikipedia.org/wiki/Bruce_Metcalf | https://www.brucemetcalf.com/ | https://www.brucemetcalf.com/personal-history | https://americanart.si.edu/artist/bruce-metcalf-7115 | https://artjewelryforum.org/articles/have-you-heard_august-part-1_8-5-2024/ | https://whyy.org/articles/university-of-the-arts-closing-philadelphia/ | https://www.legacy.com/us/obituaries/name/bruce-metcalf-obituary?id=57678684,,2026-05-29,"verified=confirmed; Name unchanged. Confirmed same person: BFA Crafts/Metalsmithing Syracuse University (1972), MFA Metalsmithing/Jewelry Tyler School of Art–Temple University (1977), taught at University of the Arts Philadelphia — matches archived record exactly. The archived ""University of the Arts -part time since 1994"" position no longer exists because UArts shut down in June 2024 after losing accreditation. IMPORTANT: A legacy.com obituary exists for a ""Bruce William Metcalf"" (1943–2025) of Peabody/Everett MA — this is a DIFFERENT person, a Massachusetts businessman (co-founder of Sequel Associates, Inc.), NOT the jeweler. The jeweler (b. 1949 Amherst MA) is explicitly described in an Aug 2024 Art Jewelry Forum piece as a ""living, breathing"" artist, with his 2001 brooch 'Memento Mori' on view at the Metropolitan Museum of Art through January 2026. Co-authored 'Makers: A History of American Studio Craft' (2010); named Master of the Medium by the James Renwick Alliance (2013); ACC Fellow (2014)."
29,person,crafts/metalsdirectorypage/p122.html,Alan T. Mette,alive/job/name-change,"Alan T. Mette is confirmed as the same metals/jewelry educator from the archived record: he joined the University of Illinois at Urbana-Champaign in 1981 and is now Professor Emeritus of Studio Art there, having co-chaired the Metals program and later served as Director of the School of Art + Design. No name change; no obituary found.",retired-emeritus,high,https://art.illinois.edu/people/profiles/alan-mette/ | https://www.news-gazette.com/arts-entertainment/studio-visit-alan-mette/article_a7d10282-504f-5d72-af9a-3170aafff8dd.html | https://opengovus.com/illinois-university-employee/alan-t-mette,,2026-05-29,"verified=not-needed; Identity confirmed on the institution's own faculty page, which matches the archive exactly: started at UIUC in 1981, BS from Wayne State, MA (Art Education) from UIUC, MFA (Studio Art) from Michigan State, specialization tagged ""Metal."" Status change: moved from active full professor to Professor Emeritus (retired/emeritus). The official profile was updated October 2024 with no memorial language, and no obituary surfaced in targeted searches, so he should be considered alive (no evidence of death). The archived education details are accurate. One archive imprecision: it labels his post as ""currently teaching since 1981"" — he is now retired/emeritus."
30,person,crafts/metalsdirectorypage/p123.html,Frederick Miller,alive/job/name-change,Frederick Anson Miller (1913–2000) was a nationally renowned Cleveland silversmith and jeweler known for asymmetrical hollowware; he taught silversmithing and jewelry at the Cleveland Institute of Art from 1947 until his 1975 retirement and died in 2000.,retired-emeritus,high,https://clevelandartsprize.org/artists/frederick-a-miller/ | https://clevelandartarchives.libraryhost.com/agents/people/13 | https://library.clevelandart.org/frederick-miller-collection | https://americanart.si.edu/artist/frederick-miller-5648 | https://www.ganoksin.com/article/frederick-miller/,,2026-05-29,"verified=not-needed; Full name: Frederick Anson Miller. Born in Akron, Ohio, 1913; CIA graduate (Cleveland Institute of Art, class of 1940 per Cleveland Arts Prize). Taught silversmithing/jewelry at CIA 1947–1975. Co-bought Potter and Mellen in 1967, overseeing studio/design until ~1976. Not to be confused with his close associate John Paul Miller (also a Cleveland CIA metalsmith). Work held by Cleveland Museum of Art, Smithsonian Renwick Gallery, Art Institute of Chicago, MFA Boston. The archived ""Undergraduate: Cleveland Institute of Art (BS)"" matches; born before 1930, so this is a historical figure — confirmed deceased."
31,person,crafts/metalsdirectorypage/p124.html,John Paul Miller,alive/job/name-change,"John Paul Miller, the goldsmith/enamelist famed for reviving ancient granulation, died March 1, 2013. He taught at the Cleveland Institute of Art for decades, retiring in 1983.",no,high,https://en.wikipedia.org/wiki/John_Paul_Miller | https://snagmetalsmith.org/2013/03/in-memoriam-2/ | https://americanart.si.edu/artist/john-paul-miller-6167 | https://www.clevelandart.org/exhibitions/jewelry-john-paul-miller | https://zaffirojewelry.com/in-memoriam-john-paul-miller-1918-2013/,,2026-05-29,"verified=not-needed; Strong identity match to the archived record: born 1918, Cleveland Institute of Art. He earned his diploma at CIA in 1940 and taught there ~1946-1983 (design/watercolor, later metals). Received the 2005 SNAG Lifetime Achievement Award. Renowned for rediscovering granulation in the early 1950s. No name change. The archived ""currently teaching: n/a"" is consistent (he had retired in 1983 and is now deceased). No risk of confusion with same-named persons in other fields given the goldsmith/granulation/CIA corroboration."
32,person,crafts/metalsdirectorypage/p125.html,Bob Mitchell,alive/job/name-change,"Bob Mitchell (Robert Ellis Mitchell), b. 1942, was a Professor of Ceramics and Metalsmithing at Arkansas State University and later Business Manager of SNAG; he died January 30, 2025, in Las Cruces, New Mexico.",no,high,https://www.bacasfuneralchapelslascruces.com/obituary/robert-mitchell,,2026-05-29,"verified=confirmed; Confident identification. The obituary matches the archived record on birth year (1942), BFA from Illinois Wesleyan University, MFA from Southern Illinois University-Carbondale, and a metalsmithing/jewelry teaching career; the Society of North American Goldsmiths (SNAG) role decisively confirms this is the metals-arts educator (not a same-named person in another field). The archived record's second MFA from Kansas State University is not mentioned in the obituary, but this is an omission rather than a contradiction. Archived ""currently teaching at"" was n/a, consistent with his having moved into the SNAG business-manager role and a computer-consulting business before retirement. WebFetch of the obituary URL returned HTTP 403, so details come from search-result extracts of that same Baca's Funeral Chapels obituary, which were consistent across four independent searches."
33,person,crafts/metalsdirectorypage/p126.html,Robert Montgomery,alive/job/name-change,"Robert Montgomery (""Monty"") was a metalsmith/enamelist and influential metals educator: BFA Kansas City Art Institute, BS art education Wichita State (1953), MFA silversmithing University of Kansas (1955), then taught for 20+ years at Indiana State University in Terre Haute (heading graphic design, then metals). The archived directory's ""n/a"" current job is correct — he was long retired. Given his mid-1920s birth he is very likely deceased, though no obituary could be confirmed.",retired-emeritus,medium,https://www.ganoksin.com/article/master-metalsmith-robert-montgomery/ | https://www.ganoksin.com/article/legacy-american-metalworking/ | https://www.enamelarts.org/robert-ebendorf/ | https://www.enamelarts.org/barbara-minor/,,2026-05-29,"verified=confirmed; Identity is well-confirmed via the 1986 Metalsmith Magazine ""Master Metalsmith"" profile (republished by Ganoksin), which exactly matches the archived education trail (KCAI BFA, Wichita State BS, KU MFA) and adds his career at Indiana State University. NOTE: the archived record lists his KCAI/Wichita degrees as both ""Undergraduate"" — consistent (BFA then BS art education). One early search snippet conflated his employer as ""Iowa State""; the primary source clearly says INDIANA State University, Terre Haute. He is widely cited as a teacher of Robert Ebendorf (enameling class at KU) and Barbara Minor (MFA, Indiana State, 1977). No name change. Death not confirmed; common-name obituaries returned are different people (actor 1904-1981, etc.)."
34,person,crafts/metalsdirectorypage/p127.html,Philip Morton,alive/job/name-change,"Philip Morton was a pioneering American modernist metalsmith, longtime jewelry/3-D design educator at the University of Minnesota, author of the standard textbook ""Contemporary Jewelry: A Studio Handbook,"" and the instigator who convened the 1968 Chicago meeting that founded SNAG. He is a historical figure, long out of teaching and almost certainly deceased, though no exact death date could be confirmed.",retired-emeritus,medium,https://snagmetalsmith.org/who-we-are/ | https://www.ganoksin.com/article/founding-masters-exhibit/ | https://www.amazon.com/Contemporary-Jewelry-handbook-Philip-Morton/dp/0030722004 | https://www.calameo.com/snagmetalsmith/books/006950865ef28e6ee0595 | https://en.wikipedia.org/wiki/Society_of_North_American_Goldsmiths,,2026-05-29,"verified=confirmed; Strong identity confirmation: the archived education (Utah BA / Bowling Green MA) plus the metals-arts-educator framing matches the well-documented Philip Morton (SNAG founder, ""Contemporary Jewelry"" author). Distinct from several unrelated same-named obituaries (e.g., a 2013 Philip M. Morton MD, a 2024 Philip Ezzell Morton of TX) found in searches — none are this metalsmith. Career timeline (late-1930s start, 1947 School for American Craftsmen, 1948 Univ. of Minnesota, 1968 SNAG founding, 1970 book) places his birth in the early 1900s, making him long retired and very likely deceased; archived ""currently teaching: n/a"" is consistent. Could not locate a verified obituary or exact death year, hence alive=likely-deceased / confidence=medium. No name change found."
35,person,crafts/metalsdirectorypage/p128.html,Eleanor Moty,alive/job/name-change,"Eleanor Moty (b. 1945) is alive and an active studio jeweler; she retired from the University of Wisconsin–Madison in 2001 as Professor Emerita and now lives and works in Tucson, Arizona. No name change.",retired-emeritus,high,https://en.wikipedia.org/wiki/Eleanor_Moty | https://snagmetalsmith.org/2020/03/2020-laa-eleanor-moty/ | https://www.ramart.org/exhibit/quiet-elegance-eleanor-moty/ | https://www.aaa.si.edu/collections/interviews/oral-history-interview-eleanor-moty-16217 | https://americanart.si.edu/artist/eleanor-moty-7076,,2026-05-29,"verified=not-needed; Archived record matches a real, well-documented metalsmith. She is one of the most distinguished American studio jewelers, a pioneer of photoetching/electroforming. Confirmed alive as of 2026 (Wikipedia notes age 80–81). Taught at UW–Madison 1972–2001 (28 years), so she IS the archived person but has since retired to emerita status. Education confirmed: BFA University of Illinois Urbana (1968), MFA Tyler School of Art / Temple (1971). Received the 2020/2021 SNAG Lifetime Achievement Award and was named Master Metalsmith by the Metal Museum (2012). No obituary found; multiple sources through 2022–2026 treat her as living. Now resides in Tucson, AZ."
36,person,crafts/metalsdirectorypage/p129.html,Nancy Moyer,alive/job/name-change,"Nancy Moyer is alive and retired as Professor Emerita of Art from the University of Texas Rio Grande Valley (the merged successor to UT-Pan American, where she taught from 1969 to 2003). She runs a studio in McAllen, TX and remains an active jeweler/metalsmith and art critic.",retired-emeritus,high,https://nancymoyerstudio.com/about/ | https://nancymoyerstudio.com/ | https://myrgv.com/life/community/2025/12/06/the-artistic-pulse-a-broad-membership-presents-a-selection-of-genres-approaches-and-interests-in-this-typically-large-showing/ | https://myrgv.com/life/community/2024/10/26/tufted-panaceas-exhibition-of-abstract-works-features-art-celebrating-joy-of-life/,,2026-05-29,"verified=not-needed; Confirmed same person: archived record (UT-Pan American since 1969, jeweler/metalsmith, USL BA, LSU MA) matches her studio bio (Associate Professor of Art at UT-Pan American 1969, Professor of Art through 2003, work moved from drawing into jewelry/metals in the 1980s). UT-Pan American merged into UT Rio Grande Valley in 2015, which is why her current title references UTRGV rather than the archived institution name. Her education aligns: BA from University of Louisiana-Lafayette (the current name of University of Southwestern Louisiana, same institution) and MA from Louisiana State University; her bio also adds a Ph.D. from Southern Illinois University-Carbondale (1970) not in the archived record. No name change found. Alive status supported by art-criticism bylines in regional Rio Grande Valley press (MyRGV.com / The Monitor) running through late 2025. Archived birth year 1938 was not independently re-confirmed but is plausible and consistent. No obituary found."
37,person,crafts/metalsdirectorypage/p13.html,Harry Bertoia,alive/job/name-change,"Harry Bertoia, the Italian-American sculptor and pioneering studio jeweler who taught metalworking at Cranbrook (1937-1943), died in 1978. He is a major historical figure, not a current educator; his legacy is maintained by the Harry Bertoia Foundation and museum collections (Cranbrook Art Museum, MAD Museum).",no,high,https://en.wikipedia.org/wiki/Harry_Bertoia | https://www.britannica.com/biography/Harry-Bertoia | https://cranbrookartmuseum.org/tag/harry-bertoia/ | https://www.ganoksin.com/article/metalwork-jewelry-harry-bertoia/ | https://www.aaa.si.edu/collections/harry-bertoia-papers-8885,,2026-05-29,"verified=not-needed; Archived ""Born 1915"" and Cranbrook education/affiliation match the well-documented metalsmith. No name change. Cranbrook in the archive reflects his teaching there, not undergraduate study (Cranbrook had no formal degree program then). Long deceased (1978); the ""currently teaching: n/a"" archived value is correct."
38,person,crafts/metalsdirectorypage/p130.html,Louis Mueller,alive/job/name-change,"Louis Mueller (b. 1943, Paterson NJ), RISD-trained silversmith/jeweler, headed RISD's Jewelry + Metalsmithing Department 1977–2003 and has since worked as a sculptor; he remains active with a 2023 solo show and 2024 group exhibition, and no obituary exists.",no,high,https://louismueller.com/ | https://louismueller.com/cv_new/ | https://www.aaa.si.edu/collections/interviews/oral-history-interview-louis-mueller-16182 | https://collections.vam.ac.uk/item/O152433/ring-mueller-louis/ | https://www.farago.xyz/exhibitions/18/overview/,,2026-05-29,"verified=confirmed; Correctly identified as the metalsmith/jeweler (not a same-named person): own site louismueller.com, V&A and RISD Museum collections, and a 2014 Smithsonian Archives of American Art oral history. Archived ""currently teaching: n/a"" is consistent — his RISD faculty tenure as department head ended in 2003, before the directory's archive era, and he now works primarily as a studio artist (sculpture/drawing). NO name change found. NOT in the archived teaching job. Alive: supported by recent professional activity — 2023 solo exhibition (Michael Bargo, NYC) and a 2024 group exhibition; no obituary found in any source. Education in the record matches: BFA Rochester Institute of Technology (1969), MFA RISD (1971). No confirmation of a formal ""emeritus"" title, so role is best described as studio artist / former RISD department head."
39,person,crafts/metalsdirectorypage/p131.html,Dieter K. Mueller-Stach,alive/job/name-change,"Dieter Müller-Stach was the metals/jewelry professor at CSU Long Beach from 1968; he became Professor Emeritus in 1998, continued teaching until 2003, and died October 20, 2011. His education (Munich Academy of Fine Arts) and CSULB tenure match the archived record exactly.",retired-emeritus,high,https://www.legacy.com/us/obituaries/latimes/name/dieter-muller-stach-obituary?id=20134207 | https://www.findagrave.com/memorial/79664041/dieter-muller-stach | https://www.enamelarts.org/rachel-shimpock/ | https://www.csulb.edu/school-of-art/metals-jewelry,,2026-05-29,"verified=confirmed; Confirmed correct person (jeweler/metalsmith, not a same-named mathematician/geometer named Stefan Müller-Stach). Born 1935 Munich (matches archived 1935); studied jewelry & metalsmithing at the Akademie der Bildenden Künste Munich (matches archived ""Akademie Der Bildenden Kunste"" Certificate/Meister Diploma); joined CSULB Art Dept in 1968 (matches archived job/start). Taught in Ghana ~6 years prior. Redesigned the CSULB metals facility, widely credited as one of the top US metals programs. The directory's ""currently teaching"" was already out of date — he retired as emeritus and died in 2011. Name spelled both ""Muller-Stach"" and ""Mueller-Stach"" (umlaut Müller); no name change. Predeceased by first wife Edith (d. 2007)."
40,person,crafts/metalsdirectorypage/p132.html,Thomas P. Muir,alive/job/name-change,"Thomas P. Muir (professionally ""Tom Muir"") is still at Bowling Green State University, now Distinguished Artist Professor and Area Head of Jewelry and Metalsmithing; he has been on the faculty there since 1991 and his current BGSU profile shows no retirement or death.",yes,high,https://www.bgsu.edu/arts-and-sciences/school-of-art/faculty-staff/tom-muir.html | https://americanart.si.edu/artist/thomas-p-muir-7317 | https://centerformetalarts.org/instructor/tom-muir/ | https://www.bgsu.edu/news/2017/06/muir-vessel-acquired-by-toledo-museum-of-art.html,,2026-05-29,"verified=not-needed; Strong, unambiguous match to the metalsmith/jeweler (hollowware artist; work in White House Collection of American Crafts, Renwick Gallery, Art Institute of Chicago, Toledo Museum of Art). Still in the archived job at BGSU; promoted to Distinguished Artist Professor (named 2005) and is Area Head. NAME UNCHANGED — goes by ""Tom Muir"" professionally but same person. Minor education discrepancy: archived record says BA from Georgia State, current/SI sources say BFA (1982); graduate MFA Indiana University (1985) confirmed. No obituary found; current faculty page presents him as active with no retirement/emeritus notation, so marked alive=yes."
41,person,crafts/metalsdirectorypage/p133.html,Karl G. Nacke,alive/job/name-change,"Karl G. Nacke was an early-20th-century jeweler/metalsmith and instructor at the Pennsylvania Museum and School of Industrial Art in Philadelphia (the same institution that granted his undergraduate certificate); the school's October 1912 bulletin lists him as departing the faculty that year. As an early-1900s figure he is almost certainly long deceased, but no obituary, birth/death dates, or surviving canonical biography could be located.",unknown,low,https://archive.org/details/pennsylvaniamuse40penn | https://en.wikipedia.org/wiki/Pennsylvania_Museum_and_School_of_Industrial_Art | https://de.wikipedia.org/wiki/Carl_Nacke,,2026-05-29,"verified=confirmed; The archived record's clues are internally consistent: his undergraduate ""School of Industrial Art of the Pennsylvania Museum (Certificate)"" matches the Philadelphia institution where he later taught, and the Munich graduate study points to a late-19th/early-20th-century training arc. The only firm primary-source trace found is the Pennsylvania Museum Bulletin No. 40 (Oct. 1912), which notes ""Mr. Nacke...will not be in the faculty this season."" No subject/department, birth or death dates, or obituary were findable. CAUTION/disambiguation: the German sculptor ""Carl Nacke"" / ""Karl Nacke"" (b. 1876 Hannover, d. 1953 Berlin), who studied in Hannover and Berlin and made small/animal sculptures, is a DIFFERENT person and not connected to Philadelphia or Munich metalwork. No evidence of a name change (historical male metalsmith). 'Alive' marked likely-deceased on the basis of a ~1912-active career, not on a located obituary. Confidence low due to thin surviving record."
42,person,crafts/metalsdirectorypage/p134.html,Dawn E. Nakanishi,alive/job/name-change,"Dawn E. Nakanishi left San Francisco State University (where she coordinated the Metal Arts and Jewelry program — the archived role) and since 1997 has been head of the Small Scale Metals and Jewelry area at Cabrillo College in Aptos/Santa Cruz, CA. She was an active educator at least through ~2021 but no longer appears on Cabrillo's current Art Studio faculty page, suggesting a likely recent retirement (unconfirmed).",no,medium,https://goodtimes.sc/santa-cruz-arts-entertainment/a-most-noble-pursuit/ | https://turquoisemoose.com/blogs/shining-gems/unceasing-contributions | https://home.dartmouth.edu/events/event?event=44221 | https://www.linkedin.com/in/dawn-nakanishi-0919433a/ | https://www.cabrillo.edu/art-studio/art-studio-faculty-and-staff/,,2026-05-29,"verified=confirmed; Confident identity match: archived education (San Jose State BA/MFA, De Anza AA, San Diego State MA) and the SFSU teaching role both align with the metalsmith/jeweler Dawn Nakanishi documented across multiple sources. She is sansei (third-generation Japanese American); known for mokume gane and nature-inspired jewelry; owned her own studio since 1975 and taught at Bay Area institutions (Richmond Art Center, de Young Museum Art School, Revere Academy, CCA) since 1981. NO name change found. NO obituary found — 'alive' set to unknown (born 1957, ~68 now); no evidence of death, so do not treat as deceased. Status moved from SFSU to Cabrillo College. Most recent activity references are ~2018-2021; absence from the current Cabrillo Art Studio faculty page hints at possible retirement, but this is not confirmed by any explicit source. A direct official Cabrillo faculty profile page was not located; LinkedIn given as best canonical link."
43,person,crafts/metalsdirectorypage/p135.html,Charlotte Nicholas,alive/job/name-change,"Almost certainly the metalsmith ""Charlotte Nichols"" (directory spelling ""Nicholas"" appears to be a variant): a University of Northern Colorado art-education BA holder with an MFA who taught design and metalsmithing. She left Adams State and taught at UNC from 2001 through 2008; she is not on any current faculty roster and is no longer in the archived job.",no,low,https://arts.unco.edu/blog/art/charlotte-nichols-metalsmith.aspx | https://www.unco.edu/pva/blog/art/charlotte-nichols-metalsmith.aspx/ | https://www.adams.edu/academics/undergraduate/art/art-faculty/ | https://www.linkedin.com/in/charlotte-nichols-81202840,,2026-05-29,"verified=confirmed; Identity match (medium confidence): archived ""Charlotte Nicholas, b.1949, BA University of Northern Colorado, MFA Colorado State, metalsmith, Adams State since 1985"" aligns with the living metalsmith ""Charlotte Nichols"" — same UNC art-education BA, an MFA, metalsmithing field, and Colorado geography. The directory likely mis-spelled ""Nichols"" as ""Nicholas"" (so name_changed flags a spelling/variant, NOT a confirmed marriage rename — actual married/maiden status is unknown). The UNC retrospective page states she earned an MFA but does NOT name the institution, so I could not independently confirm the archived ""Colorado State University (MFA)""; it is consistent (CSU is Colorado's main metalsmithing MFA) but unverified.

Status: NOT on Adams State University's current art faculty (verified the live roster) nor emeritus there. She returned to UNC and taught 2001-2008; no current faculty listing found, so effectively retired/moved from university teaching.

ALIVE/DEAD: NO obituary or death record located — there is zero death evidence. She had a 20-year retrospective and an active LinkedIn profile, so she is plausibly living, but I found no positive recent confirmation, so alive is honestly 'unknown'.

CAVEAT: the canonical UNC blog URL (arts.unco.edu/.../charlotte-nichols-metalsmith.aspx) currently 301-redirects to www.unco.edu/pva/... which returned 404 at fetch time, though it still appears in search results. Wayback Machine was not fetchable from this environment to confirm archived details. All identity evidence comes from search-result snippets of the UNC page, not a fully-rendered fetch."
44,person,crafts/metalsdirectorypage/p136.html,Barbara Nilausen-K,alive/job/name-change,"Born Barbara Wise (1946, Iowa City); married name Barbara Nilausen, later added ""K"" for Kaur after converting to Sikhism (1981) and formally became Balpreet Kaur in 2001. A studio metalsmith/jeweler with MA (ceramics) and MFA (metalsmithing/jewelry) from University of Iowa; the archived record's ""currently teaching: n/a"" is consistent.",unknown,medium,https://americanart.si.edu/artist/barbara-nilausen-k-7220 | http://www.lucidplanet.com/iwa/ArtistPages/nilausenkb.php | http://www.lucidplanet.com/iwa/FeaturedArchive/art-nilausenkb.php | https://aspace.lib.uiowa.edu/agents/people/4332 | https://www.artnet.com/artists/barbara-nilausen-k/,,2026-05-29,"verified=confirmed; High-value finding: NAME CHANGED to Balpreet Kaur. Confirmed by the Smithsonian American Art Museum (""Also Known As: Barbara Wise, Barbara Nilausen, Barbara Nilausen-Kaur, Barbara Balpreet Kaur, Balpreet Kaur"") and the Iowa Women Artists Oral History Project (lucidplanet.com/iwa), titled ""Balpreet Kaur (formerly Barbara Nilausen-K)."" Married name was Nilausen; she added ""K"" for Kaur on converting to Sikhism (c.1981), formally renaming to Balpreet Kaur in 2001 after her father's death. Education matches the archive: Clarke College (BA, theater, 1969), Kunsthaandvaerkerskolen/Denmark (ceramics 1969-70), University of Iowa (MA ceramics 1972; MFA metalsmithing & jewelry 1975). She is a studio artist (jewelry/vessels/sculpture, silver & gold, textured patinas), not recorded as currently teaching — consistent with the archive's ""n/a."" NO obituary found; the oral-history project implies she was alive at interview, but no recent confirmation, so alive=unknown. CAUTION: do NOT confuse with artbybalpreet.com (Balpreet Kaur Toor, a Sydney abstract textured-medium artist) or the various younger Sikh activists/musicians named Balpreet Kaur — these are different people. The lucidplanet.com IWA page (the most detailed source) was intermittently unreachable during this check (ECONNREFUSED) but corroborated via search snippets and the Smithsonian page."
45,person,crafts/metalsdirectorypage/p137.html,Lisa Norton,alive/job/name-change,"Lisa Norton (b. 1962), the metalsmith trained at Cleveland Institute of Art and Cranbrook, left her archived SAIC post and moved to Parsons/The New School as Professor of Design Leadership and former Associate Dean of the School of Design Strategies, pivoting from metals/craft into strategic design education; she now also runs an independent practice (""Practices of..."").",no,high,https://cranbrookart.edu/alumn/lisa-norton/ | https://www.ganoksin.com/article/lisa-norton/ | https://www.newschool.edu/parsons/profile/lisa-norton/ | https://www.researchgate.net/profile/Lisa-Norton | https://www.ifis-freiburg.de/en/mitglied/prof-dr-lisa-norton | https://practicesof.org/ | https://www.saic.edu/news/aiados-lisa-norton-talks-core77-about-design-education,,2026-05-29,"verified=confirmed; Strong identity match across multiple sources: born 1962, BFA Cleveland Institute of Art (1985), MFA Cranbrook Academy of Art Metalsmithing (1987), then SAIC faculty in Designed Objects/Metalsmithing/Sculpture (the archived job). She has since moved to Parsons/The New School (Strategic Design and Management / School of Design Strategies) as Professor of Design Leadership and former Associate Dean — confirmed by Parsons, ResearchGate, Academia, and IFIS profiles. NAME: no legal name change; her LinkedIn appends a Chinese byname ""李砂"" (a transliteration/persona), not a married or legal rename. ALIVE: yes — profiles use present tense and she maintains active sites (practicesof.org, Medium @nortonhere); no obituary found. Bio language (""previous roles"" at both Parsons and SAIC) suggests she may now be primarily an independent practitioner rather than full-time Parsons faculty, but she is clearly no longer at SAIC. Note a distinct ""Prof. Dr. Lisa Norton"" appears in some German/IFIS contexts — the IFIS advisory-board listing IS this same metalsmith/designer (bio matches Parsons+SAIC)."
46,person,crafts/metalsdirectorypage/p138.html,Harold O'Conner,alive/job/name-change,"Harold O'Connor (the archived ""O'Conner"" is a misspelling — his name is consistently spelled O'Connor with two N's) is alive and still working as a goldsmith out of Dunconor Workshops in Salida, Colorado; his Klimt02 profile shows 2025-dated work and a fan blog references him as of April 2026.",yes,high,https://www.haroldoconnor.com/ | https://klimt02.net/jewellers/harold-oconnor | https://americanart.si.edu/artist/harold-oconnor-6323 | https://www.aaa.si.edu/collections/interviews/oral-history-interview-harold-oconnor-13675 | https://www.interweave.com/article/jewelry/meet-jewelry-artist-harold-oconnor/ | https://www.metmuseum.org/art/collection/search/491448 | https://www.maddalenabearzi.com/blog/2026/4/17/one-of-my-favorite-metalsmiths-harold-oconnor,,2026-05-29,"verified=confirmed; Born 1941 in Utica, NY; longtime Salida, CO goldsmith and internationally known teacher of granulation/reticulation/embossing, author of The Jeweler's Bench Reference. The archived spelling ""Harold O'Conner"" is incorrect; all authoritative sources (his own site haroldoconnor.com, Smithsonian American Art Museum, Met Museum, Klimt02, Archives of American Art) use ""Harold O'Connor."" This is a spelling correction, not a married/professional rename. Strong evidence he is alive and active: Klimt02 profile published 04.11.2025 with 2025-dated jewelry; Interweave/other listings reference a 2025 Maker Festivals event; a fan tribute blog post is dated April 2026. No obituary or death record found despite targeted searches. Dunconor Workshops is his own self-run studio, so he remains effectively in the archived role (though at ~84-85 his teaching/output pace is presumably reduced). Work held by the Met, Smithsonian, V&A, Boston MFA, Racine Art Museum, National Ornamental Metal Museum."
47,person,crafts/metalsdirectorypage/p139.html,Brigid O'Hanrahan,alive/job/name-change,"Brigid O'Hanrahan retired from Millersville University after nearly 30 years teaching metals and moved back to California, where she continues to work as a studio jewelry artist combining porcelain and precious metals (e.g., her ""Geologica"" show at Shibumi Gallery, Berkeley). No evidence of a name change or death.",retired-emeritus,medium,https://artjewelryforum.org/interviews/geologica-brigid-ohanrahan/ | https://artjewelryforum.org/articles/geologica-brigid-ohanrahan-2/ | https://www.millersville.edu/art/faculty-and-staff/ | https://shibumigallery.com/,,2026-05-29,"verified=not-needed; Identity confirmed as the metalsmith/jeweler (not the Australian painter ""Brigid Hanrahan"" nor ""Brigid KO Jewelry""). The Art Jewelry Forum interview confirms: undergraduate metals at Cal State Northridge and a master's in metals under Arline Fisch at San Diego State, matching the archived education record (CSU Northridge BA, SDSU MA; the archived CSU Long Beach MFA is not mentioned in the AJF profile but is consistent and not contradicted). She taught metals at Millersville (PA) ~30 years, then retired and moved back to California; she is NOT on the current Millersville Art & Design faculty (metals now taught by Becky McDonah and Tedd McDonah), confirming she left the archived job. As of the AJF ""Geologica"" feature (originally 2012, with a 2023 Shibumi Gallery, Berkeley exhibition) she was alive and actively making work. No birth year found and no obituary found. Set alive=yes (confidence medium): active 2023, no death record; could not locate a 2024-2026 confirmation, so residual uncertainty."
48,person,crafts/metalsdirectorypage/p14.html,Helen Bonzelaar,alive/job/name-change,"Helen Bonzelaar remained at Calvin College/University, Grand Rapids, MI for her whole career and is now Professor of Art, Emerita (retired). No obituary found and her email still appears active in the directory, but no positive life-status confirmation was located.",retired-emeritus,medium,https://calvin.edu/directory/people/helen-bonzelaar | https://www.thebanner.org/bio/helen-bonzelaar,,2026-05-29,"verified=not-needed; Same person as the archived record: an art educator at Calvin College since 1967, Calvin AB + Western Michigan MA. Calvin's official faculty directory lists her as ""Professor, Emerita"" in the Art and Design department with an active email (bonz@calvin.edu), confirming she retired from the archived teaching post at the same institution. She authored ""Swing Wide the Gates"" in The Banner (2014) and is described there as ""professor of art emerita at Calvin College"" and ""retiring as chair of the Basic English Service at Church of the Servant, Grand Rapids,"" consistent with a metals/enamel-and-liturgical-arts educator. Name unchanged across all current sources. No obituary or death record found (born 1939, so ~87 in 2026); alive status marked unknown rather than asserting either way. Did not find a dedicated artist site, SNAG profile, or museum collection page; the specific jewelry/metals specialization was not independently confirmable online beyond the directory's ""Art and Design"" affiliation, though the archived metals-directory listing plus her enamel/liturgical-arts work in The Banner are consistent."
49,person,crafts/metalsdirectorypage/p140.html,Steven C. Ortiz,alive/job/name-change,"Steven Christopher Ortiz (b. 1962) died March 18, 2020 in Pittsburg, Kansas. His obituaries match the archived record's birth year and education (Pittsburg State University undergrad, University of Kansas MFA); at the time of death he was working as a substitute teacher for the State of Kansas, not as a metals-arts faculty member.",no,medium,https://www.brennermortuary.com/obituary/Steven-Ortiz | https://www.legacy.com/us/obituaries/morningsun/name/steven-ortiz-obituary?id=9246791 | https://www.tributes.com/obituary/show/Steven-Christopher-Ortiz-108321316,,2026-05-29,"verified=confirmed; Identity match rests on three converging data points: birth year 1962, Pittsburg State University, and a University of Kansas MFA (KU has a well-known metalsmithing/jewelry program, consistent with this directory). Discrepancies: directory lists undergraduate ""BFA"" and a ""MA"" from Pittsburg State plus the KU MFA, while the obituaries state a 1984 ""Bachelor of Arts"" from Pittsburg State and an MFA from KU (no separate MA mentioned); obituaries also do not explicitly describe him as a metalsmith/jeweler (they emphasize distance running, Army ROTC service, and substitute teaching). Because the obituary does not confirm a metals career explicitly, confidence is medium rather than high, but the combination of birth year + both named institutions + KU MFA makes a same-name-different-person scenario unlikely. Archived ""currently teaching"" was already n/a. No name change found."
50,person,crafts/metalsdirectorypage/p141.html,Albert Paley,alive/job/name-change,"Albert Paley (b. 1944), the renowned Tyler School of Art-trained metalsmith who became a major American artist-blacksmith and sculptor, is alive as of 2026, still living and working in Rochester, NY, with longtime ties to RIT's School for American Crafts.",unknown,high,https://en.wikipedia.org/wiki/Albert_Paley | https://www.albertpaley.com/ | https://americanart.si.edu/artist/albert-paley-3673 | https://www.rit.edu/paleyarchive/about-albert-paley | https://www.craftinamerica.org/artist/albert-paley/,,2026-05-29,"verified=not-needed; Archived record's ""currently teaching at: n/a"" is consistent with Paley not being a Tyler faculty member; Tyler is where he earned his BFA and MFA. His teaching career was at RIT (since 1969, faculty/artist-in-residence, endowed chair). No obituary found; his official site shows a 2026 copyright and he is consistently described as an active artist. No name change. Same person as the famous sculptor (he began as a jeweler/goldsmith, won the 1974 Renwick Portal Gates commission, then moved to large-scale forged metalwork). Whether he currently holds active vs. emeritus RIT status is unclear from sources, hence still_in_archived_job=unknown (though the archived job itself was non-teaching/n.a.)."
51,person,crafts/metalsdirectorypage/p142.html,Earl Pardon,alive/job/name-change,Earl Pardon (1926–1991) was a pioneering American studio jeweler and enamelist who taught metalwork and enameling at Skidmore College from 1951 until retiring in 1989; he died in 1991. He is deceased and his legacy is held in major museum collections.,unknown,high,https://www.enamelarts.org/earl-pardon/ | https://americanart.si.edu/artist/earl-pardon-5883 | https://www.skidmore.edu/schick/artists/pardon_bio_2008.php | https://www.metmuseum.org/art/collection/search/495418,,2026-05-29,"verified=not-needed; Archived education (BFA Memphis Academy of Art, MFA Syracuse University) matches all sources; BFA awarded 1951, MFA 1959. The archived record's job field is n/a, consistent with a historical figure. No name change. His work is held by the Smithsonian American Art Museum, Metropolitan Museum of Art, and Racine Art Museum; his son Tod Pardon is also a jeweler. Death place noted as Boston, MA by the Skidmore source."
52,person,crafts/metalsdirectorypage/p143.html,Ronald Hayes Pearson,alive/job/name-change,"Ronald Hayes Pearson, an American modernist jeweler and metalsmith and a founding member of the Society of North American Goldsmiths, died August 25, 1996 at age 71. The archived directory correctly lists him as no longer teaching (n/a); he ran his own studio in Deer Isle, Maine until his death.",unknown,high,https://en.wikipedia.org/wiki/Ronald_Hayes_Pearson | https://americanart.si.edu/artist/ronald-hayes-pearson-3730 | https://www.craftcouncil.org/recognition/ronald-hayes-pearson | https://www.rit.edu/artoncampus/ronald-hayes-pearson,,2026-05-29,"verified=not-needed; Born 1924 in New York City to etcher Ralph M. Pearson. Attended University of Wisconsin (1942-43) and the School for American Craftsmen at RIT (1947-48), matching the archived education record. No name change. Received Louis Comfort Tiffany Foundation grant (1969), NEA Fellowships (1973, 1978), and the American Craft Council gold medal (1996). Held in collections including the Smithsonian American Art Museum. ""Still in archived job"" marked unknown because the archived teaching field was already n/a; he was a studio artist, not a faculty member at time of death."
53,person,crafts/metalsdirectorypage/p144.html,Beverly Penn,alive/job/name-change,"Beverly Penn (b. 1955, Baltimore) is an American metalsmith/sculptor who cast-bronze plant works. She taught at Southwest Texas State (renamed Texas State University in 2003) from 1990 for ~35 years and is now Professor Emerita, having retired around 2025 to pursue full-time studio practice. Alive, no name change.",retired-emeritus,high,https://en.wikipedia.org/wiki/Beverly_Penn | https://faculty.txst.edu/profile/1921519 | https://glasstire.com/2026/03/03/disturbance-loving-species-a-conversation-with-beverly-penn/ | https://beverlypenn.com/curriculum-vitae/ | https://williamcampbellcontemporaryart.com/beverly-penn/,,2026-05-29,"verified=not-needed; Definitive match: archived ""Southwest Texas University since 1990"" = Southwest Texas State University, renamed Texas State University in 2003. Education matches exactly (UTEP BFA 1982, New Mexico State MA 1986, SUNY New Paltz MFA 1989; born Baltimore ties to the Maryland Institute College of Art entry). Faculty profile shows ""Professor Emerita, Texas State University, Sept 1 2022–Present""; March 2026 Glasstire interview and search results confirm she recently retired after 35 years of teaching and is alive (Wikipedia categorizes as living person). No evidence of any name change."
54,person,crafts/metalsdirectorypage/p145.html,Alan Perry,alive/job/name-change,"Alan Perry (b. 1955, Manchester NH; Cleveland Institute of Art BFA, Cranbrook MFA) was assistant professor of metals at Maine College of Art from 1987 to 2005, then moved to teach metals/jewelry at the New Hampshire Institute of Art in Manchester. He has left the archived MECA job; no name change or obituary found.",no,medium,https://collections.currier.org/artist-maker/info/473 | https://meca.edu/academics/metalsmithing-jewelry/ | https://www.alanjperry.com/about | https://www.mutualart.com/Artist/Alan-Perry/05D3BC61F0E476F8,,2026-05-29,"verified=confirmed; Identity confirmed against the archived record via the Currier Museum of Art collection biography, which matches on all points: born 1955 in Manchester NH, studied at the Currier Art Center, Cleveland Institute of Art (BFA), and Cranbrook Academy of Art (MFA), and was assistant professor of metals at Maine College of Art, Portland, 1987-2005, then taught at the New Hampshire Institute of Art (NHIA), Manchester. So he MOVED out of the archived MECA position around 2005 -- the archived 'currently teaching at MECA since 1987' is outdated. NHIA merged into New England College in 2022; whether he still teaches there is unverified, so still_in_archived_job=no with current role flagged as last-known. CAUTION on same-name confusion: there are at least three other unrelated 'Alan Perry' figures who must NOT be merged in -- (1) Alan J. Perry, a digital-media/creative-coding artist and educator (SAIC MFA 2019, alanjperry.com, also a Swansea-area exhibitor on MutualArt); (2) Alan Perry of Perry's Emporium, a Wilmington NC retail jeweler/businessman; (3) various unrelated obituary hits. None of these is the metalsmith. No obituary matching the metalsmith was found, so alive=unknown (he would be ~70-71 in 2026). The Currier collection page (info/473) is the best canonical source but is currently behind a CAPTCHA/login when fetched directly; its content is reflected in search snippets. Confidence medium: identity and the MECA->NHIA move are well supported by the Currier bio, but current (2020s) status is unconfirmed."
55,person,crafts/metalsdirectorypage/p146.html,Mary Anna Petrick,alive/job/name-change,"Mary Anna Petrick, the longtime jewelry professor at Milwaukee Area Technical College, retired and died October 11, 2005 at age 64 in Jackson, Wisconsin.",retired-emeritus,high,https://www.legacy.com/us/obituaries/jsonline/name/mary-petrick-obituary?id=3115527,,2026-05-29,"verified=confirmed; Strong match to the archived record: the Milwaukee Journal Sentinel obituary describes her as ""a retired professor of jewelry from MATC,"" age 64 at death in 2005 (consistent with birth year 1941). MATC is the archived institution, and jewelry is her field, confirming this is the metalsmith/jeweler educator (not a same-named person in another field). Her husband was Glenn Petrick; ""Petrick"" is the same surname under which she is listed in the directory, so no name change occurred relative to the archived entry. The obituary did not separately restate her Webster University / UW-Milwaukee education, but the profession, institution, and age all corroborate the record. She had retired from MATC prior to her death, so she was no longer in the actively-teaching role the archive captured."
56,person,crafts/metalsdirectorypage/p147.html,Claire Pfleger,alive/job/name-change,"Claire E. (Seligmann) Pfleger, the Cardinal Stritch metalsmith, died April 4, 2019 at age 87 (b. 1931). Confirmed match via obituary: accomplished metalsmith/jeweler, UW-Milwaukee and UW-Madison educated, taught metalsmithing at local colleges; best known for award-winning pewter work exhibited at the Smithsonian.",no,high,https://www.legacy.com/us/obituaries/jsonline/name/claire-pfleger-obituary?id=3341932 | https://www.feerickfuneralhome.com/obituary/claire-pfleger | https://www.linkedin.com/in/claire-pfleger-15615831,,2026-05-29,"verified=confirmed; Strong identity match to the archived record: same name, same institution (Cardinal Stritch), same education (University of Wisconsin - Milwaukee BFA/MFA and UW-Madison), and an explicitly described career as a metalsmith/jeweler who taught art. Maiden name was Seligmann; she published/worked under the married name Pfleger (the directory's name), so no professional name change to track. Won the American Pewter Guild award for a Sacajawea vase, exhibited at the Smithsonian and Bath, England. The Feerick Funeral Home obituary page (feerickfuneralhome.com/obituary/claire-pfleger) returned HTTP 403 on direct fetch but its content was confirmed via search excerpts; legacy.com/Milwaukee Journal Sentinel obituary corroborates 1931-2019 dates. A LinkedIn profile titled 'Claire Pfleger - Metalsmith' also exists, consistent with the identity."
57,person,crafts/metalsdirectorypage/p148.html,Gene Michael Pijanowski,alive/job/name-change,"Confirmed as the U-M metalsmith Eugene ""Gene"" Michael Pijanowski (b. 1938, Detroit), pioneer of mokume gane in the US; he retired from the University of Michigan and is listed as Professor Emeritus of Art and Design. No obituary or death record was found, so his living status is uncertain.",retired-emeritus,medium,https://stamps.umich.edu/people/gene-pijanowski | https://www.wikidata.org/wiki/Q105342480 | https://americanart.si.edu/artist/gene-pijanowski-6771 | https://www.craftcouncil.org/recognition/eugene-pijanowski | https://www.aaa.si.edu/collections/interviews/oral-history-interview-eugene-pijanowski-12849 | https://nationaljeweler.com/articles/13525-in-memoriam-jewelry-industry-leaders-and-innovators-we-lost-in-2024,,2026-05-29,"verified=not-needed; Strong identity match to the archived record: born 1938, Wayne State (BFA/MA) + Cranbrook (MFA), University of Michigan since 1978 (taught with wife Hiroko Sato Pijanowski until retirement). Status changed from ""currently teaching"" to Professor Emeritus / retired. Name UNCHANGED — note he and Hiroko Sato-Pijanowski divorced in 2008, but his own name remained Gene/Eugene Michael Pijanowski. Living status marked unknown: no obituary located; he is NOT listed in National Jeweler's 2024 jewelry-industry in-memoriam, and Wikidata (Q105342480) records no death date — but absence of a death record is not proof of life for a person born 1938 (now ~87). Resided in Ann Arbor and Honolulu. Personal site genepijanowski.com appears offline (connection refused) at time of check."
58,person,crafts/metalsdirectorypage/p149.html,Hiroko Pijanowski,alive/job/name-change,"Hiroko Pijanowski is the metalsmith/jeweler Hiroko Sato Pijanowski (née Sato; also written Hiroko Sato-Pijanowski), born Jan 1, 1942 in Tokyo. She taught metalsmithing at the University of Michigan and retired in 2001 as Professor Emerita. No obituary found; Wikipedia describes her in the present tense as living, so she is presumed alive but current status is not independently confirmed.",retired-emeritus,high,https://en.wikipedia.org/wiki/Hiroko_Sato-Pijanowski | https://news.umich.edu/art-and-design-duo-recognized-by-american-craft-council/ | https://www.hirokosato-pijanowski.com/fullpage.html | https://www.aaa.si.edu/collections/interviews/oral-history-interview-eugene-and-hiroko-sato-pijanowski-12728 | https://americanart.si.edu/artist/hiroko-sato-pijanowski-6772,,2026-05-29,"verified=confirmed; Confirmed same person (jeweler/metalsmith, Cranbrook MFA, U-Michigan). Archived directory used the short married surname ""Hiroko Pijanowski""; she professionally goes by Hiroko Sato Pijanowski / Hiroko Sato-Pijanowski. Archived ""since 1986"" matches U-M news (began teaching metalsmithing 1986; some sources say she/husband joined U-M in 1978). Retired 2001 as Professor Emerita. Married fellow Cranbrook student Eugene Pijanowski (divorced 2008). Known for introducing Japanese mokume-gane to American metalsmithing; ACC College of Fellows. Born 1942 matches archived record. No death record found in searches; marked alive=unknown out of caution (no source explicitly confirms she is currently living). Her own gallery site: hirokosato-pijanowski.com. Education note: archived says BA St. Paul/Rikkyo University — Rikkyo's English name is St. Paul's University, so this is consistent (BA Japanese history 1964); MFA Cranbrook (1966 or 1968 per sources)."
59,person,crafts/metalsdirectorypage/p15.html,Karmien C. Bowman,alive/job/name-change,"Karmien ""Sweety"" Bowman, b. 1946, trained as a jeweler/metalsmith (BFA UT Austin; MA Texas Woman's University in ceramics and metals), is still an Associate Professor of Art at Tarrant County College's Northeast Campus — the same archived job, now renamed from ""Junior College"" to ""College."" Her mature work shifted toward clay and bronze sculpture; she runs Yarmouth Studio in Flower Mound, TX.",yes,high,https://karmienbowman.com/home.html | https://voyagedallas.com/interview/meet-karmien-bowman-yarmouth-studio-dfw-area-flower-mound/ | https://www.crosstimbersgazette.com/2017/09/28/sweety-bowman-art-is-her-life/ | https://calendar.tccd.edu/karmienbowman_817 | https://www.linkedin.com/in/karmien-bowman-26896817,,2026-05-29,"verified=not-needed; Strong identity match on all archived fields: born 1946, BFA University of Texas at Austin, MA Texas Woman's University (Texas Women's University in archive = Texas Woman's University) in ceramics/metals, jeweler/metalsmith career, teaching at Tarrant County (Junior) College NE Campus. ""Tarrant County Junior College"" was renamed ""Tarrant County College"" in 1999, so the institution is the same. ""Sweety"" is a nickname, not a name change; ""Yarmouth Studio"" / ""karmienbowman.com"" is her studio business name. Active TCCD email (karmien.bowman@tccd.edu) and a 2020 Voyage Dallas interview confirm she was still teaching after 30+ years; public-records aggregators list her age as 79 (b. 1946). No obituary found — set alive=yes. Most recent coverage ~2020-2023."
60,person,crafts/metalsdirectorypage/p150.html,Richard Prillaman,alive/job/name-change,"Richard Prillaman led the metals department at Memphis College of Art and was made Faculty Emeritus after retiring; he was the Metal Museum's 2006 Master Metalsmith and lives/works in Memphis. No obituary was found, but his living status could not be positively confirmed; the archived employer (Memphis College of Art) permanently closed in 2020.",retired-emeritus,medium,http://www.prillaman.net/rp_gallery.html | https://www.metalmuseum.org/master-metalsmiths | https://www.metalmuseum.org/crafting-a-legacy | https://countryroadsmagazine.com/travel/outdoor-adventures/brushing-shoulders-with-walter-anderson/ | https://www.brooksmuseum.org/exhibitions/mca-at-memphis-brooks-museum-of-art,,2026-05-29,"verified=not-needed; Confirmed as the correct metalsmith/jeweler: SIU-Carbondale education matches the archived record, and he taught metals at Memphis College of Art (the archived institution). He was named Faculty Emeritus after retirement, so he is no longer actively in the archived teaching job; additionally Memphis College of Art closed permanently in 2020. He was honored as the Metal Museum's 2006 Master Metalsmith and developed an island-specific technique over ~20 trips to Horn Island with MCA; in 1989 Tennessee commissioned him via the National Ornamental Metal Museum to make a sterling silver tea service for the USS Tennessee. No name change found. No obituary or death record located in searches, but no positive recent-life confirmation either, so alive status is unknown / not verified — leaning that he is likely retired and elderly (born 1942). His personal site prillaman.net is reachable but the server refused automated fetches; the gallery page is the best canonical link. Birth year 1942 from archived record could not be independently corroborated online."
61,person,crafts/metalsdirectorypage/p151.html,David Pimentel,alive/job/name-change,"David Delbert Pimentel, jeweler/metalsmith and ASU Professor of Art, died October 1, 2004 (born 1943), while still on the Arizona State University faculty where he had taught since 1973. The archived record's birth/death dates, ASU-since-1973 job, and education all check out; no name change.",no,high,https://www.metalmuseum.org/post/inside-the-collection-david-pimentel | https://orchid.ganoksin.com/t/sad-news-about-david-pimentel/23834 | https://americanart.si.edu/artist/david-pimentel-34179,,2026-05-29,"verified=confirmed; Confirmed correct metals-arts person (not a same-named individual): master of raising/hollowware, Distinguished Member of SNAG, designed ASU's ceremonial mace (1982). Education confirmed: B.S. Art Education, Massachusetts College of Art (1965); MFA, School for American Craftsmen/RIT (1972, under Hans Christensen). Archived directory's ""BS"" undergrad and SAC/RIT MFA match exactly. Born/death 1943-2004 match. He died in office; not retired/emeritus."
62,person,crafts/metalsdirectorypage/p152.html,Alvin A. Pine,alive/job/name-change,"Alvin A. Pine was an award-winning metalsmith and educator who taught metalsmithing/jewelry at CSU Long Beach (1962-1996, full professor). He died January 28, 2010, in Santa Rosa, CA.",retired-emeritus,high,https://www.legacy.com/us/obituaries/sfgate/name/alvin-pine-obituary?id=21992719 | https://www.legacy.com/us/obituaries/latimes/name/alvin-pine-obituary?id=21994740 | https://www.ganoksin.com/article/al-pine-conceptual-exploration/,,2026-05-29,"verified=confirmed; Strong, unambiguous match: every archived detail is corroborated — born 1933, City College of New York (industrial arts / BS Education), Cranbrook Academy of Art MFA (1958, metalsmithing & jewelry), and one year of post-MFA study in Germany/Munich (Fulbright, noted as the first American silversmith accepted in Germany as a Fulbright student). Member of Society of North American Goldsmiths (SNAG). Career-long teacher at CSU Long Beach, retired 1996, so the archived ""currently teaching: n/a"" is consistent. No name change. Two separate newspaper obituaries (SF Chronicle and LA Times) plus the Ganoksin biographical article confirm identity."
63,person,crafts/metalsdirectorypage/p153.html,John Prip,alive/job/name-change,"John ""Jack"" Prip (1922–2009) was a Danish-trained, fourth-generation metalsmith, a founding member of the Society of North American Goldsmiths, and a longtime RISD professor (1963–1981); he died in 2009 in Providence, RI.",retired-emeritus,high,https://en.wikipedia.org/wiki/John_Prip | https://americanart.si.edu/artist/john-prip-5738 | https://orchid.ganoksin.com/t/official-jack-prip-obituary/36878 | https://www.ganoksin.com/article/master-metalsmith-john-prip/ | https://www.craftinamerica.org/artist/john-prip/,,2026-05-29,"verified=not-needed; Confirmed historical figure. Widely known professionally as ""Jack"" Prip (a nickname, not a formal name change); birth name John Axel Prip. Set up the metalsmithing program at the School for American Craftsmen (Alfred Univ., later RIT), taught at SMFA Boston, was artist-in-residence at Reed & Barton, and chaired RISD's metals department until retiring in 1981. 1971 founding member of SNAG. Work held by Smithsonian American Art Museum, Museum of Arts and Design, and RISD Museum. The archived directory's ""currently teaching: n/a"" is consistent — he was already retired/deceased relative to the directory."
64,person,crafts/metalsdirectorypage/p154.html,Elliot Pujol,alive/job/name-change,"Elliott Pujol (correct spelling, two t's; archived with single-t typo) is the same metalsmith/jeweler. He built the KSU metalsmithing/jewelry program from 1973, entered phased retirement in 2010, and fully retired in 2013; he is now Emeritus Professor. No obituary found; he was actively making work as of 2018 and is very likely still living.",retired-emeritus,high,https://art.ksu.edu/about/people/emeritus/pujol.html | https://bgccraftartdesign.org/items/show/68 | https://beach.k-state.edu/explore/exhibitions/archive/2005-2007/pujol.html | https://www.k-state.edu/today/announcement/?id=86478,,2026-05-29,"verified=confirmed; Born 1943 in Memphis, TN (age ~82). MFA Southern Illinois University-Carbondale (~1971) under Brent Kington; the archive's BA/MFA both-at-SIU-Carbondale matches (initial undergrad work in theater at SIU). NAME: archive 'Elliot' is a misspelling; everywhere authoritative he is 'Elliott' (two t's) — not a genuine rename, so name_changed=false; current_name set to the correct spelling. JOB: archived 'currently teaching at KSU since 1973' is now retired-emeritus (phased retirement 2010, full retirement 2013 for medical reasons; successor Dukno Yoon). ALIVE: marked 'likely-deceased' enum value reflects only that I could not affirmatively confirm he is alive past 2018 — but I found NO obituary and the KSU emeritus page was updated Sept 2025 still listing him; he was alive and active making yard art / copper birdhouses when interviewed March 2018. Honest read: probably still alive, just not positively confirmed for 2025/2026. Honors: 2005 Master Metalsmith (Metal Museum, Memphis); 2010 Kansas Governor's Arts Award; work in National Museum of Sweden craft collection."
65,person,crafts/metalsdirectorypage/p155.html,Arthur Pulos,alive/job/name-change,"Arthur J. Pulos (1917–1997), silversmith, industrial designer, design historian, and longtime Syracuse University design professor (retired 1982); died January 15, 1997.",no,high,https://www.wikidata.org/wiki/Q55219659 | https://library.syracuse.edu/digital/guides/p/pulos_aj.htm | https://www.aaa.si.edu/collections/arthur-j-pulos-papers-8843 | https://encyclopedia.design/2021/12/07/arthur-pulos-american-industrial-designer/ | https://royalcommission1851.org/arthur-pulos | https://www.moma.org/artists/4753-arthur-pulos,,2026-05-29,"verified=not-needed; Correct person confirmed: MFA in silversmithing from University of Oregon (1943), where he chaired the silversmithing department; undergrad at Carnegie Institute of Technology (1939) — matches the archived record's birth year (1917), Carnegie BA, and Oregon MFA. Archived ""currently teaching"" was already n/a; he retired from Syracuse in 1982 and died in 1997. No name change. Authored 'The American Design Ethic' (1983) and 'The American Design Adventure' (1988). His papers are held at Syracuse University and the Smithsonian Archives of American Art. Minor death-date discrepancy in sources (1993 vs 1997) resolved in favor of 1997 per Wikidata; 1993 is his Sir Misha Black Medal year."
66,person,crafts/metalsdirectorypage/p156.html,Robert J. (Bob) Pum,alive/job/name-change,"Robert ""Bob"" Pum, a founding member of the UW–Green Bay art department (1969) who taught art metals/jewelry, retired in 1998 as Professor Emeritus and died December 7, 2019, at age 83.",retired-emeritus,high,https://www.legacy.com/us/obituaries/jsonline/name/robert-pum-obituary?id=3347846 | https://www.uwgb.edu/retiree/in-memoriam/robert-pum/ | https://prabook.com/web/robert_joseph.pum/774304 | https://www.linkedin.com/in/robert-pum-8b616882/,,2026-05-29,"verified=confirmed; Strong match to the archived record: born 1936, at UW–Green Bay since 1969, taught art metals/jewelry. He was an art-metals/jewelry educator (also drawing and mixed media), chaired the art department for two terms, and exhibited in 150+ juried shows. Earned WAEA ""Art Educator of the Year in Higher Education"" award. No evidence of a name change. The UWGB Retiree Association ""In Memoriam"" page (uwgb.edu/retiree/in-memoriam/robert-pum/) appeared in search but returned 404 on direct fetch; obituary and search snippets corroborate all facts."
67,person,crafts/metalsdirectorypage/p157.html,Robin Quigley,alive/job/name-change,"Robin Quigley taught jewelry/metalsmithing at RISD from 1981 and led the department for decades; she is now Professor Emerita / Emerita Department Head, having retired from active teaching. No obituary found; she appears to still be living and artistically active.",retired-emeritus,high,https://www.risd.edu/people/robin-quigley/ | https://collegiateteachinginartanddesign.com/teaching-reflections-robin-quigley-department-head-of-jewelry-and-metalsmithing/ | https://galleryloupe.com/exhibitions/robin-quigley-remains/ | http://www.robinquigley.com/ | https://www.risd.edu/academics/jewelry-metalsmithing/faculty,,2026-05-29,"verified=not-needed; The archived directory's ""currently teaching at RISD"" status is now outdated: recent sources list her as ""Emerita Department Head of Jewelry and Metalsmithing,"" and she does NOT appear on the current RISD J+M active-faculty roster (Bergeron through Van Aswegen) — consistent with retirement to emerita. She still retains a RISD people/profile page. Career: began at RISD 1981; >25 years on faculty; two NEA fellowships; international residencies (Salzburg Summer Academy, Pont-Aven School of Art, Jam Factory Australia, West Dean England, Paul Gauguin Cultural Center Marquesas). Education matches the archive: BFA in jewelry from Tyler School of Art (Temple University), MFA from RISD (sources specify the MFA was in Sculpture). Solo exhibition ""Remains"" at Gallery Loupe (2010). Her personal site robinquigley.com is live but mid-rebuild (""New website in progress""), indicating recent/ongoing activity. Name unchanged. ALIVE: no obituary or death information exists; emerita status (not in memoriam), an actively rebuilding personal website, and recent exhibitions all support that she is living. Confirmed she is the correct metalsmith/jeweler, not a same-named person in another field."
68,person,crafts/metalsdirectorypage/p158.html,Svetozar Radakovich,alive/job/name-change,"Svetozar ""Toza"" Radakovich, mid-century American studio jeweler/metalsmith born in Yugoslavia in 1918 (trained at the Royal Academy of Art in Belgrade and studied in Copenhagen, matching the archived record), died July 22, 1998 in Encinitas, California. He is a historical figure celebrated as a pioneer of lost-wax/centrifugal casting in American art jewelry.",unknown,high,https://objectsusa.r-and-company.com/svetozar-and-ruth-clark-radakovich | https://mmaa.org/portfolio-item/svetozar-radakovich/ | https://www.encinitasadvocate.com/sdea-radakovich-retrospective-yugoslavia-encinitas-1939-2015may05-story.html | https://www.ganoksin.com/article/master-metalsmith-svetozar-radakovich/ | http://www.radakovich.org/jewelry.html,,2026-05-29,"verified=not-needed; The archived birth year (1918) and education (Royal Academy of Art, Belgrade; graduate study with Mogens Bjørn-Andersen in Copenhagen) match confirmed biography. ""Currently teaching"" was n/a in the archive; correct, as he had long retired/died. No name change. Multiple independent sources (museum, gallery, retrospective coverage) confirm the 1918-1998 dates. A same-named Legacy.com memorial (""Svetozar Sikoparija"") is a different person and was not used."
69,person,crafts/metalsdirectorypage/p159.html,Chris Ramsay,alive/job/name-change,"Chris (Christopher Theodore) Ramsay, the metals/jewelry artist and OSU professor, taught at Oklahoma State University from 1990 to 2023 (retiring as Professor Emeritus) and died January 24, 2026 at age 64.",retired-emeritus,high,https://www.strodefh.com/memorials/christopher-ramsay/5680188/ | https://www.echovita.com/us/obituaries/ok/stillwater/christopher-ramsay-20949342 | https://www.ramsayart.com/bio-and-statement | https://museum.okstate.edu/art/past-exhibitions/2014/chris-ramsay.html | https://philbrook.emuseum.com/people/468/chris-ramsay,,2026-05-29,"verified=confirmed; Strong, unambiguous match to the archived record: born 1961, at OSU since 1990, metals/jewelry field. Obituary (Strode Funeral Home) confirms birth Sept 30, 1961 and death Jan 24, 2026, an ""artist and educator"" whose metalwork ""inspired"" a student's career. His ramsayart.com bio and OSU sources confirm he taught metals and jewelry at OSU 1990-2023 and was Art Department Head (2008/2009-2012 and 2020). Education (BFA + Teaching Certificate, University of Michigan; MFA, Texas Tech) is consistent with the archived entry and widely cited, though not re-verified on a primary page (OSU faculty bio returned HTTP 403). No name change. Status: retired (Professor Emeritus) and now deceased."
70,person,crafts/metalsdirectorypage/p16.html,Michael J. Brandt,alive/job/name-change,"No reliable record could be found identifying a metalsmith/jeweler/metals-arts educator named Michael J. Brandt born in 1922. The archived entry has no institution or education listed, and searches of museum, SAS memorial, Chicago Silver, metalcyberspace, and obituary sources returned only unrelated same-named people.",unknown,low,http://chicagosilver.com/brandt.htm | https://www.metalcyberspace.com/jewelry/metal_artists_ij.htm | https://www.silversmithing.com/artisan-memorial.htm | https://www.langantiques.com/university/mark/brandt-metal-crafters/,,2026-05-29,"verified=disputed; Born 1922, so if living would be ~104; more likely deceased, but NO obituary or biographical record could be tied to this name in the metals/jewelry field. Candidates found are different people: Brandt Metal Crafters (an early-1900s Chicago jewelry firm, not a person), Paul Emile Brandt (French Art Deco jewelry designer), and a contemporary San Diego ""J. Brandt Studio"" Michael Brandt (modern, not a 1922 educator). No name change found or suggested. The archived record itself is thin (""currently teaching"": n/a; education: n/a), consistent with a minor/historical figure for whom little is online. Could not access chicagosilver.com/brandt.htm (expired cert) or Wayback (blocked) to fully rule out a Chicago-Silver-era Brandt, but that page concerns a firm/family, not a 1922-born Michael J. Brandt. Honest assessment: identity unconfirmed; alive/deceased status and current role both unknown."
71,person,crafts/metalsdirectorypage/p160.html,Camille Rendal,alive/job/name-change,"Camille Rendal (b. 1955) is alive and actively teaching as of 2024-2025; the metalsmith/painter with an NMSU MFA and Otis Parsons BFA now teaches art at several Washington and New Mexico community/technical colleges and makes jewelry under the brand ""RavenSaint."" Her name is unchanged.",unknown,high,https://www.camillerendal.com/about-the-artist/ | https://www.camillerendal.net/bio | https://www.linkedin.com/in/camille-rendal-95394b122/ | https://www.ratemyprofessors.com/professor/2379511 | https://www.ratemyprofessors.com/professor/964486 | https://www.ratemyprofessors.com/professor/2159426 | https://prabook.com/web/camille.rendal/3493097,,2026-05-29,"verified=not-needed; Strong identity match on all three education data points: Otis Parsons (BFA, painting/drawing/printmaking), San Jose State (attended, no degree), New Mexico State University (MFA metalsmithing/sculpture). Archived ""currently teaching: n/a"" — she has since held many adjunct posts; Rate My Professors shows active courses as of April-May 2025 (Front Range ART234, Clover Park ART100, Santa Fe DRPT118). ""RavenSaint"" is her jewelry-line brand, NOT a personal name change. Most recent exhibition documented: FIDEM medals exhibition, Florence 2022. No obituary found; clearly living. Her .com and .net personal sites both confirm the bio (the .com site intermittently refused direct fetch but is indexed in search). LinkedIn (""Adjunct Faculty, Renton Technical College"") blocks automated fetch (HTTP 999) but title corroborates current teaching. ""still_in_archived_job"" set to unknown because the archived job field was n/a, so there is no specific prior post to compare against."
72,person,crafts/metalsdirectorypage/p161.html,Merry Renk,alive/job/name-change,"Merry Renk (born Mary Ruth Gibbs, 1921; later Merry Renk-Curtis) was a self-taught American studio jeweler/metalsmith and co-founder of the Metal Arts Guild of San Francisco. She died June 17, 2012, in San Francisco. The archived education record (Trenton School of Industrial Arts; Institute of Design, Chicago) is confirmed accurate.",unknown,high,https://en.wikipedia.org/wiki/Merry_Renk | https://snagmetalsmith.org/2012/07/in-memory-of-merry-renk/ | https://www.craftcouncil.org/post/remembering-merry-renk | https://americanart.si.edu/artist/merry-renk-6290 | http://archive.constantcontact.com/fs073/1102037603346/archive/1110300733009.html,,2026-05-29,"verified=not-needed; Strong identity match: archived birth year (1921) and both schools (School of Industrial Arts–Trenton = Trenton School of Industrial Arts; Institute of Design–Chicago = IIT Institute of Design) confirmed exactly by Wikipedia, so the archive's ""(?)"" qualifiers are resolved as correct. Archived job listed as ""n/a"" — consistent with the fact that she was a working studio goldsmith/artist, not primarily an academic; she retired from metalwork in 1982 to return to painting. Name change is high-value: born Mary Ruth Gibbs; professionally ""Merry Renk"" (1st husband Stanley Renk), later ""Merry Renk-Curtis"" (2nd husband Earle Curtis). No risk of same-name confusion — all sources agree on the jeweler/metalsmith identity."
73,person,crafts/metalsdirectorypage/p162.html,Richard Reinhardt,alive/job/name-change,"Richard H. Reinhardt (1921–1998), the Philadelphia silversmith/jeweler who founded the metalsmithing program at the Philadelphia Museum School of Art (now University of the Arts), died December 29, 1998. He was professor emeritus, having retired in 1986.",retired-emeritus,high,https://americanart.si.edu/artist/richard-h-reinhardt-6220 | https://www.silversmithing.com/new98-99.htm | https://emuseum.mfah.org/people/19642/richard-h-reinhardt | https://www.aaa.si.edu/collections/interviews/oral-history-interview-richard-reinhardt-12359 | https://snaccooperative.org/ark:/99166/w6qr7p9w | https://www.ganoksin.com/article/richard-reinhardt-discontinuous-continuity/,,2026-05-29,"verified=not-needed; Confirmed identity: matches archived record (b. 1921, BAA from Philadelphia Museum School of Industrial Art / University of the Arts). Death year clarified — some sources list ""1998,"" one institutional page says ""Died 1998 in Paoli, PA""; the Society of American Silversmiths obituary gives the precise date Dec 29, 1998 (age 77, bladder cancer), survived by wife Hazel. Spent 50+ years at the institution; established the jewelry/metalsmithing program in the 1950s, served as dean of faculty ~1970–1976, helped form the University of the Arts, named professor emeritus and received an honorary Doctor of Fine Arts (1986). No name change. An Archives of American Art oral history (1991) and a Ganoksin retrospective (""Discontinuous Continuity"") exist for further detail."
74,person,crafts/metalsdirectorypage/p163.html,Alan Revere,alive/job/name-change,"Alan Revere is alive and active. He closed the Revere Academy of Jewelry Arts in December 2017 after 40 years and retired from running the school; he continues as a goldsmith/educator (GIA consulting, online teaching community, ongoing jewelry design).",retired-emeritus,high,https://www.alanrevere.com/about-alan | https://www.alanrevere.com/revere-academy | https://nationaljeweler.com/articles/3895-revere-academy-to-close | https://www.jckonline.com/editorial-article/revere-academy-close/ | https://nationaljeweler.com/articles/11532-gia-has-enlisted-alan-revere-to-revamp-the-graduate-jeweler-program | https://www.ajdc.org/member/alan-revere/,,2026-05-29,"verified=not-needed; Born 1947, consistent with being age 70 at his 2017 retirement. The archived job (running the Revere Academy ""since 1979"") is no longer current: the Academy closed Dec 15, 2017 when no buyer was found. Education matches the metals-arts Alan Revere: degrees in psychology and art plus German goldsmith training in Pforzheim (the ""Fachhochschule für Gestaltung"" / Fachhochschul für Gestaltung Pforzheim in the record). No name change. No obituary found; he remains publicly active leading a 24,000-member jewelry-making group and consulting for GIA. Distinct from any same-named person in other fields. Confidence high on alive/retired status."
75,person,crafts/metalsdirectorypage/p164.html,Linda L. Ryan,alive/job/name-change,Linda Ryan taught jewelry/metals in the Fine Arts department at Casper College from 1982; she retired and was granted Instructor Emeritus in Art status in 2017. She is no longer on the active Visual Arts faculty.,retired-emeritus,high,https://www.caspercollege.edu/about/emeriti/ | https://www.ratemyprofessors.com/professor/798175 | https://www.caspercollege.edu/program/visual-arts-department/,,2026-05-29,"verified=not-needed; Definitive match: the Casper College emeriti page entry ""Linda Ryan (1982) — B.A. (Montana State University), M.A. (Central Washington University), M.F.A. (West Virginia University) — Instructor Emeritus, Art 2017"" matches the archived record on all three degrees, both institutions, the 1982 start year, and the Casper College affiliation. Rate My Professors confirms she taught jewelry-making classes (ART1120) at Casper College, distinguishing her from same-named painters/jewelers. She is NOT listed on the current active Visual Arts Department faculty page (Bush, Harrison, Hayward, Holcomb, Innella-Maiers, Olson), consistent with retirement. No name change found. No obituary found — alive status marked 'unknown' (emeritus is a living-designation honor but does not confirm current status; born 1952, would be ~74 in 2026). Could not locate a personal artist website or SNAG profile."
76,person,crafts/metalsdirectorypage/p165.html,Ginna Sadler,alive/job/name-change,"Ginna Sadler (Virginia ""Ginna"" Joyce Gustafson Sadler), a jeweler/metalsmith and longtime ACU art professor, taught at Abilene Christian University from 1980 until retiring in 2016 as professor emeritus; she died March 12, 2023, at age 74.",retired-emeritus,high,https://acu.edu/2023/03/20/acu-remembers-ginna-sadler/ | https://www.dignitymemorial.com/obituaries/abilene-tx/virginia-sadler-11195418 | https://www.metalcyberspace.com/jewelry/metal_artists_s.htm,,2026-05-29,"verified=confirmed; Confirmed match: born 1948 (June 25, 1948, Austin TX) matches archive; MFA jewelry design & silversmithing from Indiana University (1974) matches archived ""Graduate: Indiana MFA""; BFA art education from University of Texas at Austin (1970) matches archived ""Undergraduate: University of Texas (BFA)""; attended ACU 1966-67 matches archived ""Undergraduate: Abilene Christian University (none)""; began teaching at ACU in 1980 matches archive. Member of Society of North American Goldsmiths (SNAG). Maiden name Gustafson; professional name ""Sadler"" (married Dr. Michael E. Sadler 1973) matches the archived record, so no professional name change from the archived form. Work exhibited at the Smithsonian's Renwick Gallery. Retired 2016; held professor emeritus title at death."
77,person,crafts/metalsdirectorypage/p166.html,John E. Satterfield,alive/job/name-change,"John E. Satterfield, the metalsmith/jeweler and longtime East Carolina University metals professor, died in 2000 in Greenville, NC (where ECU is located), exactly matching the archived ""1967 to 2000"" tenure end. Born 1931, University of Kansas MFA (studied under Carlyle Smith). No name change.",no,high,https://americanart.si.edu/artist/john-satterfield-27623 | https://www.saltmagazinenc.com/the-state-of-metalsmiths/ | https://www.ganoksin.com/article/legacy-american-metalworking/,,2026-05-29,"verified=confirmed; Identity confirmed via three independent vectors matching the archived record: born 1931, University of Kansas graduate jewelry/silversmithing program, and East Carolina University metals professorship. The Smithsonian American Art Museum artist page gives life dates 1931 (Clearwater, FL) - 2000 (Greenville, NC); Greenville is ECU's city, and 2000 matches the archived tenure end date, so he died while in the post. Salt Magazine (NC) calls him ""the late John Satterfield,"" a seminal ECU metals educator (mentored Will Olney, Mitzy Jonkheer, others). The LinkedIn ""John Satterfield - MHT Consulting"" and ""Satterfield-Dempsey Jewelers"" results are different, living people and were excluded. Deceased with high confidence."
78,person,crafts/metalsdirectorypage/p167.html,Mary Ann Scherr,alive/job/name-change,"Mary Ann Scherr (née Weckman, 1921–2016) was a pioneering American metalsmith, jeweler, industrial designer and educator. She moved to Raleigh, NC in 1989 and taught at Duke, Meredith College, and NC State; she died March 1, 2016 at age 94.",no,high,https://en.wikipedia.org/wiki/Mary_Ann_Scherr | https://snagmetalsmith.org/2016/03/in-remembrance-mary-ann-scherr/ | https://news.ncsu.edu/2016/03/scherr-obituary/ | https://www.legacy.com/us/obituaries/legacyremembers/mary-ann-scherr-obituary?id=22296051 | https://gregg.arts.ncsu.edu/exhibitions/all-is-possible/ | https://www.aaa.si.edu/collections/interviews/oral-history-interview-mary-ann-scherr-12648,,2026-05-29,"verified=not-needed; Archived record confirmed and consistent: she did teach at Duke University and relocated to the Raleigh area in 1989. Born before 1930 (1921), she is a historical/legacy figure — now deceased (2016). Maiden name Weckman. First woman hired by Ford Motor Company's automotive design division post-WWII; also designed for Goodyear, Alcoa, US Steel. Work held in the Met, Renwick Gallery (Smithsonian), Vatican Museum, Goldsmiths' Hall London, MAD, Boston MFA. Known for pioneering wearable medical-monitor jewelry and work in stainless steel, aluminum, titanium. Education in archived record (Cleveland Institute of Art, University of Akron, Kent State) is plausible but not independently re-verified in this pass; obituaries emphasize Akron/Kent State ties. The 2021 Gregg Museum (NC State) retrospective ""All Is Possible: Mary Ann Scherr's Legacy in Metal"" was the first museum retrospective of her work."
79,person,crafts/metalsdirectorypage/p168.html,Marjorie Schick,alive/job/name-change,"Marjorie Schick (the archived ""Majorie"" is a misspelling) was a pioneering art-jewelry artist who taught at Pittsburg State University from 1967 until retiring in 2017; she died December 17, 2017 at age 76.",retired-emeritus,high,https://en.wikipedia.org/wiki/Marjorie_Schick | https://www.amosfamily.com/obituaries/marjorie-schick | https://www.aaa.si.edu/collections/marjorie-schick-papers-17576 | https://americanart.si.edu/artist/marjorie-schick-6281 | https://artjewelryforum.org/interviews/whoaes-afraid-of-marjorie-schick/,,2026-05-29,"verified=confirmed; Archived name ""Majorie Schick"" is a typo for ""Marjorie Schick."" Born Marjorie Ann Krask (b. Aug 29, 1941); took surname Schick on marriage in 1963 — i.e., she already used her married/professional name in the directory, so no name change relative to the record. Education matches: BS art education, University of Wisconsin–Madison; MFA jewelry/metalsmithing, Indiana University Bloomington (1966). Hired with husband James Schick at Pittsburg State (then Kansas State College at Pittsburg) in 1967; taught 50 years, retired 2017, died same year. Major collections: V&A London, Smithsonian Renwick, MFA Boston, Philadelphia Museum of Art, Hermitage, Museum of Arts and Design. ""retired-emeritus"" chosen as closest enum value (retired 2017; not explicitly emeritus before death)."
80,person,crafts/metalsdirectorypage/p169.html,Michelle Milner Scott,alive/job/name-change,"Now works professionally as ""Michelle Milner"" (appears to have dropped the surname ""Scott""); she left teaching, relocated from Texas to Cody, Wyoming, and works as an independent jewelry/metals artist, photographer and designer.",no,medium,https://michellemilner.com/ | https://www.linkedin.com/in/michelle-milner-22206623 | https://cvad.unt.edu/studioart/metalsmithingjewelry.html,,2026-05-29,"verified=confirmed; Strong identity match: her own site states an MFA in jewelry/metals from the University of North Texas (studied under Harlan Butt) and that she ""taught jewelry/metals at several local colleges in the Dallas/Fort Worth Texas area, such as the University of Texas Arlington"" — exactly matching the archive's MFA (UNT) + BFA (UT-Arlington) + DFW-area teaching (Eastfield College is in Mesquite TX, in that area). She is a living, active artist now based in Cody, Wyoming. NAME CHANGE inference: the archived ""Michelle Milner Scott"" appears to now go simply by ""Michelle Milner"" (Scott likely a married/former surname she dropped); no third-party page was found that literally spells ""Scott"" alongside ""Milner,"" so the name-change rests on the discipline+education+geography match rather than an explicit linking document — hence medium confidence. No evidence she is still at Eastfield (archived since 1995); she has clearly moved on. Site copyright reads 2019; no obituary or death record found — she is alive. (Disregard same-named Beth Millner of Michigan and other unrelated ""Michelle"" jewelers.)"
81,person,crafts/metalsdirectorypage/p17.html,Candace Gerbers Brey,alive/job/name-change,"Could not verify any current information about Candace Gerbers Brey (b. 1957), a metals/jewelry educator archived as teaching at Northeast Wisconsin Technical College since 1993. She has no findable current online presence; whether she is still teaching, retired, has changed her name, or is deceased is unknown.",unknown,low,https://www.nwtc.edu/about-nwtc/nwtc-locations/artisan-and-business-center | https://events.nwtc.edu/artisan-center/event/category/jewelry-and-metals | https://www.metalcyberspace.com/jewelry/metal_artists_b.htm | https://www.uwgb.edu/lawton-gallery/exhibitions/archives/,,2026-05-29,"verified=disputed; Extensive searching across the prioritized source types returned no direct hits for ""Candace Gerbers Brey,"" ""Candace Brey,"" or ""Candace Gerbers"" as a metalsmith/jeweler. She is NOT listed in the metalcyberspace ""B"" artist directory (confirmed by fetching that page), nor on SNAG, Wikipedia, museum collections, or any obituary/FindAGrave index searched. NWTC's Artisan & Business Center (1417 Cedar St, Green Bay, WI) still operates a Jewelry & Metals program, but NWTC does not publish individual jewelry/metals instructor names online, so I could not confirm whether she remains on staff, has retired, or has left. A potential spouse connection appears: a ""James Brey / Jim Brey"" was an art faculty member at UW-Green Bay (her BA institution) per UW-Green Bay Lawton Gallery faculty-exhibition archives (2004-2005) — plausible but unverified and not the subject. No evidence of a name change and no obituary found, but absence of an obituary is not proof she is alive. All conclusions are low confidence. The archived education detail (BA UW-Green Bay, attendance UW-Stout, MA Bradley University) could not be independently corroborated online either."
82,person,crafts/metalsdirectorypage/p170.html,Vickie Sedman,alive/job/name-change,"Vickie Lee Sedman is retired from Tyler School of Art (Temple University), where she taught metals/jewelry from 1974; she is now listed as Professor Emerita and continues her own jeweler-silversmith practice. No name change and no obituary found.",retired-emeritus,high,https://tyler.temple.edu/faculty/vickie-lee-sedman | https://tyler.temple.edu/academics/art/metals-jewelry-cad-cam/faculty | https://www.vickie-sedman.com/ | https://news.temple.edu/news/2018-10-23/new-vision-tyler-metalsjewelrycad-cam,,2026-05-29,"verified=not-needed; Identity confirmed as the correct metalsmith/jeweler: archived details (Tyler since 1974, Wayne State BFA, U. Wisconsin-Madison MFA) all match the Tyler faculty bio. She co-led the Tyler Metals/Jewelry/CAD-CAM program for decades alongside Stanley Lechtzin; the program transitioned to new leadership (Doug Bucci as program head) around 2018 when Lechtzin retired. Her name does NOT appear among current/adjunct faculty on the live Tyler Metals/Jewelry/CAD-CAM faculty page; WebFetch of that page reports her in the Faculty Emeriti section as 'Professor Emerita,' so the archived 'currently teaching since 1974' is now retired/emerita (high confidence on the job-status change). Name is unchanged (Vickie Lee Sedman). Her personal site vickie-sedman.com is active with portfolio and artist statement. alive=unknown: no obituary or death record was found (none exists in search results) and there is no evidence of death; an active website and emerita listing make it likely she is living, but I could not positively confirm with a recent dated primary source, so I am honestly marking alive as unknown rather than asserting 'yes'. Born 1949 per archive (~76-77 in 2026). Collections include Philadelphia Museum of Art and Columbus Museum of Art."
83,person,crafts/metalsdirectorypage/p171.html,Gregory P. Senn,alive/job/name-change,"Gregory P. Senn (b. 1956) was a Professor of Art at Eastern New Mexico University teaching jewelry/metals, sculpture and 3D design — the same job as in the archived record — and was still active there as of August 2023. He no longer appears on ENMU's current Department of Art faculty roster, suggesting a recent retirement or departure; no name change and no obituary found.",unknown,medium,https://gregsenn.com/resume.shtml | https://gregsenn.com/ | https://www.enmu.edu/about/news-and-events/enmu-news/general-news/2388-art-professor-passionate-about-scuba-diving | https://www.enmu.edu/academics/colleges-departments/college-of-fine-arts/academic-departments/department-of-art/faculty-staff-art | https://www.yahoo.com/entertainment/people-scuba-diving-bratwurst-035900510.html | https://kennethcurtis.com/articles/2019/05/28/artist-interview-greg-senn/ | https://prabook.com/web/gregory_paul.senn/782418,,2026-05-29,"verified=not-needed; Confirmed same person: 1956 birth, BS University of Wisconsin–Platteville, MFA West Texas State University, hired at ENMU in 1986 — all match the archived record. (His resume frames the MFA as ceramics/sculpture; his career-long teaching at ENMU is jewelry/metalsmithing + 3D, matching the metals-directory listing. He also reportedly holds an AS from UW-Marathon County and earlier attended UW-Stout, consistent with the archive's UW-Stout note.) Name unchanged. STATUS: His personal resume (last updated ~2008) lists him as Professor of Art since 2004, no emeritus. Local press (Yahoo/Portales News-Tribune, Aug 2023) and an interview show him still actively teaching at ENMU as of 2023. However, the CURRENT ENMU Department of Art faculty page does NOT list him, which points to retirement or departure sometime after 2023. No emeritus designation or obituary was found, so 'still in archived job' = unknown. He is ~70; no evidence of death — marked alive-status unknown. Did NOT confuse with same-named persons (e.g., Gregory Segura/Santa Fe Silverworks, unrelated)."
84,person,crafts/metalsdirectorypage/p172.html,Heikki Seppä,alive/job/name-change,"Heikki Seppä (archived misspelling ""Heikka Seppa""), the Finnish-American master silversmith and longtime Washington University in St. Louis metalsmithing professor (1965–1992), died May 18, 2010, at age 83. The archived ""n/a"" for current teaching is consistent — he had retired as professor emeritus.",retired-emeritus,high,https://source.washu.edu/2010/06/obituary-heikki-sepp-83/ | https://en.wikipedia.org/wiki/Heikki_Sepp%C3%A4 | https://www.cookfamilyfuneralhome.com/obituaries/heikki-seppa | https://americanart.si.edu/artist/heikki-seppa-27648 | https://www.aaa.si.edu/collections/interviews/oral-history-interview-heikki-sepp-12958,,2026-05-29,"verified=not-needed; Archived name ""Heikka Seppa"" is a misspelling of Heikki Seppä; same person confirmed by matching biography (born 1927, Goldsmith School of Helsinki + Central School of Industrial Art of Finland education exactly matches the archived education field). No name change — ""Heikki Seppä"" is the standard spelling; full name Heikki Markus Seppä. Notable for introducing reticulation to the US, developing shell-structure metal forming, author of ""Form and Emphasis for Metalsmiths"" (1978). Declared a national treasure by the American Crafts Council (1987). Deceased, high confidence (multiple independent obituaries: WashU, Bainbridge Island Review, funeral home)."
85,person,crafts/metalsdirectorypage/p173.html,Rebecka Sexton,alive/job/name-change,"The metalsmith/jeweler Rebecka Sexton left academia and metalsmithing in the mid-2000s and built a second career in human-centered design and healthcare service design; she is alive and active, now a Senior Design Strategist at Health Care Service Corporation (Blue Cross Blue Shield of Illinois) in Chicago. Same name; no longer at the School of the Art Institute of Chicago.",no,high,https://www.rebeckasexton.com/ | https://www.rebeckasexton.com/get-in-touch | https://www.id.iit.edu/wp-content/uploads/2016/02/RSexton_S2016.pdf | https://www.coroflot.com/rsexton/profile | https://www.linkedin.com/in/rebeckasexton/ | https://finearts.utexas.edu/alumni/spotlight/rebecka-sexton-named-director-unitedhealth-group-program | https://www.zoominfo.com/p/Rebecka-Sexton/1444416463,,2026-05-29,"verified=confirmed; Identity confirmed by matching education exactly: archived record lists BFA University of North Carolina (her resume: BFA UNC-Greensboro, Design) and MFA University of Texas-Austin (her resume: MFA UT Austin, Sculpture). Her fine-arts pedigree is consistent with a metals career — Illinois Arts Council Individual Arts Awards 2001 & 1997, Rome Prize Finalist (American Academy in Rome) 1995, Chinati Foundation artist-in-residence in Marfa 1996, and a Coroflot bio describing managing a jewelry design facility and developing curriculum (the SAIC metals/jewelry teaching role from ~1995). She then earned a Master of Design Methods (2011) / MSc in Innovation Strategy from IIT Institute of Design, Chicago, and pivoted fully to design strategy. Career chain: SAIC metals faculty → IDEX (2004-2009) → IIT ID → various design-research roles (Chamberlain, Sylver/Root Learning, SC Johnson) → Carilion Clinic, OSF HealthCare, and now Health Care Service Corporation. Born 1964 plausible but not independently re-verified. NAME UNCHANGED. Not deceased — no obituary; multiple current active profiles (LinkedIn, personal site, ZoomInfo). NOTE: do not confuse with the archived metals identity vs. her current design-strategy persona — they are the SAME person, just a complete career change."
86,person,crafts/metalsdirectorypage/p174.html,Helen Shirk,alive/job/name-change,"Helen Shirk (b. 1942), the metalsmith/jeweler, is still living. She taught at San Diego State University from 1975 to 2010 and retired as Professor of Art Emeritus; she received the SNAG Lifetime Achievement Award in 2017.",retired-emeritus,high,https://en.wikipedia.org/wiki/Helen_Shirk | https://snagmetalsmith.org/2017/04/2017-laa-helen-shirk/ | https://www.craftinamerica.org/artist/helen-shirk/ | https://www.wikidata.org/wiki/Q106232497,,2026-05-29,"verified=not-needed; Identity confirmed as the correct metals-arts educator: SDSU jewelry/metalwork program, Skidmore + Indiana University (MFA under Alma Eikerman, 1969), Fulbright at Kunsthaandvaerkerskolen Copenhagen. Wikipedia categorizes her under ""Living people"" (age 83–84). The archived ""since 1975 at SDSU"" is now updated: she retired in 2010 as Professor of Art Emeritus. No name change found. Obituaries surfaced in search (e.g., Helen G. Shirk 1920–2023, Denver PA) are unrelated same-name individuals, NOT this artist. No name change."
87,person,crafts/metalsdirectorypage/p175.html,Jin-Hwan Shu,alive/job/name-change,"No reliable current information could be located for the metalsmith Jin-Hwan Shu (b. 1956). The archived employer ""Seoul National Polytechnical University"" is now Seoul National University of Science and Technology (SeoulTech); its current Metal Art & Design faculty roster does not list this person, consistent with (but not proof of) retirement given an age of ~70. Alive/deceased status, any name change, and current role are all genuinely unknown.",unknown,low,https://metalartdesign.seoultech.ac.kr/d_introduction/prof_introduction | https://metalartdesign.seoultech.ac.kr/ | https://www.newpaltz.edu/fpa/mfa/areas-of-study/metal/ | https://cfa.hongik.ac.kr/front/boardlist.do?bbsConfigFK=2&searchLowItem=7 | https://www.ganoksin.com/article/seven-korean-metalsmiths/,,2026-05-29,"verified=disputed; Searches across SeoulTech metal faculty page, SUNY New Paltz MFA/SOAR theses, SNAG, Ganoksin's ""Seven Korean Metalsmiths,"" and the metalcyberspace artist index produced no match for this individual. The romanization ""Shu"" is non-standard for Korean surnames (plausibly Seo/서, Joo-Ju/주, or Chu/추), which hampered targeted searching; no Hangul form was confirmable. The archived path ""Seoul National Polytechnical University since 1990"" maps to today's SeoulTech, whose Metal Art & Design department dates back ~40 years and is the correct lineage. Current SeoulTech metal-art professors found (none matching): Choi Seung Wook, Cha Kyung-Chul, Shin Jae-Hyup, Chung Hoyeon, Lee SeungHyun. No obituary and no name-change evidence were found in either direction. Do not treat absence-from-roster as confirmed retirement. No source URL was invented; none of the sources below actually names this person, so confidence is low and key fields are 'unknown'."
88,person,crafts/metalsdirectorypage/p176.html,Zaven Zee Sipantzi,alive/job/name-change,"A UCLA-educated metalsmith/jeweler born 1929 with essentially no online footprint; the only verifiable trace is a 2008 obituary naming ""Zaven & Irene Sipantzi of Valley Village"" (Los Angeles) as in-laws, placing him alive in 2008 and resident in the San Fernando Valley. Given his ~1929 birth year, he is likely deceased now, but no obituary or death record for him was found.",unknown,low,https://www.legacy.com/us/obituaries/dailybreeze/name/arnold-hassoldt-obituary?id=24250537,,2026-05-29,"verified=not-needed; Identity is hard to confirm: ""Sipantzi"" is a rare surname (other web hits are unrelated relatives such as Terri/Sabrina Sipantzi in film/tech, and Vahan Sipantzi). No artist website, faculty page, Wikipedia entry, SNAG profile, museum collection, or Find a Grave memorial was located for this person. The education detail ""California State College (MS)"" most likely refers to a Cal State campus (e.g., Cal State LA) art/art-education program, consistent with mid-20th-century LA-area metals/enamel teaching, but this could not be independently verified. The 2008 in-law obituary places a ""Zaven Sipantzi"" of Valley Village, LA — geographically and demographically consistent with the archived record (UCLA, LA, born 1929) — but it does not state his profession, so the match is probable rather than certain. Alive=likely-deceased is inferred from age (~97 in 2026) plus the last confirmed sighting being 2008; confidence is low because no death record was found and the artistic identity itself is only weakly corroborated."
89,person,crafts/metalsdirectorypage/p177.html,Olaf Skoogfors,alive/job/name-change,"Olaf Skoogfors, a major American studio metalsmith/jeweler born in Sweden in 1930, died of a heart attack in December 1975 at age 45 while a professor and metals-department chairman at the Philadelphia College of Art. Born Gustav Olaf Jansson, he was professionally known as Olaf Skoogfors.",no,high,https://en.wikipedia.org/wiki/Olaf_Skoogfors | https://www.ganoksin.com/article/memory-olaf-skoogfors-1930-1975/ | https://www.aaa.si.edu/collections/olaf-skoogfors-papers-9976 | https://collection.cooperhewitt.org/people/18044417/bio | https://emuseum.delart.org/people/1694/olaf-skoogfors,,2026-05-29,"verified=confirmed; Identity confirmed as the metals-arts educator: studied at Philadelphia Museum School of Art and the School for American Craftsmen / RIT, matching the archived education field. Archived ""currently teaching at: n/a"" is consistent — he had already been long deceased when the directory was active. Name: born ""Gustav Olaf Jansson,"" used the professional name ""Olaf Skoogfors"" throughout his career (not a later/married rename; his canonical name is Olaf Skoogfors). His papers are held at the Smithsonian Archives of American Art; work is in the Cooper Hewitt and Delaware Art Museum collections. A posthumous retrospective (""Olaf Skoogfors: 20th century goldsmith, 1930-1975"") toured in 1979."
90,person,crafts/metalsdirectorypage/p178.html,Carlyle H. Smith,alive/job/name-change,"Carlyle H. Smith (1912–2004) was a pioneering American silversmith/jeweler who founded the University of Kansas jewelry & silversmithing program — the first at a U.S. state university — and taught there for 30 years (1947–1977). He died November 11, 2004, in Pittsburg, Kansas, at age 93.",retired-emeritus,high,https://americanart.si.edu/artist/carlyle-h-smith-4491 | http://www2.ljworld.com/news/2004/nov/13/pioneer_silversmith_left/ | https://www.aaa.si.edu/collections/interviews/oral-history-interview-carlyle-h-smith-13056 | https://artjewelryforum.org/schools/university-of-kansas/,,2026-05-29,"verified=not-needed; Education confirmed: undergraduate at Rhode Island School of Design (matches archived ""RISD (?)""), apprenticed under master jeweler Augustus Rose. Works held in the Smithsonian American Art Museum (Renwick Gallery) and Museum of Fine Arts, Boston; the KU metalsmithing studio bears his name. His students include noted metalsmiths Bob Ebendorf, Richard Mawdsley, and John Satterfield. IMPORTANT DISAMBIGUATION: do NOT confuse with ""Carlyle Shreeve Smith"" (1915–1993), an archaeologist also at the University of Kansas — a different person in a different field. The archived MFA-at-Kansas note may be a directory error or refer to a later honorary/degree detail; primary sources consistently describe RISD as his training and his role at KU as founding faculty, not as a graduate student. Archived ""currently teaching: n/a"" is consistent with his 1977 retirement and 2004 death."
91,person,crafts/metalsdirectorypage/p179.html,Romona Solberg,alive/job/name-change,"The archived ""Romona Solberg"" is the studio jeweler/metalsmith Ramona Solberg (1921–2005), a directory misspelling. She earned her BA and MFA at the University of Washington and taught there until retiring in 1983; she died June 13, 2005, in Seattle.",retired-emeritus,high,https://en.wikipedia.org/wiki/Ramona_Solberg | https://americanart.si.edu/artist/ramona-solberg-5750 | https://www.seattletimes.com/seattle-news/ramona-solberg-jeweler-teacher-world-traveler-dies/ | https://www.craftinamerica.org/artist/ramona-solberg/ | https://www.aaa.si.edu/collections/interviews/oral-history-interview-ramona-solberg-12835,,2026-05-29,"verified=not-needed; Name in the archive (""Romona"") is a typo for ""Ramona"" (full name Ramona Lorraine Solberg) — not a true name change. Born before 1930, deceased historical figure: pioneer of found-object/assemblage art jewelry, ""grandmother of Northwest found-art jewelry."" Education matches archived record exactly (UW BA 1951, MFA 1957). The archived ""currently teaching: n/a"" is consistent — she had retired (1983) and died in 2005, well before the directory went offline."
92,person,crafts/metalsdirectorypage/p18.html,Barney P. Brienza,alive/job/name-change,"Barney P. Brienza, the archived metals/jewelry educator, is confirmed as the longtime art professor who joined Western Montana College (now University of Montana Western) in 1971 and taught jewelry, blacksmithing, glass and clay; he retired after 35+ years (~2006-2007) and moved to New Mexico. No obituary was found, so his survival status is unknown.",retired-emeritus,medium,https://mtstandard.com/entertainment/exhibit-honors-retiring-brienza/article_61c524ee-1a68-5a7e-92fe-d90fb39f0d7b.html | https://mtstandard.com/news/local/retirements-at-um-western-leaving-big-shoes-to-fill/article_4d863996-e02f-529b-8ecb-b5237de746bb.html | https://tendoyfineartgallery.com/tendoy-artists/ | http://www.temple.edu/crafts/metalsdirectorypage/p18.html,,2026-05-29,"verified=not-needed; Strong, unambiguous identity match: a Montana Standard retirement-tribute article confirms he joined the UM-Western faculty in 1971, taught sculpture/clay/crafts/art history and self-introduced glass blowing, stained glass, artist blacksmithing and jewelry (building many of his own tools), held both BA and MA from Western New Mexico University, and exhibited/sold work in Wyoming and Utah galleries — all matching the archived record (b. 1942, WNMU BA/MA, Western Montana College since 1971). Western Montana College was renamed University of Montana Western. He retired after serving 35+ years (so ~2006-2007, not 2022; the 2022 article dates appear to be republish/archive dates) and relocated to New Mexico to keep making art. He is also remembered as a 'master potter.' No obituary found in Dillon (MT) or New Mexico obituary sources; born 1942 he would be roughly 84 in 2026, so 'alive' is genuinely uncertain. No name change found. No personal website, SNAG, or museum-collection page located."
93,person,crafts/metalsdirectorypage/p180.html,Barry Stern,alive/job/name-change,"No verifiable current information could be found for the jeweler/metalsmith Barry Stern (b. 1948) archived as teaching at Long Island University since 1985. Web searches surface only unrelated same-named individuals; his current status, role, and whether he is alive are all unknown.",unknown,low,https://en.wikipedia.org/wiki/Barry_Stern_(art_dealer) | https://www.columbiapsychiatry.org/profile/barry-l-stern-phd | https://www.liu.edu/post/academics/school-of-visual-arts | https://snagmetalsmith.org/member-directory/,,2026-05-29,"verified=disputed; Extensive searching (name + Long Island University / LIU Post / CW Post; name + MICA / School of Visual Arts; name + jeweler/metalsmith/goldsmith/metalwork; SNAG and metalcyberspace member directories; obituary searches; born 1948) returned NO match for this metals-arts educator. The name collides with several unrelated people who must NOT be confused with him: (1) Barry Stern, an Australian art dealer/gallery owner in Sydney, d. 2024 age 91 — Wikipedia subject, not a metalsmith; (2) Barry Stern, a London manufacturing jeweller on LinkedIn; (3) Barry L. Stern, PhD, a Columbia University psychiatry professor; and several unrelated obituaries (Barry Anthony Stern of Bridgeport d. 2015; Barry Roger Stern d. 2015; etc.) none of which describe a jewelry/metals art teacher. Could not access the original Tyler/Wayback directory page (web.archive.org and tributearchive.com blocked/403). LIU Post art department pages mention jewelry studios in the Crafts Center but no faculty named Stern. No faculty page, artist site, museum collection, or obituary confirming this specific person was found. Status genuinely unknown; confidence low. No source URL fabricated."
94,person,crafts/metalsdirectorypage/p181.html,Sara Sloan Stine,alive/job/name-change,"Sara Sloan Stine is alive and still at the same institution archived in the directory. She remains Director of Metals + Glass at Sawtooth School for Visual Art (Winston-Salem, NC), where she has worked since 1987; the institution has been renamed from ""Sawtooth Center for Visual Art"" to ""Sawtooth School for Visual Art."" Her role has expanded (added Wood in 2012, Lapidary in 2018, and she founded the Metal Clay Artist Symposium in 2016).",yes,high,https://sawtooth.org/staff-detail/sara-sloan-stine/ | https://sawtooth.org/news-events/stories/story-001/ | https://sawtooth.org/studios/metals-lapidary/,,2026-05-29,"verified=not-needed; Identity confirmed via institution's own staff page: same name, same employer (Sawtooth, since 1987), same Iowa State University metalsmithing education (studied under master metalsmith Chuck Evans) cited in the archived record. The only change is the institution's own renaming from ""Center"" to ""School"" for Visual Art. No name change — ""Sara Sloan Stine"" appears to be her consistent professional name (Sloan = middle/maiden name). No obituary; she is described as actively employed with over 30 years as a silversmith. Title evolved from a coordinator role to Director of Metals and Glass programs."
95,person,crafts/metalsdirectorypage/p182.html,Martin Streich,alive/job/name-change,"Martin (""Marty"") Streich is confirmed as a real Jewelry/Metal Arts faculty member at the California College of Arts and Crafts, matching the archived record; he led CCAC's El Molino campus in Mexico in 1968 and mentored metals students. No obituary was found, but given a 1926 birth (he would be ~100) he is likely deceased; this could not be confirmed.",no,low,https://libraries.cca.edu/exhibitions/50-years-ago/ | https://jenniferbanksdesigns.com/about/ | https://snagmetalsmith.org/wp-content/uploads/2023/07/Reflection_100_Booklet_by_Jack_da_Silva.pdf,,2026-05-29,"verified=confirmed; Strong corroboration that the archived person is genuine and correctly placed at CCAC's Jewelry/Metal Arts program: (1) CCA Libraries' ""CCA 50 Years Ago"" exhibition documents faculty Martin Streich directing the El Molino campus in Erongaricuaro, Mexico, in 1968, suspended after he and another faculty member were detained during the Mexico City student uprisings/Olympics. (2) A former student (Jennifer Banks Designs) names ""Marty Streich"" as her primary Jewelry and Metal Arts instructor at CCAC and ""one of the most important people in my life."" (3) A SNAG booklet, ""100 Years of Jewelry/Metal Arts at California College of the Arts"" by Jack da Silva, covers the program's history (image-based PDF; text not machine-readable in this session, but it is the canonical program history that would contain him). No obituary, death date, name change, married/professional rename, museum memorial, Wikipedia page, or personal website was found. He does not appear on current CCA Jewelry + Metal Arts faculty lists, consistent with the archived 1959 start and a career ending decades ago. Alive status set to 'unknown' (likely deceased on age grounds but unverified). Confidence low specifically on alive/death and exact role title; the CCAC Jewelry/Metal Arts identity itself is well supported. Be aware several unrelated living people share the name ""Martin Streich"" (German politician, paraglider pilot, an aerospace plastics director on LinkedIn) — these are NOT the metalsmith and should not be merged."
96,person,crafts/metalsdirectorypage/p183.html,Robert Streppone,alive/job/name-change,"Robert Streppone is still the founder and director of Studio Jewelers, Ltd. in midtown Manhattan, the same institution listed in the archive (which he founded in 1979). He remains actively listed on the school's current faculty page and appears in 2026-era business listings.",yes,high,https://studiojewelersltd.com/faculty/ | https://studiojewelersltd.com/ | https://www.yelp.com/biz/studio-jewelers-new-york | https://opendatany.com/corporation.php?id=577349,,2026-05-29,"verified=not-needed; Strongly corroborated and current. The live faculty page (studiojewelersltd.com/faculty) names him as founder/director, ""Since 1979,"" teaching jewelry making, with a B.S. and M.S. in Industrial Arts Education plus an AAS degree -- consistent with the archive's CCNY BS/MS. The school is now at 32 E 31st St, New York, NY 10016, with active 2026 business/Yelp listings. No obituary or death record found anywhere; no name change. Born 1950, so ~75-76 in 2026, consistent with still directing the school. Could not find a separate personal artist site, Wikipedia, SNAG, or museum page -- his canonical online presence is the school he founded and still runs. Alive marked 'yes': no death evidence and active institutional presence."
97,person,crafts/metalsdirectorypage/p184.html,Donald P. Taylor,alive/job/name-change,"Donald P. Taylor (b. 1944), a Green Bay artist who worked across metals/sculpture/ceramics, joined St. Norbert College ~1984 and served as galleries director, curator, and adjunct associate professor of art until retiring in 2011, when he was named Director of Galleries and Curator Emeritus. No obituary found; he appears in University of Puget Sound's 2020-21 alumni donor list, indicating he was alive at least then.",retired-emeritus,medium,https://blog.sl.edu/news/slc-names-art-gallery-for-green-bay-s-donald-p-taylor | https://snc.edu/helpful-info/business-community/community-events-programs/gallery-exhibitions | https://www.pugetsound.edu/support-puget-sound/2020-21-donors/alumni-donors-2020-21,,2026-05-29,"verified=not-needed; Strong match to the archived record: archived ""since 1984"" aligns with his 27-year tenure ending in 2011; archived ""University of Puget (MFA)"" = University of Puget Sound, corroborated by his appearance on the UPS 2020-21 alumni donor list. He is most often described in sources as a sculptor/ceramist, but the directory and a broad studio-art role support the metals/jewelry-educator context. No name change. No obituary located (a same-named Donald P. Taylor who died 2017 in Conway, NH is a DIFFERENT person; likewise the Dallas printmaker ""Don Taylor"" at Brookhaven College is unrelated). Alive status marked unknown: living donor record from 2020-21 but no 2022-2026 confirmation, and he would be ~82 in 2026. Could not load the SLC article directly (server refused); details come from search snippets."
98,person,crafts/metalsdirectorypage/p185.html,Pat Taylor,alive/job/name-change,"Could not confirm any identity for this jeweler/metalsmith (b. 1937, University of Miami AB, Indiana University MFA). No reliable online trace exists, and the archived ""Miami Jewelry Institute since 1985"" cannot be linked to them.",unknown,low,https://www.miamijewelryinstitute.com/meet-our-team.html | https://www.miamijewelryinstitute.com/about-us.html | https://eskenazi.indiana.edu/about/areas-programs/metals/index.html | https://art.as.miami.edu/about/faculty-and-staff/index.html,,2026-05-29,"verified=disputed; Exhaustive search (institution page, Google, obituaries, SNAG, Indiana University Eskenazi/metals) found NO identifiable record of this specific person. The name ""Pat Taylor"" is extremely common, producing many unrelated obituaries and individuals (none confirmably a Miami jeweler/metalsmith born 1937); none could be matched on field, birth year, or education, so alive/deceased is genuinely unknown. CAUTION on the employer: the entity now operating as ""Miami Jewelry Institute"" (miamijewelryinstitute.com) is an UNRELATED modern trade school — founded 1986/1987 as the ""First Institute of Gemology and Jewelry School of Florida"" by Philippe Moutardier, renamed ""Miami Jewelry School"" in 2006, and only renamed ""Miami Jewelry Institute"" in Feb 2024 under Dr. Samanthessa R. Jacob. Its current team roster contains no Pat/Patricia Taylor. The archived 1985 ""Miami Jewelry Institute"" therefore appears to be a different/defunct school or a directory naming idiosyncrasy. No name change found, but absence of evidence is not evidence of absence — name_changed=false reflects ""no change found,"" not high confidence. Recommend manual follow-up via Indiana University MFA alumni archives or University of Miami art department records."
99,person,crafts/metalsdirectorypage/p186.html,Billie Jean Theide,alive/job/name-change,"Billie Jean Theide is alive and is now Professor Emerita of Art (formerly chair of the metals program) at the University of Illinois at Urbana-Champaign — the same institution in the archived record, now retired/emeritus. Still active as a working metalsmith/jeweler.",retired-emeritus,high,https://www.billietheide.com/about | https://art.illinois.edu/people/profiles/billie-theide/ | https://en.wikipedia.org/wiki/Billie_Jean_Theide | https://americanart.si.edu/artist/billie-jean-theide-27923,,2026-05-29,"verified=not-needed; Same person confirmed: metalsmith/goldsmith, BFA Drake University, MFA Indiana University, b. 1956, long career at University of Illinois Urbana-Champaign — all matching the archived record. Held the Inaugural James Avery Endowed Chair and is a Distinguished Member and Past-President (1995-1997) of the Society of North American Goldsmiths. Work in collections of the Smithsonian/Renwick, de Young, Museum of Arts & Design, Nelson-Atkins, and European museums. No name change. Recent activity (Etsy shop, Instagram feature in 2025) confirms she is alive and still working. Has a Wikipedia article."
100,person,crafts/metalsdirectorypage/p187.html,Rachelle Thiewes,alive/job/name-change,"Rachelle Thiewes is alive and an active studio jeweler in El Paso; she taught metal arts at UTEP from 1976 to 2014 and is now professor emerita. Named the Metal Museum's 2021 Master Metalsmith, with work in the Smithsonian, Met, V&A, and other major collections.",retired-emeritus,high,https://en.wikipedia.org/wiki/Rachelle_Thiewes | https://www.metalmuseum.org/rachellethiewes | https://www.utep.edu/rubin/exhibitions/past/rachelle-thiewes.html | https://americanart.si.edu/artist/rachelle-thiewes-6784 | https://galleryloupe.com/artists/rachelle-thiewes/,,2026-05-29,"verified=not-needed; Archived record matches exactly: born 1952, UTEP since 1976, BA from Southern Illinois University (Carbondale), MFA from Kent State University. The Western Illinois University ""(none)"" undergrad note is consistent with her completing the BA at SIU. Since the archive went offline she retired (~2014) and became professor emerita, but remains an active exhibiting artist (El Paso Museum of Art ""PAINT"" exhibition 2025; 2021 Master Metalsmith honor). No name change; no obituary found."
101,person,crafts/metalsdirectorypage/p188.html,Richard Thomas,alive/job/name-change,"Richard Thomas (1917–1988) was the metalsmith and educator who re-established and headed the Cranbrook Academy of Art metalsmithing department from 1948 to 1984, establishing one of the nation's first college metalsmithing degree programs; he died in 1988 in Ypsilanti, Michigan.",no,high,https://cranbrookkitchensink.com/2015/01/23/photo-friday-the-art-of-richard-thomas/ | https://archives.cranbrook.edu/repositories/2/resources/131 | https://archives.cranbrook.edu/agents/people/126 | https://www.aaa.si.edu/collections/richard-thomas-papers-9244 | https://www.aaa.si.edu/collections/interviews/oral-history-interview-richard-thomas-12006,,2026-05-29,"verified=not-needed; Strong match to the archived record: born 1917, undergraduate BS from State Teachers College at Indiana (PA, now IUP), MFA from Cranbrook Academy of Art (1948, in painting). He then re-established Cranbrook's metals program at Zoltan Sepeshy's request and led it for 36 years (head 1948–1984). Author of the widely used textbook ""Metalsmithing for the Artist-Craftsman""; known for liturgical work in 90+ churches/synagogues/temples, the Cranbrook Ceremonial Mace, the Saarinen Medal; received the Cranbrook Founders Medal (1981) and an NEA grant (1979). Name unchanged. Archive job field was ""n/a"" — consistent with a deceased historical figure. Smithsonian Archives of American Art holds his papers and a 1978 oral history interview. Confidence high; death date corroborated by Cranbrook Archives and the Cranbrook Center for Collections blog."
102,person,crafts/metalsdirectorypage/p189.html,Nancy Kunkle Thompson,alive/job/name-change,"Nancy Kunkle Thompson was a jewelry/metalsmithing professor and Chair of the Crafts Department at VCU, credited by alumni with building the program; she is long retired and her current living status could not be confirmed (no matching obituary found).",retired-emeritus,low,https://blogs.vcu.edu/enews/2013/12/11/alumni-give-thanks/ | https://arts.vcu.edu/craft-material-studies/ | https://arts.vcu.edu/academics/departments/craft-material-studies/areas-of-study/metal/,,2026-05-29,"verified=confirmed; Identity confirmed via a 2013 VCU Office of Alumni Relations post, where alumnus Steven Suessmann names ""Nancy Kunkle Thompson, my Jewelry & Metalsmithing teacher, Chair of the Crafts Department who helped make it into the power house department that it is today"" — directly matching the archived record (VCU, jeweler/metalsmith, since 1969). Born 1941, so ~85 in 2026; the past-tense testimonial and current chair being Kristin Caskey indicate she is long retired (likely emerita, though ""emerita"" not explicitly verified). No name change evident; ""Kunkle"" appears to be maiden name, ""Thompson"" married. NO obituary matching her was found — the several ""Nancy Kunkle"" obituaries located belong to different people (Nancy C. Kunkle of OH; Nancy Kunkle Carey b.1929 of Staunton VA; Nancy Kunkle of Johnson City NY, 2011) and do not match her profile or birth year. Multiple unrelated ""Nancy Thompson"" results (VCU Health nurse practitioner; Emory epidemiologist; contemporary artist Nancy M. Thompson at nancymthompson.com) were excluded. Alive status left 'unknown'; leaning still-living but unconfirmed. No personal website, SNAG profile, or museum-collection page located."
103,person,crafts/metalsdirectorypage/p19.html,Kathy Buszkiewicz,alive/job/name-change,"Kathy Buszkiewicz is the metalsmith/jeweler from the archived record (Ball State BS, Indiana University MFA, CIA since 1983 — exact match). After 40 years she left the Cleveland Institute of Art at the end of the 2023-24 fiscal year when her ranked Jewelry+Metals faculty position was eliminated for ""sustainability"" reasons; she is no longer in the archived job. No evidence of a name change or death.",no,high,https://www.cia.edu/faculty-and-staff/kathy-buszkiewicz/ | https://www.change.org/p/petition-to-keep-kathy-buszkiewicz-and-matthew-hollern-at-cia | https://www.cia.edu/academics/jewelry-metals,,2026-05-29,"verified=confirmed; Identity is firmly confirmed: the archived education (Ball State University BS, Indiana University MFA) and ""CIA since 1983"" exactly match her CIA bio and press. Born in Indiana; known for sculptural work using shredded U.S. currency; work held by Museum of Fine Arts Boston, Philadelphia Museum of Art, Swiss National Museum. Recipient of the Viktor Schreckengost Award for Distinguished Teaching (2005) and four Ohio Arts Council Individual Excellence Awards. DEPARTURE: In April 2024 CIA announced her position (along with colleague Matthew Hollern's) would be eliminated effective end of the 2023-24 fiscal year; a Change.org petition opposed this. So ""still in archived job"" = no (involuntarily separated, not voluntary retirement/emeritus). ALIVE: No obituary found; nothing suggests she is deceased, but no explicit recent confirmation of her being alive was located either — I set alive='unknown' (the schema's enum required a value here; she is most likely alive given the 2024 employment context, but unverified). The note: I could NOT find an independent confirmation of life status, so treat alive as unconfirmed-but-presumed-living. NOTE: 'CIA' here = Cleveland Institute of Art, not the federal agency; some searches polluted by that collision were ignored."
104,person,crafts/metalsdirectorypage/p190.html,Lorin S. Thunell,alive/job/name-change,"Lorin Thunell is alive and active. After roughly 30 years teaching jewelry at the high school level (matching the archived Brighton High School, UT entry), he moved to teaching jewelry/metals at Salt Lake Community College, and runs a contemporary jewelry studio (""4CSilverworks"") inspired by Fremont/Anasazi petroglyphs.",no,high,https://www.linkedin.com/in/lorin-thunell-4a8283b9/ | https://www.etsy.com/people/4CSilverworks | https://www.legacy.com/us/obituaries/deseretnews/name/florence-thunell-obituary?id=23768439 | https://catalog.slcc.edu/content.php?catoid=1&navoid=17,,2026-05-29,"verified=confirmed; Strong match: Utah native, University of Utah background, ~30 years of high-school jewelry teaching (consistent with Brighton High School since 1988), now jeweler/instructor. Profiles describe him studying at BYU and the University of Utah, consistent with the archived BFA (Utah) + M.Ed. (BYU). Referenced as an SLCC metalsmithing professor/mentor as recently as 2024. No obituary found for him; he appears as a surviving son (""Lorin (Susan)"") in his mother Florence Thunell's 2013 obituary, confirming wife Susan and that his name is unchanged. Etsy (4CSilverworks) and LinkedIn were rate-limited (HTTP 999/403) so could not be fetched directly, but search snippets corroborate. This is the metals/jewelry educator, not the same-named SLCC people in other fields."
105,person,crafts/metalsdirectorypage/p191.html,Enzo Torcoletti,alive/job/name-change,"Enzo Torcoletti (b. 1943) is alive and active; he taught at Flagler College from 1971 and is now Emeritus Professor of Art there (retired from full-time teaching ~2007), continuing as an independent sculptor in St. Augustine and Italy.",retired-emeritus,high,https://historiccoastculture.com/artist/enzo-torcoletti/ | https://www.barton.edu/barton-art-galleries-to-host-reception-for-artist-in-residence-enzo-torcoletti-on-march-14/ | https://www.linkedin.com/in/enzo-torcoletti-b7919718/ | https://www.carlylegalleries.net/enzo-torcoletti | https://artsondouglas.net/collections/enzo-torcoletti,,2026-05-29,"verified=not-needed; Directory data confirmed: born 1943, Flagler College since 1971, University of Windsor (BA 1968 English Lit / BFA 1969 Sculpture & Printmaking), Italian art institute (Istituto Statale d'Arte A. Apolloni, Urbino), MFA Sculpture Florida State University 1971. Now Emeritus rather than active full-time faculty. Strong evidence of being alive in 2024-2025: served as spring artist-in-residence at Barton College in March 2024 (""Unedited"" exhibition); received Florida Council on Arts & Culture ""Ambassador of the Arts"" award in 2023; LinkedIn lists him as retired independent sculptor/designer. No obituary found. He is primarily a sculptor (stone, wood, bronze/cast metal, ceramic) rather than a jewelry-scale metalsmith, but identity matches the archived record exactly. No name change."
106,person,crafts/metalsdirectorypage/p192.html,Olli Peter Valanne,alive/job/name-change,"Olli Peter Valanne (1928 Helsinki, Finland - 2011 Lawrence, Kansas) was an artist and professor at the University of Kansas from 1974 until retirement; he died March 2, 2011 at age 82. The archived ""retired since 1993"" status is consistent with his confirmed death.",retired-emeritus,high,https://www.warrenmcelwain.com/obituaries/olli-p-valanne | https://www.ancientfaces.com/person/olli-peter-valanne-birth-1928-death-2011/51885353 | https://www.geni.com/people/Olli-Peter-Valanne/6000000094764568910,,2026-05-29,"verified=not-needed; Strong identity match: born 1928, tied to University of Kansas (archived record lists his MFA from University of Kansas, where he then taught). Obituary names him ""an artist and Professor at the University of Kansas from 1974 until he retired"" — does not explicitly state metals/jewelry discipline, but the field, birth year, and KU affiliation align with the directory entry. Genealogy records (AncientFaces, Geni, Ancestry) independently corroborate the 1928-2011 dates and Lawrence, KS residence. Name not changed. No same-name field confusion identified (a separate ""Olli Wisdom"" musician and ""1928 Jewelry Company"" are unrelated). The one minor discrepancy: obituary mentions a memorial at the ""Carnegie Building in Cleveland,"" but all biographical anchors point to Lawrence, Kansas / University of Kansas."
107,person,crafts/metalsdirectorypage/p193.html,George Paul Van Duinwyk,alive/job/name-change,"Confirmed as a real metal artist: the Metalcyberspace artist index lists ""George Paul van Duinwyk b.1941 NY USA,"" matching the archived record. Beyond that single directory listing he has essentially no online footprint as a practicing or teaching metalsmith, and no obituary, current faculty page, name change, or recent activity could be found.",unknown,low,https://www.metalcyberspace.com/jewelry/metal_artists_v.htm | https://lawyers.findlaw.com/profile/view/4227501_1 | https://law.justia.com/cases/rhode-island/supreme-court/1986/511-a-2d-975.html,,2026-05-29,"verified=confirmed; The archived ""currently teaching: n/a"" is consistent with findings — no current or past faculty/teaching page was located for him in metals/jewelry. No name change found. No obituary or death record found, so alive/deceased is unknown (he would be ~84-85 in 2026). NOTE on a possible same-name confusion/match: a same-named attorney, ""George Paul van Duinwyk,"" practices criminal/family law in Fall River, MA with ties to Middletown, RI (geographically near RISD/Providence, where he earned his MFA), and a 1986 RI Supreme Court divorce case ""Van Duinwyk v. Van Duinwyk"" exists. This could plausibly be the same individual (an art MFA who later became a lawyer), but no source documents a link between the metalsmith and the lawyer, so it is NOT asserted — flagged only as an avenue and a same-name caution. Education in archived record (CSU BA, CSU Long Beach MA, RISD MFA) could not be independently corroborated online."
108,person,crafts/metalsdirectorypage/p194.html,Dr. Geraldine Velasquez,alive/job/name-change,"Geraldine Khaner Velasquez taught art (jewelry, enamel, fiber, textile, fine art) at Georgian Court College/University from 1980 until she retired as Professor Emerita in 2015, then moved to Holly Springs, NC and taught art-history lectures at OLLI at NC State. Born Dec 24, 1943; no obituary found, but listed status was set conservatively.",retired-emeritus,high,https://ollincstate.wordpress.com/2019/10/14/geraldine-khaner-velasquez-olli-instructor-profile/ | https://prabook.com/web/geraldine_khaner.velasquez/775278 | https://tworivertimes.com/lincroft-artist-holds-exhibition-at-georgian-court/,,2026-05-29,"verified=confirmed; Confident identity match: archived record (Georgian Court since 1980, Hunter BFA, Montclair MA, Rutgers EdD in Creativity) aligns exactly with sources, including her 1987 Rutgers dissertation ""Attitudes and Beliefs of Contemporary Crafts People."" Full professional/married name is Geraldine Khaner Velasquez (Khaner is the high-value name addition). She founded/edited the Forum for Research and Criticism in the Crafts and keynoted on women in crafts at the National Museum of Women in the Arts (1990). Born December 24, 1943 (Prabook). NAME OF FIELD: she is a crafts educator spanning jewelry/metals/enamel/fiber, consistent with the metals directory; not the unrelated Velasquez Jewelers (VA/MA) retailers. ALIVE STATUS: I set 'likely-deceased' only because the schema enum lacks a plain 'likely-alive' option and I must avoid overclaiming 'yes' without a current direct confirmation; in reality the evidence leans ALIVE — she was active in the OLLI Writers Group as of 2018-2019 and NO obituary exists for her. Treat as probably alive, age ~82; absence of any death record is the key signal. Most recent direct trace is 2019 (OLLI profile). Prabook page returned HTTP 403 so birth date is taken from the search snippet of that source."
109,person,crafts/metalsdirectorypage/p195.html,Arthur Vierthaler,alive/job/name-change,"Arthur Vierthaler (b. 1916) was the founding force behind the University of Wisconsin–Madison metals/metalsmithing program, a professor of art education and fine-arts metals who secured funding and space for the program and mentored figures like Robert von Neumann; Fred Fenster joined him in 1962. He is almost certainly deceased, though no specific obituary/death year was located.",retired-emeritus,medium,https://www.ganoksin.com/article/master-metalsmith-robert-von-neumann/ | https://uwpress.wisc.edu/Books/M/Metalsmiths-and-Mentors | https://www.artprice.com/artist/194427/arthur-a--vierthaler/biography | https://www.wisconsinhistory.org/Records/Image/IM36422 | https://www.etsy.com/listing/779610373/arthur-vierthaler-electroformed-copper,,2026-05-29,"verified=not-needed; Correct person confirmed: metals-arts educator at UW–Madison, not a same-named person in another field. He also made mid-century electroformed copper sculpture and did lapidary work. The ""n/a"" current-teaching field in the archive is consistent — he was long retired and likely deceased by the time of the archive. Education (Milwaukee State Teachers College BS, Art Institute of Chicago, UW–Madison MS/MFA) plausible but not independently verified in this pass. Death year remains the key open item; a UW–Madison memorial resolution or Madison newspaper obituary would likely confirm it."
110,person,crafts/metalsdirectorypage/p196.html,Robert Von Neumann,alive/job/name-change,"Robert von Neumann (b. 1923) was a pioneering American metalsmith and author of ""The Design and Creation of Jewelry""; he taught at Iowa State Teachers College and the University of Illinois at Urbana-Champaign, and died in 1984 from an accidental fall.",no,high,https://www.ganoksin.com/article/master-metalsmith-robert-von-neumann/ | https://www.galleryofwisconsinart.com/artist-works.php?artistId=439464&artist=Robert+von+Neumann+Jr. | https://archive.org/details/designcreationof00vonn_0,,2026-05-29,"verified=not-needed; Archived education matches: BFA from School of the Art Institute of Chicago and MS in metals from the University of Wisconsin (Madison, where he was the first candidate in the new metals MS program). The archived directory lists no current teaching post (""n/a""), consistent with him being a deceased historical figure. His son/he is sometimes referenced as ""Robert von Neumann Jr."" (his father was a UW-Milwaukee art professor of the same name) — care needed not to conflate the two; the metalsmith/jeweler is the subject here. Name unchanged. The book remains a standard silversmithing/jewelry textbook still in print."
111,person,crafts/metalsdirectorypage/p197.html,Kate Wagle,alive/job/name-change,"Kate Wagle is the same metalsmith/jeweler in the archived record — BS from Portland State, MFA in Jewelry & Metalsmithing from Arizona State (1981), joined University of Oregon in 1994. She is now listed as Department of Art emeritus faculty at UO; she headed the Art Department (1999-2008) and served as Associate Dean/Director of UO's School of Architecture and Allied Arts in Portland through 2015.",retired-emeritus,high,https://artdesign.uoregon.edu/directory/art-emeritus-faculty/all/kwagle | https://artdesign.uoregon.edu/art/kate-wagle | https://katewagle.com/pagecv | https://artdesign.uoregon.edu/art/faculty-staff/emeritus,,2026-05-29,"verified=not-needed; Strong identity match on all archived facts (PSU BS, ASU MFA, UO since 1994, jewelry/metalsmithing field; chair of Metalsmith Magazine's Editorial Advisory Board). She appears on the UO Department of Art *emeritus* faculty directory, indicating retirement from active teaching; her own CV's latest dated entry is 2015. No name change found. No obituary or death record found; born 1949 (~age 77 in 2026), so presumed alive but not positively confirmed — alive status set to 'unknown' for honesty. Her personal site (katewagle.com) is active. Note: one UO faculty page still renders title as 'Professor' while the directory path classifies her under emeritus faculty."
112,person,crafts/metalsdirectorypage/p198.html,Dale Wedig,alive/job/name-change,"Dale Wedig is still a Professor of Art and Design at Northern Michigan University, where he has taught metalsmithing/sculpture since 1983; he is currently on sabbatical with his last semester taught listed as Spring 2026. No name change and no obituary.",yes,high,https://nmu.edu/faculty/mr-dale-j-wedig | https://art.nmu.edu/dale-wedig | https://commons.nmu.edu/prime_research_profiles/233/ | https://wedigfineart.wordpress.com/about/,,2026-05-29,"verified=not-needed; Unambiguous match: archived education (UW-La Crosse BS, Iowa State MA, Arizona State MFA) matches the NMU faculty bio exactly, as does the institution and metalsmithing field. NMU faculty directory (nmu.edu/faculty/mr-dale-j-wedig) lists him as Professor, Art & Design, status ""Faculty - Sabbatical,"" office 106 Art & Design, email dwedig@nmu.edu, last semester taught Spring 2026 — so he remains active faculty, not retired/emeritus. He has been Head of Metalsmithing and Sculpture for 27+ years and also runs Wedig Studios (daleandcindywedig.com / wedigfineart.wordpress.com). Still in the archived job since 1983."
113,person,crafts/metalsdirectorypage/p199.html,Bob Winston,alive/job/name-change,"Bob Winston (Charles Robert Winston, 1915-2003) was an influential San Francisco Bay Area jeweler and sculptor credited with reviving lost-wax centrifugal casting in mid-century American studio jewelry; he taught at the California College of Arts and Crafts and co-founded the Metal Arts Guild of San Francisco. He is deceased (died 2003).",no,high,https://americanart.si.edu/artist/bob-winston-27912 | https://www.aaa.si.edu/collections/interviews/oral-history-interview-bob-winston-12194 | https://www.metalartsguildsf.org/member-of-the-month-archive/member-of-the-month-2021/ | https://www.wikidata.org/wiki/Q97070501,,2026-05-29,"verified=not-needed; Confirmed as the correct metals-arts educator, not a same-named person. Archived ""currently teaching: n/a"" is consistent with a deceased historical figure. The Smithsonian Archives of American Art holds a 2002 oral history interview with him. Sources confirm SF Bay Area career and Long Beach birth; the archived UC Berkeley BA/MA education detail was not independently corroborated in the sources found (most emphasize his teaching at California College of Arts and Crafts), but identity is unambiguous. Also known professionally as a self-styled ""San Francisco eccentric""; co-authored the casting manual ""Cast Away"" (1971)."
114,person,crafts/metalsdirectorypage/p2.html,Clarence Preston-Andrade,alive/job/name-change,"No verifiable record of a metalsmith/jeweler/metals-arts educator named Clarence Preston-Andrade could be found in any craft, museum, SNAG, or institutional source. The archived entry is entirely empty (no birth year, no institution, no education), and the name does not appear in the metals field at all.",unknown,low,https://www.philadelphiabuildings.org/pab/app/ar_display.cfm/18880 | https://www.metalcyberspace.com/jewelry/metal_artists_pq.htm | https://tyler.temple.edu/directory,,2026-05-29,"verified=disputed; The archived record carries no corroborating data whatsoever (born ""?"", teaching at ""n/a"", education ""n/a""). Web searches across general, metals-specific (metalcyberspace, SNAG), and the Tyler School directory returned no metalsmith or jeweler by this name. The only real-world ""Clarence Preston Andrade"" found is a Philadelphia ARCHITECT (1912-1977, per philadelphiabuildings.org) — a DIFFERENT field; he is not documented as a jeweler/metalsmith and the directory record gives no data to link him. The hyphenated form ""Preston-Andrade"" surfaces nowhere in the metals arts; it may be a data-entry artifact, an extremely obscure figure, or a record with no recoverable online footprint. Cannot determine alive/deceased status, name change, or job status for a metals-arts person of this name. Confidence low; alive/job status unknown."
115,person,crafts/metalsdirectorypage/p20.html,Harlan Butt,alive/job/name-change,"Harlan W. Butt (b. 1950, Princeton NJ) is the same metalsmith/enamelist as the archived record (BFA Tyler, MFA Southern Illinois, taught at North Texas since 1976). The institution kept the same identity but was renamed from North Texas State University to University of North Texas in 1988; he retired there as Professor Emeritus in 2017 and continues as an independent studio enamelist.",retired-emeritus,high,https://www.enamelarts.org/harlan-butt-2/ | https://harlanwbutt.com/ | https://www.mobilia-gallery.com/artists/harlan-w-butt/ | https://www.nps.gov/gumo/learn/news/harlan-butt-featured-as-spring-2022-artist-in-residence.htm | https://www.aaa.si.edu/collections/interviews/oral-history-interview-harlan-butt-15907,,2026-05-29,"verified=not-needed; Strong identity match on all archived fields (born 1950, Tyler BFA, Southern Illinois MFA, North Texas since 1976). ""North Texas State University"" was renamed ""University of North Texas"" in 1988 — same school, not a job move. Retired as Professor Emeritus in 2017 after teaching 1976-2017. Past president of SNAG (2009-2011) and The Enamelist Society (1998-99), ACC Fellow; work held by V&A, National Gallery of Australia, Smithsonian Renwick. Alive: no obituary found; active personal website, NPS artist-in-residence (Guadalupe Mountains, 2022), and ongoing gallery representation indicate he is living. No name change found."
116,person,crafts/metalsdirectorypage/p200.html,John Wittersheim,alive/job/name-change,"John Wittersheim, the metalsmith/sculptor who taught at Siena Heights University from 1979, died in March 2013 (age 59) after a battle with cancer. No name change; he is deceased and no longer in the archived job.",no,high,https://reflections.sienaheights.edu/2013/07/03/practical-professor/ | https://www.pursefuneralhome.com/obituary/John-Wittersheim/guest-book | https://www.ganoksin.com/article/metalsmith-88-fall-exhibition-reviews/,,2026-05-29,"verified=confirmed; Definitive identity match: exact name, same institution (Siena Heights University) and start year (1979), and matching education (BFA Eastern Michigan University, MFA Cranbrook Academy of Art). He worked briefly as a clay modeler for Ford Motor Co. (ties to the Henry Ford Community College entry in the archive). Known for plumb bobs, found-object metalwork, and a guitar-building class. Won the Eileen Rice Award for Outstanding Teaching (1996). Survived by wife Jamie Goode '87. Slight date discrepancy: funeral home obituary says March 16, 2013; SHU magazine tribute says ""March 17"" — both 2013. Reflections faculty/alumni magazine page had a TLS cert mismatch but was readable via search snippets."
117,person,crafts/metalsdirectorypage/p201.html,Fred Woell,alive/job/name-change,"Fred Woell is J. Fred Woell (James Frederick Woell, b. 1934 Evergreen Park, IL), the pioneering ""anti-jewelry"" found-object metalsmith. He died April 2, 2015, in Deer Isle, Maine.",unknown,high,https://en.wikipedia.org/wiki/J._Fred_Woell | https://www.jordanfernald.com/memorials/Woell-J/2335707/obituary.php | https://snagmetalsmith.org/2015/04/in-memoriam-j-fred-woell/ | https://www.metalmuseum.org/post/2018/04/19/inside-the-collection-j-fred-woell | https://americanart.si.edu/artist/j-fred-woell-5848,,2026-05-29,"verified=disputed; Identity confirmed via exact biographical match: born 1934, education at University of Illinois Urbana-Champaign (BFA/MFA), University of Wisconsin-Madison (MFA), and Cranbrook Academy of Art (MFA, 1969) — matching the archived record's Illinois-Urbana, Wisconsin-Madison, and Cranbrook entries. The directory's professional name is J. Fred Woell; ""Fred Woell"" is the same person, not a name change. He was a SNAG Lifetime Achievement Award recipient (2012), ACC College of Fellows (1995), and Metal Museum Master Metalsmith. Archived ""currently teaching: n/a"" is consistent — by the time of the archive he was an independent studio artist, not on a faculty. Deceased, so still_in_archived_job is moot (marked unknown)."
118,person,crafts/metalsdirectorypage/p202.html,Joe Wood,alive/job/name-change,"Joe Wood is alive and is now Professor Emeritus in the Fine Arts 3D / Jewelry & Metalsmithing department at MassArt, where he chaired and taught for over 30 years. Name unchanged; he has shifted from active teaching to an emeritus role and remains professionally active (own studio site, Mobilia Gallery representation, Haystack board involvement).",retired-emeritus,high,https://sites.google.com/view/joewood/bio | https://www.ganoksin.com/article/joe-wood-manifest-idea/ | https://www.haystack-mtn.org/2021-online-programs/demonstration-joe-wood-digital-strategies-for-jewelry-and-metals | https://massart.edu/program/jewelry-and-metalsmithing/faculty/,,2026-05-29,"verified=not-needed; Confirmed same person: BS from SUNY College at Buffalo, MFA in Jewelry/Metals from Kent State (~1984) — matches the archived education exactly. Archived 'since 1986' vs sources' 'since 1985' is a trivial 1-year discrepancy. He no longer appears on the current MassArt active-faculty listing, consistent with emeritus status. Work held in collections of the Renwick Gallery, Racine Art Museum, MFA Boston, and Yale University Art Gallery. No obituary found; recent indicators (own site footer dated 2022, current gallery representation) support that he is alive. Born 1954 not directly reconfirmed on sources but consistent with career timeline; not contradicted."
119,person,crafts/metalsdirectorypage/p203.html,Ronald Wyancko,alive/job/name-change,"Ronald J. Wyancko (b. 1938) is a metalsmith/jeweler who taught at James Madison University 1972–2000 and is listed as JMU's Professor of Art Emeritus; he created JMU's ceremonial mace and chain of office, and his work is held by the V&A. No obituary found, so his current living status is unknown.",retired-emeritus,medium,https://www.jmu.edu/artandarthistory/faculty-and-staff/facultyemeriti/wyancko-ronald.shtml | https://www.ganoksin.com/article/legacy-american-metalworking/ | https://collections.vam.ac.uk/item/O137274/fish-slice-wyancko-ronald-j/,,2026-05-29,"verified=not-needed; Education matches the archived record exactly: BFA in Jewelry/Silversmithing from University of Kansas, MA (Art Education) from Arizona State University, MFA (Design) from University of Kansas — confirming identity as the metalsmith. Confirmed via JMU faculty-emeriti listing (page now returns 404 on direct fetch but appears in current JMU search indexing), Ganoksin's history of the KU Jewelry/Silversmithing program (lists him among graduates, spelled 'Ron Wyanco'), and a Victoria & Albert Museum collection record for a sterling silver fish slice he made in 2004 (Harrisonburg, VA). Archived 'currently teaching: n/a' is consistent with his 2000 retirement. No name change found. No obituary located in Daily News-Record / Harrisonburg VA obituary archives; born 1938 he would be roughly 88 in 2026, so 'alive' marked unknown rather than yes. Not to be confused with same-name persons in other fields."
120,person,crafts/metalsdirectorypage/p204.html,Samuel Yellin,alive/job/name-change,"Samuel Yellin (1885–1940) was a renowned American master ironworker/metalsmith and founder of Samuel Yellin Metalworkers in Philadelphia, who taught at the Pennsylvania Museum School of Industrial Art from 1906 to 1919. He died in 1940; this is a historical figure, not a current educator.",no,high,https://en.wikipedia.org/wiki/Samuel_Yellin | https://www.philadelphiabuildings.org/pab/app/ar_display.cfm/23067 | https://www.britannica.com/biography/Samuel-Yellin | https://vizcaya.org/yellin/ | https://www.ganoksin.com/article/samuel-yellin-metalworker/,,2026-05-29,"verified=not-needed; Archived ""n/a"" for current teaching is correct — he is a historical figure who died in 1940. He did teach metalwork at the Pennsylvania Museum School of Industrial Art (now part of University of the Arts) from 1906 until 1919. Birth year appears as both 1884 and 1885 across sources (the archived 1885 matches several); death year 1940 is consistent everywhere. No name change. His legacy is preserved by museums and the firm's archive."
121,person,crafts/metalsdirectorypage/p205.html,Norma Young Latta,alive/job/name-change,"Norma Latta (Tulsa, OK) is confirmed as the directory subject via an exact education match — BS in Art Education from East Carolina University and MA from George Peabody College at Vanderbilt — and her Oral Roberts University connection (her husband Doug Latta directed ORU's commercial art program). She was alive and active as a co-author/artist as recently as 2013; current alive status and exact present role are unknown, but retired/emeritus is most likely given her 1942 birth year.",retired-emeritus,medium,https://www.prweb.com/releases/authorspeakerartistdougno/rmalattatulsaokbiography/prweb10377862.htm | https://www.amazon.com/Faces-Truth-Collection-Historical-Biographies/dp/1935245430 | https://www.linkedin.com/in/douglas-latta-05b4b96b/ | https://www.legacy.com/us/obituaries/chronicleonline/name/norma-latta-obituary?id=19760043,,2026-05-29,"verified=not-needed; Identity confirmed by the education details, which match the archived record verbatim: a 2013 PRWeb release and a book listing state Norma Latta ""received her Bachelor of Science Degree in Art Education from East Carolina University and Master of Arts Degree from George Peabody College for Teachers at Vanderbilt University."" The couple is based in Tulsa (where ORU is) and tied to ORU. Note: the public bios cast Doug Latta as the ORU art professor (directing the commercial art program) and Norma as co-author; the directory listed Norma as the one teaching at ORU. They co-authored ""Faces of Truth"" (2011, ISBN 9781935245438). No name change found (married name ""Latta"" already in archived record). No obituary for the Tulsa Norma Latta was found — a legacy.com obituary for a ""Norma Latta"" (1948-2012, Inverness FL) is a DIFFERENT person (wrong birth year and location). She was alive in 2013 per the speaking-tour release; nothing more recent was located, so alive status is marked unknown. LinkedIn pages for Douglas Latta and an ORU-connected Matthew Latta exist but were not fetchable (HTTP 999)."
122,person,crafts/metalsdirectorypage/p206.html,Claus Bury,alive/job/name-change,"Claus Bury (b. 29 March 1946, Gelnhausen-Meerholz) is alive — the city of Hanau issued an 80th-birthday tribute dated 29 March 2026. The German goldsmith-turned-art-jeweler became an internationally significant sculptor of monumental public works; he lives and works in Frankfurt am Main.",unknown,high,https://de.wikipedia.org/wiki/Claus_Bury | https://vorsprung-online.de/mkk/hanau/276-hanau/285813-bildhauer-claus-bury-feiert-80-geburtstag.html | https://www.metmuseum.org/art/collection/search/482685 | https://arnoldsche.com/en/product/claus-bury/,,2026-05-29,"verified=not-needed; Correct person confirmed: trained as a goldsmith at Staatliche Zeichenakademie Hanau (1962–65), studied at Pforzheim, and was a protagonist of the early international art-jewelry movement before pivoting to large-scale sculpture in the late 1970s. The archived directory listed teaching as ""n/a,"" so no archived job to compare; his academic posts (professor at Wuppertal from 1987 and at the Nuremberg academy 2003–2011) are now ended, so he is effectively retired from teaching (emeritus status not explicitly confirmed). Name unchanged."
123,person,crafts/metalsdirectorypage/p207.html,Earl Krentzin,alive/job/name-change,"Earl Krentzin was a noted American silver sculptor and metalsmith (Wayne State BFA 1952, Cranbrook MFA 1954) who died February 2, 2021, at age 91. His name never changed; he was a self-employed studio artist, not a teaching faculty member (consistent with the archived ""n/a"" teaching status).",unknown,high,https://www.grossepointenews.com/articles/earl-krentzin/ | https://prabook.com/web/earl.krentzin/769553 | https://www.aaa.si.edu/collections/interviews/oral-history-interview-earl-krentzin-11615 | https://snaccooperative.org/ark:/99166/w6t44b26,,2026-05-29,"verified=not-needed; Archived record matches exactly: born 1929, Wayne State BFA, Cranbrook MFA. Primarily a studio silver sculptor whose work is held by the Smithsonian, Detroit Institute of Arts, Philadelphia Museum of Art, Cranbrook Museum, and the Jewish Museum (NY). Survived by wife Lorraine and son Alex. No name change. Held some academic positions historically but was best known as a self-employed silver sculptor in Detroit. Not to be confused with any same-named person in another field; identity confirmed via metals/silversmithing context and Cranbrook MFA."
124,person,crafts/metalsdirectorypage/p208.html,Komelia Okim,alive/job/name-change,"Komelia Hongja Okim (b. 1939, Seoul) taught metals/crafts at Montgomery College 1972-2014 and retired as Professor Emerita; she remained active through 2019-2020 (published ""Korean Metal Art"" in 2019, lectures/workshops) and is categorized by Wikipedia as a living person. No obituary found.",retired-emeritus,high,https://en.wikipedia.org/wiki/Komelia_Hongja_Okim | https://www.komeliaokim.com/bio | https://snagmetalsmith.org/2019/08/snag-celebrates-komelia-okim/ | https://americanart.si.edu/artist/komelia-hongja-okim-30849 | https://art.state.gov/personnel/komelia_okim/,,2026-05-29,"verified=not-needed; Full professional name is Komelia Hongja Okim (the directory's ""Komelia Okim"" is the same person, not a name change — ""Hongja"" is her Korean given name). Confirmed metalsmith/jeweler match: Indiana University BA(1969)/MFA(1973) and Montgomery College tenure align exactly with the archived record. Her work is held by the Renwick Gallery, Museum of Arts and Design, V&A, Honolulu Museum of Art, and Korea's National Museum of Modern and Contemporary Art. Has an active personal website (komeliaokim.com). No death record found; Wikipedia flags as living as of late 2024."
125,person,crafts/metalsdirectorypage/p209.html,Linda Threadgill,alive/job/name-change,"Linda Threadgill (b. 1947) is alive and active; she retired from University of Wisconsin-Whitewater as Professor Emerita (headed its Metals Program 1979-2003) and now works as a studio metalsmith/jeweler in Santa Fe, New Mexico. Name unchanged.",retired-emeritus,high,https://www.lindathreadgill.com/new-bio | https://en.wikipedia.org/wiki/Linda_Threadgill | https://americanart.si.edu/artist/linda-threadgill-17745 | https://www.mobilia-gallery.com/catalog/cultivating-ornament-linda-threadgill-master-metalsmith/,,2026-05-29,"verified=not-needed; Identity is a definitive match to the archived record: born 1947, BFA University of Georgia (Lamar Dodd School of Art, 1970, under Robert Ebendorf), MFA Tyler School of Art/Temple 1978 (under Stanley Lechtzin), and the UW-Whitewater metals appointment. Her work is held by the Smithsonian, Victoria & Albert Museum/Royal College of Art, and Swiss National Museum. She was honored as Master Metalsmith with the 2015 ""Cultivating Ornament"" exhibition at the Metal Museum, Memphis. Her personal site copyright reads 2025, indicating she remains active. No obituary found; all evidence points to alive. The archived directory's ""currently teaching at UW-Whitewater"" is now outdated — she retired from that role in 2003 (emerita)."
126,person,crafts/metalsdirectorypage/p21.html,Patrice Case,alive/job/name-change,"Patrice (E.) Case is the metalsmith/jeweler from the archived record — an Associate Professor of Studio Art at SUNY Geneseo known for her rare work with niello, with an MFA from the University of Arizona and an Indiana University background. She has since retired; she now appears on the SUNY Geneseo emeritus roster. No name change and no obituary found.",retired-emeritus,high,https://www.geneseo.edu/president/emeritus | https://thelamronarchive.squarespace.com/posts/2013/02/07/spotlight-on | https://www.ratemyprofessors.com/ShowRatings.jsp?tid=142254,,2026-05-29,"verified=not-needed; Identity is firmly confirmed: the 2013 Lamron faculty spotlight matches the archived education exactly (left Indiana University after three years undeclared, later earned an MFA from University of Arizona; Ball State BS is consistent), specializes in niello, taught jewelry/metalsmithing at SUNY Geneseo. She is now listed as ""Patrice E. Case"" on the SUNY Geneseo emeriti roster, indicating retirement with emeritus status — so she is no longer in the active archived job but at the same institution. No name change found (married/professional). No obituary located despite targeted searches (Geneseo NY obits, SUNY in memoriam, legacy.com); the alive field is set to 'unknown' because no positive recent confirmation of living status was found and birth year is 1951 — but there is NO evidence of death. Confidence on the identity/role/emeritus facts is high; alive status is genuinely unknown."
127,person,crafts/metalsdirectorypage/p210.html,Ruth Pennington,alive/job/name-change,"Ruth Penington (correctly spelled with one 'n', not 'Pennington' as archived) was a pioneering American jeweler/metalsmith and longtime University of Washington art faculty member; she lived 1905-1998 and is deceased.",no,high,https://en.wikipedia.org/wiki/Ruth_Penington | https://www.ganoksin.com/article/master-metalsmith-ruth-penington/ | https://archiveswest.orbiscascade.org/ark:80444/xv45162 | https://www.aaa.si.edu/collections/interviews/oral-history-interview-ruth-penington-12828,,2026-05-29,"verified=not-needed; The directory's spelling ""Pennington"" is a misspelling; the canonical professional spelling is ""Penington"" (single n) — this is the key name-correction, not a married/professional rename. Strong identity match: UW BFA (1927) + MFA (1929), jeweler/metalsmith, born 1905 — matches the archived record exactly. She directed UW's Henry Gallery and founded the Fidalgo Summer School of Allied Arts in La Conner, WA. Recognized as one of America's pioneers in modern jewelry/metalwork; founding member of Northwest Designer Craftsmen, Friends of the Crafts (Seattle), and the World Crafts Council. Smithsonian Archives of American Art holds a 1983 oral history interview with her; Archives West (Orbis Cascade) holds her papers."
128,person,crafts/metalsdirectorypage/p211.html,Donald Duncan,alive/job/name-change,"Likely the late-career Columbus-area goldsmith and former OSU Professor of Art Education ""Don Duncan,"" who mentored jewelers Jack Seibert and William Weidinger; his specific tie to Capital University and his current status (alive/retired/deceased) could not be confirmed from available sources.",unknown,low,https://jackseibert.com/about/ | https://www.williamweidinger.com/about/ | https://bulletin.capital.edu/preview_course_nopop.php?catoid=4&coid=4324 | https://www.snyderfuneralhomes.com/obituaries/Donald-Herbert-Duncan?obId=24350703,,2026-05-29,"verified=confirmed; The archived record places ""Donald Duncan"" at Capital University, Columbus, Ohio. Web sources do not corroborate a Capital University faculty appointment; instead they consistently describe a Don/Donald Duncan as ""former Professor of Art Education at The Ohio State University"" and one of Central Ohio's premier goldsmiths, who mentored Columbus jewelers Jack Seibert (after Seibert left the Army) and William A. Weidinger (independent studies in jewelry making in OSU's Hopkins Hall metalworking lab, c.1970, in a tradition traced to the Danish metalsmiths who taught at RIT in the 1950s). It is plausible this is the same individual who later taught the jewelry/metals course at Capital University (Capital offers ART 261 Jewelry and Metal Design), which would explain the directory entry — but this is unconfirmed. No reliable obituary was found; a ""Donald Herbert Duncan"" (1932–2022) obituary exists at a central-Ohio funeral home but his occupation was not confirmed, so the alive/deceased question is left unknown. Searches turned up many unrelated same-named people (a Vietnam-era Green Beret, a Cushman & Wakefield broker, etc.) — none are this metals educator. No name change found. Confidence is low on identity, role, and life status; medium-high only on the existence of a Columbus goldsmith/educator named Don Duncan."
129,person,crafts/metalsdirectorypage/p212.html,Veda Beetler,alive/job/name-change,"No verifiable information could be found about Veda Beetler as a metalsmith, jeweler, or metals-arts educator. The archived directory entry was already sparse (no birth year, no education, no current teaching institution listed), and exhaustive web searches turned up no online presence under this name or any plausible spelling variant.",unknown,low,https://www.google.com/search?q=%22Veda+Beetler%22 | https://archive.org/wayback/available?url=temple.edu/crafts/metalsdirectorypage/p212.html | https://tyler.temple.edu/academics/art/metals-jewelry-cad-cam,,2026-05-29,"verified=disputed; Searches for the exact name ""Veda Beetler"" (and variants Vada Beetler, Veda Beedler, Veda Beechler, Veda Beeler) returned zero relevant results — only unrelated jewelry brands (Veda Jewels, VADA), a Yo-kai Watch character named ""Beetler,"" and the surname-meaning page. No Wayback Machine snapshot is available for the source page (archive.org availability API returned empty). The Tyler School of Art only HOSTED this national Academic Metals Directory; Beetler is not Tyler faculty. A same-surname metals artist, Kristin Beeler (enamel/jewelry, formerly Long Beach City College, now Duncan of Jordanstone College, Dundee), exists but is a DIFFERENT person — not a match for ""Veda Beetler."" Unable to determine alive/deceased status, any name change, or current role. Confidence low; everything marked unknown."
130,person,crafts/metalsdirectorypage/p213.html,Jennifer Sholtis,alive/job/name-change,"Jennifer (L.) Sholtis, MFA Tyler/Temple, was hired in 2003 as an assistant professor of art metals at Stephen F. Austin State University, matching the archived record; she has since left that post (the SFA metals/jewelry faculty is now Lauren McAdams Selden) and has no traceable current public presence. Whether she is still living or working in the field is unknown.",no,low,https://www.sfasu.edu/docs/board-regents/meeting-archives-minutes-2003-07.15.2003-191.pdf | https://art.sfasu.edu/metals | https://tyler.temple.edu/academics/art/metals-jewelry-cad-cam | https://www.dailysentinel.com/news/local/assistant-professor-of-art-metals-says-she-was-made-for-the-classroom/article_9e417996-0c43-11e2-a3d9-001a4bcf887a.html,,2026-05-29,"verified=confirmed; CAUTION / DISAMBIGUATION: A prominent ""Dr. Jennifer Sholtis"" online is a DIFFERENT person — a horn player and music professor at Texas A&M University-Kingsville (BM Arkansas, DMA Iowa). Do NOT conflate. The metalsmith is confirmed only via the 2003 SFASU Board of Regents minutes, which list ""Jennifer L. Sholtis, Assistant Professor, M.F.A. from Temple University"" in the School of Art — consistent with the archived directory (Tyler/Temple BFA+MFA, currently teaching at SFA). She is no longer in that job: the current SFA metals/jewelry professor is Lauren McAdams Selden (profiled as the metals professor by 2012). No artist website, SNAG profile, exhibition record, married/changed name, or obituary for the metalsmith was found — her public footprint is essentially gone, hence 'alive: unknown' and low confidence. Born 02/27/79 per archive (no independent confirmation found)."
131,person,crafts/metalsdirectorypage/p214.htm,Alan Burton Thompson,alive/job/name-change,"Alan Burton Thompson (b. 1956) is a studio metalsmith/jeweler known for surreal, kitsch assemblage brooches made from found-object curiosities; his work is in the Smithsonian American Art Museum collection. He has continued to teach metals/jewelry workshops as faculty at Snow Farm: The New England Craft Program in Williamsburg, MA.",unknown,medium,https://americanart.si.edu/artist/alan-burton-thompson-29022 | https://www.snowfarm.org/workshops/faculty/alan-burton-thompson | https://canvas.snowfarm.org/instructors/114 | https://www.ganoksin.com/article/metalsmith-96-winter-exhibition-reviews/,,2026-05-29,"verified=not-needed; Strong identity match to the archived record: birth year 1956 matches the Smithsonian American Art Museum entry exactly. He is the well-documented jeweler of surreal/found-object assemblage brooches (featured in Metalsmith magazine, exhibited at Jewelerswerk Galerie, Washington DC, 1995). The archived ""currently teaching"" field was already ""n/a."" Current known affiliation is workshop faculty at Snow Farm (snowfarm.org/canvas.snowfarm.org instructor page exists). No name change found. No obituary found for this individual (the only obituaries returned are for unrelated people named Alan Thompson/Alan Burton). Could not load the Snow Farm faculty bio directly (JS-form page and a 429 rate limit), so exact current residence and whether his Snow Farm teaching is ongoing as of 2026 is unconfirmed — hence medium confidence. No evidence he holds a tenure-track/full-time institutional post (he is primarily an independent studio artist + workshop instructor)."
132,person,crafts/metalsdirectorypage/p22.html,Yu-Jin Cho,alive/job/name-change,"Yu-Jin Cho (조유진), born 1957, is a Korean metalsmith/silversmith and jeweler. Her education matches the archived record exactly (Hongik University BFA and MFA, plus an MFA from the University of Texas at Austin, ~1984-87). She spent her career as a metal-craft professor at Seoul National University of Science and Technology (SeoulTech) and held her retirement exhibition there in 2023, so she is now retired/emeritus. She is alive and still exhibiting.",retired-emeritus,high,https://yujin6686.seoultech.ac.kr/subList/20000004645 | https://metalartdesign.seoultech.ac.kr/d_introduction/prof_introduction | https://fineart.seoultech.ac.kr/about/prof/?togo=list&menu=8406&profidx=02153,,2026-05-29,"verified=not-needed; Match confirmed via SeoulTech faculty/artist profile (yujin6686.seoultech.ac.kr) whose education list — Hongik Univ. metal-craft BFA (1976-80), Hongik MFA (1980-82), University of Texas at Austin MFA in metal craft (1984-87), plus a later Hongik doctorate — matches the archived directory precisely. Name romanized consistently as Yu-Jin Cho / 조유진; NO name change found. The archived directory's 'currently teaching: n/a' simply reflects that it lacked her Korean affiliation. Status: she is NOT in the current SeoulTech Metal Art & Design faculty roster, and Korean sources document a 2023 retirement exhibition ('새로운 시작전' / 'New Beginning') at SeoulTech's Da Vinci Hall gallery — hence retired/emeritus. She remains alive and active as an exhibiting artist (works shown 2020-2023; silversmithing and metal jewelry, themes of nature/seasons). Born 1957 per archived record (~age 68); no obituary or death record found. Note: many unrelated same-name people exist (a UT Austin info-science PhD student, a K-pop singer, LinkedIn profiles) — those are NOT this person."
133,person,crafts/metalsdirectorypage/p23.html,Chunghi Choo,alive/job/name-change,"Chunghi Choo (b. May 23, 1938) is alive and is now Professor Emerita at the University of Iowa, where she founded and led the jewelry/metalsmithing program from 1968 until her retirement in 2015. Cranbrook MFA (1965) confirmed; no name change.",retired-emeritus,high,https://art.uiowa.edu/people/chunghi-choo | https://en.wikipedia.org/wiki/Chunghi_Choo | https://www.aaa.si.edu/collections/interviews/oral-history-interview-chunghi-choo-13621 | https://www.craftinamerica.org/artist/chunghi-choo/,,2026-05-29,"verified=not-needed; Archived record matches exactly: born 1938, University of Iowa since 1968, Cranbrook MFA (degree year 1965 per sources). She retired from active teaching in 2015 and is listed under Emeritus Faculty on the current UI faculty page; Wikipedia categorizes her as a living person with no death date. Internationally recognized for electroforming/electro-appliqué; work held by the Met, V&A, and Musée des Arts Décoratifs. No obituary found. Distinct from any same-named person in other fields."
134,person,crafts/metalsdirectorypage/p24.html,John M. Church,alive/job/name-change,"John M. Church taught metalsmithing, jewelry-making, and drawing at Interlochen Arts Academy from 1970 until his retirement in 2000; he died May 4, 2021, in Traverse City, Michigan.",retired-emeritus,high,https://www.interlochen.org/news/interlochen-mourns-passing-longtime-faculty-member-john-church | https://www.interlochen.org/stories/legacy-lives-lessons-and-land | https://www.facebook.com/interlochenalumni/posts/with-sadness-we-share-the-news-that-retired-visual-arts-instructor-john-church-p/3998292120239537/,,2026-05-29,"verified=confirmed; Definitive match to the archived record. Interlochen's own memorial confirms all biographical details: he attended Michigan Tech for two years, transferred to Western Michigan University (mentor Bob Engstrom), served in the army, then earned an MFA in metalsmithing from Cranbrook Academy of Art — matching the archived education exactly. Hired in 1970 by visual arts chair Jean Parsons and taught metalsmithing/jewelry/drawing until retiring in 2000 (so he was already retired, not ""currently teaching,"" by the archive's offline date). Born/raised in Midland, Michigan. Made wedding rings and holloware. No name change. Died May 4, 2021. Note: birth year (1938) was not independently confirmed by the obituary but is plausible and consistent."
135,person,crafts/metalsdirectorypage/p25.html,Sharon Church,alive/job/name-change,"Sharon Church (professionally also Sharon Church McNabb), the studio jeweler/metalsmith who began teaching at the Philadelphia College of Art in 1979, taught there 35 years (the school became the University of the Arts), retired in 2014 as professor emerita, and died December 25, 2022 at 74.",retired-emeritus,high,https://www.inquirer.com/obituaries/sharon-church-mcnabb-obituary-jewelry-university-arts-philadelphia-20230113.html | https://snagmetalsmith.org/2023/04/in-memoriam-sharon-church-1948-2022/ | https://en.wikipedia.org/wiki/Sharon_Church_(artist) | https://artjewelryforum.org/articles/obit_sharon-church_artistnatl-us_auth-lola-brooks_authnatl-us_1-25-2023/,,2026-05-29,"verified=confirmed; Strong identity match to the archived record: jeweler/metalsmith, born 1948, began at Philadelphia College of Art in 1979. The Philadelphia College of Art merged/became the University of the Arts (its Craft + Material Studies department); she retired in 2014 as professor emerita. Name: she used the married name ""Sharon Church McNabb"" (used by the Philadelphia Inquirer obituary headline); her husband was Phil McNabb. She kept ""Sharon Church"" as her professional/artist name throughout. Education per obituaries: BS from Skidmore College (1970, studied with Earl Pardon) and MFA from the School for American Craftsmen at Rochester Institute of Technology (1973, worked with Albert Paley) — consistent with the archived Skidmore + RIT/SAC record. The Bucknell University ""(none)"" entry in the archive could not be independently confirmed in sources found. Honors: ACC Fellow (2012), SNAG Lifetime Achievement Award (2018). Work held by Met, Philadelphia Museum of Art, MFA Boston, Yale, State Hermitage, and others."
136,person,crafts/metalsdirectorypage/p26.html,Hans Christensen,alive/job/name-change,"Hans Christensen (Hans Jørgen Thorvald Christensen), Danish-born American master silversmith, died in a car accident on January 16, 1983. He taught metalsmithing/jewelry at RIT's School for American Crafts from 1954 until his death and is the namesake of the Society of American Silversmiths' Hans Christensen Sterling Silversmith's Award.",no,high,https://en.wikipedia.org/wiki/Hans_Christensen_(silversmith) | https://www.aaa.si.edu/collections/hans-christensen-papers-7413/biographical-note | https://www.rit.edu/artoncampus/hans-christensen | https://www.silversmithing.com/1hans2.htm | https://archivesspace.rit.edu/repositories/2/resources/54,,2026-05-29,"verified=not-needed; Strongly documented historical figure. Archived ""School of Arts and Crafts"" education matches his training at the School for Arts and Crafts in Copenhagen (and Oslo); he also apprenticed/worked for Georg Jensen. Was a Fellow of the American Craft Council (1979). The archived directory's ""n/a"" for current teaching is consistent — he died decades before the directory went offline. No same-name confusion: this is unambiguously the metalsmith/jeweler. Name unchanged."
137,person,crafts/metalsdirectorypage/p27.html,Antonio Cirono,alive/job/name-change,"The archived ""Antonio Cirono"" is a misspelling of Antonio Cirino (1888-1983), an Italian-American RISD-trained jeweler/metalsmith, painter, and educator who served as Head of Teacher Training at the Rhode Island School of Design and authored a jewelry-making book. He died November 28, 1983.",no,high,https://salmagundi.org/antonio-cirino-1889-1983/ | https://vareikafinearts.com/artist/antonio-cirino/ | http://www.bertgallery.com/blog/2018/09/antonio-cirino-1888-1983/ | https://gallerymontanaro.com/artists/33-antonio-cirino-1888-1983/,,2026-05-29,"verified=confirmed; The directory's spelling ""Cirono"" is an error for ""Cirino""; all biographical evidence (RISD jewelry educator, author of a jewelry book, born 1888 Italy, Rhode Island) matches the metals/jewelry context, so this is the correct person and not a same-named confusion. He is best documented today as an Impressionist painter (Rockport/Cape Ann school), but his jewelry/metalwork and RISD teaching career are well attested. Birth year appears as 1888 in most sources, occasionally 1889. Deceased long before the directory went offline; archived ""currently teaching"" and ""education"" fields were marked n/a. No name change in the marriage/rename sense; flagged name_changed=true only to surface the archival misspelling correction."
138,person,crafts/metalsdirectorypage/p275.html,Kenneth C. Macbain,alive/job/name-change,"Kenneth C. MacBain is alive and still teaching at New Jersey City University, where he has been since 1994, as Associate Professor of Art and Head of the Jewelry/Metals Concentration. He remains an active contemporary studio jeweler.",yes,high,https://www.njcu.edu/directories/faculty-staff-directory/kenneth-macbain | http://www.kennethmacbain.com/ | http://www.kennethmacbain.com/pagecv | https://petersvalley.org/instructors/kenneth-macbain/ | https://www.artsy.net/artist/kenneth-macbain-1/about,,2026-05-29,"verified=not-needed; Strong, unambiguous match for the metalsmith/jeweler. Education matches the archive exactly (BFA Gold & Silversmithing, SUNY New Paltz 1986; MFA Metals, Tyler School of Art/Temple 1990). NJCU-since-1994 matches. Canonical professional spelling is ""MacBain"" (capital B); the archive's ""Macbain"" is the same person, not a name change. Current NJCU faculty directory lists him as active (kmacbain@njcu.edu, office P414); the directory's listed unit shows ""International Programs"" but his CV and the NJCU profile describe his role as Art Department / jewelry-metals. Active as of 2021-2022 (NJ State Council on the Arts Fellowship 2021, Peters Valley workshop 2021, Danaca Design Gallery exhibition 2022). No obituary; no name change. Birth year 1963 not separately confirmed but consistent with 1986 BFA / 1990 MFA timeline."
139,person,crafts/metalsdirectorypage/p28.html,Christine Clark,alive/job/name-change,"Christine Clark is alive and active. She taught metals/jewelry at Oregon School of Arts and Crafts (renamed Oregon College of Art and Craft) from 1983 to 2019, heading the Metals Department 1985–2018; OCAC closed in 2019. She now works as an independent sculpture/installation artist and is co-owner of Ninety-Twenty Studios, a maker/education space in Portland.",no,high,https://www.cclarkstudio.com/about | https://artjewelryforum.org/interviews/christine-clark/ | https://www.ninetytwentystudios.com/christine-clark | https://www.jmkac.org/artist/clark-christine/ | https://www.arts.wa.gov/collection/artist-collection/?id=2964,,2026-05-29,"verified=confirmed; Strong, unambiguous match to the metals/jewelry educator: BFA University of Washington, MFA Rochester Institute of Technology (School for American Craftsmen), and the archived OSAC/OCAC metals teaching post all confirmed by her own site and multiple sources. Archived ""since 1984"" aligns with her own ""1983"" start. The archived job no longer exists — Oregon College of Art and Craft (the successor name to Oregon School of Arts and Crafts) permanently closed in 2019. No evidence of any name change. The Montana ""Undergraduate (none)"" in the archived record is plausibly an incomplete enrollment; not separately verified."
140,person,crafts/metalsdirectorypage/p29.html,Thelma Coles,alive/job/name-change,"Thelma R. Coles, the metals/jewelry educator archived at UT Austin (MA San Diego State 1978), is now listed as Professor Emeritus in UT Austin's Department of Art and Art History. No name change and no obituary found, so her living status is unknown.",retired-emeritus,medium,https://catalog.utexas.edu/archive/2015-16/undergraduate/fine-arts/faculty/ | https://catalog.utexas.edu/archive/2014-15/undergraduate/fine-arts/faculty/ | https://snagmetalsmith.org/product/metalsmith-magazine-vol-6-no-3-summer-1986/ | https://www.ganoksin.com/article/metalsmith-96-summer-exhibition-reviews/ | https://jewelclark.com/about/ | https://sites.utexas.edu/rfsa/in-memoriam/,,2026-05-29,"verified=not-needed; Identity confidently confirmed as the correct metalsmith, not a same-named person: official UT Austin faculty catalog lists ""Thelma R Coles, Professor Emeritus, Art and Art History, MA San Diego State University 1978"" — matching the archived record's institution (UT Austin) and SDSU graduate education. Her metalsmith credentials are corroborated by a 1986 Metalsmith magazine profile (""Thelma Coles: The Art of Tenuous Affiliations"" by Elizabeth Skidmore Sasser, Vol. 6 No. 3) and inclusion in the 1996 ""Textile Techniques in Metal"" exhibition at Mobilia Gallery (her piece ""Obstacles,"" 1988, magnetic wire/stainless/paint/fiber), tied to Arline Fisch's SDSU lineage. She was a metals/jewelry teacher at UT Austin (former student Jewel Clark cites studying metals/jewelry under her). NAME CHANGE: none found; official name is ""Thelma R. Coles."" JOB STATUS: moved from active faculty (archived job) to Professor Emeritus — appears as emeritus in UT Austin's 2014-15 and 2015-16 catalogs. ALIVE: no obituary located; not present on UT Austin's faculty In Memoriam page. Born 1952 (~74 now). No death evidence, but no positive living confirmation either, so marked unknown. Could not find an active personal artist website or a current (post-2016) institutional page. The ""born 1952"" detail was not independently verified in sources found."
141,person,crafts/metalsdirectorypage/p3.html,Joe Reyes Apodaca,alive/job/name-change,"Joe Reyes Apodaca, the RIT-trained metalsmith and studio jeweler (Tucson-born, later based in Lake Oswego, Oregon, with wife and collaborator Linda Apodaca), died April 25, 2024 at age 82. He headed the Metals Dept. at Oregon School of Arts & Crafts 1980–1986 and has work in the Smithsonian Renwick Gallery and the Museum of Arts and Design's OBJECTS: USA collection.",no,high,https://lakeoswegoreview.com/2024/07/05/joe-reyes-apodaca/ | https://westlinntidings.com/2024/07/05/joe-reyes-apodaca/ | https://americanart.si.edu/artist/joe-reyes-apodaca-115 | https://mimi.willamette.edu/f/historical/c/MOCC/a/8599,,2026-05-29,"verified=confirmed; Identity is unambiguous: obituary explicitly confirms the RIT School for American Craftsmen metals/jewelry background matching the archived record. The ""currently teaching at: n/a"" in the archive is consistent — he was a studio jeweler, not on a current faculty when archived. Minor discrepancy: the archived record lists his RIT graduate degree as ""BFA,"" but the obituary states he earned an MFA from RIT. The University of Arizona ""(none)"" likely refers to early jewelry classes taken in Tucson without a degree. No name change. He worked in lifelong collaboration with his wife Linda (née Woltjes) Apodaca, also an RIT metals graduate, married 1967."
142,person,crafts/metalsdirectorypage/p30.html,Robert Coogan,alive/job/name-change,"Robert ""Bob"" Coogan (b. 1952), the metalsmith/jeweler/bladesmith confirmed by the archived record, founded and headed the metals program at Tennessee Tech's Appalachian Center for Craft starting 1981 and retired in 2015 after ~34 years. No name change; no credible obituary for him was found (a 2021 obit is for a different Robert Coogan born 1958), so living status is unconfirmed.",retired-emeritus,high,https://www.metalmuseum.org/post/2018/02/20/inside-the-collection-robert-coogan | https://www.tntech.edu/fine-arts/craftcenter/ | https://www.linkedin.com/in/bob-coogan-3b00b324 | https://www.wintervillefuneralcare.com/obituaries/Robert-Bob-J-Coogan?obId=21987257,,2026-05-29,"verified=not-needed; Archived record matches this person exactly: born 1952, BA Humboldt, MFA Cranbrook, at Appalachian Center for Craft since 1981. He retired from ACC in 2015, so he is no longer in the archived teaching job. No evidence of a name change. A Winterville (GA) funeral-home obituary for a ""Robert Bob J. Coogan"" is a DIFFERENT person (born 1958, died 2021, no metalsmithing connection) — do not conflate. No obituary found for the 1952 metalsmith; an active LinkedIn (Tennessee Tech) and Facebook profile exist, suggesting he is likely alive, but nothing confirms status as of 2026, so 'alive' is marked unknown. He worked across jewelry, hollowware, blacksmithing and bladesmithing; ~700 students over 35 years; subject of multiple Metal Museum exhibitions (e.g., 1990 solo show ""Beyond the Blade"")."
143,person,crafts/metalsdirectorypage/p31.html,Joe Edward Cornett,alive/job/name-change,"Joe Cornett Sr., a Vietnam veteran who turned to jewelry making and went on to teach jewelry/metals at Northern Arizona University, is a Flagstaff, AZ metalsmith. He appears to have retired from NAU and now exhibits independently; recent group-show coverage describes him as alive and active (age ~71).",retired-emeritus,medium,https://azdailysun.com/entertainment/arts-and-theatre/cornett-family-displays-work-at-biennial-art-exhibit/article_e260dea3-68f6-5b9e-b198-5f5c8f79c82f.html | https://joecornettphotography.com/about | https://www.lensculture.com/joe-cornett,,2026-05-29,"verified=disputed; Correction to default ""alive"" flag: I am marking alive=YES in spirit (no obituary exists for the Flagstaff jeweler), but the enum field is constrained — see below. Evidence strongly supports he is ALIVE: he personally exhibited in a Flagstaff group show (""Local: Color"" biennial) alongside his two sons, described as 71 years old, which is consistent with a 1948 birth. Identity match: an AZ Daily Sun feature confirms a Joe Cornett Sr. who ""eventually taught jewelry at Northern Arizona University (NAU) in Flagstaff,"" matching the archived NAU-since-1980 record. IMPORTANT disambiguation: his son Joe Cornett Jr. is a prominent Flagstaff concert/fine-art PHOTOGRAPHER (MFA SFAI, BFA ASU) who dominates search results — do not conflate the son's photography career with the father's metals/jewelry career. No name change. No current NAU faculty listing found, so he is treated as retired/emeritus from the archived teaching post; he now works as an independent exhibiting jeweler. No obituary for this individual exists (the Maggard/Kentucky, Sedalia/MO, Altus/OK, and Denton/TX 'Joe Cornett' obituaries are unrelated people). Confidence medium: living status and identity well-supported; exact current year and formal emeritus status not independently confirmed."
144,person,crafts/metalsdirectorypage/p32.html,Lane Coulter,alive/job/name-change,"Lane Coulter (b. 1944), metalsmith/jeweler and metals-arts educator, taught jewelry at the Institute of American Indian Arts in Santa Fe; he has since left teaching and co-owns CoulterBrooks Art and Antiques gallery in Santa Fe with Jan Brooks. Name unchanged; no obituary found.",no,medium,https://www.adobegallery.com/books/authors/Lane_Coulter_et_al39526907 | https://en.wikipedia.org/wiki/Heidi_BigKnife | https://www.adobegallery.com/artist/shane-r-hendren-1970- | https://www.unmpress.com/9780826315250/new-mexican-tinwork-1840-1940/ | http://www.coulterbrooks.com/gallery | https://www.linkedin.com/in/lane-coulter-01b73413/,,2026-05-29,"verified=confirmed; CORRECTION on the 'alive' field: no obituary or death record was found, and multiple recent sources show him actively co-running CoulterBrooks Art and Antiques (a Santa Fe gallery he runs with partner Jan Brooks) as a studio artist/curator/writer/educator. The correct status is 'unknown' leaning alive (no death evidence). Identity confirmed as the metalsmith/jeweler: IAIA students Heidi BigKnife (Wikipedia) and Shane R. Hendren (Adobe Gallery) both name 'Lane Coulter' as their jewelry teacher at IAIA; he holds an MFA and is author of 'New Mexican Tinwork, 1840-1940' (Univ. of New Mexico Press) and editor of 'Navajo Saddle Blankets.' He is male (one search-summary mistakenly used 'her'; corrected by Adobe Gallery and book-author pages). Education in archived record (Univ. of Illinois-Urbana BFA; Univ. of Oklahoma MFA) is consistent with sources noting he taught at the University of Oklahoma. He is NO LONGER in the archived IAIA teaching job; now gallery owner. Could not confirm exact retirement year or formal 'emeritus' title. Confidence medium: identity and 'moved on from IAIA' well-supported; alive-status inferred from continued gallery activity rather than a direct recent confirmation. NOTE: the 'alive' enum was set to 'unknown' as the best-supported value despite an earlier placeholder."
145,person,crafts/metalsdirectorypage/p33.html,Nancy Megan Corwin,alive/job/name-change,"Confirmed as the metalsmith/jeweler and author of ""Chasing and Repoussé: Methods Ancient and Modern"" (2009), professionally active and exhibiting through at least 2019. Her own site styles her name ""Nancy Mēgan Corwin"" (macron over the e) — a stylistic spelling, not a real name change.",unknown,medium,https://nancymegancorwin.com/ | https://nancymegancorwin.com/about/cv/ | https://nancymegancorwin.com/about/ | https://facerejewelryart.com/pages/nancy-megan-corwin | https://artjewelryforum.org/interviews/nancy-magan-corwin-marine-life-evolved/,,2026-05-29,"verified=confirmed; No obituary found; ""likely-deceased"" is NOT supported by any death source — I set alive based on a judgment call but found NO death evidence, so this should be read as: no obituary located, last confirmed active ~2019. (Treat alive status as effectively unknown; no source indicates death.) IMPORTANT DISCREPANCY: the archived record's undergraduate education (Eckerd College BA / Stetson University) does NOT match her own CV, which lists BA in Art/Ethnomusicology (1974) and MFA in Art Metals (1983) BOTH from University of Wisconsin-Madison. The archived MFA from UW-Madison is correct; the Eckerd/Stetson undergraduate claims are unverified and contradicted by her CV. The archived ""Pratt Fine Arts Center since 1992"" is consistent — Pratt (Seattle) is among institutions where she has taught, though she also held adjunct posts in California. Born 1951 not independently confirmed but plausible (BA 1974). Could not confirm whether she still teaches at Pratt or California colleges currently (sources date to ~2019)."
146,person,crafts/metalsdirectorypage/p34.html,Key Cory,alive/job/name-change,"The archived ""Key Cory"" is a transcription/OCR error for Ken (Kenneth) Cory, the renowned art jeweler. Birth year (1943) and education (CCAC BFA, Washington State University MFA) match exactly. He died of heart failure in January 1994 at age 50; he was a longtime professor at Central Washington University, not in the archived n/a posting.",no,high,https://archive.seattletimes.com/archive/?date=19940129&slug=1892098 | https://americanart.si.edu/artist/ken-cory-18644,,2026-05-29,"verified=confirmed; Strong identity match: born 1943, BFA from California College of Arts and Crafts (Oakland), MFA from Washington State University - Pullman, all match the archived record. The archived name ""Key Cory"" is almost certainly a misreading of ""Ken Cory."" His primary teaching career was at Central Washington University (Ellensburg) for ~20 years, plus two earlier years teaching at CCAC. He died Jan 16, 1994 (heart failure, age 50). His work is collected by the Smithsonian American Art Museum. The archived ""currently teaching at: n/a"" is consistent with his having already died before the directory was current. This is a name correction (Key -> Ken), not a marriage/professional rename."
147,person,crafts/metalsdirectorypage/p35.html,Margaret Craver,alive/job/name-change,"Margret Craver (the directory's ""Margaret"" is a spelling variant) was a pioneering American studio jeweler, metalsmith, and enamelist (1907–2010) who studied at the University of Kansas; she died in 2010 at age 103.",no,high,https://en.wikipedia.org/wiki/Margret_Craver | https://americanart.si.edu/artist/margret-craver-1035 | https://craftcouncil.org/recognition/margret-craver | https://www.aaa.si.edu/collections/interviews/oral-history-interview-margret-craver-withers-12686,,2026-05-29,"verified=not-needed; Canonical professional spelling is ""Margret Craver"" (not ""Margaret""). She married Charles C. Withers in 1950 (he died 1985) and is sometimes listed as ""Margret Craver Withers"" (e.g., her Smithsonian Archives of American Art oral history), but she continued to work professionally under her maiden name, so this is not a true professional name change. She revived the en résille enameling technique. Education matches the archive (University of Kansas). She was a workshop/department founder and trainer rather than a sitting university faculty member, consistent with the archived ""n/a"" for currently teaching. Confidence high: birth/death dates and identity confirmed across Wikipedia, Smithsonian American Art Museum, and American Craft Council."
148,person,crafts/metalsdirectorypage/p36.html,Michael Croft,alive/job/name-change,"Michael Flynt Croft, metalsmith/jeweler and past president of the Society of North American Goldsmiths, taught metals at the University of Arizona from 1972; he is no longer in the school's current directory, consistent with retirement. No obituary found, but his status could not be confirmed.",retired-emeritus,medium,https://americanart.si.edu/artist/michael-croft-1049 | https://archive.catalog.arizona.edu/faculty/994/artx.html | https://art.arizona.edu/about/directory/ | https://www.aaa.si.edu/collections/society-north-american-goldsmiths-records-11070,,2026-05-29,"verified=not-needed; Identity firmly confirmed and matches the archived record: BFA University of New Mexico (1963), MFA Southern Illinois University (1965), Professor of Art at U of Arizona hired 1972 (archived U of A faculty catalog gives middle name ""Flynt""). SNAG past president (served as VP under Arline Fisch). SAAM lists birth year 1942 and birthplace Minneapolis, MN — a one-year discrepancy with the directory's 1941; otherwise consistent. He is NOT in the current University of Arizona School of Art directory (checked art.arizona.edu/about/directory), supporting retired/emeritus status; would be ~83-84 now. NO name change found. NO obituary found for the metalsmith — a ""Michael William Croft"" obituary exists on kennedyfh.com but has no metals/Arizona connection and is treated as a different person. The active LinkedIn ""Michael 'Mick' Croft - Division Head and Professor"" is most likely a different/younger person and not confirmed as this subject. Alive status marked 'unknown' honestly: no current record either way, but no death evidence."
149,person,crafts/metalsdirectorypage/p37.html,Virginia Wireman Cute,alive/job/name-change,"No retrievable online source documents Virginia Wireman Cute as a jeweler/metalsmith educator; her identity, current status, and any name change could not be verified. She is plausibly a mid-20th-century Philadelphia figure (Moore College BA, Univ. of Pennsylvania MFA), but nothing online confirms birth/death, role, or married/professional name change.",unknown,low,https://www.findagrave.com/memorial/24791533/katharine-wireman | https://delart.org/wp-content/uploads/2020/06/Wireman-Katharine.pdf | https://www.enamelarts.org/collection/full-collection/ | https://moore.edu/about/,,2026-05-29,"verified=disputed; Extensive searching (institution faculty pages, artist sites, Wikipedia, SNAG/snagmetalsmith.org, Enamel Arts Foundation, Philadelphia Museum of Art, Find a Grave, obituaries, genealogy) returned NO discrete record under ""Virginia Wireman Cute,"" ""Virginia Cute,"" ""Virginia W. Cute,"" or ""Virginia Wireman."" All hits were spurious: the unrelated anonymous ""Philadelphia Wireman"" sculptor; illustrator Katharine Richardson Wireman (1878-1966, Philadelphia Quaker, three daughters) who shares the surname and could conceivably be a relative but with NO documented link to a daughter named Virginia; enamelist Virginia Dudley (a different person); and generic noise. The archived Tyler record itself shows ""currently teaching: n/a,"" so the directory placed her at no current institution. ""Wireman"" is likely her maiden name and ""Cute"" a married name, but this is inference, not a confirmed name-change finding. Honest verdict: identity not confirmed; alive/deceased, name change, and last-known role all unknown. No source URL is asserted because none was found about this specific person."
150,person,crafts/metalsdirectorypage/p39.html,Marilyn Dasilva,alive/job/name-change,"Marilyn da Silva (b. 1952), the metalsmith/enamelist known for gesso-and-colored-pencil narrative metalwork, is alive and is now Professor Emerita of the Jewelry & Metal Arts Program at California College of the Arts — the same school as the archived ""California College of Arts and Crafts"" (CCAC was renamed CCA in 2003), where she has taught since 1987. She is now retired/emerita rather than the active department head.",retired-emeritus,high,https://en.wikipedia.org/wiki/Marilyn_da_Silva | http://www.marilyndasilva.com/about | https://www.craftcouncil.org/recognition/marilyn-da-silva | https://montgomery.dartmouth.edu/people/marilyn-da-silva,,2026-05-29,"verified=not-needed; Archived name ""Marilyn Dasilva"" is simply a despaced rendering of ""Marilyn da Silva"" — NOT a name change; same person, no married/professional rename found (married to fellow metalsmith Jack da Silva). The archived institution ""California College of Arts and Crafts"" is the same institution as today's ""California College of the Arts"" (CCAC renamed CCA in 2003), so this is the SAME job/institution, not a move. Status changed from active professor/department head to Professor Emerita (retired). Born 1952 in Akron, Ohio. Education (archived ""n/a""): BS Art Education, Bowling Green State University; MFA Jewelry Design & Metalsmithing, Indiana University Bloomington. Wikipedia lists her under ""Living people,"" age 73-74, no obituary or death record found. Honorary Fellow American Craft Council (2007), Master Metalsmith (National Ornamental Metal Museum, 1999), Master of the Medium (James Renwick Alliance, 2017), Montgomery Fellow at Dartmouth (2022)."
151,person,crafts/metalsdirectorypage/p4.html,Ellen Rose-Auyong,alive/job/name-change,"Ellen Rose Auyong was a jewelry maker/metalsmith and Professor of Visual Arts at the University of North Dakota; she retired in 1999 and died March 28, 2008.",retired-emeritus,high,https://www.grandforksherald.com/newsmd/ellen-rose-auyong | https://www.normanfuneral.com/obituary/866862 | https://commons.und.edu/uac-all/1069/,,2026-05-29,"verified=confirmed; Definitive match: obituary confirms maiden name Rose, married Theodore Auyong in 1970 (hence the archived ""Rose-Auyong"" hyphenation — not a separate name change), born 1934 in Missouri, education at William Woods, Central Methodist College, and a master's at University of Missouri-Columbia, and a UND art faculty career as a ""gifted teacher, jewelry maker, metalsmith and small sculptor."" Archived ""since 1972"" predates the 1999 retirement consistently. She is deceased (2008), so she is no longer in the role; emeritus/retired status applies as of 1999."
152,person,crafts/metalsdirectorypage/p40.html,Beverly Decman,alive/job/name-change,"Beverly (Bev) Decman was the longtime jewelry/metalsmithing instructor at Joliet Junior College (the archived record's institution) and is now retired/emeritus, having been succeeded by her former student Cathy Mustari around 2001. She was alive as of 2014 (listed as surviving spouse in her husband Stephen Decman's obituary); no obituary for her was found, but her current status is unconfirmed.",retired-emeritus,medium,https://news.jjc.edu/2014/01/faculty-spotlight-one-class-changed-everything-for-cathy-mustari/ | https://huskiecommons.lib.niu.edu/clgvisperart-thesesdissertations/index.2.html | https://news.jjc.edu/2013/10/jjc-students-sell-unique-homemade-jewelry-on-nov-14/ | https://fredcdames.com/tribute/details/2955/Stephen-Decman/obituary.html | https://www.linkedin.com/in/beverly-decman-578203132,,2026-05-29,"verified=not-needed; Identity confirmed as the metals educator: an NIU graduate thesis ""Documentation of the one-person show of metalwork/jewelry"" matches the archived MA from Northern Illinois University, and multiple JJC sources tie ""Bev Decman"" to teaching jewelry/metalsmithing at Joliet Junior College. NAME: no professional name change found; her maiden name is Yurkovich (per husband Stephen Decman's 2014 obituary), but she went by Beverly Decman professionally. JOB: the JJC Faculty Spotlight on Cathy Mustari (Jan 2014) states Mustari worked as a student worker under instructor Bev Decman and became JJC metalsmithing teacher in 2001, indicating Decman had retired from the archived active-teaching role. A LinkedIn profile exists (linkedin.com/in/beverly-decman-578203132) but could not be fetched (HTTP 999). ALIVE: confirmed living as of April 2014 (surviving spouse in husband's obituary); born 1945 (~80-81 in 2026); no obituary found, so status marked unknown. A 2013 JJC article mentions a ""Beverly Decman"" selling student-made jewelry, plausibly her continuing in the program post-retirement."
153,person,crafts/metalsdirectorypage/p41.html,William R. Derrevere,alive/job/name-change,"William ""Bill"" R. Derrevere is alive and active as a metalsmith/jeweler. He retired around 2016–2019 after ~45 years teaching jewelry/metals at Tulsa Community College, and as of 2025 teaches jewelry design at AHHA in Tulsa and at Ghost Ranch (NM).",retired-emeritus,high,https://www.ghostranch.org/program/g25090306/ | https://tulsaworld.com/life-entertainment/local/art-theater/upcoming-art-exhibitions-feature-wearable-art-woodcut-printmaking-vinyl-creations/article_21e12614-ac43-11ef-93f0-cf7ecf5bd2c8.html | https://www.localwombat.com/oklahoma/tulsa/829618-derrevere-designs-william.html | https://www.tulsatoday.com/2011/10/02/joomla-2907/,,2026-05-29,"verified=not-needed; Strong identity match: the archived ""Tulsa Community College since 1971"" lines up with a Sept 2025 Ghost Ranch bio stating he taught at TCC for 45 years before retiring ~6 years ago, and was past head of the TCC Art Department. Goes by ""Bill"" Derrevere; no name change found. No obituary located. Specialty includes Southwest silver, bolo ties with turquoise/lapis, sterling. Runs Derrevere Designs in Tulsa (listed with Harriet Derrevere). No personal artist website or Wikipedia page found; canonical current source is the 2025 Ghost Ranch program page. The TCC ""Derrevere's Then and Now"" event page (tulsacc.edu) now 404s."
154,person,crafts/metalsdirectorypage/p42.html,Gail Dial,alive/job/name-change,"The archived ""Gail Dial"" is Theresa Gail Dial, who taught art (metals/jewelry) at Idaho State University from 1974 to 2008 and is now listed as Professor of Art, Emeritus. No obituary was found; she appears retired rather than deceased, but her current status could not be independently confirmed beyond the emeritus listing.",retired-emeritus,medium,https://www.isu.edu/cal/about/emeritus-faculty/ | https://coursecat.isu.edu/undergraduate/artsandletters/art/faculty/ | https://www.isu.edu/art/curriculum/metals/ | https://en.wikipedia.org/wiki/Alma_Eikerman,,2026-05-29,"verified=confirmed; Archived record (born 1947, ISU since 1974, BFA Pittsburg State, MFA Indiana University under Alma Eikerman) is consistent with the ISU emeritus faculty entry. ISU's official Emeritus Faculty page and the Art department faculty catalog both list her as ""Theresa Gail Dial / Gail Dial, Professor of Art, 1974-2008"" — confirming she retired from the archived job (no longer actively teaching, now emeritus). No name change found; ""Gail"" is a middle name used professionally, ""Theresa"" is the first name. The end date 2008 matches a ~retirement after a long career. Searches for an obituary returned only unrelated ""Gail Dial"" people (e.g., a Pembroke, NC obituary, and various other Gail-named jewelers like Gail Williams/Gail Reid) — none is this ISU professor. The 'alive' status is marked likely-deceased only as a conservative flag given age (~78-79) and the dormancy of public traces; I found NO evidence of death, so 'unknown/retired' is also plausible. No personal artist website or SNAG profile located. Confidence medium: institutional identity is firmly confirmed; alive-vs-deceased is genuinely uncertain."
155,person,crafts/metalsdirectorypage/p43.html,Lynn Duggan,alive/job/name-change,"Lynn Duggan taught jewelry and metalsmithing at Nazareth College (Rochester, NY) for nearly 40 years and retired in May 2016 (now Professor Emerita), marked by the retrospective exhibition ""Lynn Duggan: Trajectory."" She remains an active artist with a current website and no name change or obituary found.",retired-emeritus,high,http://www.dugganart.com/about | https://www2.naz.edu/connections/past-issues/spring-summer-2016/lynn-duggan-trajectory | https://burchfieldpenney.org/art-and-artists/people/profile:lynn-a-duggan/,,2026-05-29,"verified=not-needed; Strong identity match to the archived record: BA from Purdue University, MFA in Jewelry and Metalsmithing from Washington University, and tenure at Nazareth College beginning circa 1978/1976 (the article says ""nearly 40 years"" ending 2016, consistent with the archived 1978 start). Also a visiting professor for the University of Georgia study-abroad program in Cortona, Italy. No evidence of a name change; she publishes/exhibits as ""Lynn Duggan"" (occasionally ""Lynn A. Duggan""). No obituary or death record found; she is alive (active artist site and gallery profiles). Could not independently verify the archived ""born 1954"" or the Miami University undergrad note, but those do not conflict with findings."
156,person,crafts/metalsdirectorypage/p44.html,Bob Ebendorf,alive/job/name-change,"Robert ""Bob"" Ebendorf (b. Sept 30, 1938) is alive and still active as a jeweler/metalsmith. His full/professional name is Robert William Ebendorf (""Bob"" is the familiar form, not a name change). He retired from East Carolina University after teaching there 1997-2016, where he held the Carol Grotnes Belk Distinguished Professorship.",retired-emeritus,high,https://en.wikipedia.org/wiki/Robert_Ebendorf | https://americanart.si.edu/artist/robert-ebendorf-1391 | https://www.craftcouncil.org/post/bob-ebendorf-master-metalsmith | https://news.ecu.edu/2004/10/21/ebendorf-inducted-into-hall-of-fame/ | https://www.why-make.com/podcast/2023/9/18/why-make-episode-54-bob-ebendorf,,2026-05-29,"verified=not-needed; Archived ""currently teaching"" was n/a; record matches the metalsmith. Note education discrepancy: Wikipedia/SAAM give BFA 1960 and MFA 1962/1963 from University of Kansas (Lawrence), consistent with the archived ""University of Kansas BFA/MFA."" Received SNAG Lifetime Achievement Award (2014), North Carolina Governor's Award in the Arts (2010), inducted into National Metalsmiths Hall of Fame (2004). A 2023 ""Why Make?"" podcast and a recent American Craft Council profile show him still teaching/creating at 83-85. No obituary found. ""Bob"" is a nickname for ""Robert,"" not a legal name change."
157,person,crafts/metalsdirectorypage/p45.html,Alma Eikerman,alive/job/name-change,"Alma Rosalie Eikerman (1908-1995) was a pioneering American metalsmith and jewelry designer who built the metals program at Indiana University, where she became Distinguished Professor (1976) and retired as Distinguished Professor Emeritus in 1978. She was a founding member of the Society of North American Goldsmiths and died in 1995.",retired-emeritus,high,https://en.wikipedia.org/wiki/Alma_Eikerman | http://purl.dlib.indiana.edu/iudl/findingaids/archives/InU-Ar-VAD7700 | https://eskenazi.indiana.edu/news/2022/2022-04-21-alma-eikerman.html | https://encyclopedia.design/2022/08/15/alma-eikerman-american-jewellery-designer-and-silversmith/ | https://limestonepostmagazine.com/alma-eikermans-legacy-still-inspires-metalsmiths-jewelry-designers/,,2026-05-29,"verified=not-needed; Born before 1930 as flagged; a historical figure, deceased 1995. Name never changed. Archived education (Kansas State BA, Columbia MA) matches biographical record; she also taught at Wichita State before joining Indiana University in 1947. The ""Alma Eikerman Jewelry Design and Silversmithing Fellowship"" was created in her honor at IU, and the Eskenazi School dedicated a portrait of her in 2022. No conflation with same-named persons in other fields; all sources confirm the metalsmith/jeweler."
158,person,crafts/metalsdirectorypage/p46.html,Helen Williams Drutt English,alive/job/name-change,"Helen Williams Drutt English (b. Nov 19, 1930), the pioneering Philadelphia craft/jewelry gallerist, curator, and educator, is still living (age 95 as of 2026). The archive listed her as not currently teaching (""n/a""), which is consistent: she has worked as an independent curator/scholar since her gallery closed as a physical space in 2002.",unknown,high,https://en.wikipedia.org/wiki/Helen_Drutt | https://artjewelryforum.org/interviews/helen-williams-drutt-english/ | https://www.aaa.si.edu/collections/interviews/oral-history-interview-helen-williams-drutt-english-17541 | https://www.artandobject.com/news/helen-drutt-english-americas-ambassador-craft,,2026-05-29,"verified=not-needed; Correct metals-arts person confirmed: founder of the Helen Drutt Gallery, godmother/queen of American studio craft, BFA Tyler School of Art (Temple, 1952). ""Williams"" is maiden, ""Drutt"" from her first marriage, ""English"" from her third husband, poet Maurice English (m. 1982) — her professional name ""Helen Williams Drutt English"" has been stable for decades, so not a recent/unrecorded name change. Listed in Wikipedia's ""Living people"" category with no death date. Archived ""currently teaching: n/a"" matches her independent-curator status; her academic teaching was historically at the Philadelphia College of Art (now University of the Arts). still_in_archived_job marked unknown because the archived job was itself ""n/a"" (no teaching post to confirm/deny)."
159,person,crafts/metalsdirectorypage/p47.html,Chuck Evans,alive/job/name-change,"Chuck Evans, who founded and led the metals/jewelry program at Iowa State University (1978-2001) and earned his MFA at RIT's School for American Craftsmen, died July 31, 2015 at age 75. No name change.",no,high,https://snagmetalsmith.org/2015/08/in-memoriam-chuck-evans/,,2026-05-29,"verified=confirmed; Archived record fully confirmed: ISU 1978-2001 and RIT MFA both match the SNAG memorial. He studied at RIT under Hans Christensen and Albert Paley (1969-1972), taught at Bowling Green State University for six years before ISU, and authored the textbook ""Jewelry: Contemporary Design and Technique"" (1983). The metalsmith Chuck Evans is distinct from the modernist furniture maker Paul Evans (also RIT) who appeared in searches. Born year ~1940 is inferred from ""age 75"" at death."
160,person,crafts/metalsdirectorypage/p48.html,Susan Ewing,alive/job/name-change,"Susan R. Ewing, the jeweler/metalsmith, is alive and is now Professor Emerita of Art at Miami University after 35 years (joined 1981, matching the archive). After her Miami career she became Director of Cranbrook Academy of Art (named Jan 2019); she appears to have since stepped down (Cranbrook lists an interim director for 2025).",retired-emeritus,high,https://miamioh.edu/academic-affairs/awards-professorships/spotlights/ewing-susan.html | https://studiosusanewing.com/about/bio/ | https://cranbrookart.edu/press-room/susan-r-ewing-named-director-of-cranbrook-academy-of-art/ | https://miamioh.edu/cca/academics/departments/art/about/faculty-staff/faculty/susan-ewing/index.html | https://www.artnews.com/art-news/news/cranbrook-academy-art-appoints-susan-r-ewing-director-11758/,,2026-05-29,"verified=not-needed; Strong identity match: archived MFA in Jewelry Design and Metalsmithing from Indiana University, Bloomington, and start at Miami University in 1981 both confirmed. Sometimes cited as ""Susan R. Ewing"" but this is her standard name, not a change. Born/raised in Lawrenceville, Illinois (the archive's birth year 1955 was not independently re-confirmed but is consistent). She is no longer in the archived teaching role — she is emerita; her most recent leadership post was directing Cranbrook Academy of Art, which she also appears to have left. The archived Stephens College (AA) and Indiana University BA undergraduate details are plausible but were not individually re-verified in this pass; the MFA and the Miami 1981 start are confirmed."
161,person,crafts/metalsdirectorypage/p49.html,Fred Fenster,alive/job/name-change,"Fred Fenster was the pewter/silver metalsmith and longtime University of Wisconsin–Madison professor (joined 1961, taught 40+ years), retiring in 2005 as Professor Emeritus. He died June 24, 2024.",retired-emeritus,high,https://en.wikipedia.org/wiki/Fred_Fenster | https://snagmetalsmith.org/2024/07/in-remembrance-fred-fenster/ | https://www.jckonline.com/editorial-article/teacher-fred-fenster-dies/ | https://americanart.si.edu/artist/fred-fenster-7089 | https://www.gundersonfh.com/obituaries/Fred-Fenster?obId=32177888,,2026-05-29,"verified=confirmed; Strong, unambiguous match to the archived metalsmith record: City College of New York undergrad, Cranbrook MFA, and University of Wisconsin–Madison faculty since the early 1960s all corroborated. Founding member of SNAG, ACC Fellow (1995), SNAG Lifetime Achievement Award (2015). No name change. Distinct from any same-named person in other fields."
162,person,crafts/metalsdirectorypage/p5.html,Eugene Kent Bahling,alive/job/name-change,"Eugene Kent Bahling (b. 1942), archived as a jewelry/metals faculty member at Edinboro University since 1969, has no verifiable current online presence. No faculty page, personal site, obituary, grave record, SNAG profile, or museum-collection entry could be found. Status (alive/deceased, retired) is unknown; if still living he would be about 84 and long retired.",unknown,low,https://www.edinboro.edu/academics/schools-and-departments/cahss/departments/art/faculty-and-staff.html | https://www.waynestategalleries.org/metals-2022/edinboro-university | https://www.ganoksin.com/article/jewelry-sue-amendolara/ | https://www.legacy.com/us/obituaries/local/pennsylvania/erie-area | https://www.findagrave.com/,,2026-05-29,"verified=disputed; Extensive searching (exact name, ""Gene Bahling,"" ""Eugene K./Kent Bahling,"" plus birth year, University of Northern Iowa, Edinboro, Erie PA obituaries, findagrave) returned ZERO records for this specific person. Searches surfaced unrelated people (David Bahling, Eugene Bahl 1926-2021) — none matching. Current Edinboro metals faculty are Sue Amendolara (since 1991) and Cappy Counard (since 1999), i.e. clear successors, consistent with Bahling having retired well before the directory went offline. No evidence of a name change was found, but absence of any record means this cannot be ruled out. No same-name-different-field confusion risk identified because no metals-field record of him exists online at all. Could not locate the original Tyler archived page to re-confirm the record. Best path to resolution would be Edinboro/PennWest art-department archives or Erie-area obituary databases not indexed by general web search. Confidence low across the board due to total lack of a digital footprint."
163,person,crafts/metalsdirectorypage/p50.html,Philip Fike,alive/job/name-change,"Phillip Fike (the archive's ""Philip Fike"") was a metalsmith and longtime Wayne State University professor known for reviving the fibula brooch and the niello technique, and a founding member of SNAG. He died December 8, 1997, at age 70.",no,high,https://en.wikipedia.org/wiki/Phillip_Fike | https://today.wayne.edu/news/1997/12/12/phillip-fike-70-died-dec-8-650 | https://www.aaa.si.edu/collections/phillip-fike-papers-16117 | https://americanart.si.edu/artist/phillip-fike-27939 | https://reuther.wayne.edu/node/14387,,2026-05-29,"verified=not-needed; Name spelling: the directory's ""Philip Fike"" is consistently spelled ""Phillip Fike"" (two L's) in all authoritative sources — a spelling variant, not a name change. Confirmed same person by occupation (metalsmith/jeweler), institution (Wayne State, joined 1953), education (University of Wisconsin–Madison via GI Bill), and SNAG co-founding. Born 1927 (full date July 15, 1927, Baraboo WI), matching the archived birth year. He taught at Wayne State for 45 years until his death in 1997 (so he was teaching there when this directory was current, but is long deceased). His papers are held at the Smithsonian Archives of American Art; work is in the Detroit Institute of Arts, Metal Museum, National Gallery of Art, and Smithsonian American Art Museum."
164,person,crafts/metalsdirectorypage/p51.html,Josefa Filosky,alive/job/name-change,"The archived ""Josefa Filosky"" is a misspelling of Josefa Filkosky (1933-1999), a Sister of Charity of Seton Hill and a nationally recognized minimalist sculptor in painted steel who taught at Seton Hill College for 44 years; she died in 1999. Education (Seton Hill, Carnegie Mellon, Cranbrook) and birth year 1933 match exactly.",no,high,https://www.findagrave.com/memorial/110900248/josefa-filkosky | https://triblive.com/tribextra/whats-that-prominent-sculptures-at-seton-hill-pay-homage-to-late-artist-teacher/ | https://test-shualumni.setonhill.edu/alumni-archive-pages/scholarship/honor-a-mentor/josefa-filkosky.html | https://www.askart.com/artist/Josefa_Filkosky/10017581/Josefa_Filkosky.aspx | https://sistersofcharityofsetonhill.omeka.net/exhibits/show/sisters-of-charity-of-seton-hi/noteworthy-professors-and-admi,,2026-05-29,"verified=confirmed; Two name issues: (1) the archive spelling ""Filosky"" is a transcription error for ""Filkosky""; (2) she was born Patricia Filkosky and took the religious name Josefa when she became a Sister of Charity of Seton Hill in 1956. She is primarily documented as a minimalist sculptor (painted steel beams/tubing), not strictly a jeweler/metalsmith, but the Cranbrook MFA + Carnegie Mellon + Seton Hill BA '59 education and 1933 birth year confirm this is the correct individual from the metals directory. Posthumous exhibition ""Josefa Filkosky: Collected Works"" at Seton Hill's Harlan Gallery (2001). Find a Grave gives full dates 1933-1999. Confidence high on identity and death; the Find a Grave and TribLIVE pages returned 403/connection errors to direct fetch but their search snippets are consistent and corroborate each other."
165,person,crafts/metalsdirectorypage/p52.html,Arline M. Fisch,alive/job/name-change,"Arline M. Fisch, the pioneering metalsmith who founded SDSU's jewelry and metalsmithing program in 1961, taught there until retiring in 2000 as Professor Emerita, and died on August 20, 2024 at age 93. The archived record correctly identifies her; she is now deceased.",retired-emeritus,high,https://en.wikipedia.org/wiki/Arline_Fisch | https://psfa.sdsu.edu/news/2024/in-memoriam-arline-fisch | https://snagmetalsmith.org/2024/08/in-remembrance-arline-fisch/ | https://www.jckonline.com/editorial-article/designer-arline-fisch-dies/ | https://craftcouncil.org/articles/in-memory-of-arline-fisch/ | https://www.aaa.si.edu/collections/arline-m-fisch-papers-11056,,2026-05-29,"verified=confirmed; Confirmed metals-arts educator/jeweler (no field-confusion risk). Education matches archive: BS Skidmore College, MA University of Illinois Urbana-Champaign. Known for pioneering textile techniques (knitting/crochet/weaving) in metal; author of ""Textile Techniques in Metal"" (1975); co-founded Society of North American Goldsmiths (SNAG) in 1969, its president 1982-85; named a ""Living Treasure of California"" in 1985. Name never changed throughout her career."
166,person,crafts/metalsdirectorypage/p53.html,Allan C. Fisher,alive/job/name-change,"Allan C. Fisher (b. 1945) was hired at Dakota State University in 1990 (matching the archive) and retired after about 10 years; he is now a working sculptor in Madison, SD and volunteers with a prison Alternatives to Violence Program. He still maintains his own site, allancfisher.com.",retired-emeritus,medium,"https://www.keloland.com/news/the-prison-artists/ | http://www.allancfisher.com/sculpture.html | http://www.allancfisher.com/ | https://sculpture.org/portfolio/sculptorpage.php?sculptor_id=1000080 | https://brookingsregister.com/stories/sculptor-coming-to-south-dakota-art-museum,102405 | https://www.houseofday.com/memorials/allan-fisher/5716363/",,2026-05-29,"verified=not-needed; Archived ""currently teaching at Dakota State University since 1990"" is partly confirmed: KELOLAND reports he was indeed hired as DSU art professor in 1990, but he has since retired (after ~10 years in Madison), so he is NOT still in the archived job. No name change — he continues to publish as ""Allan C. Fisher."" Alive status is UNKNOWN: no obituary for him was found, and he is presented in present tense as an active artist, but I found no confirmation of activity after roughly 2012 (his SD Art Museum show) / the KELOLAND feature. Born 1945, he would be about 81. IMPORTANT disambiguation: a May 2026 obituary for ""Allan Scott Fisher"" (b. June 4, 1942, Toledo OH, House of Day Funeral Service) is a DIFFERENT person — different middle name, birth year, and no SD/art connection. Education in archive (USN Vietnam 1966-70; BVA Georgia State; MFA Radford; some study at Tyler/Temple) was not independently verified online but is consistent with his Georgia State foundry work (""Nuclear Man,"" cast at Georgia State 1971-73). The allancfisher.com domain refused direct fetches (ECONNREFUSED) but is live in search results as his portfolio site."
167,person,crafts/metalsdirectorypage/p54.html,Robert C. Fisher,alive/job/name-change,"Could not confirm any current information about this specific Robert C. Fisher (jeweler/metalsmith, b. 1945). The Birmingham Bloomfield Art Association still operates as the Birmingham Bloomfield Art Center, but he is not on its current faculty list (jewelry/metals is now headed by Robin Servo), suggesting he likely left or retired; his current status, possible death, or any name change remain unverified.",unknown,low,https://bbartcenter.org/bbac-faculty/ | https://bbartcenter.org/birmingham-bloomfield-art-center/ | https://cranbrookart.edu/departments/metalsmithing/ | https://www.legacy.com/obituaries/name/fisher/robert,,2026-05-29,"verified=disputed; Extensive searches (institution faculty page, obituaries via Legacy/TributeArchive/DignityMemorial, SNAG/SNAGmetalsmith member directory, Cranbrook Academy of Art, name+credential combinations) returned no confirmable match for THIS person. The name ""Robert Fisher"" is very common; several same-named individuals were found but none fit the profile: Robert M. Fisher (abstract painter/sculptor, 1928-2007); Rob Fisher (computer-art metal sculptor); Robert Vernon Fisher (1945-2022, ran a jewelry store, but based in New York/Santa Fe, not Michigan — possible but not confirmable as the same person); the unrelated 'Robert Fisher' karat-gold jewelry manufacturing company. A 2014 Robert Fisher obituary (Bloomfield Hills, age 66 -> b. ~1948) does not match the 1945 birth year and gave no metalsmithing/teaching details. No reliable evidence of a name change, death, or current role. Marking alive=unknown and job-status=unknown honestly. The current_link points to the institution's faculty page (best canonical institutional source) since no personal/biographical canonical page for this individual could be found."
168,person,crafts/metalsdirectorypage/p55.html,John T. Fix,alive/job/name-change,"John T. Fix was the long-time head of the Jewelry/Metalsmithing program at Towson University (1967-2000) and retired as Professor Emeritus. Towson's official Emeriti Directory now marks his name with the asterisk that denotes deceased, so he is likely deceased, though no obituary or death year was found.",retired-emeritus,medium,https://www.washingtonguildofgoldsmiths.com/metalwork-2008/ | https://www.towson.edu/provost/retired-faculty/emeriti.html | https://www.towson.edu/cofac/departments/art/undergrad/artdesign/metalsmith.html | https://archives.towson.edu/Documents/Detail/art-instructor-john-h.-fix/61244,,2026-05-29,"verified=confirmed; Identity strongly confirmed: matches archived record (Towson since 1967, jeweler/metalsmith). Washington Guild of Goldsmiths bio: ""Professor Emeritus at Towson University in Baltimore, MD where he headed the Jewelry Department from 1967-2000,"" Fulbright International Teacher Exchange 1981-82, Maryland State Arts Council Individual Artist Awards 2001 & 2007, NICHE magazine Professional Finalist Award for hollowware 2006. Education (Ohio State BFA / Cranbrook MFA) not independently re-verified online but consistent with profile. Towson archives hold a photo labeled ""Art Instructor John H. Fix"" (c.1970) — middle initial differs (H vs T) but almost certainly the same person given matching role/era; treat the H/T discrepancy as an archival inconsistency, not a name change. No professional rename or married-name change found. The Towson Emeriti Directory entry ""John Fix*"" (asterisk = deceased per the page's own legend) is the basis for likely-deceased; no specific obituary located, so death year is unknown — hence medium (not high) confidence on alive-status."
169,person,crafts/metalsdirectorypage/p56.html,Dr. Elaine E. Foster,alive/job/name-change,"Dr. Elaine E. Foster (full name Elaine Elizabeth Foster, b. ~1934 in Worcester, MA) was a jewelry/metalsmithing artist and Professor Emerita of Art at New Jersey City University; she died October 29, 2024 in New York City. Her name did not change.",retired-emeritus,high,https://greenwichvillagefuneralhome.com/obituary/?ob-id=3460&obit=Elaine+Elizabeth+Foster | https://www.legacy.com/us/obituaries/name/elaine-foster-obituary?id=56714374,,2026-05-29,"verified=confirmed; Strong identity match: Worcester Art Museum certificate, Clark University BA + MA, and a career as a jewelry/fine-metalworking professor all match the archived record. She is a Worcester, MA native (parents Ernest Webster Foster and Elizabeth Dubec Foster), so ""Foster"" is her birth surname — no married/professional name change. She held design and utility patents on a ""tie brooch"" and helped found NJCU's jewelry design studio. One discrepancy: the archived record lists a Harvard MA, but her obituary lists her doctorate as an Ed.D. from Teachers College, Columbia University (no Harvard mention). The archived ""currently teaching: n/a"" is consistent with her being long retired (Professor Emerita) by the directory's offline era. Age at death (90, almost 91) in Oct 2024 corroborates the 1934 birth year."
170,person,crafts/metalsdirectorypage/p57.html,Jem Freyaldenhoven,alive/job/name-change,"Jem W. Freyaldenhoven (1948-1986), a metalsmith/jeweler with a BFA from the Memphis Academy of Arts and an MFA from Tyler School of Art (Temple University), taught jewelry design and silversmithing at Georgia State University in Atlanta. He died in 1986 (reported of AIDS). His sculpture ""Krasnaya"" is in Georgia's State Art Collection.",no,high,https://www.georgiaencyclopedia.org/articles/arts-culture/jem-freyaldenhoven-1948-1986/ | https://gaarts.org/freyaldenhoven-jem-krasnaya-0000165/ | https://digitalcollections.library.gsu.edu/digital/api/collection/catalogs/id/10993/download,,2026-05-29,"verified=confirmed; The archived directory spelling ""Freyauldehoven"" is a misspelling of ""Freyaldenhoven."" Identity confirmed by matching born-1948 and Tyler MFA: the Georgia State University library catalog credits ""JEM W. FREYALDENHOVEN, B.F.A., M.F.A. (Tyler School of Art, Temple),"" and his teaching of jewelry/silversmithing matches the metals-arts field. No name change. Deceased long before the directory went offline, which explains the ""currently teaching: n/a"" entry. The death cause (AIDS) is from search-engine snippets of the New Georgia Encyclopedia; the encyclopedia/GCA pages now redirect, but two independent sources corroborate the 1948-1986 dates."
171,person,crafts/metalsdirectorypage/p58.html,Daniel J. Frye,alive/job/name-change,"Daniel J. Frye (b. 1955) left University of Missouri-Columbia and joined California State University, Sacramento in 2000, where he revitalized the metals/jewelry program and served as Art Department chair (2007-2013). He died in July 2014.",no,high,https://snagmetalsmith.org/2014/08/in-memoriam-daniel-frye/,,2026-05-29,"verified=confirmed; Confirmed match: born 1955, taught at University of Missouri-Columbia, and educated at Millersville University, PA (the archive's garbled ""University of Pennsylvania of Millersville"" = Millersville University; BS and M.Ed. in art education). Also held a 1991 doctorate in teaching and curriculum from Syracuse University. SNAG member; known for ""Spirit Jars"" metalwork. Moved from Missouri to CSU Sacramento in 2000. Deceased July 2014 per SNAG memorial. No name change."
172,person,crafts/metalsdirectorypage/p59.html,Gay Gardner,alive/job/name-change,"No verifiable online record of Gay Gardner as a metalsmith/jeweler could be found. The archived role (teaching metals/jewelry at Spokane Art School since 1990) cannot be confirmed; the Spokane Art School closed in 2008 and reopened as a nonprofit in 2012, and Gardner is not among its current instructors. Status, current role, and whether the name changed are all unknown.",unknown,low,https://spokaneartschool.net/instructors-2/ | https://spokaneartschool.net/about/ | https://www.spokesman.com/stories/2012/nov/11/crafting-a-comeback/,,2026-05-29,"verified=disputed; Searched institution faculty pages, artist sites, SNAG, museum collections, and obituaries. No match for a Gay Gardner working in metals/jewelry with a University of Washington BFA. The only ""Gay"" in the Spokane arts scene found online is Gay Waldman, a clearly DIFFERENT person (mixed-media photographer, BA from Lewis-Clark State College, not a metalsmith) — do not conflate. The Spokane Art School building historically housed a jewelry studio in the 1990s, consistent with the archived record, but no instructor roster from that era is online. web.archive.org could not be fetched in this environment, so older Spokane Art School faculty snapshots were not directly inspectable. Married/changed name not found but also not ruled out. Overall: thin-to-absent web footprint, low confidence on all fields."
173,person,crafts/metalsdirectorypage/p6.html,Mark Baldridge,alive/job/name-change,"Mark Baldridge joined Longwood in 1972 (matching the archive) and taught jewelry/metalsmithing there for 42 years until retiring in 2014; he is alive and active as an independent designer, with his own site referencing a ""Waterfall Project 2025.""",retired-emeritus,high,https://www.longwood.edu/news/2014/longwood-honors-five-retiring-faculty-members/ | https://www.markbaldridgedesign.com/mark-baldridge-design-about-the-artist | https://www.markbaldridgedesign.com/ | http://blogs.longwood.edu/ccfnn/2017/05/12/mark-baldridge-designs-featured-in-american-craft-magazine/ | https://www.albright.edu/faculty-detail/mark-baldridge-m-f-a/,,2026-05-29,"verified=not-needed; Education confirmed exactly: B.S. State University College at Buffalo, M.F.A. metalsmithing/jewelry from Cranbrook Academy of Art. Co-founded SNAG's journal (now Metalsmith), served on its board, and received SNAG lifetime membership in Jan 2014. The archived ""since 1972 at Longwood"" is correct; he is now retired/emeritus. No obituary found for this person; do-not-confuse obituaries exist for unrelated men named Mark Baldridge (e.g., Fort Valley, GA). Birth year 1946 not independently confirmed but consistent with a 42-year career starting 1972. Same person also separately listed as adjunct at Albright College (Reading, PA)."
174,person,crafts/metalsdirectorypage/p60.html,Jeff Georgantes,alive/job/name-change,"Jeff Georgantes left College of the Redwoods and has been head of the Jewelry/Metals program at Dartmouth College since 2005, where he is still active as director of the Byrne (formerly Claflin) Jewelry Studio as of the 2025-2026 academic year. He now goes professionally by ""T Jeffrey Georgantes.""",no,high,https://hop.dartmouth.edu/people/t-jeffrey-georgantes | https://www.jeffgeorgantes.com/about | https://www.thedartmouth.com/article/2025/11/jewelry-studio-reopening-coverage | https://hop.dartmouth.edu/students/jewelry,,2026-05-29,"verified=confirmed; Strong identity match: archived record's Humboldt State BA/MA and ~15 years teaching at College of the Redwoods both appear in his own biography. His own bio adds an MFA in Jewelry/Metals from CSU Fullerton (2005), not in the archived record. He coordinated the Mendocino Art Center jewelry program early-1990s to 2005, then moved to Dartmouth in 2005 — so the archived ""currently teaching at College of the Redwoods since 1987"" is outdated. Name: he goes by ""T Jeffrey Georgantes"" in Dartmouth's official directory and ""Jeff Georgantes"" on his personal/professional site; this is a professional naming variant, not a marriage/legal rename. Birth year 1956 not independently confirmed online but no contradicting info found. No obituary; multiple sources confirm he is alive and actively teaching in 2025-2026."
175,person,crafts/metalsdirectorypage/p61.html,Nilda Getty,alive/job/name-change,"Nilda Getty (full name Nilda C. Fernandez Getty, b. 1936) taught metalsmithing at Colorado State University; by 2015 she had left teaching and was a working studio artist in Fort Collins, Colorado. No obituary was found, and a Colorado voter record under ""Nilda Fernandez Getty"" suggests she remained a Colorado resident, but her current living status is not confirmed.",retired-emeritus,low,https://www.augsburg.edu/now/2015/07/28/research-on-the-road/ | https://archive.org/details/contemporarycraf00gett | https://digital.craftcouncil.org/digital/collection/p15785coll7/id/4223/ | https://coloradovoters.info/by_number/0014/50489_nilda_fernandez_getty.html | https://art.colostate.edu/degrees-and-programs/studio-bfa/bfa-metalsmithing-and-jewelry/,,2026-05-29,"verified=confirmed; The directory name ""Nilda Getty"" matches the artist; her published/fuller name is ""Nilda C. Fernandez Getty"" (Fernandez = maiden name), used as author of ""Contemporary Crafts of the Americas."" This is NOT a formal name change — it is the same professional identity. Confirmed metalsmith/jeweler (correct person; not the J. Paul Getty Museum, which appears only as a name collision). Education claims (Stetson BFA, Univ. of Georgia MFA) could not be independently verified online but are consistent with her metals-education career. As of the 2015 Augsburg article she was retired from CSU teaching and active as a studio artist in Fort Collins (earlier studio in Loveland). No obituary found; a Colorado voter database lists ""Nilda Fernandez Getty,"" supporting continued Colorado residence. Given a 1936 birth (age ~90 in 2026) and no recent online activity found, living status is genuinely uncertain — marked unknown/low confidence. A separate ""Nilda Fernandez"" obituary in Miami, FL is a different person."
176,person,crafts/metalsdirectorypage/p62.html,Imogene Gieling,alive/job/name-change,"Imogene ""Tex"" Gieling (1923–2024), pioneering Bay Area metalsmith and educator who founded the metal arts departments at UC Berkeley (1956) and San Francisco State University (1965), died December 22, 2024 at 101. She received SNAG's Lifetime Achievement Award in 2003 and endowed the Imogene Gieling Curator of Crafts position at the Oakland Museum of California.",retired-emeritus,high,https://snagmetalsmith.org/2025/02/in-remembrance-imogene-tex-gieling/ | https://snagmetalsmith.org/2019/01/2004-laa-tex-gieling/ | https://www.aaa.si.edu/collections/interviews/oral-history-interview-imogene-tex-gieling-15637 | https://sfmcd.org/tex-gieling-sixty-years/ | https://sfstandard.com/2025/10/23/duboce-triangle-donated-house/,,2026-05-29,"verified=not-needed; Widely known professionally as ""Tex"" Gieling — this is a long-standing nickname, NOT a name change or married name; her name remained Imogene Gieling throughout her career. Born 1923 in Corsicana, Texas; matches the archived birth year. Education in the archive (Texas State College for Women BS, University of Washington MA, College of Marin) is consistent with biographical accounts. Taught at SF State for 25 years until retiring in 1990; not ""currently teaching"" (consistent with archived n/a). Confirmed deceased via SNAG remembrance, multiple member-guild memorials, and SF Standard coverage of her donated house (Oct 2025). Strong, well-documented identity match to the metals-arts educator — no field confusion."
177,person,crafts/metalsdirectorypage/p63.html,Douglas Gilchrist,alive/job/name-change,Douglas Gilchrist (1878–1942) was an American silversmith and Instructor in Metal-work and Jewelry at the Pennsylvania Museum and School of Industrial Art in Philadelphia; he is long deceased.,no,high,https://www.philamuseum.org/collection/object/326964 | https://archive.org/stream/annualreportofph08phil/annualreportofph08phil_djvu.txt | https://www.ganoksin.com/article/richard-reinhardt-discontinuous-continuity/,,2026-05-29,"verified=confirmed; This is a historical figure, not a living artist — the archived directory record had no birth/job/education data. Multiple sources converge on the same person: the Philadelphia Museum of Art holds his ivory-and-gilt ""Casket"" (c. 1922), executed from designs by Violet Oakley for the Philadelphia Award, and gives his dates as 1878–1942, American. The PMSIA 1921–22 annual report lists him as ""Instructor in Metal-work and Jewelry."" A Ganoksin profile of jeweler Richard Reinhardt recalls Gilchrist teaching the PMSIA jewelry class in the early 1940s (noted as very near-sighted), after which he was replaced by Virginia Cute. Deceased since 1942; no name change. (Disambiguated away from unrelated living people: a DC music teacher and various LinkedIn/TruthFinder Douglas Gilchrists.) Marked ""likely-deceased"" only because death is inferred from the museum's date range rather than a sighted obituary, but confidence is high."
178,person,crafts/metalsdirectorypage/p64.html,John Benjamin Gilliam,alive/job/name-change,"John Benjamin Gilliam (goes by ""Ben"") left the Rowan adjunct post; since 2001 he has been a visual arts instructor (metals/jewelry, 3-D design, bronze casting) at the South Carolina Governor's School for the Arts and Humanities in Greenville, SC, and remains a working studio metalsmith.",no,high,http://www.benjamingilliam.com/ | http://www.benjamingilliam.com/biography | http://www.benjamingilliam.com/resume | https://www.scgsah.org/residential-high-school/visual-arts/visual-arts-faculty,,2026-05-29,"verified=confirmed; Strongly confirmed match. His own CV verifies the archived record exactly: BFA Indiana University of Pennsylvania (1990, Metals & Jewelry/Sculpture), MFA Tyler School of Art / Temple University (1992, Metals/Jewelry/CAD-CAM), and Adjunct Assistant Professor at Rowan University, Glassboro NJ 1993-2000 (the archive's ""Rowan College of New Jersey since 1993""; Rowan College was renamed Rowan University in 1997). The archive's job is outdated: he ended the Rowan adjunct role in 2000 and has taught at SCGSAH since 2001. Currently listed on the live SCGSAH visual arts faculty page (2026). No name change — ""Ben"" is a nickname for his middle name Benjamin; he publishes as John Benjamin Gilliam. No obituary found; clearly alive and actively teaching. Birth year 1968 not independently confirmed online but consistent (BFA 1990). Other awards: SC Arts Commission Individual Artist Fellowship (2008), International Sculpture Society Outstanding K-12 Sculpture Teacher Award (2002)."
179,person,crafts/metalsdirectorypage/p65.html,Timothy M. Glotzbach,alive/job/name-change,"Tim (Timothy M.) Glotzbach is a living metalsmith/jewelry educator (MFA Jewelry/Metalsmithing, Southern Illinois University-Carbondale). He left EKU after 21 years, founded the Kentucky School of Craft, was Academic Dean at Hazard Community & Technical College, then directed Berea College Student Craft until retiring in 2018; he now serves as Vice President of the KCHEA board.",no,high,https://www.kchea.org/boardmembers | https://libraryguides.berea.edu/glotzbachtim | https://art.eku.edu/jewelry-and-metals | https://magazine.berea.edu/winter-2016/passing-on-a-tradition-of-making/,,2026-05-29,"verified=confirmed; Confirmed as the correct metals-arts person via repeated MFA-in-Jewelry/Metalsmithing-from-SIU and EKU details matching the archived record (born 1952, BS Indiana State, MFA SIU). Archived ""currently at EKU since 1980"" is outdated: he served ~21 years at EKU, then moved to Kentucky craft-education leadership roles (Kentucky School of Craft founding director; Hazard CTC academic dean; Berea College Student Craft director, retired 2018). Won the 2003 Rude Osolnik Award. No name change found. No obituary found; he is listed as a sitting KCHEA Vice President (KCHEA board page; Berea library guide last updated Aug 2022), so marked alive with high confidence."
180,person,crafts/metalsdirectorypage/p66.html,Martha Glowacki,alive/job/name-change,"Martha Glowacki is alive and active; she is a sculptor/metalsmith and co-director of the James Watrous Gallery at the Wisconsin Academy of Sciences, Arts & Letters. She is no longer in a UW-Madison teaching role (she was formerly a metalsmithing lecturer there); the directory's ""currently teaching at UW-Madison"" status is outdated.",no,high,https://www.marthaglowackiartist.com/node/2 | https://www.marthaglowackiartist.com/node/3 | https://madisonlocallysourced.com/martha-glowacki/ | https://art.wisc.edu/2023/01/11/visiting-artist-colloquium-martha-glowacki/ | https://www.mmoca.org/artist/martha-glowacki/ | https://www.jmkac.org/artist/glowacki-martha/,,2026-05-29,"verified=confirmed; Confirmed correct metalsmith: MFA in art metal from UW-Madison (1978), studied under Fred Fenster and Eleanor Moty; earlier she lectured in metalsmithing at UW-Madison and UW-Milwaukee. Birth year discrepancy: her own site and the Wisconsin Academy give 1950 (Milwaukee), while the archived record says 1952 — multiple primary-leaning sources favor 1950. Her UW-Madison roles included Design Gallery director (2000-2003) and a metalsmithing lectureship, not a current standing teaching appointment. She remains an active exhibiting artist (2021 solo ""Rituals and Reenactments"" at Abel Contemporary; 2023 UW Art visiting artist colloquium) and her practice has shifted toward sculpture/installation (""cabinets of curiosities,"" science-themed). No obituary found. Name unchanged."
181,person,crafts/metalsdirectorypage/p67.html,Myra Mimlitsch Gray,alive/job/name-change,"Myra Mimlitsch-Gray (b. 1962) is alive and still a Professor heading the Metal Program at SUNY New Paltz, the same job recorded in the archive. She is an American Craft Council Fellow (2016) and a Metal Museum Master Metalsmith.",yes,high,https://en.wikipedia.org/wiki/Myra_Mimlitsch-Gray | https://webapps.newpaltz.edu/directory/profile/myramimlitschgray | https://www.mimlitschgray.com/bio | https://sites.newpaltz.edu/news/2022/11/myra-mimlitsch-gray-yale-art-gallery-symposium/ | https://www.aaa.si.edu/collections/interviews/oral-history-interview-myra-mimlitschgray-15893,,2026-05-29,"verified=not-needed; The archive's spelling ""Mimlitsch Gray"" (no hyphen) is the same person; her established professional/canonical name is hyphenated as ""Mimlitsch-Gray"" — this is a styling/punctuation difference, not a name change (she has used Mimlitsch-Gray throughout her career). Education matches: BFA Philadelphia College of Art/University of the Arts, MFA Cranbrook Academy of Art. Born July 11, 1962. Still actively teaching and exhibiting (e.g., 2022 Yale Art Gallery symposium lecture); 2018 SUNY Chancellor's Award for Excellence in Scholarship and Creative Activities. No obituary exists."
182,person,crafts/metalsdirectorypage/p69.html,Arch Gregory,alive/job/name-change,"Arch Gregory was a founding jewelry faculty member at Haywood Community College who retired in 2002 (succeeded by Robert Blanton); he remains a listed (Approved) jewelry member of the Southern Highland Craft Guild in Waynesville, NC. No obituary or name change was found.",retired-emeritus,medium,https://www.themountaineer.com/life/hcc-jewelry-program-cultivates-artistic-vision/article_c714b234-9023-11ec-9f71-53b1785d7112.html | https://southernhighlandguild.org/member/archgregory/ | https://www.haywood.edu/programs/professional-crafts-jewelry.php,,2026-05-29,"verified=not-needed; The archived directory listed him ""currently teaching at Haywood Community College since 1986."" The Mountaineer (Feb 2022) confirms he was the first of HCC's original Professional Crafts faculty to retire, in 2002, replaced by jewelry instructor Robert Blanton — so he is no longer teaching, consistent with retired/emeritus status. He is still listed as an Approved jewelry member of the Southern Highland Craft Guild (Waynesville, NC), suggesting he may still be alive and craft-active, though the guild profile carries no bio. No obituary was located despite targeted searches of Waynesville/Haywood County NC obituaries, so 'alive' is marked unknown (born 1941, he would be ~85 in 2026). No evidence of any name change. The MTSU undergrad / University of Tennessee MS education from the archived record could not be independently re-verified online but is consistent with the identified person. Confidence medium: identity and retirement are well supported; living status is unconfirmed."
183,person,crafts/metalsdirectorypage/p7.html,John Baltrushunas,alive/job/name-change,"John Baltrushunas spent his career as a metalsmith/jeweler and Associate Professor of Art at Maryville University (St. Louis), where he directed the studio art program and the May Gallery, matching the archived ""Maryville since 1992"" record. He appears alive and was active as recently as a 2017 Maryville Outstanding Faculty Award and ongoing Midwest Metalsmiths involvement; he is no longer on the current Design & Visual Art faculty page, suggesting recent retirement or departure (status unconfirmed).",unknown,medium,https://www.maryville.edu/mpress/maryville-presents-2017-outstanding-faculty-awards/ | https://www.maryville.edu/society-of-midwest-metalsmithing-provides-scholarship/ | https://www.stltoday.com/lifestyles/home-and-garden/made-in-st-louis-metalsmith-s-love-of-outdoors-can/article_322e70ba-e7fb-5b6d-81c9-bd9ccc89a4f2.html | https://www.ganoksin.com/article/metalsmith-91-spring-exhibition-reviews/ | https://www.maryville.edu/as/art-design/faculty-listing/ | https://www.linkauctiongalleries.com/auction-lot/john-baltrushunas-st.-louis-two-piece-mid-centu_0E247A8921,,2026-05-29,"verified=not-needed; Correct person confirmed: St. Louis metalsmith working in sterling silver / aerospace metals, early member of the (Society of) Midwest Metalsmiths, exhibited at Pro-Art St. Louis (Metalsmith '91 review). Education in the record (MassArt BS, Washington University MFA) is consistent with a St. Louis-based career. No obituary found; mark alive. Name unchanged (note an unrelated Andrew Baltrushunas at Maryville). The current Maryville Design & Visual Art faculty listing (Angus, Brenningmeyer, Fahnestock, Raithel) does NOT include him, and the staff directory did not surface him, so he has likely left/retired since the archive — but no emeritus confirmation, hence 'unknown' for still-in-job. Coursicle/auction (Link Auction Galleries) and StlToday ""Made in St. Louis"" features further confirm identity and recent activity."
184,person,crafts/metalsdirectorypage/p70.html,Gary Griffin,alive/job/name-change,"Gary S. Griffin (b. 1945, Wichita Falls, TX) is the metalsmith in this record — Cal State Long Beach BA, Tyler MFA, and Head of Metalsmithing at Cranbrook. He retired from Cranbrook in 2006 after 32 years of teaching and has since worked as an independent metalsmith in El Rito, New Mexico. No obituary was found; alive status is unconfirmed given his age.",retired-emeritus,medium,https://snagmetalsmith.org/2013/08/2013-snag-lifetime-achievement-award-gary-griffin/ | https://www.jmkac.org/artist/griffin-gary/ | https://www.aaa.si.edu/collections/interviews/oral-history-interview-gary-griffin-12630 | https://www.craftcouncil.org/recognition/gary-griffin | https://cranbrookart.edu/caalibrary/research/griffin.htm,,2026-05-29,"verified=disputed; Identity is a strong match: archived bio (born 1945, Cal State Long Beach BA, Tyler MFA, Cranbrook) aligns exactly with the metalsmith. Archived ""currently teaching at Cranbrook since 1984"" is now outdated — he retired from Cranbrook in 2006 after 32 years of post-graduate teaching (RIT School for American Craftsmen 1974–1984, then Cranbrook 1984–2006). Known for ornamental architectural metalwork (gates/fences) as well as jewelry. Awards: ACC College of Fellows (2005), National Ornamental Metal Museum Master Metalsmith (2008), SNAG Lifetime Achievement Award (2013). No name change. ALIVE STATUS UNCERTAIN: no obituary located, and as of ~2023 he was still described as a practicing metalsmith in El Rito, NM — so 'likely-deceased' may be too strong; treat alive status as genuinely unknown/leaning alive but unverified. Born 1945, he would be ~80–81. No NM/AAA source confirms a death. Recommend re-checking; confidence on alive status is low."
185,person,crafts/metalsdirectorypage/p71.html,Bruce Giuwits,alive/job/name-change,"Could not identify or verify this person under the name ""Bruce Giuwits."" The surname returns zero web matches and appears to be a garbled/OCR-corrupted transcription; no current trace was found at Blue Mountain Community College, in obituaries, or in metals-arts databases. Born 1939, he would be ~87 in 2026 if living, so likely retired/emeritus or deceased — but neither could be confirmed.",unknown,low,https://bluecc.edu/staff-directory/ | https://www.wikitree.com/genealogy/GUIWITZ | https://walkerart.org/collections/artists/bruce-witsiepe | https://www.legacy.com/us/obituaries/local/oregon/pendleton,,2026-05-29,"verified=disputed; ""Giuwits"" produces no results in any search engine, genealogy (WikiTree Guiwits/Guiwitz family has no Bruce ~1939), artist directory, or museum collection. Tried phonetic/OCR variants (Guiwits, Guiwitz, Gewitz, Givens, Witsiepe, Gianotti) — Bruce Witsiepe (Walker Art Center) is b.1951 and not a metalsmith (does not match); Bruce Givens of Oregon is not documented as a metalsmith/educator; David/Bruce Gianotti tie to BMCC but wrong first name/field. BMCC's current online staff directory does not list him (consistent with the archived job dating to 1970 and his presumed retirement). The ""Bruce"" in the Ganoksin article is Bruce Metcalf (Philadelphia-based, unrelated). The archived record's claimed education (Central Washington State Univ BA, Univ of Oregon MA) and Blue Mountain Community College post since 1970 could not be independently corroborated for any candidate. Web Archive (archive.org) is not fetchable in this environment, so the original directory page could not be cross-checked. Given the 1939 birth year, he is plausibly deceased or long retired, but I found no obituary or any confirming source. Overall: unidentifiable with available sources; treat as unknown."
186,person,crafts/metalsdirectorypage/p72.html,Lee Hageman,alive/job/name-change,"Lee Hageman (full name Charles Lee Hageman), the metalsmith/jeweler who taught Jewelry and Silversmithing at Northwest Missouri State University, retired in 1998 and died December 1, 2016, in Maryville, MO, at age 81.",retired-emeritus,high,https://www.bramfuneralhome.com/obituaries/4028622 | https://www.ganoksin.com/article/legacy-american-metalworking/,,2026-05-29,"verified=confirmed; Strong, unambiguous match to the archived record. Obituary confirms: BFA + MFA from University of Kansas (Lawrence), studied under Carlyle Smith; opened the Premier Jewelry Shop in Lawrence, KS; then taught Jewelry and Silversmithing in the Art Department at Northwest Missouri State University (Maryville, MO) for 30 years, retiring 1998 (obit gives teaching span ~1968-1998, archived record says 1967-1998 - essentially consistent). Born 1935 (June 22, 1935) matches archived birth year exactly. Served as Art Department Chair 1978-1998 (matches the Ganoksin article calling him ""chair of the Art Department""). Notable metalwork: designed the gold/silver Mace and Chain-of-Office for the university president, Board of Regents medallions, set stones in the University of Kansas Mace; past president of the Missouri Craft Council; summer workshops at Ghost Ranch and Cloudcroft, New Mexico. Name did NOT change - ""Lee"" is his middle name; full legal name is Charles Lee Hageman. No same-name-different-field confusion: the Ganoksin metalsmithing-legacy article and the Maryville obituary corroborate the same person."
187,person,crafts/metalsdirectorypage/p73.html,William Harper,alive/job/name-change,"William Harper, the cloisonné-enamel art jeweler (b. 1944, Bucyrus, Ohio), is alive and active in New York City. He left Florida State University in 1992 and works as an independent artist; a major monograph (Bizarre Beauty, 2024) and 2025 exhibitions/events confirm ongoing activity.",no,high,https://en.wikipedia.org/wiki/William_Claude_Harper | https://www.enamelarts.org/william-harper/ | https://americanart.si.edu/artist/william-harper-2083 | https://www.wellbeaudiary.com/event/a-conversation-with-william-harper-at-nyc-jewelry-week-2025/ | https://klimt02.net/events/exhibitions/precious-grotesqueries-jewels-william-harper-les-enluminures | https://arnoldsche.com/en/product/bizarre-beauty/,,2026-05-29,"verified=confirmed; Confirmed this is the metalsmith/enamelist (not painter William A. Harper). Archived record said ""FSU 1974 to present,"" but Wikipedia and multiple sources state he taught at FSU 1973–1992, then moved to NYC as a full-time studio artist. Born June 17, 1944. No obituary found; Wikipedia treats him as a living person and he gave a conversation at NYC Jewelry Week 2025. Name: Wikipedia titles the article ""William Claude Harper"" and notes he married William Allen Benjamin in Manhattan in Feb 2016 (listed there as ""William Claude Harper Jr.""), but his professional name remains ""William Harper"" — no professional rename, so name_changed=false."
188,person,crafts/metalsdirectorypage/p74.html,Susan Hamlet,alive/job/name-change,"Susan Hamlet remains a Professor of Artisanry (Jewelry/Metals) at UMass Dartmouth, the same position recorded in the archive; the official faculty catalog confirms she joined in 1988 with a BA 1976 from Mount Holyoke and MFA 1978 from RIT, matching the archived record exactly. No name change and no obituary for this person.",yes,high,https://catalog.umassd.edu/content.php?catoid=12&navoid=663 | https://emuseum.mfah.org/people/19809/susan-hamlet | https://www.ganoksin.com/article/susan-hamlet-culture-materials/ | https://www.zoominfo.com/p/Susan-Hamlet/276634297 | https://www.ratemyprofessors.com/ShowRatings.jsp?tid=699290,,2026-05-29,"verified=not-needed; Strong identity match: the UMass Dartmouth official faculty catalog lists Susan Hamlet, Professor of Artisanry, joined 1988, with BA 1976 Mount Holyoke College and MFA 1978 Rochester Institute of Technology — exactly matching the archived record (the archive's Skidmore and University of Wisconsin-Madison entries marked ""none"" are non-degree attendances, consistent). Still in the archived job; no name change. NO obituary found for this person. The only ""Susan Hamlet"" obituary located (Swanton, OH, d. Nov 29 2019) is a DIFFERENT person — a Dollar General manager/accountant, not a metalsmith — and does NOT apply. Separate identity trap to avoid: wmvmetalsmithing.com belongs to a much younger, different Susan Hamlet (MassArt BFA 2012, UMass Dartmouth MFA 2016) — not the directory subject. Born May 12, 1954 per archive (Evanston, IL per one source). Note: status confirmed via the still-current official faculty catalog listing her active appointment; I did not find an explicit retirement/emeritus notice, so 'still in archived job = yes' though emeritus transition cannot be fully ruled out."
189,person,crafts/metalsdirectorypage/p75.html,Harold Hasselschwert,alive/job/name-change,"Harold ""Hal"" Hasselschwert (1930–1990) was a jeweler/enamelist who headed the Jewelry/Enamels program at Bowling Green State University for about 30 years; he died June 3, 1990. The archived record's birth year (1930) and education path (Cleveland Institute of Art, then BGSU BS/MA) match exactly.",no,high,https://www.ganoksin.com/article/harold-hasselschwert-materialization/ | https://ancestors.familysearch.org/en/9HGD-8BY/harold-leonard-hasselschwert-1930-1990 | https://collection.arkmfa.org/people/5721/harold-hasselschwert | https://www.facebook.com/ToledoFederationofArtSocieties/photos/harold-l-hal-hasselschwert-1930-1990-was-an-assistant-professor-of-art-at-bowlin/1689659501051384/,,2026-05-29,"verified=confirmed; High-confidence identity match: same birth year (1930) and same education path in the archive (Cleveland Institute of Art, then BGSU BS and MA) align with sources, which give BGSU degrees BS 1958 / MA 1959 after first working at/attending the Cleveland Art Institute. Deceased confirmed by the Ganoksin memorial-style article (death June 3, 1990), a FamilySearch entry (1930–1990), and a Toledo Federation of Art Societies post (1930–1990). No evidence of any name change. He received a 1960 Fulbright to study in Lucknow, India; his work is held in museum collections (e.g., Arkansas Museum of Fine Arts). The archive's ""currently teaching"" field was already n/a, consistent with his having died in 1990, long before the directory went offline."
190,person,crafts/metalsdirectorypage/p76.html,Jon Havener,alive/job/name-change,"Jon (Jon Robert) Havener taught metalsmithing/jewelry at the University of Kansas from 1977 and is now listed on the KU faculty page as Professor of Metalsmithing, Emeritus — same institution as the archived record, now retired. No obituary found; presumed living.",retired-emeritus,high,https://art.ku.edu/people/jon-havener | https://jonhavener.com/ | https://www.artun.ee/en/calendar/jewellery-and-blacksmithing-open-lecture-jon-robert-havener-nov-16th/ | https://archive.org/details/MSB0833,,2026-05-29,"verified=not-needed; Confirmed correct person: KU metalsmithing faculty, BFA Cleveland Institute of Art (1973), MFA Cranbrook (1975), teaching at KU since 1977 — all match the archived record (archived spelled it ""Lawerence""; correct is Lawrence). Education years (1973/1975) refine the archived ""undergrad/grad"" entries. Born-1950 not independently verified but plausible. STATUS CHANGE: archived ""currently teaching"" → now Professor Emeritus on the live KU page, so retired/emeritus at the same institution (did NOT move). Full name is Jon Robert Havener; no name change. ALIVE: no obituary found in Lawrence-area searches and a KU emeritus listing remains active, so presumed living, but I could not affirmatively confirm — set alive=unknown to be honest. Most recent dated activity located is a 2015 lecture at the Estonian Academy of Arts."
191,person,crafts/metalsdirectorypage/p77.html,Todd R. Hawkinson,alive/job/name-change,"Todd R. Hawkinson is alive and active. The archived ""Minneapolis Technical College"" job is now Minneapolis Community & Technical College, where he headed the Jewelry/Jewelry Manufacturing & Repair Program but has since retired from teaching in the Minnesota State system; he now runs his own historic-jewelry business T.R. Hawkinson, Ltd. in St. Paul and teaches at North House Folk School.",retired-emeritus,high,https://www.trhltd.com/ | https://northhouse.org/instructors/todd-hawkinson | https://www.linkedin.com/in/todd-hawkinson-5777933b/ | https://orchid.ganoksin.com/t/todd-r-hawkinson-jewelry-gallery/51965 | https://africanvioletsocietyofamerica.org/2025-convention-salesroom-vendors/2025-convention-salesroom-vendors-t-r-hawkinson-ltd/,,2026-05-29,"verified=not-needed; Strong identity match: jeweler/metals educator tied to Minneapolis & Southeast (Red Wing) technical colleges. Archived institution ""Minneapolis Technical College"" became Minneapolis Community & Technical College (MCTC). He directed the Jewelry Manufacturing & Repair Program there, then retired from the MnSCU system; bios describe the MCTC role in past tense. Name unchanged (also goes by ""T.R. Hawkinson"" for the business). Business listed as a vendor as recently as a 2025 convention; Etsy/eBay shops and North House course listings show ongoing activity. No obituary found. Birth year 1955 not independently confirmed in sources found, but no contradiction."
192,person,crafts/metalsdirectorypage/p78.html,Myrl L. Hein,alive/job/name-change,"No verifiable current information found. Myrl L. Hein (b. 1952), archived as a jewelry instructor at Minneapolis Technical College (now Minneapolis Community & Technical College / Minneapolis College) since 1982, has effectively no traceable public web footprint; alive/retired/moved status is undetermined.",unknown,low,https://snagmetalsmith.org/member-directory/ | https://minneapolis.edu/ | https://obituaries.startribune.com/ | https://www.facebook.com/p/Amazing-Myrl-Gemstone-Jeweler-61550967396741/,,2026-05-29,"verified=disputed; Extensive searching (general web, SNAG member directory, Minneapolis College, obituary databases, name-spelling variants Merle/Myrl) returned no confirmed match. Not listed in the SNAG (snagmetalsmith.org) member directory. The archived profile describes a vocational/trade jewelry instructor (education = a Certificate of Completion from the same institution where they taught), which is consistent with the absence of fine-arts exhibition, gallery, or museum records. Minneapolis Technical College merged into Minneapolis Community & Technical College and is now branded Minneapolis College, which still runs a Watchmaking & Jewelrymaking program, but no current or archived faculty listing naming Hein was found. No obituary located for a Myrl Hein matching this profile/birth year (only unrelated Hein obituaries in MN). A Facebook page 'Amazing Myrl Gemstone Jeweler' exists but is unverifiable and could not be confirmed to be this person. NAME CHANGE: none found, but cannot be ruled out. Confidence low across all fields; treat as unresolved."
193,person,crafts/metalsdirectorypage/p79.html,Richard Helzer,alive/job/name-change,"Richard Helzer, the jeweler/metalsmith who taught metalworking at Montana State University since c.1970, is now retired from MSU (listed among retired Professors of Art). No obituary was found for him; a Legacy.com obituary under the same name is a different person (Richard Henry Helzer of Portland).",retired-emeritus,medium,https://mona.unk.edu/mona/richard-helzer/ | https://www.montana.edu/news/5039/from-montana-to-the-mediterranean-helzer-s-gate-links-two-worlds | https://art.montana.edu/areas-of-study/metalsmithing.html | https://www.askart.com/bio/Richard_Helzer/11165582/Richard_Helzer | https://www.legacy.com/obituaries/name/richard-helzer-obituary?pid=18372147,,2026-05-29,"verified=not-needed; Identity confirmed via Museum of Nebraska Art (MONA): born 1943 in Hastings, Nebraska; BA University of Nebraska-Kearney; MFA University of Kansas; metalsmith/jeweler turned sculptor; longtime MSU faculty and Director of the School of Art. MSU Retiree Association and MSU sources list him as a Retired Professor of Art (Arts & Architecture), so he is retired/emeritus rather than still in the active teaching role. NAME COLLISION WARNING: A Legacy.com obituary (pid=18372147) for 'Richard Henry Helzer' is a DIFFERENT person — a Portland, Oregon resident, BS Portland State University 1966 — and does NOT match this metalsmith (Nebraska-Kearney BA / Kansas MFA). That obituary should NOT be attributed to the metalsmith. No death record was found for the metalsmith, but I could not affirmatively confirm he is living, so 'alive' is marked unknown. Given birth year 1943 he would be ~82-83 in 2026."
194,person,crafts/metalsdirectorypage/p8.html,Thomas Bambas,alive/job/name-change,"Thomas Reese Bambas, metalsmith and metals-arts educator (BFA & MFA, Cranbrook Academy of Art), known for titanium punch bowls and church communion sets, died August 15, 2023, at age 85. He had been a professor of metalsmithing/design at Central Michigan University for about thirty years.",no,high,https://www.legacy.com/us/obituaries/manisteenews/name/thomas-bambas-obituary?id=52737663 | https://www.legacy.com/obituaries/name/thomas-bambas-obituary?pid=205131516 | https://www.herbertfh.com/obituary/thomas-bambas,,2026-05-29,"verified=confirmed; Strong match to the archived record: birth year 1938 and the exact Cranbrook BFA+Cranbrook MFA education path both confirmed by the obituary, plus a metalsmithing career (titanium work, ""The Container"" book, University of Rochester recognition). The archived ""currently teaching"" field was n/a; his actual long-term post was Central Michigan University. Not to be confused with same-named people in engineering fields. Funeral-home obituary page (herbertfh.com) returned HTTP 403 to automated fetch but the same obituary text is mirrored on Legacy.com."
195,person,crafts/metalsdirectorypage/p80.html,Matthew Hollern,alive/job/name-change,"Matthew Hollern is alive and active as a designer craftsman in Cleveland Heights, OH. He taught jewelry + metals at the Cleveland Institute of Art for 35 years (1989–2024) and ended that role in 2024, so he is no longer in the archived teaching position.",no,high,https://artjewelryforum.org/author/matthew-hollern/ | https://m.cia.edu/academics/jewelry-metals/faculty/matthew-hollern | https://americanart.si.edu/artist/matthew-hollern-27847 | https://www.change.org/p/petition-to-keep-kathy-buszkiewicz-and-matthew-hollern-at-cia,,2026-05-29,"verified=confirmed; Record confirmed as the same person and field: BS Univ. of Wisconsin–Madison, MFA Tyler School of Art (Temple), summa cum laude 1989; career began at CIA in 1989, matching the archive's ""since 1989."" His departure in 2024 (""completed a career of 35 years"") aligns with a Change.org petition to retain him and colleague Kathy Buszkiewicz at CIA, suggesting the exit was tied to a 2024 program restructuring/layoff rather than a formal emeritus retirement; sources do not state an ""emeritus"" title, so coded as 'moved/no'. Work held by Smithsonian American Art Museum, Design Museum Helsinki, Vatican Archive, Ohio Craft Museum. No obituary found; no name change. Born 1964 per archive (unverified independently but no conflict)."
196,person,crafts/metalsdirectorypage/p81.html,Hollis Howard,alive/job/name-change,"Hollis Howard taught jewelry/metals in the Fine Arts department at the University of Science and Arts of Oklahoma; student reviews span 2003-2010 and he is no longer listed in USAO's current faculty directory, indicating he has retired/departed. No obituary or name change was found, so his living status is unknown.",retired-emeritus,low,https://www.ratemyprofessors.com/professor/266494 | https://usao.edu/directory/index.html | https://usao.edu/academics/majors-and-minors/art/index.html | https://chisholmtrailarts.com/events/meet-the-artist-hollis-howard/ | https://www.macdowell.org/artists/hollis-howard,,2026-05-29,"verified=confirmed; RateMyProfessors confirms a Hollis Howard teaching JEWELRY (and ART502/ART198x) in USAO's Fine Arts department, active per reviews dated 2003-2010 — consistent with the archived metalsmith/jeweler record (USAO since 1978, born 1942; he would now be ~84). He does NOT appear in USAO's current online faculty directory (current art faculty: Knapp, Morgan, Vinyard, Baeza, Chambers, Thrift — no Howard), so the archived ""still teaching"" status is outdated; best inference is retired. No obituary found in searches (low confidence on living status). No evidence of a name change. CAUTION/possible-same-person but UNVERIFIED: a 'Hollis Howard' oil painter exhibited via the Chisholm Trail Arts Council in Duncan, OK (geographically near Chickasha) and a 'Hollis Howard' had a 1976 MacDowell residency in painting — these may be the same individual continuing as an artist after retirement, but identity is not confirmed. Do NOT confuse with: 'Hollis Howard Holbrook' (a different, 20th-c. egg-tempera painter), 'Kelley Hollis Jewelry', or 'K. Hollis Jewelers' (unrelated jewelry businesses). Could not locate USAO's own faculty page for him or a personal artist site; the Instituto Allende MFA / USAO BA education in the archive could not be independently re-verified online."
197,person,crafts/metalsdirectorypage/p82.html,Mary Lee Hu,alive/job/name-change,"Mary Lee Hu (b. 1943), renowned woven-wire jeweler/metalsmith, retired from the University of Washington as Professor Emeritus in 2006. She is alive and was present in person to receive the 2024 SNAG Lifetime Achievement Award at the SNAG conference in San Diego in June 2024. No name change.",retired-emeritus,high,https://en.wikipedia.org/wiki/Mary_Lee_Hu | https://snagmetalsmith.org/2024/02/2024-snag-lifetime-achievement-award-mary-lee-hu/ | https://americanart.si.edu/artist/mary-lee-hu-2332 | https://www.craftinamerica.org/artist/mary-lee-hu/,,2026-05-29,"verified=not-needed; Education in archived record is essentially correct but with a notable error: she earned her BFA at Cranbrook Academy of Art (1965, metalsmithing) and MFA at Southern Illinois University, Carbondale (1967, under L. Brent Kington). The archived record lists ""Rochester Institute of Technology (none)"" as undergraduate — sources instead indicate she attended Miami University (Oxford, Ohio) for two years before Cranbrook; RIT does not appear in standard biographies (possible archive error or an uncredited stint). She joined UW's metal arts program in 1980 (matches archive) but retired in 2006 — so the ""currently teaching"" status is now retired/emeritus. Alive as of June 2024 (in-person SNAG award). No obituary found. No name change."
198,person,crafts/metalsdirectorypage/p83.html,Lynne Hull,alive/job/name-change,Lynne Hull is the same Seattle metalsmith/jeweler from the archive: she taught metalsmithing and jewelry at North Seattle College for ~30 years and has since retired (listed as emeritus/retired). She remains an active studio artist with her own website; no name change and no obituary found.,retired-emeritus,high,https://lynnehull.com/ | https://lynnehull.com/resume/ | http://lynnehull.com/about-lynne/ | https://people.northseattle.edu/users/lhull | https://people.seattlecolleges.edu/users/lynne.hull | https://www.ganoksin.com/article/beneath-surface-form/,,2026-05-29,"verified=not-needed; Identity confirmed by matching education (UW BFA in metal/jewelry design ~1978; MFA from School for American Crafts at RIT in metal & wood ~1981) and institution (North Seattle Community College/North Seattle College) to the archived record. Archived 1956 birth year not directly corroborated in sources (BFA 1978 is consistent). She is a founding member of the Seattle Metals Guild, received the 2000 Washington State Governor's Award (commissioned artist) and a 2015 NSC Life Long Learning Award. Her own site (lynnehull.com) returned empty/403 to automated fetch but is clearly active per search snippets; the seattlecolleges.edu faculty profile returned 403. No name change found; no obituary found, so marked alive."
199,person,crafts/metalsdirectorypage/p84.html,Michael John Jerry,alive/job/name-change,"Michael John Jerry (b. Aug 18, 1937) taught metalsmithing/jewelry at Syracuse University for ~30 years and is now professor emeritus; he subsequently relocated to Santa Fe, NM as a working studio metalsmith. No name change and no obituary found, so his current living status is unconfirmed.",retired-emeritus,medium,"https://www.aaa.si.edu/collections/interviews/oral-history-interview-michael-john-jerry-12052 | https://www.memphisdailynews.com/editorial/ArticleEmail.aspx?id=53061 | https://www.ganoksin.com/article/off-centerline/ | https://metalmuseum.pastperfectonline.com/bycreator?keyword=Jerry,+Michael | http://vpa.syr.edu/academics/art/undergraduate/studio-arts-bfa/about-jewelry-metalsmithing",,2026-05-29,"verified=not-needed; Identity firmly confirmed as the jeweler/metalsmith (not a same-named person): founding member of the Society of North American Goldsmiths (SNAG, 1970), trained at RIT's School for American Craftsmen and Cranbrook Academy of Art, Syracuse faculty — matching the archived record exactly. Born Aug 18, 1937 (sources variously cite Grand Rapids, MI or Racine, WI birthplace). Work held by the Metropolitan Museum, Museum of Arts and Design, Brooklyn Museum, and de Young Museum. He is no longer in the archived job: long retired as Syracuse professor emeritus and moved to Santa Fe, NM. NAME: no evidence of any name change. ALIVE: marked 'unknown' — no obituary or death record located despite targeted searches (Santa Fe/Syracuse obits, SNAG memorials, 2020-2025); given birth year 1937 he would be ~88, but no source confirms death, so honestly unknown. Most recent firm datum is the 2004 Smithsonian Archives of American Art oral history. The aaa.si.edu page returned HTTP 403 to automated fetch but is the canonical biographical record."
200,person,crafts/metalsdirectorypage/p85.html,Klaus Kallenberger,alive/job/name-change,"Klaus Kallenberger (b. 1939), the jeweler/silversmith from the archived record, taught metals/jewelry at MTSU from 1966 and retired in 2002 after 36 years; he was living in Murfreesboro, TN as of his wife's 2011 obituary and a c.2020 Tennessee Arts Commission profile. No obituary for him was found, so his current living status (he would be ~87) is unknown.",retired-emeritus,high,https://tnartscommission.org/permanentcollection/klaus-kallenberger/ | https://murfreesborofuneralhome.com/tribute/details/55/Ingrid-Kallenberger/obituary.html | https://artjewelryforum.org/schools/university-of-kansas/,,2026-05-29,"verified=not-needed; Confirmed identity match: same birth year (1939), same MTSU-since-1966 career, and matching education (BFA Bethany College, MFA jewelry/silversmithing University of Kansas) — exactly the archived record. He grew up in Hanau, Germany (the German jewelry capital) and designed MTSU's ceremonial mace and chain of office. No name change. Retired 2002 (so NOT still in the archived active-teaching job). No death record located; alive as of 2011 (survivor in wife Ingrid's obituary) and spoken of in present tense on the c.2020 Tennessee Arts Commission page, hence 'alive: unknown' rather than deceased. His work (welded steel, hammered brass, 1970s) is in the Tennessee Arts Commission permanent collection."
201,person,crafts/metalsdirectorypage/p86.html,Kathleen Malec Kamal,alive/job/name-change,"The archived ""Kathleen Malec Kamal"" is now professionally known as Kathleen Kamal Baum, a metalsmith/silversmith who continues to teach metalsmithing and jewelry design at College of DuPage (her own site cites ~25 years there, consistent with the archived ""since 1994""). Education matches exactly: Miami University BFA, Indiana University MFA.",yes,high,https://www.kathleenkamalbaum.com/ | https://www.cod.edu/faculty/websites/kamalk/index.aspx | https://www.cod.edu/faculty/websites/kamalk/about.aspx | https://www.ratemyprofessors.com/professor/372317 | https://gortoncenter.org/event/rendezvous-art-series-encore/,,2026-05-29,"verified=disputed; Identity is a confident match: same field (metalsmithing/jewelry), same education (Miami University of Ohio BFA, Indiana University MFA ~1993), same institution (College of DuPage). Originally from Toledo, Ohio. Name appears to have changed via marriage from ""Malec Kamal"" to ""Kamal Baum."" No obituary or death information found, and active student reviews plus her artist site indicate she is alive and working — I set alive to likely-deceased ONLY because the schema enum required a choice and no positive living-status document with a recent date was captured; in substance the evidence points to ALIVE and active. Treat current status as living/active. Her COD faculty subpages (about.aspx/index.html) currently 404 individually but appear in COD's site and Rate My Professors. Year of birth (1968) not independently confirmed."
202,person,crafts/metalsdirectorypage/p87.html,David Keens,alive/job/name-change,"David Keens is the correct person — he joined UT Arlington in 1974 (matching the archived record) as a metals/craftsman artist (NEA Individual Craftsman Fellowship) and later founded and headed its glass program. He retired in September 2013 after 39 years; named 2007 Texas State Artist in 3D Media. No obituary found, so living status is unknown.",retired-emeritus,high,"https://utalibartsnews.wordpress.com/2013/09/24/arts-keens-retires-leaves-glass-legacy/ | https://davidkeens.com/news.html | https://mavmatrix.uta.edu/specialcollections_davidkeenspapers/ | https://archives.library.uta.edu/agents/people/2139 | https://news.cision.com/university-of-texas-at-arlington/i/david-keens--ut-arlington-art-professor,g100761",,2026-05-29,"verified=not-needed; Strong identity match: archived record (UT Arlington since 1974, born 1949) aligns exactly with the UTA glass professor David Keens. Career arc: trained as a metalsmith/jeweler/craftsman (made oversized non-wearable jewelry from lathe-tooled metals and industrial plastics; NEA Full Individual Craftsman Fellowship), then established UTA's glass program — common metals-to-glass trajectory, so the metals-directory listing is consistent. Retired Sept 2013 per UTA Libraries arts news, so the archived ""currently teaching"" status is OUT OF DATE. His own site (davidkeens.com) still uses present tense (""currently heads""), but the 2013 library retirement announcement and UTA archives (David Keens Papers / ArchivesSpace agent records, typical of retired/inactive faculty) confirm retirement. Could not confirm a formal 'emeritus' title nor find any obituary; born 1949 he would be ~76-77 in 2026 — no evidence of death, so alive marked 'unknown'. Name unchanged. His official UTA mentis faculty profile now redirects to an empty username (profile removed), consistent with departure."
203,person,crafts/metalsdirectorypage/p88.html,Daniella Kerner,alive/job/name-change,"Daniella Kerner (b. 1952, Tel Aviv) taught metals/jewelry at Tyler School of Art, Temple University for ~40 years, pioneering CAD-CAM jewelry with Stanley Lechtzin, and retired in 2018. She now serves as Executive Director of the Long Beach Island Foundation of the Arts and Sciences in New Jersey. No name change; no evidence of death.",retired-emeritus,high,https://tyler.temple.edu/blog/origins-tyler-metalsjewelrycad-cam | https://prabook.com/web/daniella.kerner/781770 | https://emuseum.mfah.org/people/19771/daniella-kerner | https://www.bay-magazine.com/single-post/2018/07/01/Long-Beach-Island-Foundation-for-the-Arts-Sciences-70th-Anniversary | https://www.lbifoundation.org/,,2026-05-29,"verified=not-needed; Confirmed correct person: metalsmith/jeweler educator (not a same-named person in another field). Archived record matches independent sources exactly: born 1952 (Tel Aviv), BFA Sir George Williams University (Montreal, 1974), MFA Tyler/Temple (1977), longtime Tyler faculty since the 1970s. She and Stanley Lechtzin taught the first CAD-based jewelry class at Tyler; both retired in 2018. No name change found. No obituary or death record; multiple recent sources show her active as Executive Director at LBIF, so she is alive (high confidence). She is NO LONGER in the archived Tyler teaching job (retired 2018) and has moved into arts-nonprofit administration."
204,person,crafts/metalsdirectorypage/p89.html,L. Brent Kington,alive/job/name-change,"L. Brent Kington, pioneer of the American art-blacksmithing revival and founding president of SNAG, taught at Southern Illinois University Carbondale from 1961 until his 1997 retirement and died February 7, 2013 at age 78.",retired-emeritus,high,https://en.wikipedia.org/wiki/L._Brent_Kington | https://snagmetalsmith.org/2011/06/2011-snag-lifetime-achievement-award-l-brent-kington/ | https://www.meredithfh.com/obituaries/l-brent-kington | https://www.findagrave.com/memorial/184303423/l.-brent-kington | https://www.metalmuseum.org/post/inside-the-collection-l-brent-kington | https://www.aaa.si.edu/collections/interviews/oral-history-interview-l-brent-kington-13103,,2026-05-29,"verified=confirmed; Archived record matches: born 1934, BFA University of Kansas, MFA Cranbrook Academy of Art. Archived job was ""n/a"" (he had already retired in 1997). Deceased 2013-02-07; received SNAG Lifetime Achievement Award (2011), American Craft Council Gold Medal (2000). The SIU smithy was renamed the L. Brent Kington Smithy in his honor (2003). No name change. High confidence — multiple independent sources (Wikipedia, SNAG, Smithsonian Archives of American Art, Illinois State Museum, obituaries) agree and unambiguously identify the metalsmith/blacksmith."
205,person,crafts/metalsdirectorypage/p9.html,Julia M. Barello,alive/job/name-change,"Julia M. Barello taught metalsmithing/jewelry at NMSU from 1992; she retired in July 2022 as a Regents Professor of Art and former Department Head and is now Professor Emerita. She is alive and active, and received a 2022 New Mexico Governor's Award for Excellence in the Arts.",retired-emeritus,high,https://newsroom.nmsu.edu/news/nmsu-professor-emerita-to-receive-governor-s-award-for-excellence-in-art/s/428cf771-fc1a-4f6e-9c3d-ad6d293241e7 | https://artjewelryforum.org/articles/julia-barello-2/ | https://www.radicaljewelrymakeover.org/julia-barello | https://www.utep.edu/rubin/exhibitions/past/julia-barello-swirl.html,,2026-05-29,"verified=not-needed; Identity strongly confirmed as the metalsmith/jeweler: MFA in jewelry/metalsmithing/silversmithing from University of Wisconsin-Milwaukee (1992), BA in studio art/anthropology/art history from Bellingham, Washington (Fairhaven College at Western Washington University), and career began at NMSU in 1992 teaching metalsmithing — all match the archived record. Her studio work now centers on jewelry and large-scale wall installations made from recycled medical imaging film. Retained university studio access for two years after her 2022 retirement. No name change found. NMSU graduate-school faculty directory page (gradschool.nmsu.edu/.../barello-julia-marie.html) now returns 404, consistent with retirement."
206,person,crafts/metalsdirectorypage/p90.html,Robin Kraft,alive/job/name-change,"Robin Kraft was Professor of Jewelry and Metalsmithing at Purdue University from 1994 until retiring in 2019; she died September 7, 2020.",retired-emeritus,high,https://snagmetalsmith.org/2020/09/in-remembrance-robin-kraft/ | https://www.youtube.com/watch?v=0S4UOOY7H4A,,2026-05-29,"verified=confirmed; Confirmed exact match to the archived metalsmith record: born 1955, Purdue since 1994, BA from University of Illinois at Chicago, MFA from Kent State (obituary gives MFA year as 1991; archive consistent on institution). Full legal name Roberta Jean ""Robin"" Kraft — ""Robin"" was her professional/working name, not a married/changed surname (her husband of 32 years was Edward Francis, but she remained professionally Robin Kraft). She retired in 2019 (emeritus-equivalent) and passed away September 7, 2020 at age 65. The Purdue Rueff School faculty directory page now 404s, consistent with retirement/death."
207,person,crafts/metalsdirectorypage/p91.html,Carol Kumata,alive/job/name-change,"Carol Kumata, the metalsmith/jeweler, retired from Carnegie Mellon University's School of Art in 2021 after 42 years (joined 1979) and is now Professor Emerita of Art; she remains an active artist (Micro Macro Part 2, 2024). No name change and no obituary found.",retired-emeritus,high,https://art.cmu.edu/people/carol-kumata/ | http://www.art.cmu.edu/news/faculty/carol-kumata-retirement/ | https://www.wikidata.org/wiki/Q112758816 | https://emuseum.mfah.org/people/19542/carol-kumata/objects | https://petrichorpittsburgh.com/2024/11/07/beauty-and-ephemerality-at-contemporary-craft/,,2026-05-29,"verified=not-needed; Archived record (CMU since ?, MFU Wisconsin-Madison MFA, BFA Michigan State) is confirmed accurate. She joined CMU in 1979 directly from her UW-Madison MFA and taught sculpture/metals there for 42 years, retiring in 2021 with the title Professor Emerita of Art. Still living/active: a 2024 body of work ""Micro Macro Part 2"" and recent Pittsburgh gallery activity indicate she is alive; no obituary or death record found. Name unchanged. Confidence high on role/status and no-name-change; alive=yes based on absence of obituary plus 2024 activity (no explicit ""living"" statement, so a small residual uncertainty)."
208,person,crafts/metalsdirectorypage/p92.html,Michael Lacktman,alive/job/name-change,"Michael Lacktman (b. 1938), American metalsmith/jeweler, long a professor of jewelry & metalsmithing at UW–Milwaukee (from 1972). He is no longer active there; the program now awards a ""Michael Lacktman Memorial Scholarship,"" indicating he is most likely deceased, though no obituary or death year was found.",no,medium,https://www.metmuseum.org/art/collection/search/486022 | https://collection.cooperhewitt.org/people/18045133/objects/designer | https://wisconsinart.org/archives/artist/michael-lacktman/exhibitions-4274.aspx | https://uwm.academicworks.com/opportunities/15067 | https://sites.uwm.edu/metals-exhibition/,,2026-05-29,"verified=confirmed; Identity strongly corroborated as the correct metals-arts person (not a same-named individual in another field): The Met holds his 1963 silver-and-wood ladle and lists him as ""American, born 1938,"" matching the archived 1938 birth; Cooper Hewitt lists him as a designer; the Museum of Wisconsin Art (MOWA) archive has an artist page for him; he was a UWM–Milwaukee metals faculty member, consistent with the archived ""since 1972."" No evidence of any name change. The archived ""currently teaching"" status is outdated — he is not on current UWM faculty listings, and a ""Michael Lacktman Memorial Scholarship"" exists in the UWM jewelry & metalsmithing program (memorial naming strongly suggests he has died). Could not directly confirm a death date: the MOWA archive page (wisconsinart.org) and the original Temple/Tyler biography page (temple.edu/crafts/.../b92.html) both returned 404 (the directory is offline/archived), and no Legacy.com or other obituary was found. Education (Millersville BS, Cranbrook MFA) per the archived record was not independently re-verified online but is consistent with Cranbrook's metals lineage. Confidence medium on the deceased inference (memorial scholarship), low on an exact death date (none found)."
209,person,crafts/metalsdirectorypage/p93.html,Curtis K. Lafollette,alive/job/name-change,"Curtis K. LaFollette, the Cranbrook-trained metalsmith/jeweler who taught at Rhode Island College, later relocated to Cherryfield, Maine, where he has worked as an independent ""master metalsmith"" and mentored apprentices (e.g., Cara Romano); he was still active there as of ~2016. No reliable obituary for the artist was found, so his current living status is uncertain.",no,medium,https://www.ganoksin.com/article/curtis-lafollette-exhibition/ | https://www.ellsworthamerican.com/lifestyle/arts/local-jeweler-cara-romano-wins-fellowship/article_0554c60a-de91-5b66-af59-50a0c21072a2.html | https://mainearts.maine.gov/Pages/funding/Fellows-Archive-2016 | https://metalmuseum.pastperfectonline.com/webobject/C48176DC-EB57-495A-905A-299808402554 | https://www.artic.edu/artists/43433/curtis-lafollette | https://www.resthavenmort.com/obituary/Curtis-LaFollette,,2026-05-29,"verified=confirmed; Born 1939 per archive (would be ~87 in 2026). Education matches: Cranbrook (MFA) confirmed by Ganoksin/exhibition reviews; University of Kansas BFA not independently re-confirmed online but plausible. He is no longer at Rhode Island College — by the 1990s he was in Hudson, Massachusetts, and by the 2000s-2010s an independent studio metalsmith in Cherryfield, Maine. IMPORTANT DISAMBIGUATION: a Resthaven Mortuary obituary for a ""Curtis K. LaFollette"" (born 1930, died 2020) is a DIFFERENT person — a Missouri bank president/Air Force veteran, NOT the metalsmith. No obituary located for the artist, so 'alive' is marked unknown rather than deceased. Works held by the Metal Museum (Memphis) and Art Institute of Chicago; represented on artnet/101 Exhibit. A LinkedIn ""LaFollette Design Group LLC"" may be related. Name unchanged."
210,person,crafts/metalsdirectorypage/p94.html,David La Plantz,alive/job/name-change,"David LaPlantz (born 1944, Toledo, Ohio; BS Bowling Green State, MFA Cranbrook 1969) taught jewelry/metalsmithing at Humboldt State University for roughly 36 years; he later left academia and relocated to the Santa Fe / La Cienega, New Mexico area, where he works as an independent art jeweler and sculptor known for painted-aluminum brooches.",no,medium,https://americanart.si.edu/artist/david-laplantz-2797 | https://facerejewelryart.com/pages/david-laplantz | https://www.ornamentmagazine.org/david-laplantz/ | https://artnersgallery.com/david-laplantz/ | https://www.linkedin.com/in/david-laplantz-0a972718/,,2026-05-29,"verified=confirmed; NAME: The archived record spells it ""David La Plantz"" (two words); his professional/canonical name is ""David LaPlantz"" (one word), also using the alias ""David D. Deco."" This is a spelling normalization rather than a true rename, so it's flagged but low-significance. ALIVE: No obituary or death record was found in multiple targeted searches; several gallery/magazine sources describe him in present tense and a LinkedIn profile lists him in Santa Fe, NM, suggesting he is living. However, no source explicitly confirms current living status as of 2026, and given a 1944 birth and the directory's age, this could not be fully verified — hence medium confidence. Correcting the default 'likely-deceased' enum: best evidence actually points to ALIVE/uncertain, but with no hard confirmation either way. JOB: He is no longer at Humboldt State (archived ""since 1971""); after ~36 years he retired from teaching and moved to New Mexico as a studio artist. Cranbrook MFA dated 1969 by Facere/Ornament. Work is in the Smithsonian American Art Museum, Museum of Arts and Design (NY), and museums in Japan and Canada."
211,person,crafts/metalsdirectorypage/p95.html,Angus Kent Lamar,alive/job/name-change,"Confirmed as the correct person: a USAO art faculty member since 1975 (MFA Instituto Allende 1970, BA at the predecessor of USAO 1969) who works in metal and wood sculpture and goes professionally by ""Kent Lamar."" He served ~23 years as art-department chair; he no longer appears in the current USAO faculty/staff directory (suggesting retirement), and no obituary was found.",unknown,medium,https://usao.edu/alumni/hof-individual-biographies/lamar-kent-2002.html | https://usao.edu/news/art-exhibit-reveals-professors-perspectives.html | https://www.ratemyprofessors.com/professor/714008 | https://usao.edu/directory/index.html | https://www.linkedin.com/in/kent-lamar-3974205/,,2026-05-29,"verified=not-needed; Identity match is strong: the archived record (b. 1947, USAO faculty since 1975, BA at USAO/Oklahoma College of Liberal Arts, MFA Instituto Allende) aligns with the USAO Hall of Fame bio for ""Kent Lamar"" (Angus Kent Lamar) — BA 1969 in Professional Art from Oklahoma College of Liberal Arts, MFA Instituto Allende 1970, joined faculty 1975/1976, department chair since 1989, ~23 years as chair as of 2002. Medium note: documented as a ""figurative wood and metal sculptor"" (murals, fountains, sculpture, painting) rather than strictly a jeweler — consistent with a metals-arts directory listing but he is primarily a sculptor. Name: archived full name ""Angus Kent Lamar""; professionally goes by ""Kent Lamar"" (a short-form, not a married/legal rename), so name_changed=false. Status: no longer listed in the current USAO faculty/staff directory (https://usao.edu/directory/index.html), indicating he has likely retired or left; no explicit emeritus designation located. RateMyProfessors still lists him as a Fine Arts professor but the data is stale (2009 rating). No obituary or death record found, so alive=unknown (likely alive, would be ~78-79); did not find a confirmation either way. There is a SAME-NAMED younger chemist, Dr. Angus Lamar (Ph.D., University of Tulsa) — a different person, deliberately excluded. Could not find the artist's own personal website or a recent (2020s) exhibition record."
212,person,crafts/metalsdirectorypage/p96.html,William Lattimer,alive/job/name-change,"William Lattimer taught crafts, jewelry, and sculpture in FAU's Department of Art for more than twenty years; FAU's public-art page now describes him retrospectively (his sculpture ""Bird Forms"" was gifted to the university), indicating he is no longer on faculty. No obituary or death record was found, and no name change.",no,medium,https://www.fau.edu/artsandletters/galleries/public-art/boca-campus/admin-stairs/,,2026-05-29,"verified=confirmed; Identity confirmed: FAU's own page matches the archived record exactly — crafts/jewelry/sculpture educator, degrees from State University of New York and Florida State University, longtime FAU tenure (archived ""since 1965""). He is no longer in the archived teaching job; the page's past-tense framing and the donated ""Bird Forms"" sculpture read as a legacy/memorial context, but the page does NOT state he is deceased and gives no death dates, so alive status is genuinely unknown. Given a 1930 birth year (he would be ~96 in 2026), he is plausibly deceased, but no source confirms this — no obituary located (several unrelated ""William Lattimer/Latimer"" obits exist but none tie to the FAU art professor). No evidence of any name change. Best canonical link is the FAU public-art page about him."
213,person,crafts/metalsdirectorypage/p97.html,Stanley Lechtzin,alive/job/name-change,"Stanley Lechtzin (b. 1936), the jeweler/metalsmith who founded Tyler School of Art's Jewelry/Metals/CAD-CAM program in 1962, retired in 2018 and is now professor emeritus. He is still living; no obituary found.",retired-emeritus,high,https://en.wikipedia.org/wiki/Stanley_Lechtzin | https://news.temple.edu/news/2018-10-23/new-vision-tyler-metalsjewelrycad-cam | https://tyler.temple.edu/blog/origins-tyler-metalsjewelrycad-cam | https://snagmetalsmith.org/2009/06/2009-snag-lifetime-achievement-award-stanley-lechtzin/ | https://americanart.si.edu/artist/stanley-lechtzin-6194,,2026-05-29,"verified=not-needed; Wikipedia categorizes him under ""Living people"" with no death date (no obituary located anywhere). He retired from active teaching in 2018 along with colleague Daniella Kerner, per Temple University coverage of the program's new leadership. The Tyler faculty page (tyler.temple.edu/faculty/stanley-lechtzin) now returns HTTP 404, consistent with retirement. SNAG awarded him a Lifetime Achievement Award in 2009; he pioneered electroforming and CAD/CAM in metalsmithing. Name unchanged. Archived record's ""currently teaching since 1962"" is now outdated by his 2018 retirement."
214,person,crafts/metalsdirectorypage/p98.html,Leslie Leupp,alive/job/name-change,"Leslie Leupp, the metalsmith/jeweler who headed Metals Arts at Penn State from 1988, retired in 2006 and died unexpectedly on February 4, 2011 in Thailand at age 66.",no,high,https://lancasteronline.com/obituaries/leslie-leupp/article_d762f76e-ebcb-558d-bb8c-50fb3b016218.html | https://www.psu.edu/news/faculty-and-staff/news-record/memoriam | https://www.ganoksin.com/article/leslie-leupp-exploring-possibilities/ | https://www.mutualart.com/Artist/Leslie-Leupp/DAC6F4E9C473D239/Biography,,2026-05-29,"verified=confirmed; Confirmed identity match: contemporary studio jeweler/metalsmith born 1944, nationally recognized for innovative jewelry using unconventional materials (aluminum, plastics, titanium), head of Metals Arts in Penn State's School of Visual Arts from 1988 to his 2006 retirement — matches the archived ""Penn State since 1988"" record. Mennonite farming-community upbringing in northwestern Ohio is consistent with the archived education (Hesston College and Bethel College are both Mennonite-affiliated; ""Hesstion"" is an apparent typo for Hesston). No name change found (male; no married/professional rename). Definitively deceased per obituary. Indiana University MFA in archived record not independently re-verified in fetched sources but consistent with the figure. The LancasterOnline obituary returned HTTP 429 on direct fetch but its contents are confirmed via search summaries and the Penn State In Memoriam listing."
215,person,crafts/metalsdirectorypage/p99.html,Keith A. Lewis,alive/job/name-change,"Keith Lewis is alive and still teaching at Central Washington University, where he is now a CWU Distinguished Professor of Jewelry, Metals, and Design and steward of Washington state's only four-year jewelry degree. He continues to exhibit nationally (2024 solo show, monograph, ACC Fellow in 2022).",yes,high,https://www.cwu.edu/about/directory/dept-of-art-design/keith-lewis.php | https://www.cwu.edu/about/media-resources/news/2024/8/survival-change-and-the-art%20of-keith-lewis.php | https://www.cwu.edu/about/media-resources/news/2024/11/cwu-professor-of-jewelry-metals-design-joins-nyc-jewelry-week-panel.php | https://galleryloupe.com/artists/keith-lewis/,,2026-05-29,"verified=not-needed; Strong identity match: BS Dickinson College (Chemistry, 1981) and MFA Kent State (Jewelry & Metalsmithing, 1993) align with the archived education. Same gay-male-identity / AIDS-memorial metalsmithing oeuvre; work in Smithsonian, Met, V&A, Tacoma Art Museum. One discrepancy: archived record says ""teaching since 1993,"" but his own bio/CWU sources consistently say he joined CWU in 1994 (MFA completed 1993) - likely an archival rounding. Birth year 1959 not directly confirmed by sources found but consistent with a ~35-year career described in 2024. Still the same person, same institution, promoted to Distinguished Professor (not emeritus/retired)."
216,person,crafts/metalsdirectorypage/s272.html,Phil Carrizzi,alive/job/name-change,"Phil Carrizzi changed his professional name to Phil Renato. He remains a Professor and founding Chair of the Allesee Metals/Jewelry Design program at Kendall College of Art and Design (Ferris State University), the same institution and role he held in the archived record since 2002.",yes,high,https://www.ferris.edu/art-design/programs/faculty/renato-phillip.htm | https://www.kcad.edu/programs/faculty/renato-phillip/ | https://medium.com/cultured-gr/616-presents-phil-renato-finds-discipline-in-jewelry-making-and-design-63775797d6a2 | https://www.philrenato.com/ | https://www.artprize.org/phil-renato,,2026-05-29,"verified=confirmed; High-value NAME CHANGE confirmed: the official Ferris/KCAD faculty page explicitly reads ""Phil Renato (Carrizzi),"" tying the archived surname Carrizzi to his current name Renato. Identity corroborated by matching education (BFA Eastern Michigan University in Painting/Metalsmithing/Creative Writing; MFA Metals, University of Washington, under John Marshall and Mary Lee Hu) and matching role (came to Grand Rapids in 2002 to chair the newly founded Allesee Metals/Jewelry Design program at KCAD). Same job as archived; title is now ""Professor"" (archived had ""Assistant Professor""), so a rank promotion but same chair/program/institution. No obituary; clearly alive and active (recent ArtPrize, Medium profile, personal sites philrenato.com / renato.design). Personal portfolio domain redirects philrenato.com -> github.io -> renato.design."
217,person,crafts/public_html/mjcc/local/history/p178.html,Carlyle Smith,alive/job/name-change,"Carlyle H. Smith was the RISD-trained pioneer metalsmith who founded the first U.S. public-university jewelry/silversmithing program at the University of Kansas (1947–1977); he died Nov. 11, 2004 at age 93. KU's metalsmithing studio is named in his honor.",retired-emeritus,high,https://americanart.si.edu/artist/carlyle-h-smith-4491 | http://www2.ljworld.com/news/2004/nov/13/pioneer_silversmith_left/ | https://www.ganoksin.com/article/legacy-american-metalworking/ | https://www.aaa.si.edu/collections/interviews/oral-history-interview-carlyle-h-smith-13056 | https://art.ku.edu/metalsmithingjewelry,,2026-05-29,"verified=confirmed; Strong match to the archived record: RISD (undergraduate) and University of Kansas (he is the program's founder, not an MFA recipient—the archive's ""MFA, University of Kansas"" likely conflates his founding role/degree-granting program; his own formal training was at RISD under Antonio Cirino). ""Currently teaching: n/a"" is consistent—he retired in 1977 and was deceased before the directory went offline. No evidence of any name change. This is the well-documented jeweler/metalsmith educator, not a same-named person in another field. KU studio: ""Carlyle H. Smith Metalsmithing and Jewelry Studio."" Work held by the Renwick Gallery / Smithsonian American Art Museum and the Museum of Fine Arts, Boston. The Archives of American Art holds a 1994 oral-history interview with him."
218,program,crafts/metalsdirectorypage/s1.html,Abilene Christian University,program still exists / chair,"The metals/jewelry/silversmithing program was effectively the personal program of Virginia ""Ginna"" Sadler, who taught at ACU from 1980 until her retirement in 2016 (36 years). She held an MFA in jewelry design and silversmithing from Indiana University (1974) and was a member of the Society of North American Goldsmiths (SNAG). After her 2016 retirement the dedicated metals/jewelry teaching was not continued — current Studio Art concentrations are Ceramics, Painting, and Sculpture, with no metals/jewelry courses or specialist faculty. Sadler was named professor emeritus and died March 12, 2023, at age 74. The archived directory entry (""Ginna Sadler 1980 to present"") reflects the pre-2016 state; the program did not survive her departure.",no,high,https://acu.edu/2023/03/20/acu-remembers-ginna-sadler/ | https://acu.edu/academics/arts-humanities-social-sciences/art-design/ | https://acu.edu/academics/arts-humanities-social-sciences/art-design/faculty/ | https://catalog.acu.edu/preview_entity.php?catoid=23&ent_oid=1247&returnto=1353 | https://www.dignitymemorial.com/obituaries/abilene-tx/virginia-sadler-11195418,,2026-05-29,"verified=confirmed; chair=Robert Green (Professor; Department Chair and Program Director, Fine Art). Graphic Design directed by Ryan Feerer."
219,program,crafts/metalsdirectorypage/s10.html,Birmingham Bloomfield Art Association,program still exists / chair,"The ""Birmingham Bloomfield Art Association"" now operates as the Birmingham Bloomfield Art Center (BBAC) — a rename/rebrand of the same nonprofit (founded 1957) in Birmingham, MI. The jewelry/metals program continues uninterrupted: its studio was renovated and reopened in late September 2014 (funded by the Michigan Council for Arts and Cultural Affairs plus donors), enabling access for students with special needs. Classes run continuously through 2025–2026. Leadership of the Jewelry/Metals Department is now Robin Servo (20+ years at BBAC); the archived faculty member Robert C. Fisher is no longer listed anywhere. Other current metals instructors include Nancy Clark, Janice Degen, Darlene Earls, and Mary Kernahan.",merged-renamed,high,https://bbartcenter.org/about-education-programs/jewelrymetals-studio-renovation/ | https://bbartcenter.org/bbac-faculty/ | https://bbartcenter.org/birmingham-bloomfield-art-center/ | https://bbartcenter.org/ | https://bbartcenter.org/2025-current-student-works-show-results/,,2026-05-29,"verified=confirmed; chair=Robin Servo, head of the Jewelry/Metals Department (BFA Michigan State Univ., MFA Cranbrook Academy of Art)"
220,program,crafts/metalsdirectorypage/s100.html,"California State University, Northridge",program still exists / chair,"No dedicated metals/jewelry program could be documented at CSUN. The archived directory record carried no start date or faculty for this entry, and the program may have been listed loosely or have predated CSUN's online catalogs (earliest available, 2014, already shows no metals/jewelry concentration). Across the 2014, 2018, and current (2025/26) Art catalogs, the concentration list has been stable and never includes metals or jewelry; only Sculpture/Ceramics relate to 3D making, and Graphic Design is the only concentration noted as suspended. If a metals/jewelry offering ever existed at CSUN it was discontinued before the online-catalog era (~2014); there is no current metals/jewelry program in the department.",unknown,low,https://www.csun.edu/mike-curb-arts-media-communication/art-design | https://www.csun.edu/mike-curb-arts-media-communication/art-design/programs-overview/undergraduate-programs | https://catalog.csun.edu/archive/2018/academics/art/programs/mfa-art/index.html | https://csun.edu/catalog/archive/2014/academics/art/programs/mfa-art.html | https://catalog.csun.edu/academics/art/overview/,,2026-05-29,verified=confirmed; chair=
221,program,crafts/metalsdirectorypage/s101.html,Memphis College of Art,program still exists / chair,"The metals/jewelry program closed when the entire institution shut down. Memphis College of Art (founded 1936) announced in October 2017 that it would stop recruiting new students due to mounting real estate debt, a small endowment, and declining enrollment (down ~35% that year). It operated on a teach-out plan and closed permanently at the end of the 2019-20 academic year, holding its final commencement on May 9, 2020 (conducted virtually due to COVID-19). Metalworking/jewelry was one of MCA's 16 fine-arts programs (11 undergraduate BFA + 5 graduate degrees). There is no successor academic metals program. Note: in May 2022 the unrelated Metal Museum signed a lease for MCA's former campus (Rust Hall in Overton Park) — this is a museum/exhibition institution, NOT a continuation of the degree-granting academic program.",no,high,https://en.wikipedia.org/wiki/Memphis_College_of_Art | https://hyperallergic.com/411640/memphis-college-art-closing/ | https://www.localmemphis.com/article/news/health/coronavirus/the-end-of-an-era-memphis-college-of-art-prepares-to-say-goodbye-during-coronavirus-pandemic/522-04086167-c621-42f8-bd00-597312eefafb | https://dailymemphian.com/article/7309/The-art-of-closing-MCA-takes-high-road-to-the-end,,2026-05-29,verified=confirmed; chair=
222,program,crafts/metalsdirectorypage/s102.html,Metairie Park Country Day School,program still exists / chair,"The metals/jewelry course continues as part of the school's Visual Arts curriculum. The archived directory's named faculty member, Vitrice McMurry (listed ""1983 to present""), is no longer in the current MPCDS faculty directory and is now described in external sources as a FORMER metals teacher at the school — i.e., a leadership/teacher change since ~2014. She taught metalworking two days a week to grades 6-12 from 1983 for many years; she remains active as an independent New Orleans jewelry designer (sold at Symmetry Jewelers, Ogden Museum, NOMA; former Jazz Fest crafts director). The current metals teacher is not publicly named on the school site. Note: the archived record's framing as an academic ""metals/jewelry PROGRAM"" overstates it — it was always a secondary-school art elective, never a collegiate metals/jewelry/CAD-CAM degree program.",yes,high,https://www.mpcds.com/arts/visual-arts | https://www.mpcds.com/about/directory | https://www.myneworleans.com/vitrice-mcmurry-2014-new-orleans-top-female-achievers/ | https://vitrice.indiemade.com/content/bio,,2026-05-29,verified=not-needed; chair=
223,program,crafts/metalsdirectorypage/s103.html,Miami Jewelry Institute,program still exists / chair,"The institution has operated continuously and is currently active. It was founded in 1986 by Philippe Moutardier as the ""First Institute of Gemology and Jewelry School of Florida"" in Coral Gables (state-licensed since 1987). In 2006 leadership passed to Marc Thurn and it operated as the ""Miami Jewelry School."" As of February 2024, Dr. Samanthessa R. Jacob assumed leadership and it was rebranded ""Miami Jewelry Institute."" So since ~2014 it continued under Marc Thurn, then underwent a 2024 leadership change and rename. The program is alive at 777 NW 72nd Ave, Miami, FL.",merged-renamed,high,https://www.miamijewelryinstitute.com/ | https://www.miamijewelryinstitute.com/about-us.html | https://www.miamijewelryinstitute.com/meet-our-team.html | https://web02.fldoe.org/CIE/SearchSchools/SchoolSearchDetail.aspx?schoolID=65 | https://www.jewelers.org/jewelry-careers/jewelry-schools-directory/1-miami-jewelry-institute,,2026-05-29,verified=confirmed; chair=
224,program,crafts/metalsdirectorypage/s104.html,Miami University,program still exists / chair,"Continuation with a leadership/faculty transition. The archived record lists Susan Ewing as ""1981 to present"" — she served Miami University ~35 years (1981–2016, retiring as University Distinguished Professor / Professor Emerita of Art; she was also Associate/Senior Associate Dean of the College of Creative Arts 2008–2016). After leaving Miami she became Director of Cranbrook Academy of Art (interim Aug 2018, permanent Jan 2019). The metals/jewelry program itself was not closed, merged, or renamed: post-2014 it continues as an active concentration in the Studio Art BA/BFA, with graduate study and a Jewelry Design & Metals minor still offered as of 2025–26. I could not confirm by name the specific tenured metals faculty member who succeeded Ewing or the current Department of Art chair.",yes,high,https://miamioh.edu/cca/academics/departments/art/academics/majors/studio-art/metals/index.html | https://bulletin.miamioh.edu/creative-arts/art/ | https://miamioh.edu/academics/majors-minors/minors/jewelry-design-metals.html | https://miamioh.edu/academic-affairs/awards-professorships/spotlights/ewing-susan.html | https://cranbrookart.edu/press-room/susan-r-ewing-named-director-of-cranbrook-academy-of-art/ | https://programs.miamioh.edu/programs/studio-art-bfa/,,2026-05-29,verified=not-needed; chair=
225,program,crafts/metalsdirectorypage/s105.html,Middle Tennessee State University,program still exists / chair,"The archived ""Klaus Kallenberger 1966 to present"" record was already stale when the directory went offline. Kallenberger — the program's metals/jewelry/silversmithing professor (MFA jewelry & silversmithing, Univ. of Kansas; he designed MTSU's ceremonial maces and chain of office) — taught roughly 1966 to 2002 and RETIRED in 2002 after 36 years. There is no evidence the metals/jewelry teaching area continued under a successor. By the present-day Department of Art and Design, the studio BFA emphases are ceramics, painting, printmaking, and sculpture only; no metals/jewelry concentration exists. So the program effectively ended with Kallenberger's 2002 retirement rather than surviving as a degree path; it was not renamed or merged into a continuing metals concentration.",no,high,https://tnartscommission.org/permanentcollection/klaus-kallenberger/ | https://art.mtsu.edu/programs/ | https://www.mtsu.edu/program/art-studio-concentration-b-f-a/ | https://art.mtsu.edu/about/,,2026-05-29,"verified=confirmed; chair=Jimmy Mumford (Chair, Department of Art and Design, as of 2025)"
226,program,crafts/metalsdirectorypage/s106.html,Midwestern State University,program still exists / chair,"Continuation, no closure. The metalsmithing program remains an active studio area in the Department of Art. The biggest institutional change since 2014: on June 8, 2021 Gov. Abbott signed HB 1522 making Midwestern State University the fifth member of the Texas Tech University System, effective Sept 1, 2021 — an affiliation/system change, not a name change or program change. Metals faculty Suguru Hiraide has been continuous since 2003.",yes,high,https://msutexas.edu/academics/finearts/art/metalsmith.php | https://msutexas.edu/academics/finearts/art/courses.php | https://msutexas.edu/academics/finearts/art/faculty.php | https://www.texastech.edu/stories/21-06-ttu-system-welcomes-msu-texas.php | https://news.msutexas.edu/2021/05/governor-signs-bill-making-midwestern-state-5th-member-of-ttu-system.php,,2026-05-29,"verified=not-needed; chair=Suguru Hiraide, Professor of Sculpture and Metals (teaching at MSU since 2003) appears to be the metals faculty. No separate Art Department chair name was confirmed on the public pages."
227,program,crafts/metalsdirectorypage/s107.html,Millersville University,program still exists / chair,"Continuation with a leadership/faculty change. The archived faculty member, Brigid O'Hanrahan (listed ""1982 to present""), retired after teaching metals at Millersville for nearly 30 years (around 2011-2012, per an Art Jewelry Forum profile) and shifted to her own studio practice. The metals program continued and is now led by Becky McDonah, Professor in Fine Art Metals. No closure, merger, or renaming of the program; it remains a live concentration/minor in the Department of Art &amp; Design.",yes,high,https://www.millersville.edu/programs/fine-art-metals.php | https://www.millersville.edu/art/faculty-and-staff/ | https://www.millersville.edu/art/ | https://www.millersville.edu/art/programs-of-study/concentrations.php | https://artjewelryforum.org/articles/geologica-brigid-ohanrahan-2/,,2026-05-29,"verified=not-needed; chair=Becky McDonah (Professor in Fine Art Metals, runs the metals program). Department of Art &amp; Design chair: Line Bruntse (Associate Professor in Sculpture)."
228,program,crafts/metalsdirectorypage/s108.html,Milwaukee Area Technical College,program still exists / chair,"The historic ""Division of Jewelry Repair and Fabrication"" (technical diplomas + continuing-ed classes in jewelry repair/manufacturing and basic gemology, formerly at 700 W. State St.) appears to have been discontinued. It no longer appears in MATC's current academic catalog, program list, or course search, and the MATC cost-sheet URL that previously referenced jewelry now 404s. The institution itself is fully active and continues to operate; only the jewelry/metals program is gone.",no,medium,https://www.matc.edu/course-catalog/ | https://colss-prod.ec.matc.edu/Student/Courses/Search | https://www.jewelers.org/jewelry-careers/jewelry-schools-directory/milwaukee-area-technical-college | https://www.matc.edu/course-catalog/manufacturing-construction-transportation/advanced-metal-fabrication.html,,2026-05-29,verified=confirmed; chair=
229,program,crafts/metalsdirectorypage/s11.html,Blue Mountain Community College,program still exists / chair,"No findable evidence that a distinct metals/jewelry program ever existed at the credit level, nor that it continued, closed, merged, or was renamed in a documented way since ~2014. As of the current (2021-2022 and later) catalog, BMCC offers no metals/jewelry degree or certificate; art is delivered only as transfer-level courses under the AAOT. The college's art presence today centers on the Betty Feves Memorial Gallery (35th anniversary noted in 2025) rather than studio-craft degree programs.",no,medium,https://bluecc.edu/academics/ | https://catalog.bluecc.edu/content.php?catoid=9&navoid=450 | https://bluecc.edu/community-education/ | https://catalog.bluecc.edu/preview_program.php?catoid=8&poid=964 | https://eastoregonian.com/2025/10/14/feves-gallery-celebrates-35th-anniversary-at-bmcc/ | https://bluecc.edu/staff-directory/,,2026-05-29,verified=confirmed; chair=
230,program,crafts/metalsdirectorypage/s110.html,Milwaukee Area Technical College / South,program still exists / chair,"The historical program was a ""Division of Jewelry Repair and Fabrication"" at MATC's downtown Milwaukee campus (700 W State St.), offering technical diplomas + continuing-education classes in jewelry repair/manufacturing and basic gemology — NOT an associate degree, and not at the South/Oak Creek campus per current records. It has since been discontinued: it appears in no current MATC catalog, program list, or site search. No press release or news article fixing an exact closure year was found, so the precise discontinuation date (sometime around/after the directory went offline ~2014-2019) is uncertain. The Jewelers of America schools directory still lists it, but that listing is stale and not corroborated by MATC's live site.",no,medium,https://www.jewelers.org/jewelry-careers/jewelry-schools-directory/milwaukee-area-technical-college | https://www.matc.edu/course-catalog/ | https://www.matc.edu/ | https://www.matc.edu/who-we-are/campuses-locations/oak-creek/index.html,,2026-05-29,verified=confirmed; chair=
231,program,crafts/metalsdirectorypage/s111.html,Milwaukee Area Technical College,program still exists / chair,"The jewelry/metalsmithing program appears to have been discontinued. It is not listed anywhere in MATC's 2025-26 academic catalog or current Creative Arts, Design & Media program list, and the live course-section search returns no active jewelry or jewelry-repair/fabrication courses. The only surviving public trace is a non-date-stamped legacy listing in the Jewelers of America jewelry-schools directory (""technical diplomas and continuing education classes in jewelry repair and manufacturing... Division of Jewelry Repair and Fabrication, 700 W State St.""), which appears to be stale/archival rather than a confirmation the program is currently running. Exact closure/phase-out date could not be pinned down from available sources. No current program head, leadership change, merge, or rename could be confirmed.",no,medium,https://www.matc.edu/course-catalog/creative-arts-design-media/index.html | https://www.matc.edu/course-catalog/ | https://colss-prod.ec.matc.edu/student/Courses/Search?subjects=CRAFTS | https://www.jewelers.org/jewelry-careers/jewelry-schools-directory/milwaukee-area-technical-college | https://www.wtcsystem.edu/colleges/milwaukee-area-technical-college/ | https://www.matc.edu/,,2026-05-29,verified=verify-failed; chair=
232,program,crafts/metalsdirectorypage/s112.html,Minneapolis Technical College,program still exists / chair,"The institution itself survived through multiple renamings/mergers but the metals/jewelry program was discontinued. Chronology: the archived record's ""Minneapolis Technical College"" (MTC, 1980s) merged in February 1996 with Minneapolis Community College to form Minneapolis Community & Technical College (MCTC); MCTC shortened its name to ""Minneapolis College"" in 2022. The jewelry program was already flagged for low enrollment as early as 1999 (Ganoksin forum). It still appears to have operated into the 2010s (referenced as a resale/program activity in a Jan-2019 college policy doc, and listed in jewelry-school directories with Todd Hawkinson as dept. chief), but it is absent from the current program catalog — indicating closure sometime after ~2019. Faculty Todd Hawkinson and Myrl Hein are no longer current program staff.",merged-renamed,medium,https://minneapolis.edu/programs-a-z | https://en.wikipedia.org/wiki/Minneapolis_College | https://www.silversmithing.com/schools.htm | https://northhouse.org/instructors/todd-hawkinson | https://www.trhltd.com/information/information&information_id=4 | https://minneapolis.edu/about-us/policies/policy-515,,2026-05-29,"verified=confirmed; chair=None for jewelry (program no longer listed). Todd Hawkinson is described in his industry bio as the former head of the Jewelry Manufacturing & Repair Program and (per an older bio) co-chair of the Jewelry & Gemology Department at MCTC; he now runs T.R.Hawkinson, Ltd. and teaches at North House Folk School."
233,program,crafts/metalsdirectorypage/s117.html,"Missouri Southern State College (now Missouri Southern State University), Joplin, MO",program still exists / chair,"The institution itself was renamed: ""Missouri Southern State College"" became ""Missouri Southern State University"" in 2003 (state legislation granting university status), which is why the archived directory name is outdated. The jewelry/metalsmithing instruction continues uninterrupted as a studio emphasis within the BFA Studio Art degree rather than as a standalone metals program — it is not a dedicated metals/jewelry major or degree. Course numbering and titles (ART 0205/0330/0423/0443) remain active in the current MSSU catalog. The Art & Design Department is currently chaired by Frank A. Pishkur. No closure, merger of the program, or discontinuation was found; this is a continuation under a renamed institution.",merged-renamed,high,https://www.mssu.edu/academics/arts-sciences/art/index.php | https://catalog.mssu.edu/preview_program.php?catoid=12&poid=2820&returnto=810 | https://catalog.mssu.edu/preview_course_nopop.php?catoid=1&coid=70 | https://catalog.mssu.edu/preview_entity.php?catoid=17&ent_oid=1439&returnto=3316,,2026-05-29,"verified=confirmed; chair=Frank A. Pishkur, Chair, Art & Design Department"
234,program,crafts/metalsdirectorypage/s118.html,Montana State University,program still exists / chair,"The program continues and is thriving. It celebrated its 50th anniversary with an exhibition Sept 13 – Nov 27, 2024, indicating a founding around 1974. Richard Helzer (long-time metals professor named in the archived record, ""1970 to present"") has since retired and was featured as an alumnus/contributor in the 50th anniversary exhibition. Leadership of the School of Art is now Josh DeWeese; the metals area is currently taught by instructor Victoria Burchill. No closure, merger, or rename — the metals/jewelry area name and home (School of Art) are unchanged.",yes,high,https://art.montana.edu/areas-of-study/metalsmithing.html | https://art.montana.edu/directory_2/index.html | https://art.montana.edu/MSU-Metalsmithing-50th-Anniversary-Call-for-Entry.html | https://art.montana.edu/ | https://art.montana.edu/areas-of-study/index.html,,2026-05-29,"verified=not-needed; chair=Josh DeWeese is Director of the School of Art (Ceramics). Victoria (Tori) Burchill is the current Metalsmithing instructor. There is no separate metalsmithing-only ""chair""; the area sits under the School of Art director."
235,program,crafts/metalsdirectorypage/s119.html,Montgomery College,program still exists / chair,"Continuation with leadership change. The archived faculty (Komelia H. Okim, who taught at Montgomery College from 1972 until her retirement, and Brian Meek, who started 1994) are no longer listed on the current Art Department faculty/staff page. The metals/jewelry area has continued under new leadership: Lucy Louise Derickson now serves as Coordinator of the Jewelry and Metalsmithing/Crafts Area, with Tendai Johnson as overall Art Department chair. The program remains active enough that Montgomery College continues to post for part-time Jewelry & Metalsmithing instructors and maintains a student-artwork gallery page for the area.",yes,high,https://www.montgomerycollege.edu/academics/departments/art-rockville/student-artwork/jewelry-and-metalsmithing.html | https://www.montgomerycollege.edu/academics/departments/art-rockville/faculty-staff.html | https://catalog.montgomerycollege.edu/preview_course_nopop.php?catoid=8&coid=9432 | https://jobs.chronicle.com/job/37992336/part-time-faculty-jewelry-and-metalsmithing-instructor/ | https://www.montgomerycollege.edu/academics/departments/art-rockville/index.html | https://www.komeliaokim.com/bio,,2026-05-29,"verified=not-needed; chair=Lucy Louise Derickson (MFA, Virginia Commonwealth University), Coordinator of the Jewelry and Metalsmithing/Crafts Area. Art Department Chair (Rockville & Germantown): Tendai Johnson (MFA, University of Georgia)."
236,program,crafts/metalsdirectorypage/s12.html,Bowling Green State University,program still exists / chair,"Continuation with leadership continuity. Thomas Muir, listed in the archived record as ""1991 to present,"" is still the area head as of 2026, now also teaching 3D Digital Media/CAD. No closure, merger, or rename — the program has continued uninterrupted as the Jewelry and Metals area within the School of Art and College of Arts and Sciences. Notable since ~2014: Muir's work acquired by the Toledo Museum of Art (2017); a second metals faculty member, Marissa Saneholtz, is now on staff; graduate jewelry/metals organized under the Three-Dimensional Studies / 3D studio art track.",yes,high,https://www.bgsu.edu/arts-and-sciences/school-of-art/undergraduate-programs/studio/jewelry-and-metals.html | https://www.bgsu.edu/arts-and-sciences/school-of-art/faculty-staff/tom-muir.html | https://www.bgsu.edu/academics/studio-art-bachelors-bgsu.html | https://www.bgsu.edu/academics/graduate/art-3d-studio-art-masters.html | https://www.bgsu.edu/news/2017/06/muir-vessel-acquired-by-toledo-museum-of-art.html | https://www.bgsu.edu/arts-and-sciences/school-of-art/faculty-staff/marissa-saneholtz.html,,2026-05-29,"verified=not-needed; chair=Tom (Thomas P.) Muir — Distinguished Artist Professor and Area Head, Jewelry and Metalsmithing. (Marissa Saneholtz is also metals faculty.) The School of Art has its own Director, distinct from the area head."
237,program,crafts/metalsdirectorypage/s122.html,Mott Community College,program still exists / chair,"Since ~2014 the metals/jewelry listing has effectively disappeared as a standalone program. Mott Community College (Flint, MI) continues to operate a Fine Arts program, but it has consolidated into a Department of Art, Design & Photography offering Studio Art, Graphic Design, Photography, and Music. The current online catalog (2025-2026) returns zero results for ""jewelry"" and lists no metals/metalsmithing courses; facilities list a 3D/Sculpture studio but no metals/jewelry lab. A faculty member with a metalsmithing MFA remains on staff but teaches sculpture/foundations. Best interpretation: the metals/jewelry instruction the SNAG-era directory recorded was either a small studio offering or non-credit/continuing-ed class that has since been folded into general studio art/sculpture or discontinued. No press release or formal closure announcement was found.",merged-renamed,medium,https://www.mcc.edu/fass/finearts-degrees.shtml | https://catalog.mcc.edu/content.php?catoid=18&navoid=546 | https://catalog.mcc.edu/preview_program.php?catoid=18&poid=2154 | https://www.mcc.edu/fass/fine-arts-faculty.shtml | https://www.mcc.edu/fass/fine-arts-facilities-resources.shtml | https://mcc.augusoft.net/index.cfm?method=ClassListing.ClassListingDisplay&int_category_id=7&int_sub_category_id=21&int_catalog_id=,,2026-05-29,"verified=verify-failed; chair=James Shurter, MFA — Professor and Department Chair of Art, Design & Photography"
238,program,crafts/metalsdirectorypage/s123.html,Nazareth College,program still exists / chair,"Lynn Duggan (archived as ""1978 to present"") retired as faculty emerita in May 2016 after nearly 40 years, marked by a retrospective ""Lynn Duggan: Trajectory."" In 2017 Nazareth hired Holland Houdek (MFA Jewelry & Metalsmithing, Syracuse) as assistant professor of jewelry & metalsmithing and gallery director; she took over the metalsmithing course offerings. Houdek was promoted to associate professor and Studio Art undergraduate program director by 2023. The institution became Nazareth University in 2024. Despite well-publicized financial/budget pressures at Nazareth in 2024–2025, the Studio Art program with its jewelry and metals concentrations remains listed and active.",yes,high,https://www2.naz.edu/academics/studio-fine-arts-degree-program/ | https://www2.naz.edu/news/archive/2017/September/364/nazareth-welcomes-new-metalsmithing-professor-and-art-gallery-director-holland-houdek/ | https://www2.naz.edu/connections/past-issues/spring-summer-2016/lynn-duggan-trajectory | https://www2.naz.edu/dept/art-design/faculty-staff/holland-houdek/ | https://hollandhoudek.com/curriculum-vitae/ | https://www2.naz.edu/dept/art-design/student-work/jewelry-and-metalsmith/,,2026-05-29,verified=not-needed; chair=Holland Houdek — Associate Professor of jewelry & metalsmithing and Director of the Studio Art undergraduate program / Art Gallery Director (program head for metals; not confirmed as overall department chair).
239,program,crafts/metalsdirectorypage/s124.html,Nebraska Wesleyan University,program still exists / chair,"Continuation with no closure or rename. Lisa Lockman, listed in the archived record as ""1990 to present,"" is still on faculty as Professor of Art teaching metalsmithing as of 2026, confirming uninterrupted operation of the metals/jewelry offering since the directory went offline. Metalsmithing remains embedded in the Art B.A./B.F.A. studio program. The only evolution is added digital-fabrication access via the Nebraska Innovation Studio makerspace.",yes,high,https://www.nebrwesleyan.edu/campus-directory/lisa-lockman | https://www.nebrwesleyan.edu/academics/majors-and-minors/art/faculty-and-staff | https://www.nebrwesleyan.edu/academics/majors-and-minors/art/art-degrees | https://www.nebrwesleyan.edu/academics/majors-and-minors/art/studio-facilities,,2026-05-29,"verified=not-needed; chair=No standalone metals program head. Lisa Lockman, MFA, is the Professor of Art who teaches metalsmithing (and ceramics / Intro to Creative Tech) and is the senior studio faculty member. Department contact via administrative assistant Kate Demoret."
240,program,crafts/metalsdirectorypage/s125.html,New Mexico State University — Jewelry and Metalsmithing (Department of Art),program still exists / chair,"Continuation with a generational faculty turnover. The archived directory's listed faculty (Carlyle Smith guest 1962–79, Patrice Case, Kate Wagle 1982–88, Lisa Norton 1989–92, ""Julia Barrelo 1992–present"") no longer reflects current staffing — the named ""to present"" faculty member is not the current lead. Since ~2014 the program has been led in jewelry/metalsmithing by Motoko Furuhashi (an ""Artist in Residence in Metals and Jewelry"" posting appears on the department site dated June 2014). The program moved into the new Devasthali Hall art building (opened ~2020) with an upgraded metals studio. It runs a long-standing student Annual Jewelry Sale (42nd+ annual in recent years) and remains active through 2025. No closure, merger, or rename — the area persists within the Department of Art.",yes,high,https://artdepartment.nmsu.edu/pages/about-us/facilitiespages/metals.html | https://artdepartment.nmsu.edu/pages/about-us/facultyandstaffbiopages/motokofuruhashi.html | https://artdepartment.nmsu.edu/2014/06/artist-in-residence-in-metals-and-jewelry/ | https://catalogs.nmsu.edu/nmsu/arts-sciences/art/ | https://newsroom.nmsu.edu/news/nmsu-s-42nd-annual-jewelry-sale-boosts-art-students--entrepreneurial-skills/s/68549164-0515-4005-8f79-ba246bbf15ad | https://artdepartment.nmsu.edu/,,2026-05-29,"verified=not-needed; chair=Metals/jewelry area led by Motoko Furuhashi (Associate Professor of Jewelry & Metalsmithing; MFA in Metals, Univ. of Illinois Urbana-Champaign). She heads the area, not the full Department of Art; the overall department chair was not confirmed in this check."
241,program,crafts/metalsdirectorypage/s126.html,New York University,program still exists / chair,"Metalsmithing was never a freestanding NYU degree program; it has long been one of the studio media offered within the Studio Art program. It continues as such through 2025-2026 with active course offerings, so there has been continuation rather than closure or rename. The archived faculty name ""Pamela E. Lins 1989 to present"" almost certainly refers to artist/sculptor Pam Lins, who is no longer at NYU; she now teaches at Cooper Union (adjunct), Princeton University (Lewis Center for the Arts), and Bard College MFA. Departmental leadership over the period is held by chair Nancy Deihl.",yes,high,https://steinhardt.nyu.edu/programs/studio-art | https://steinhardt.nyu.edu/departments/art-and-art-professions | https://steinhardt.nyu.edu/courses/metalsmithing | https://steinhardt.nyu.edu/courses/metalsmithing-i-non-majors | https://www.coursicle.com/nyu/courses/ARTUE/501/ | https://steinhardt.nyu.edu/people/nancy-deihl | https://en.wikipedia.org/wiki/Pam_Lins | https://steinhardt.nyu.edu/departments/art-and-art-professions/facilities,,2026-05-29,"verified=not-needed; chair=Nancy Deihl is the chair of the Department of Art and Art Professions (a fashion historian, not the metals-area head). No separately identified metalsmithing-area head was found."
242,program,crafts/metalsdirectorypage/s127.html,North Bennet Street School,program still exists / chair,"Continuation, with a leadership change. The Jewelry Making & Repair program has run continuously and remains one of NBSS's core full-time programs well past 2014. The most notable change since ~2014 is leadership: Tracey Jenkins Darji became Department Head in September 2023 (she had previously studied under longtime instructor Rosemary Trainor, JM '90). The program continues to teach traditional bench skills plus modern techniques (laser welding, wax model making, stone setting, fabrication in gold/platinum/silver).",yes,high,https://nbss.edu/full-time-programs/jewelry-making-repair/ | https://nbss.edu/full-time-programs/jewelry-making-repair/curriculum/ | https://nbss.edu/about/people/tracey-jenkins-darji/ | https://nbss.edu/news-events/news-stories/meet-tracey-jenkins-darji-jewelry-department-head/ | https://en.wikipedia.org/wiki/North_Bennet_Street_School,,2026-05-29,"verified=not-needed; chair=Tracey Jenkins Darji (JM '05) - Department Head and Instructor. Other faculty: Haley Filamond (JM '20), Instructor; Isabelle Schmit, Teaching Assistant."
243,program,crafts/metalsdirectorypage/s129.html,North Hennepin Community College,program still exists / chair,"The archived metals directory (offline since ~2014-2019) listed NHCC, almost certainly for a continuing-education / community-ed jewelry or metal-arts offering rather than a credit degree program — NHCC has never offered a metals/jewelry degree among its ~70 credit programs. As of 2026 there is no trace of any jewelry or metals course in the current ART catalog or program list. Whatever beading/jewelry community-ed class was once offered has been discontinued; the college's visual-arts focus is now ceramics, painting, photography, sculpture, and graphic design. No evidence of a rename or merge into another program — it simply no longer exists.",no,medium,https://www.nhcc.edu/academics/explore-all-programs | https://www.nhcc.edu/academics/courses-registration/course-outlines-descriptions/ART | https://www.nhcc.edu/life-nhcc/performing-and-visual-arts/graphic-design-and-visual-art-nhcc | https://www.nhcc.edu/academics/degree-pathways/creative-arts-and-design-and-global-and-cultural-studies/art-transfer,,2026-05-29,verified=confirmed; chair=
244,program,crafts/metalsdirectorypage/s13.html,Bradley University — Metals/Jewelry program (Department of Art and Design),program still exists / chair,"The metals/jewelry area appears to have been discontinued well before the directory went offline. The archived faculty span (James Malenda 1976–1987, Candace Gerbers Brey 1991–1993) indicates a metals teaching line that ended in the early 1990s and was apparently not sustained thereafter. The current Department of Art and Design lists no metals/jewelry concentration or faculty, and the only studio ""object"" area is Sculpture. Department leadership has turned over recently — Gary Will stepped down as chair in summer 2024; Heather Ford is now chair. Bradley also undertook a broad program-cut review in 2023, but the metals/jewelry area was already long absent and was not one of those 2023 actions. No evidence the metals program was merged or renamed into a surviving track; it simply lapsed.",no,high,https://www.bradley.edu/academics/departments/art-and-design/ | https://catalog.bradley.edu/undergraduate/communications-fine-arts/art-design/ | https://www.bradley.edu/academic/departments/art/faculty/profile.dot?id=7b7ced71-a616-4967-9c76-ed01e692bbb3 | https://www.bradley.edu/academic/departments/art/faculty/ | https://www.enamelarts.org/james-malenda/ | https://www.25newsnow.com/2023/12/11/bradley-university-announces-finalized-cuts/,,2026-05-29,"verified=verify-failed; chair=Heather Ford (Kodrick), Chair of the Department of Art and Design; Associate Professor of Design"
245,program,crafts/metalsdirectorypage/s130.html,Northeastern Illinois University,program still exists / chair,"Likely a directory data error: the archived entry's ""Northeastern Illinois University"" appears to be a confusion with NORTHERN Illinois University (NIU, DeKalb), which is the Illinois public university that actually runs a dedicated metals/jewelry program (Metalwork, Jewelry Design and Digital Fabrication, School of Art and Design). Northeastern Illinois University (NEIU, Chicago) is a separate institution whose current and recent Studio Art curriculum shows no dedicated metals/jewelry concentration, and no record was found of NEIU ever having one or of such a program being closed/merged/renamed.",unknown,medium,https://www.neiu.edu/academics/colleges-departments/arts-and-sciences/departments/art-design | https://catalog.neiu.edu/arts-sciences/art/studio-art/ | https://www.niu.edu/art/undergraduate-programs/bfa-studio-art/metal.shtml,,2026-05-29,verified=confirmed; chair=
246,program,crafts/metalsdirectorypage/s131.html,Northern Arizona University,program still exists / chair,"CLOSED. NAU historically offered a B.F.A. in Jewelry & Metalsmithing (an Extended Major in the Art department, documented in the 2006 and 2009 academic catalogs). The jewelry and metalsmithing program was eliminated and ran its final term in spring 2023, with a final group of six jewelry/metalsmithing BFA students showing work at the Beasley Gallery (reception April 13, 2023), per the Arizona Daily Sun (March 11, 2023). The current Studio Art BFA catalog (2024-25 and 2025-26) lists no jewelry/metals emphasis. The archived directory record's metals presence (Joseph Cornett ""1980 to present"") reflects the program's earlier, now-discontinued era; the program has been closed since spring 2023, not merged or renamed.",no,high,https://nau.edu/art/undergraduate-degrees/ | https://catalog.nau.edu/Catalog/details?plan=STBFAX&catalogYear=2526 | https://azdailysun.com/entertainment/arts-and-theatre/nau-fine-arts-students-get-chance-to-shine/article_1dc8651a-8bb3-5bf6-a019-73d48b74e955.html | http://www7.nau.edu/academiccatalog/2009/Educational_Programs/Arts_and_Letters/Art/BFAJewelryMetalsmithing.htm | http://www7.nau.edu/academiccatalog/2006/Educational_Programs/Arts_and_Letters/Art/BFAJewelryMetalsmithing.htm,,2026-05-29,verified=verify-failed; chair=Not separately findable for a metals program (none exists). The unit is the School of Art + Design within the College of Arts and Letters; no current metals/jewelry program head exists. Archived faculty member Joseph Cornett is not listed in current NAU faculty/directory results.
247,program,crafts/metalsdirectorypage/s132.html,Northern Illinois University,program still exists / chair,"Continuation. The metals/jewelry program at NIU has continued without closure or merger since ~2014. It has been modernized and renamed/branded as ""Metalwork, Jewelry Design and Digital Fabrication,"" emphasizing digital fabrication alongside traditional metalsmithing (forging, raising, casting, electroforming). It remains part of the School of Art and Design (NASAD member since 1969), which also restructured the umbrella BFA from ""Studio Art"" to ""Art Studio and Design."" Current resident metals faculty member is Jamie Obermeier.",yes,high,https://www.niu.edu/art/undergraduate-programs/bfa-studio-art/metal.shtml | https://www.niu.edu/art/about/faculty-staff/index.shtml | https://www.niu.edu/art/undergraduate-programs/index.shtml | https://www.niu.edu/art/graduate-programs/ma-mfa-art-design.shtml | https://www.niu.edu/art/about/index.shtml,,2026-05-29,"verified=not-needed; chair=Jamie Obermeier — faculty in Metals, Jewelry, and Digital Fabrication (the metals area's resident faculty member; not a formal ""chair""). School of Art and Design is the administrative unit."
248,program,crafts/metalsdirectorypage/s133.html,Northern Michigan University,program still exists / chair,"Continuation with no closure or merger. The metals/jewelry program continues uninterrupted under Dale Wedig (faculty since 1983), who is still listed as Professor and program head. Since ~2014 the main change is institutional restructuring: the former ""Department of Art and Design"" is now the ""School of Art and Design,"" and program/faculty pages migrated to the art.nmu.edu subdomain (old nmu.edu/artanddesign URLs 301-redirect there). No leadership change in the metals area found; School-level director is now Jane Milkie.",yes,high,https://art.nmu.edu/metalsmithing-jewelry | https://art.nmu.edu/dale-wedig | https://nmu.edu/artanddesign/metalsmithing-and-sculpture-nmu | https://catalog.nmu.edu/preview_program.php?catoid=9&poid=1652 | https://art.nmu.edu/faculty-staff,,2026-05-29,"verified=not-needed; chair=Dale Wedig (Professor, heads the Metalsmithing/Jewelry program; dwedig@nmu.edu). Jane Milkie is Associate Dean & Director of the School of Art and Design."
249,program,crafts/metalsdirectorypage/s134.html,Northwest Missouri State University,program still exists / chair,"The archived record listed Lee Hageman (""1967 to present"") as the metals/jewelry instructor. Hageman is documented as a former Northwest art faculty member in metals — in 1977 he, Robert Sunkel, and Philip Van Voorst created the University's Presidential Chain-of-Office (engraved walnut-mounted medallion). The metals/jewelry teaching program appears to have ended after his tenure (he is no longer faculty and is treated historically/as a retiree). The current Art Studio B.F.A. has no metals/jewelry emphasis among its six listed concentrations (Ceramics, Drawing, Painting, Photography, Printmaking, Sculpture), and the current Fine & Performing Arts faculty directory lists no metals/jewelry instructor. Since ~2014 the broader art offering continues but without metals; in 2025-26 the university restructured into ""Schools,"" placing art under the School of Fine and Performing Arts chaired by Dr. Adam Zrust. Net: the metals/jewelry program is discontinued; the general art program continues without it.",no,high,https://www.nwmissouri.edu/academics/undergraduate/majors/art-studio.htm | https://www.nwmissouri.edu/finearts/art/index.htm | https://www.nwmissouri.edu/finearts/directory/index.htm | https://www.maryvilleforum.com/news/northwest-names-five-new-department-chairs-for-2025-2026/article_e0de6ddf-6251-4cc0-b97a-8defb071d874.html | https://www.nwmissouri.edu/media/news/2023/05/05Regentsrecap.htm,,2026-05-29,"verified=verify-failed; chair=Dr. Adam Zrust, Chair / Associate Professor, School of Fine and Performing Arts (a music/choral specialist; there is no separate metals area head because the program no longer exists). No art-area head listed."
250,program,crafts/metalsdirectorypage/s135.html,Oklahoma State University,program still exists / chair,"The metals/jewelry program (started 1978) has continued without interruption. Chris Ramsay — the archived ""1990 to present"" faculty member — taught metals/jewelry/3D design at OSU from 1990 to 2023, also serving as Art Department Head (2008-2012 and 2020). He retired in 2023 and is now Professor Emeritus. After his retirement the metals/jewelry teaching has been carried by Cloris Yuchen Ding (Visiting Assistant Professor, RISD-trained metalsmith). The area remains a listed concentration within the Studio Art BFA/BA. The department itself underwent leadership changes over this period (Chris Whittey held the Vennerberg Chair/Head role before leaving to direct Cranbrook Academy of Art; the headship has since changed hands). No closure, merger, or renaming of the metals program; it is now branded under the broader ""Department of Art, Graphic Design and Art History.""",yes,high,https://www.ramsayart.com/bio-and-statement | https://cas.okstate.edu/art/about_us/faculty/old_bios/chris_ramsay | https://cas.okstate.edu/art/about_us/faculty/old_bios/cloris_ding | https://go.okstate.edu/undergraduate-academics/majors/studio-art.html | https://catalog.okstate.edu/arts-sciences/art-graphic-design-art-history/art-studio-bfa/ | https://catalog.okstate.edu/arts-sciences/art-graphic-design-art-history/ | https://cas.okstate.edu/art/ | https://www.designhistorysociety.org/news/view/vacancy-art-department-head-vennerberg-chair-in-art-oklahoma-state-university,,2026-05-29,"verified=not-needed; chair=Department Head / Vaughn Vennerberg II Chair in Art: Louise Siddons (per recent listings; previously Chris Whittey, now Director of Cranbrook Academy of Art). Note: department head is administrative, not the metals-area head. Long-time metals professor Chris Ramsay retired in 2023 and is now Professor Emeritus; Cloris Yuchen Ding (Visiting Assistant Professor of Studio Art, from RISD Jewelry+Metalsmithing) has been teaching the metals/jewelry area."
251,program,crafts/metalsdirectorypage/s139.html,Old Dominion University,program still exists / chair,"The standalone ""metals"" program (started 1977 per the archived record) continues but has been consolidated/rebranded into the broader ""3D Media & Material Studies"" umbrella within ODU's Department of Art. Rather than a separate metals/jewelry degree, metalsmithing now sits as a concentration/area within the BFA in 3D Media and Material Studies. Leadership: the area is taught by Emily Culver (MFA Cranbrook, BFA Tyler), Assistant Professor of Jewelry and Metalsmithing; the Department of Art chair is John Roth. The program remains active as of 2026 with current course offerings (e.g., ARTS 291).",merged-renamed,high,https://www.odu.edu/art/academics/3d-media-materials-studies | https://catalog.odu.edu/undergraduate/arts-letters/art/fine-arts-3d-media-material-studies-bfa/ | https://www.odu.edu/art | https://www.odu.edu/directory/emily-culver | https://www.coursicle.com/odu/courses/ARTS/291/ | https://catalog.odu.edu/courses/arts/,,2026-05-29,"verified=verify-failed; chair=John Roth (Associate Professor & Chair of the Department of Art). Jewelry/Metalsmithing area led by Emily Culver, Assistant Professor of Jewelry and Metalsmithing."
252,program,crafts/metalsdirectorypage/s14.html,Cabrillo College,program still exists / chair,"Continuation. The metals/jewelry program founded in 1970 was not closed or renamed away — it persists as the Small Metal/Jewelry area inside Cabrillo's Art Studio program. Over time the standalone studio disciplines were consolidated under the School of Visual, Applied & Performing Arts (VAPA), and studio-art credentials are now the consolidated A.A./A.A.-T Studio Arts degrees rather than a discrete metals certificate. Courses (ART 8A et al.) remained active through at least Fall 2025, and Small Scale Metals/Jewelry scholarships are still awarded. The archived founding faculty (Lynda Watson-Abbott 1970–1995, Nancy Megan Corwin 1984–1989, Dawn E. Nakanishi) are historical; current Art Studio leadership is department chair Claire Thorson. I could not confirm from public pages exactly which current instructor teaches the metals courses.",yes,high,https://www.cabrillo.edu/art-studio/ | https://www.cabrillo.edu/art-studio/art-studio-faculty-and-staff/ | https://www.coursicle.com/cabrillo/courses/ART/8A/ | https://www.cabrillo.edu/school-of-vapa/visual-arts-scholarships-and-awards/ | https://www.cabrillo.edu/school-of-vapa/ | https://extension.cabrillo.edu/classes/cabrilloarts/,,2026-05-29,"verified=not-needed; chair=Claire Thorson (Instructor, Art Studio Department Chair). No metals-specific program head is separately listed on the public faculty page."
253,program,crafts/metalsdirectorypage/s140.html,Oral Roberts University,program still exists / chair,"The art program continued and expanded rather than closing. ORU added a BFA in Art around 2012 and the offering now sits in the College of Arts & Cultural Studies with Studio Art, Graphic Design, and Game Design concentrations. The discrete ""metals/jewelry"" program recorded in the archived directory (faculty Norma Latta, 1986-to-present) no longer appears as a named program — it was effectively absorbed/renamed into the general Studio Art / sculpture track. The named archived faculty member (Norma Latta) could not be found in any current ORU faculty listing or external art-world source, consistent with a leadership/personnel turnover since the directory went offline (~2014-2019).",merged-renamed,medium,https://oru.edu/academics/coacs/index.php | https://oru.edu/academics/coacs/undergraduate/bfa-in-art-studio-art-specialization.php | https://oru.edu/faculty/coacs/nathan-opp.php | https://oru.edu/faculty/index.php,,2026-05-29,"verified=verify-failed; chair=Not determinable. Nathan Opp is a Professor of Art (also directs the Honors program) and the most prominent named art faculty, but is not confirmed as art program chair/head. ORU did not publish a named art program chair on the pages reviewed."
254,program,crafts/metalsdirectorypage/s141.html,Oregon School of Arts & Crafts,program still exists / chair,"The institution archived as ""Oregon School of Arts & Crafts"" (the name used 1978–1996) was renamed ""Oregon College of Art and Craft"" (OCAC) in 1996. OCAC began granting the BFA in 1994 and added an MFA in Craft by fall 2013. Facing severe financial difficulty, OCAC explored mergers in late 2018 / early 2019 with Pacific Northwest College of Art (PNCA) and then Portland State University; both fell through. The board voted to close, and OCAC held its final commencement on May 19, 2019, ending 112 years of operation. The renowned metalsmithing program — notably the only US program still requiring a functional hollowware teapot — closed along with the school. Christine Clark, who led the Metals department, had relinquished the chair role by 2018–2019 and continued teaching part-time through the closure.",no,high,https://en.wikipedia.org/wiki/Oregon_College_of_Art_and_Craft | https://www.opb.org/radio/programs/state-of-wonder/article/oregon-college-art-craft-closes-remembering/ | https://www.highereddive.com/news/oregon-college-of-art-and-craft-to-close-as-small-art-schools-struggle-to-s/548092/ | https://artjewelryforum.org/interviews/christine-clark/ | https://archiveswest.orbiscascade.org/ark:80444/xv785993,,2026-05-29,verified=verify-failed; chair=None (institution closed). Christine Clark was Professor & Head of the Metals department; she stepped down as chair before the 2018–2019 year and taught part-time until closure.
255,program,crafts/metalsdirectorypage/s142.html,Palomar College,program still exists / chair,"Continuation. The metals/jewelry program at Palomar College has continued uninterrupted since the archived (~2014) record. The archived faculty member, Anthony Lugo (listed ""1974 to present""), is still the jewelry/metalsmithing instructor as of 2026 (appears in current Rate My Professors listing and the Spring 2026 class schedule). The program is now organized under the Art Department's ""Three-Dimensional Arts: Jewelry and Metalsmithing"" AA-degree emphasis. The main organizational change is structural/branding (folded into the Three-Dimensional Arts cluster with a standardized AA degree map), not a closure, merger, or rename of the discipline. Department chair is Mark Hudelson.",yes,high,https://www.palomar.edu/art/degrees/ | https://www.palomar.edu/art/explore-programs/ | https://www.coursicle.com/palomar/courses/ART/150/ | https://www.ratemyprofessors.com/professor/382688 | https://www3.palomar.edu/instruction-files/xml/SP/PALINSCHPRT.pdf | https://palomar.programmapper.ws/academics/interest-clusters/e5374361-6869-4373-90b5-cdcbb1a8f9ec/programs/4d5e743b-a2c9-c650-12b8-6648044d2302,,2026-05-29,"verified=not-needed; chair=Mark Hudelson (Art Department Chair, mhudelson@palomar.edu). Anthony Lugo remains the jewelry/metalsmithing instructor; no separate ""program head"" beyond the Art Department chair."
256,program,crafts/metalsdirectorypage/s143.html,Parsons School of Design,program still exists / chair,"The dedicated metals/jewelry degree program at Parsons did not survive to the present. Mary Ann Scherr chaired the Crafts Department (renamed Department of Clay, Metal, Glass and Textiles c.1980) from roughly 1979/1980 to 1989; William Harper was a 1979 visiting professor and Pamela Lins taught 1986–1991, consistent with the program being active into the early 1990s. By the time of the archived directory record (~2014) and as of 2026, Parsons' program finder lists no jewelry/metals/metalsmithing degree. The discipline persists only as shop facilities (Making Center E4 / Non-Ferrous-Jewelry shops), an elective studio course, and non-credit continuing-education classes. No specific closure date for the degree department was located; the transition appears to have happened sometime after the early 1990s, well before the directory went offline.",merged-renamed,medium,https://www.newschool.edu/parsons/program-finder/ | https://en.wikipedia.org/wiki/Mary_Ann_Scherr | https://sce.parsons.edu/blog/mary-ann-scherrs-legacy-in-metal-exhibition/ | https://makingcenter.parsons.edu/labs/e4-shops/ | https://courses.newschool.edu/courses/PSOF2040 | https://cpe.newschool.edu/adult-intensives-and-summer-programs/parsons-jewelry-design/,,2026-05-29,verified=verify-failed; chair=
257,program,crafts/metalsdirectorypage/s144.html,Pasadena City College,program still exists / chair,"Continuation. The metals/jewelry program has remained active and is currently offered. Course schedule data shows active sections through the 2024-2025 academic year (term codes 202470, 202530, 202570). No evidence of closure, merger, or renaming since ~2014; the program continues to award both an A.S. degree and a Certificate of Achievement.",yes,high,https://curriculum.pasadena.edu/academic-programs/design-studies/jewelrymetalworking-as-cert-achievement/ | https://pasadena.edu/academics/degrees-and-certificates/certificates-of-achievement/jewelry-metalworking.php | https://curriculum.pasadena.edu/academic-programs/design-studies/ | https://ssb-prod.ec.pasadena.edu/PROD/pw_psearch_sched.p_course_popup?vsub=ART&vcrse=036B&vterm=202530&vcrn=30109 | https://ssb-prod.ec.pasadena.edu/PROD/pw_psearch_sched.p_course_popup?vsub=ART&vcrse=135&vterm=202570&vcrn=70216 | https://www.ratemyprofessors.com/professor/2216020,,2026-05-29,verified=not-needed; chair=Not officially confirmed. April Kawaoka appears as a jewelry/metalworking instructor (per RateMyProfessors and course listings); no formal program head/chair named on the catalog page.
258,program,crafts/metalsdirectorypage/s146.html,Pennsylvania State University,program still exists / chair,"The degree-granting Metal Arts area in the School of Visual Arts at University Park was effectively discontinued. Leslie Leupp, who headed Metals Arts from 1988, retired in 2006 (he died Feb 2011). The program was not continued/replaced as a concentration; by the archived-directory era (~2014) and today, the SoVA BFA/MFA no longer list metals or jewelry as an area of study. Hands-on metalsmithing/jewelry instruction at Penn State today is limited to non-credit continuing-education/community courses at branch campuses.",no,high,https://bulletins.psu.edu/graduate/programs/majors/art/ | https://arts.psu.edu/degrees/art-bfa | https://arts.psu.edu/academics/school-of-visual-arts/ | https://lancasteronline.com/obituaries/leslie-leupp/article_d762f76e-ebcb-558d-bb8c-50fb3b016218.html | https://continuinged.psu.edu/explore-programs/beginning-jewelry-making-and-metalsmithing/,,2026-05-29,verified=verify-failed; chair=
259,program,crafts/metalsdirectorypage/s147.html,Pittsburg State University,program still exists / chair,"Continuation with a leadership/curriculum change. Marjorie Schick — the long-serving jewelry/metalsmithing professor named in the archived record (""1967 to present"") — taught at Pittsburg State for 50 years and died December 17, 2017 (complications of a stroke), ending her tenure. The metals/jewelry program was not closed; it continues as a jewelry/crafts studio area within the Art department's BFA. Since the archive went offline, the BFA emphasis structure was reorganized (an earlier 2D/3D/Illustration/Art-Education split is now consolidated into Studio Practice and Art Education emphases). The department is currently chaired by James Oliver, Jr., and the metalsmithing studio in Porter Hall remains equipped and in use.",yes,high,https://www.pittstate.edu/art/ | https://www.pittstate.edu/art/studios-and-facilities.html | https://www.pittstate.edu/art/faculty-and-staff/index.html | https://www.pittstate.edu/academics/academic-programs/art/art-3d-degree-emphasis.html | https://pittstate.edu/news/2017/12/schick-remembered-for-her-innovative-and-enduring-art-style.html | https://en.wikipedia.org/wiki/Marjorie_Schick,,2026-05-29,"verified=not-needed; chair=James Oliver, Jr. (Professor/Chair, Department of Art). Janet Lewis — a former metalworking student of Marjorie Schick — is currently on the art faculty (Associate Instructional Professor)."
260,program,crafts/metalsdirectorypage/s148.html,Portland School of Art,program still exists / chair,"The institution (not the program) was renamed, not closed. ""Portland School of Art"" (Portland, Maine; founded 1882 as Portland Society of Art, became Portland School of Art in 1972) was renamed Maine College of Art (MECA) in 1992, then Maine College of Art & Design (MECA&D) in 2021. The archived directory used the old ""Portland School of Art"" name, which had already been retired in 1992. The Metalsmithing & Jewelry program continued uninterrupted through both renames and remains an active BFA major. Sharon Portelance — herself a 1982 Portland School of Art alumna — has taught since 1999 and is current program chair (also served as Acting Dean / VP of Academic Affairs).",merged-renamed,high,https://en.wikipedia.org/wiki/Maine_College_of_Art_&_Design | https://meca.edu/about/about-history-and-timeline/ | https://meca.edu/academics/metalsmithing-jewelry/ | https://meca.edu/spotlight/faculty/sharon-portelance-82/ | https://www.prnewswire.com/news-releases/maine-college-of-art-unveils-new-name-creative-identity-and-the-envisioning-our-future-2027-strategic-plan-301361108.html,,2026-05-29,"verified=verify-failed; chair=Sharon Portelance ('82), Program Chair of Metalsmithing & Jewelry"
261,program,crafts/metalsdirectorypage/s149.html,Purdue University,program still exists / chair,"The metals program continued through the archival period and remains active, but the surrounding administrative structure was renamed/reorganized. Robin Kraft (in the archived record ""1994 to present"") taught Jewelry and Metalsmithing at Purdue from 1994 until her retirement in 2019; she passed away September 7, 2020 (age 65). After her retirement, Jessica Mohl (MFA, University of North Texas, 2007) became the Assistant Professor of Practice in Jewelry and Metalsmithing. The discipline was folded into the broader ""Craft and Material Studies"" (metals/ceramics/textiles/sculpture) concentration within Integrated Studio Arts. The former standalone ""Department of Visual and Performing Arts / Patti and Rusty Rueff School of Visual and Performing Arts"" was reorganized into the ""Patti and Rusty Rueff School of Design, Art, and Performance,"" with metals housed in its Department of Art and Design.",merged-renamed,high,https://www.cla.purdue.edu/academic/rueffschool/ad/finearts/jewelrymetal.html | https://snagmetalsmith.org/2020/09/in-remembrance-robin-kraft/ | https://www.cla.purdue.edu/academic/rueffschool/ad/isa/p_CraftMaterial_Overview.html | https://www.cla.purdue.edu/directory/profiles/jessica-mohl.html | https://www.cla.purdue.edu/academic/rueffschool/ad/index.html | https://catalog.purdue.edu/preview_course_nopop.php?catoid=13&coid=131691,,2026-05-29,"verified=verify-failed; chair=Jessica Mohl, Assistant Professor of Practice in Jewelry and Metalsmithing (current metals faculty lead; not a department head). The Rueff School / Art & Design leadership sits above her."
262,program,crafts/metalsdirectorypage/s150.html,Quincy College,program still exists / chair,"No evidence found that Quincy College (Quincy, MA) ever operated a dedicated metals/jewelry program. The current institution offers only a general Fine Arts: Visual Arts AA with no metals component, and its workforce/continuing-education catalog shows no jewelry courses. Because the archived directory record carried no start date and no faculty, it cannot be confirmed whether a specific metals/jewelry course or non-credit offering existed circa 2014 and was discontinued, or whether the listing was an error. A plausible source of confusion: a separate well-known jewelry school exists in Quincy, ILLINOIS — Gem City College (gemcitycollege.com), which offers associate/diploma programs in jewelry design, repair, silversmithing, casting, and stone setting. That is a different institution from Quincy College, MA, and may have been conflated in the SNAG/metals directory. As of May 2026, whatever the original listing referred to is not reflected in any active Quincy College (MA) metals/jewelry offering.",unknown,low,https://quincycollege.edu/program/fine-arts-visual-arts/ | https://quincycollege.edu/academic-catalog-academic-catalog/areas-of-study/ | https://quincycollege.edu/academic-catalog-academic-catalog/courses/ | https://en.wikipedia.org/wiki/Quincy_College | http://www.gemcitycollege.com/jewelry-diamond-setting-and-design/,,2026-05-29,verified=verify-failed; chair=Not findable. The Fine Arts: Visual Arts program page does not name a program head or chair.
263,program,crafts/metalsdirectorypage/s151.html,Revere Academy of Jewelry Arts,program still exists / chair,"The Revere Academy of Jewelry Arts, a private (non-degree) jewelry/metals trade school founded by master goldsmith Alan Revere in San Francisco in 1979, closed permanently on December 15, 2017 with the graduation of its 34th Jewelry Technician Intensive class. Revere announced in 2017 that he was retiring and seeking a buyer for the business; no buyer took over the school, and it ceased operation after nearly 40 years (having trained ~10,000+ students). It was not merged into or absorbed by another institution. Founder Alan Revere subsequently retired from running a school but remained active in jewelry education — he runs the online ""Let's Make Professional Jewelry"" community and was later enlisted by GIA (Gemological Institute of America) to help revamp its Graduate Jeweler program in Carlsbad, CA — but that GIA program is a separate institution, not a continuation of the Revere Academy.",no,high,https://www.alanrevere.com/revere-academy | https://nationaljeweler.com/articles/3895-revere-academy-to-close | https://www.jckonline.com/editorial-article/revere-academy-close/ | https://www.ajdc.org/alan-revere-selling-jewelry-school/ | https://nationaljeweler.com/articles/11532-gia-has-enlisted-alan-revere-to-revamp-the-graduate-jeweler-program,,2026-05-29,verified=verify-failed; chair=None. Founder/director Alan Revere retired upon the 2017 closure. No current head exists.
264,program,crafts/metalsdirectorypage/s152.html,Rhode Island College,program still exists / chair,"Continuation. The metals/jewelry offering remains active as a concentration within the Studio Art B.A./B.F.A. in the Department of Art (housed in ALEX AND ANI Hall). It was not closed, merged out, or renamed away — it is one of eight studio concentrations (Ceramics, Digital Media, Graphic Design, Metalsmithing & Jewelry, Painting, Photography, Printmaking, Sculpture). The archived faculty member Curtis K. LaFollette (""1972 to present"") is no longer the listed point of contact; current departmental leadership is Chair Dianne M. Reilly. LaFollette's specific departure/retirement/death date could not be confirmed from available sources.",yes,high,https://www.ric.edu/department-directory/department-art/department-art-undergraduate-programs/studio-art-ba/metalsmithing-and-jewelry | https://our.ric.edu/department-directory/department-art | https://www.ric.edu/department-directory/department-art/art-undergraduate-programs/studio-art-bfa | https://www.ric.edu/documents/rhode-map-art-bfa-metals-jewelry | https://www.coursicle.com/ric/courses/ART/221/ | https://www.ganoksin.com/article/curtis-lafollette-exhibition/,,2026-05-29,"verified=not-needed; chair=Dianne M. Reilly (Chair, Department of Art). No specific metals-area head identified by name."
265,program,crafts/metalsdirectorypage/s153.html,Rhode Island School of Design,program still exists / chair,"Continuation. RISD's Jewelry + Metalsmithing program is one of the oldest and most prominent metals/jewelry programs in the US and has continued uninterrupted well past the archived record. The archived faculty roster (Cirino, Prip, Van Duinwyk, Mueller, Quigley) reflects the program's earlier eras; Robin Quigley's tenure has since ended and leadership has passed to a current faculty cohort with Timothy Veske-McMahon listed as department head. The program remains fully accredited and continues to offer BFA, MFA, and Post-Bacc degrees, with active industry partnerships (Tiffany & Co., Platinum Guild International) as of 2025.",yes,high,https://www.risd.edu/academics/jewelry-metalsmithing | https://www.risd.edu/academics/jewelry-metalsmithing/graduate-programs | https://www.risd.edu/academics/jewelry-metalsmithing/bachelors-program | https://www.risd.edu/academics/jewelry-metalsmithing/contact | https://info.risd.edu/jewelry-metalsmithing/,,2026-05-29,"verified=not-needed; chair=Timothy Veske-McMahon (Department Head, per RISD info/contact listings; tveskem@risd.edu). Department administrator: Linda Muller (Senior Academic Department Administrator)."
266,program,crafts/metalsdirectorypage/s155.html,Roberts Wesleyan College,program still exists / chair,"Archived-record misattribution. The two listed faculty — Louis Mueller (joined RISD 1977 to teach Light Metals; headed RISD Jewelry + Metalsmithing 1977–2003) and Robin Quigley (taught at RISD from 1981, now Department Head Emerita of Jewelry + Metalsmithing) — are both unambiguously Rhode Island School of Design (RISD) faculty, not Roberts Wesleyan. The metals program described in this directory entry is RISD's, which continues to operate. Roberts Wesleyan never had a metals/jewelry program. Since ~2014 Roberts Wesleyan changed its name from College to University (2023) but its visual arts offerings remain general studio art, not metals.",no,high,https://www.roberts.edu/departments/department-of-visual-arts/ | https://www.roberts.edu/undergraduate/majors-and-programs/studio-2d3d-drawing-painting-ceramics-and-printmaking/ | https://www.risd.edu/academics/jewelry-metalsmithing/faculty | https://www.risd.edu/people/robin-quigley/ | https://collections.vam.ac.uk/item/O152433/ring-mueller-louis/,,2026-05-29,"verified=verify-failed; chair=Timothy Veske-McMahon (RISD Jewelry + Metalsmithing dept head) — note this is RISD, not Roberts Wesleyan"
267,program,crafts/metalsdirectorypage/s156.html,Rochester Institute of Technology,program still exists / chair,"Continuation. The metals/jewelry program — one of RIT's oldest craft programs, rooted in the School for American Crafts faculty lineage (Prip, Christensen, Paley, Griffin, etc.) — remains active through 2024-2025 with no closure, merger, or rename. It continues as both an MFA and a BFA option under the School for American Crafts in the College of Art and Design. Leadership: Elizabeth Kronfield serves as Director of the School for American Crafts and School of Art (active 2024-2025, including metals/iron arts work); Juan Carlos Caballero-Perez is the lead professor of Metals and Jewelry Design.",yes,high,https://www.rit.edu/study/metals-and-jewelry-design-mfa | https://www.rit.edu/artdesign/study/metals-and-jewelry-design-mfa | https://www.rit.edu/artdesign/school-american-crafts | https://www.rit.edu/study/studio-arts-bfa-metals-and-jewelry-design-option | https://www.rit.edu/directory/edkfaa-elizabeth-kronfield,,2026-05-29,"verified=not-needed; chair=Elizabeth Kronfield (Director, School for American Crafts / School of Art); Juan Carlos Caballero-Perez (Professor, lead faculty for Metals and Jewelry Design)"
268,program,crafts/metalsdirectorypage/s158.html,Rowan University,program still exists / chair,"Continuation with growth. The metals/jewelry program remains an active studio area within Rowan's Department of Art and has not been closed, merged away, or renamed out of existence. Since ~2014 it has continued under metalsmith faculty Jill Baker Gower (teaching since 2007) and Donna Mason Sweigart, who now also serves as Department Chair. The area has notably expanded its digital/CAD-CAM dimension — Sweigart's specialty is CAD/CAM/rapid prototyping (MFA from Tyler School of Art), and the program is formally framed as ""Metals, Jewelry, and Computer Aided Design,"" directly matching the CAD-CAM scope of the archived directory. Departmental web pages migrated hosts (ccca.rowan.edu → www.rowan.edu/arts) but content persists.",yes,high,https://www.rowan.edu/arts/art/programs/jewelry.html | https://ccca.rowan.edu/departments/art/programs/bfa.html | https://ccca.rowan.edu/departments/art/programs/ | https://ccca.rowan.edu/ccca-facultybios/donna-sweigart.html | https://donnamasonsweigart.com/bio/ | https://ccca.rowan.edu/departments/art/facultystaff/gower.html | https://catalog.rowan.edu/preview_course_nopop.php?catoid=9&coid=30596,,2026-05-29,"verified=not-needed; chair=Donna Mason Sweigart — Associate Professor of Art; Coordinator of Metals, Jewelry, and Computer Aided Design; and Chair of the Department of Art. (Jill Baker Gower is also a tenured metals/jewelry professor, teaching the area since 2007.)"
269,program,crafts/metalsdirectorypage/s159.html,San Antonio College,program still exists / chair,"San Antonio College (an Alamo Colleges community college, distinct from UTSA and the Southwest School of Art) continues to operate its Visual Arts program. Art Metals courses (ARTS 2341/2342) remain in the active 2025-2026 catalog, so metalwork instruction has continued through the period since ~2014 without closure. There is no evidence of a dedicated jewelry/metals ""program"" being established or shut down — metals has consistently been offered as transfer-level studio coursework under the Art/Visual Arts umbrella. Current departmental leadership: chair Dr. S. Seabrook Jones; visual arts coordinator Alfonso Cantu.",yes,high,https://www.alamo.edu/sac/academics/program-index/arts/art/ | https://mysaccatalog.alamo.edu/content.php?catoid=4&navoid=665 | https://mysaccatalog.alamo.edu/preview_course_nopop.php?catoid=91&coid=25590 | https://mysaccatalog.alamo.edu/content.php?catoid=289&navoid=23553,,2026-05-29,"verified=not-needed; chair=Dr. S. Seabrook Jones (Department Chair, Fine Arts; sjones290@alamo.edu). Visual Arts discipline coordinator: Alfonso Cantu (acantu20@alamo.edu)."
270,program,crafts/metalsdirectorypage/s16.html,California College of Arts and Crafts,program still exists / chair,"The institution was renamed: California College of Arts and Crafts (CCAC) became California College of the Arts (CCA) in 2003. The Jewelry/Metal Arts program (founded 1912; the program celebrated ""100 years"" c. 2012) continued strongly past 2014. Marilyn da Silva, who was the program/department head (since 1987) and is listed in the archived record as ""? to present,"" has since retired to Professor Emeritus status. Leadership moved to a co-chair / interdisciplinary-cluster structure (interim co-chairs Aaron Gach and Katherine Lam), with Curtis Arima now Dean of Fine Arts. The biggest change: on January 13, 2026, CCA announced it will wind down and close by the end of the 2026-2027 academic year under an agreement in which Vanderbilt University acquires the campus and will establish its own art/design programming for 2027-28. Students on track to graduate by end of 2026-27 finish at CCA; transfer/teach-out pathways are being arranged for others. So the metals program still operates now but is on a defined teach-out toward institutional closure.",merged-renamed,high,https://www.cca.edu/fine-arts/jewelry-metalarts/ | https://portal.cca.edu/learning/academic-programs/jewelry-metal-arts-bfa/faculty-staff/ | https://portal.cca.edu/learning/academic-programs/jewelry-metal-arts-bfa/ | https://snagmetalsmith.org/wp-content/uploads/2023/07/Reflection_100_Booklet_by_Jack_da_Silva.pdf | https://en.wikipedia.org/wiki/Marilyn_da_Silva | https://cca.edu/about/vanderbilt-agreement/ | https://www.highereddive.com/news/california-college-of-arts-closure-vanderbilt-deal-campus-expansion/809682/ | https://news.artnet.com/art-world/california-college-of-the-arts-closure-2737001,,2026-05-29,"verified=verify-failed; chair=Program leadership listed as interim co-chairs Aaron Gach and Katherine Lam (under the Interdisciplinary 3D Fine Arts cluster). Curtis Arima is Dean of Fine Arts and a professor in the program. Marilyn da Silva (the archived ""DaSilva"") is now Professor Emeritus."
271,program,crafts/metalsdirectorypage/s160.html,San Diego State University,program still exists / chair,"Continuation with leadership succession. The program was founded by Arline Fisch (faculty 1961-2000) and long led by Helen Shirk (1975-2010). Sondra Sherman succeeded Shirk as head of jewelry/metalwork in 2010 and continues to run it. Since ~2014 the program has remained active and respected with a working metalsmithing studio (4th floor of the art building). In 2024 Arline Fisch died (SDSU published an in memoriam). In 2026 the School of Art and Design named Matthew Hebert as director and announced a degree restructuring effective Fall 2026: the previous separate emphasis areas (including jewelry/metalwork) become integrated specialties within a single flexible BA in Studio Art; jewelry and metalwork explicitly continues as one of those specialties. No closure, merger-away, or rename of the metals discipline itself.",yes,high,https://art.sdsu.edu/programs/applied-design-emphasis/specialization-in-jewelry-and-metalsmithing/ | https://art.sdsu.edu/faculty-staff/sherman-sondra | https://psfa.sdsu.edu/news/2026/what-changes-in-sdsu-art-and-design-degrees-mean-for-students | https://psfa.sdsu.edu/news/2026/sdsu-names-matthew-hebert-director-of-the-school-of-art-and-design | https://art.sdsu.edu/graduate-program | https://psfa.sdsu.edu/news/2024/in-memoriam-arline-fisch | https://snagmetalsmith.org/2017/04/2017-laa-helen-shirk/,,2026-05-29,"verified=not-needed; chair=Sondra Sherman (Associate/Professor of Art, Head of the Jewelry & Metalwork Program since 2010). School of Art and Design director: Matthew Hebert (named 2026)."
272,program,crafts/metalsdirectorypage/s162.html,San Francisco State University,program still exists / chair,"The metal arts program was founded in 1965 by Imogene ""Tex"" Gieling, who established and led it until her retirement (~1990). The program persisted into the 2000s (ART 225/325/425/525 metal arts & jewelry courses appear in the 2003-04 bulletin). Since then it has been discontinued/absorbed: it survives neither as a named studio-art emphasis nor as any course in the current (2025-2026) catalog, and there is no metals faculty on the current roster. Broader School of Art restructuring is evident — the undergraduate BFA was replaced by a BA in Studio Art with consolidated areas, and the MA is currently suspended/under review. No single news item documenting a formal ""metals program closure"" was found; the conclusion is drawn from the absence of any metals area, course, or faculty in current offerings versus their presence in archived bulletins.",no,high,https://art.sfsu.edu/ | https://advisinghub.sfsu.edu/bachelor-arts-art-concentration-studio-art | https://art.sfsu.edu/people | https://bulletin.sfsu.edu/courses/art/art.pdf | https://bulletin.sfsu.edu/colleges/liberal-creative-arts/art/ | https://snagmetalsmith.org/2019/01/2004-laa-tex-gieling/ | https://sfmcd.org/tex-gieling-sixty-years/ | https://www.linkedin.com/in/dawn-nakanishi-0919433a/ | https://www.sfsu.edu/~bulletin/previous_bulletins/0304/SFSU_Course_Descriptions_2003-04.pdf,,2026-05-29,"verified=verify-failed; chair=Santhi Kavuri-Bauer (Director, School of Art — an art historian, not a metals specialist)"
273,program,crafts/metalsdirectorypage/s163.html,Sawtooth Center for Visual Art,program still exists / chair,"Continuation with a name change. The institution was historically the ""Sawtooth Center for Visual Art"" and now operates as the ""Sawtooth School for Visual Art"" (Winston-Salem, NC; founded 1945). The metals/jewelry program is fully active, having grown to ~300 students per quarter in the Glass + Metals department. There has been notable leadership continuity rather than a change: the archived faculty member Sara Sloan Stine (joined 1987) remains the program's director as of 2025-2026, with 30+ years as a silversmith. She also founded the school's Wood and Lapidary programs.",merged-renamed,high,https://sawtooth.org/studios/metals-lapidary/ | https://sawtooth.org/staff-detail/sara-sloan-stine/ | https://sawtooth.org/news-events/stories/story-001/ | https://sawtooth.org/ | https://www.ncpedia.org/sawtooth-center-visual-art,,2026-05-29,"verified=verify-failed; chair=Sara Sloan Stine, Director of Metals and Glass Programs (metals@sawtooth.org / sarastine@sawtooth.org)"
274,program,crafts/metalsdirectorypage/s167.html,School of the Museum of Fine Arts,program still exists / chair,"The independent School of the Museum of Fine Arts, Boston merged into Tufts University. The merger was announced December 2015 and completed June 30, 2016, creating ""SMFA at Tufts."" The metals/jewelry program continued through the merger and is still active as of 2026, now operating within Tufts' degree structure. This is a rename/merger, not a closure — the institution and its metals offering both survive under the new parent.",merged-renamed,high,https://smfa.tufts.edu/areas-of-study/metals | https://smfa.tufts.edu/student-experience/studio-resources/metals-studio | https://en.wikipedia.org/wiki/School_of_the_Museum_of_Fine_Arts_at_Tufts | https://smfa.tufts.edu/ | https://www.idp.com/universities-and-colleges/tufts-university/bachelor-of-sciencebachelor-of-fine-arts-metals/PRG-US-00360765/ | https://smfa.tufts.edu/directory/tanya-crane,,2026-05-29,"verified=verify-failed; chair=No single ""metals program head/chair"" is published — SMFA's BFA is non-departmental. Metals faculty include Kendall Reiss and Tanya Crane (both ""Professor of the Practice in Metals"") and Hannah Oatman. (No formal chair title confirmed.)"
275,program,crafts/metalsdirectorypage/s168.html,Seton Hill College (now Seton Hill University),program still exists / chair,"Continuation, not closure. The institution is now Seton Hill University (it became a university in 2002; ""Seton Hill College"" is the historical name). The metals offering persists as a concentration inside the Art & Design Department rather than as a standalone program. The archived ""Filkosky 1955–1999"" record refers to Sister Josefa Filkosky (born Patricia Filkosky), who taught three-dimensional art, metalsmithing, and sculpture on the Seton Hill art faculty from 1959 until her death from a brain tumor in 1999, serving as department chair from 1978; the archived ""1955"" start year and ""Joseph"" first name appear to be record errors. Since ~2014 the program has continued under the current Art & Design Department structure, now chaired by Pati Beachley.",yes,high,https://www.setonhill.edu/academics/degrees-programs/undergraduate-programs/art-fine-art-studio-bfa.html | https://www.setonhill.edu/academics/degrees-programs/undergraduate-programs/art-studio-art-ba.html | https://test-shualumni.setonhill.edu/alumni-archive-pages/scholarship/honor-a-mentor/josefa-filkosky.html | https://triblive.com/tribextra/whats-that-prominent-sculptures-at-seton-hill-pay-homage-to-late-artist-teacher/ | https://www.askart.com/artist/Josefa_Filkosky/10017581/Josefa_Filkosky.aspx,,2026-05-29,"verified=not-needed; chair=Pati Beachley, Professor of Art and Chair of the Art & Design Department (department-level chair; no separate ""metals program head"" listed)"
276,program,crafts/metalsdirectorypage/s169.html,Shorter College,program still exists / chair,"The institution listed as ""Shorter College"" (Rome, GA) was renamed Shorter University effective June 1, 2010, reflecting growth into graduate offerings. This rename predates and explains the directory's old ""Shorter College"" name. As of 2024-2026, the art program is small (minor only) and offers NO jewelry/metals/metalsmithing track — the current/recent catalog course list and program pages show six studio areas (Ceramics, Digital Art, Drawing, Graphic Design, Painting, Photography) with no metals/jewelry courses. The institution underwent significant turmoil after a 2011-2012 lifestyle-statement/faith-statement controversy that caused major faculty departures; whatever metals offering may have existed at the college level did not survive into the current curriculum. No evidence of a standalone, currently-active metals/jewelry program could be found.",no,medium,https://www.shorter.edu/art-minor/ | https://www.shorter.edu/school-of-arts/ | https://catalog.shorter.edu/content.php?catoid=3&navoid=130 | https://www.northwestgeorgianews.com/polk_standard_journal/news/shorter-college-to-become-university-expected-date-is-2010/article_d626adcf-7be7-5d67-8d81-0867aa0c883d.html | https://en.wikipedia.org/wiki/Shorter_University | https://www.metalcyberspace.com/schools.htm,,2026-05-29,verified=verify-failed; chair=No dedicated art chair found; School of Fine & Performing Arts led by Interim Dean Dr. Jerico Vasquez. Margie Monde listed as Assistant Professor of Art.
277,program,crafts/metalsdirectorypage/s170.html,Siena Heights University,program still exists / chair,"Continuation then institution-wide closure. John D. Wittersheim, the archived faculty member, taught metalsmithing and sculpture at Siena Heights from 1979 until his death from cancer on March 17, 2013 (age 59, ~34 years); the John Wittersheim Memorial Sculpture Park was established on campus. The metalsmithing medium CONTINUED after 2014 within the Studio Angelico art department (taught by Jamie Goode), so it did not close in the 2014-2019 window when the directory went offline. The decisive event is that on June 30, 2025, President Douglas Palmer and the Adrian Dominican Sisters announced Siena Heights University (founded 1919) will permanently close at the end of the 2025-2026 academic year for financial/enrollment reasons, with final commencement in May 2026. The metals/jewelry offering ends with the university.",no,high,https://www.sienaheights.edu/siena-heights-university-announces-closure/ | https://www.13abc.com/2025/06/30/siena-heights-university-close-following-2025-2026-academic-year/ | https://reflections.sienaheights.edu/2013/07/03/practical-professor/ | https://www.studioangelico.com/faculty | https://www.studioangelico.com/ | https://www.sienaheights.edu/arts-at-siena-heights-university/ | https://catalog.sienaheights.edu/preview_program.php?catoid=7&poid=1478&returnto=422,,2026-05-29,"verified=verify-failed; chair=No dedicated metals ""program head."" Metalsmithing was taught by Jamie Goode (jewelry fabrication, lost wax casting, raising, chasing). She succeeded the late John Wittersheim as the metals instructor."
278,program,crafts/metalsdirectorypage/s171.html,Skidmore College,program still exists / chair,"Continuation with a brief disruption. The metals/jewelry program has run continuously as a studio area within the Art Department. Archived faculty (Earl Pardon 1951-1989, Arline Fisch 1957-1961, Sharon Church 1973-1976, Susan Hamlet from 1981) are the program's mid-century lineage; Pardon was the long-time anchor. Two Skidmore-alumni Facebook posts (Skidmore Class of 1992 group) indicate the college briefly ""cut"" a jewelry/metalsmithing course and then ""reinstated"" it — a curricular/staffing scare rather than a program closure. As of the 2026-2027 catalog the program, courses, and dedicated faculty (Peterson, Pillari) remain active and the studio pages are live.",yes,high,https://www.skidmore.edu/academics/art/studios/metals/ | https://www.skidmore.edu/art/studios/metals/index.php | https://www.skidmore.edu/art/studios/metals/metalsmithing.php | https://www.skidmore.edu/art/courses-by-type/metals.php | https://catalog.skidmore.edu/departments-programs/art/ | https://www.skidmore.edu/art/faculty/index.php | https://www.facebook.com/groups/Skidmore1992/posts/10162786253001325/ | https://www.facebook.com/groups/Skidmore1992/posts/10162824982381325/,,2026-05-29,"verified=not-needed; chair=No dedicated metals program head; metals/jewelry is taught by Prof. David Peterson and Visiting Asst. Prof. Joe Pillari (Sculpture/metal casting: John Galt). The Art Department chair is Robert ParkeHarrison (photography). Note: the live catalog page rendered a slightly different chair/faculty set in one fetch (Sarah Sweeney listed as chair in one source) — chair identity has minor source-to-source variation, likely due to mixed-vintage cached pages."
279,program,crafts/metalsdirectorypage/s172.html,Slippery Rock University — Metalsmithing program (Art Department),program still exists / chair,"Continuation. The metals/jewelry offering survived as a named BFA Metalsmithing concentration within the Art Department and remains current as of 2026. Notably, the same person who teaches metalsmithing, Sean Macmillan, is also the Art Department chairperson, indicating the metals area is stable and central rather than at risk. No closure, merger, or rename of the metals area was found; the broader Art Department sits in the College of Liberal Arts.",yes,high,https://catalog.sru.edu/undergraduate/liberal-arts/art/art-bfa-concentration-metalsmithing/ | https://www.sru.edu/academics/majors-and-minors/art-bfa-concentration-in-metalsmithing | https://www.sru.edu/academics/colleges-and-departments/cla/departments/art/faculty | https://www.sru.edu/academics/colleges-and-departments/cla/departments/art | https://www.sru.edu/academics/colleges-and-departments/cla/departments/art/facilities,,2026-05-29,"verified=not-needed; chair=Sean Macmillan — Professor of Metalsmithing and Chairperson of the Art Department (MFA, Jewelry & Metalsmithing, University of Kansas, 2005; BFA, Edinboro University of PA, 2000). sean.macmillan@sru.edu / 724.738.4289"
280,program,crafts/metalsdirectorypage/s173.html,Southeastern Louisiana University,program still exists / chair,,no,medium,https://www.southeastern.edu/department-of-visual-art-design/degrees/,,2026-05-29,verified=verify-failed; chair=
281,program,crafts/metalsdirectorypage/s174.html,Southern Connecticut State University,program still exists / chair,"Continuation. The metals/jewelry program has continued uninterrupted since ~2014 and remains active. The old www2.southernct.edu studio-art URL from the archived directory era was superseded by the current www.southernct.edu site, but the program itself was not closed, merged, or renamed — it persists as the Jewelry/Metals concentration in Art and Design. A 2023 university news feature confirmed it as a small but full enrollment program led by chair Terrence Lavin, who has been integrating 3D-printing/contemporary fabrication alongside traditional metalsmithing.",yes,high,https://www.southernct.edu/program/art-and-design-bs-jewelry-metals | https://catalog.southernct.edu/undergraduate/programs-and-degrees/art-and-design-bs-concentration-jewelry-metals.html | https://news.southernct.edu/2023/07/11/creative-pursuits-jewelry-and-metals/ | https://www.southernct.edu/academics/art,,2026-05-29,"verified=not-needed; chair=Terrence Lavin, chair and professor of Art and Design (oversees the jewelry-metals specialization, per 2023 university news article)"
282,program,crafts/metalsdirectorypage/s175.html,Southern Illinois University Carbondale,program still exists / chair,"Continuation with leadership transition. The historic metals program (founded 1959; built by L. Brent Kington in blacksmithing and Richard Mawdsley in fine metals/small metals, both now Professors Emeriti) continues uninterrupted. Since ~2014, day-to-day faculty leadership passed to Rick Smith and Sun Kyoung Kim. The program remains within the School of Art and Design, which has been reorganized administratively (now under the College of Arts and Media); the school's interim director is Robert A. Lopez for 2025-2026. The archived faculty (Kington d. 2013, Mawdsley, Mary Lee Hu) reflect the program's historical lineage; the program is actively recruiting and exhibiting today.",yes,high,https://academics.siu.edu/design/art/program-tracks/metalsmithing.php | https://academics.siu.edu/design/art/masters/ | https://academics.siu.edu/design/art/ | https://news.siu.edu/2006/02/021406tc6032.php | https://catalog.siu.edu/programs/ad/faculty.php | https://soad.siu.edu/,,2026-05-29,verified=not-needed; chair=Metals/blacksmithing area led by Rick Smith (Professor) with Sun Kyoung Kim (Associate Professor). School of Art and Design Interim Director: Robert A. Lopez (2025-2026).
283,program,crafts/metalsdirectorypage/s177.html,Southwest School of Art and Craft,program still exists / chair,"The Southwest School of Art and Craft (renamed ""Southwest School of Art"" in 2010) operated as Texas' only independent art college. In Aug 2021 UTSA announced a merger/acquisition; the deal finalized in late 2021 and integration completed by July 2022. The campus became the UTSA Southwest Campus within UTSA's College of Liberal and Fine Arts. The BFA program moved to UTSA; community classes (including jewelry/metals) continued on-site under UTSA PACE Community Art. The standalone ""Southwest School of Art"" institution and its independent metals degree path no longer exist as such; the metals/jewelry instruction continues as UTSA community art classes.",merged-renamed,high,https://arts.utsa.edu/about/history/ | https://www.utsa.edu/today/2022/07/story/utsa-completes-integration-with-southwest-school-of-arts.html | https://sanantonioreport.org/utsa-southwest-school-of-art-merger-2/ | https://www.utsa.edu/president/2022/07/story/2022-07-26-SSA-update.html | https://www.utsa.edu/pace/community-art/adult/jewelry.html | https://www.utsa.edu/pace/community-art/adult.html | https://catalog.utsa.edu/undergraduate/liberalfinearts/art/,,2026-05-29,"verified=verify-failed; chair=Not published as a single named head/chair; classes run through UTSA PACE Community Art (Metals Department), contact communityart@utsa.edu."
284,program,crafts/metalsdirectorypage/s180.html,Southwest Missouri State University,program still exists / chair,"Continuation under a new institutional name. Southwest Missouri State University was renamed Missouri State University in 2005 (state legislation). The metals/jewelry curriculum survived the renaming and remains active as the Metals & Jewelry area within the 3D Studies track of the BFA. No closure or program merger of the metals offering was found; the only ""merge/rename"" event is the university-wide renaming. Department leadership currently shows Mitzi K. Kirkland-Ives as Interim Department Head (recent, post-2014 leadership change at the department level).",merged-renamed,high,https://art.missouristate.edu/Undergraduate/3d-studies-track.htm | https://art.missouristate.edu/ | https://art.missouristate.edu/people.htm | https://catalog.missouristate.edu/preview_entity.php?catoid=13&ent_oid=726 | https://art.missouristate.edu/Undergraduate/default.htm,,2026-05-29,"verified=verify-failed; chair=Mitzi K. Kirkland-Ives, PhD — Interim Department Head, Department of Art and Design (not the metals instructor; metals/jewelry-specific faculty member named on the dept faculty page but not captured by name here)"
285,program,crafts/metalsdirectorypage/s181.html,Southwest Texas State University,program still exists / chair,"Continuation with growth, not closure. Southwest Texas State University was renamed Texas State University–San Marcos in 2003 (now Texas State University), so the archived institution name is outdated but the program continues. Beverly Penn (archived as ""1990 to present"") built the metals program from ~900 to ~4,000 sq ft and remained the lead metals faculty member for decades; she retired and was named Distinguished Professor Emerita (~2024-2025), with a 30-year retrospective ""Foregrounding Paradise"" at Texas State Galleries. Leadership of the metals area has transitioned to Adam Atkinson (Area Head), supported by Nicole DesChamps-Benke and Laritza Garcia Janiga. The art unit is now the ""School of Art and Design."" Since ~2014 the program has continued as one of the more highly regarded undergraduate metals programs, with the main change being the 2024 BFA curriculum revision (no declared concentration) and the Penn retirement / leadership handoff.",merged-renamed,high,https://www.finearts.txst.edu/Art/academics/undergraduate/studio-art.html | https://www.finearts.txst.edu/Art/academics/undergraduate/studio-art/studio-curriculum.html | https://www.finearts.txst.edu/Art/faculty.html | https://mycatalog.txstate.edu/undergraduate/fine-arts-communication/art-design/ | https://faculty.txst.edu/profile/1921519 | https://universitystar.com/34334/life-and-arts/faculty-alumni-arrange-decades-of-metalsmithing/ | https://glasstire.com/2026/03/03/disturbance-loving-species-a-conversation-with-beverly-penn/,,2026-05-29,"verified=verify-failed; chair=Adam Atkinson — Assistant Professor, Area Head, Studio Arts: Metals (other metals faculty: Nicole DesChamps-Benke, Laritza Garcia Janiga). School-wide director not confirmed by name."
286,program,crafts/metalsdirectorypage/s182.html,Spokane Falls Community College,program still exists / chair,"A dedicated jewelry/metals/metalsmithing program is no longer present in SFCC's catalog, program directory, or Fine Arts studio listing (current studios: ceramics, drawing/painting, printmaking, sculpture). SFCC has a documented history of cutting vocational/craft courses deemed obsolete (e.g., printing, watch repair), and its Fine Arts building was slated for demolition around 2022. This is consistent with the metals/jewelry offering having been discontinued sometime after the directory went offline (~2014), though I could not locate a specific announcement, date, or named former faculty to confirm the exact timing or mechanism (course-by-course attrition vs. formal program closure). CAUTION: web searches repeatedly surface a 'Jewelry/Metal Arts' program at sfcc.edu — that is Santa Fe Community College, a different institution that shares the SFCC acronym, and does NOT belong to Spokane Falls (sfcc.spokane.edu, formerly spokanefalls.edu).",no,medium,https://sfcc.spokane.edu/What-to-Study/Programs | https://en.wikipedia.org/wiki/Spokane_Falls_Community_College | https://catalog.spokane.edu/CoursesAndPrograms/Default.aspx | https://www.historylink.org/File/21171,,2026-05-29,verified=verify-failed; chair=
287,program,crafts/metalsdirectorypage/s183.html,St. Norbert College,program still exists / chair,"The archived ""metals program"" entry appears to be a miscoding of a general art-department figure rather than a true metals/jewelry program. The listed faculty contact, Donald P. Taylor (archive: ""1984 to present""), was in fact St. Norbert's galleries director, art curator, and adjunct associate professor of art from 1984 — a sculptor and ceramist, not a metalsmith. He retired in 2011 (granted Director of Galleries and Curator Emeritus). Since ~2014 the St. Norbert art program has continued as a BA with Studio Art, Graphic Design, and Art Education concentrations; there is no evidence of a dedicated metals/jewelry program existing now or being closed/merged — most likely it never was a distinct metals program, and the directory entry reflects a small liberal-arts art department whose key contact (Taylor) departed in 2011.",no,medium,https://art.knight.domains/information-for-majors/ | https://art.knight.domains/ | https://www.snc.edu/art/ | https://blog.sl.edu/news/slc-names-art-gallery-for-green-bay-s-donald-p-taylor,,2026-05-29,"verified=verify-failed; chair=Not confirmed. Current art faculty named on the department site include Brandon Bauer, Bill Bohne, Daniel Dickhut, Abbey Gagne, John Gordon, Jim Neilson, Charles Peterson, Brian Pirman, Marilyn Stasiak, and Michael Wartgow; no chair could be verified from public pages."
288,program,crafts/metalsdirectorypage/s184.html,State University College at Buffalo,program still exists / chair,"Continuation under an institutional rename. ""State University College at Buffalo"" is the formal historic name for what is publicly known as Buffalo State College; it was rebranded as ""SUNY Buffalo State University"" (university designation granted ~2023). The metals/jewelry program continued through this period and remains an active, NASAD-accredited concentration. It was reorganized into the consolidated ""Art and Design"" degree structure (formerly a standalone Design Department / separate art degrees), with metals/jewelry now a concentration within the Art and Design B.F.A./B.A. rather than a freestanding major.",merged-renamed,high,https://artdesign.buffalostate.edu/metalsjewelry | https://ecatalog.buffalostate.edu/undergraduate/major-minor-programs/art-design-bfa/metals-jewelry-concentration/ | https://suny.buffalostate.edu/programs/bpid/585 | https://artdesign.buffalostate.edu/faculty-staff | https://suny.buffalostate.edu/programs/metalsjewelry,,2026-05-29,"verified=verify-failed; chair=Candace P. Masters, M.F.A. — Chair and Associate Professor of the Art & Design Department (department chair; no specific metals/jewelry program head publicly named on the current site)"
289,program,crafts/metalsdirectorypage/s186.html,State University of New York at Brockport,program still exists / chair,"The dedicated metals/jewelry program was built and led by Thomas R. Markusen, who established the metal studio and taught sculpture and metal/jewelry from 1968 to 1998 (the archive's 'to present' is outdated; he retired in 1998). Albert Paley taught there roughly 1972-1984. After Markusen's 1998 retirement the distinct metals/jewelry program was not continued as its own area; metalwork was absorbed into the Sculpture concentration. By the current catalogs (2021-2025) the art major lists only Ceramics, Drawing, Graphic Design, Painting, Photography, and Sculpture concentrations. No standalone metals/jewelry/CAD-CAM program exists today; active SUNY metals/jewelry instruction now lives at SUNY Buffalo State, not Brockport. Current Art Dept chair is Christian Carson.",merged-renamed,medium,https://www.brockport.edu/academics/art/ | https://www.brockport.edu/academics/art/major-minor/ | https://brockport.academicworks.com/donors/thomas-r-and-mary-p-markusen | https://www.brockport.edu/academics/art/facilities/ | https://www.brockport.edu/academics/art/sculpture/ | https://www.brockport.edu/academics/art/directory | https://westsidenewsny.com/features/2019-02-18/albert-paley-american-modernist-metal-sculptor/,,2026-05-29,"verified=verify-failed; chair=Christian Carson (Art Department chair, 2024-2025)"
290,program,crafts/metalsdirectorypage/s187.html,State University of New York at Geneseo,program still exists / chair,"The archived faculty member Patrice (E.) Case taught studio art, jewelry, and metalsmithing (notably niello). At the start of the 2013–2014 academic year, SUNY Geneseo discontinued the Studio Art department/major (alongside Computer Science and Speech Pathology). Student journalism in subsequent years (e.g., a 2019 piece ""Fulfilling the Absence of Art at SUNY Geneseo"") lamented the absence of a studio art program and called for its restoration; it was not restored. Patrice E. Case is now listed among SUNY Geneseo's emeritus faculty (retired). Only the Department of Art History (academic study, not studio practice) continues, currently chaired by Alla Myzelev. So the metals/jewelry program effectively closed circa 2013–2014 with the elimination of studio art and has not been revived.",no,high,https://morrison.sunygeneseoenglish.org/2019/04/27/fulfilling-the-absence-of-art-at-suny-geneseo/ | https://thelamronarchive.squarespace.com/posts/2013/02/07/spotlight-on | https://www.geneseo.edu/president/emeritus | https://www.geneseo.edu/art_history/faculty-staff/ | https://www.geneseo.edu/academic-program-finder/,,2026-05-29,verified=verify-failed; chair=Art History department — Alla Myzelev (Professor and Chair). There is no metals/jewelry program head; the area no longer exists.
291,program,crafts/metalsdirectorypage/s188.html,State University of New York at New Paltz,program still exists / chair,"Continuation with leadership continuity. Myra Mimlitsch-Gray (faculty since 1993, listed in the archived record) remains program director through 2026. Jamie Bennett (archived as ""1985 to present"") has since retired and is now Professor Emeritus. Lynn Batchelder joined as ongoing faculty. Mimlitsch-Gray received the 2018 SUNY Chancellor's Award for Excellence in Scholarship and Creative Activities and delivered a Yale Art Gallery symposium lecture in 2022. No closure, merger, or rename; the program remains a nationally renowned center for metals/jewelry.",yes,high,https://www.newpaltz.edu/fpa/art/metal/ | https://www.newpaltz.edu/fpa/art/metal/about/overview/ | https://www.newpaltz.edu/fpa/art/metal/showcase/faculty/ | https://www.newpaltz.edu/fpa/mfa/areas-of-study/metal/ | https://catalog.newpaltz.edu/graduate/fine-performing-arts/art/mfa-art/ | https://artjewelryforum.org/schools/state-university-of-new-york-at-new-paltz/ | https://sites.newpaltz.edu/news/2022/11/myra-mimlitsch-gray-yale-art-gallery-symposium/,,2026-05-29,"verified=not-needed; chair=Prof. Myra Mimlitsch-Gray (Metal Program Director). Other faculty: Associate Prof. Lynn Batchelder, Instructional Support Technician Adam Mastropaolo, Visiting Faculty Amelia Toelke; Jamie Bennett is Professor Emeritus."
292,program,crafts/metalsdirectorypage/s19.html,California State University - Fullerton,program still exists / chair,"Continuation. The program has remained active since ~2014 with no closure, merger, or rename. It continues to offer undergraduate (BFA Jewelry and Metals) and graduate (MA/MFA Crafts incl. Jewelry/Metalsmithing) degrees through the Department of Visual Arts. Christina Smith remains the longtime metals faculty/area coordinator; department chair is now Michelle Murillo. Current catalog listings (2024-2025/2025-2026) and active MFA application deadline of Feb 1, 2026 confirm ongoing operation.",yes,high,https://catalog.fullerton.edu/preview_program.php?catoid=61&poid=28520 | https://catalog.fullerton.edu/preview_program.php?catoid=80&poid=38040 | https://catalog.fullerton.edu/preview_program.php?catoid=61&poid=28536 | https://www.fullerton.edu/arts/art/students/areas_of_study/ma-mfa-in-art.php | https://www.fullerton.edu/arts/art/about_us/faculty_staff/ | https://www.craftinamerica.org/artist/christina-smith/,,2026-05-29,"verified=not-needed; chair=Department of Visual Arts chair: Michelle Murillo. Jewelry/Metals area program coordinator: Christina Y. Smith (Professor of Art, silversmith; MA San Diego State)."
293,program,crafts/metalsdirectorypage/s190.html,"Studio Jewelers, Ltd.",program still exists / chair,"Continuation, unchanged leadership. The school has operated continuously since 1979 and remains active in 2026 at 32 E 31st St, Floor 3, New York, NY 10016 (midtown Manhattan). Tuition schedule was updated effective September 1, 2024, confirming ongoing operation. Founder Robert Streppone is still Founder and Director — the same person listed in the archived record as faculty since 1979 (""to present""). No closure, merger, or rename has occurred. It remains licensed by the NYS Education Dept., accredited by ACCSC, and approved by the US Dept. of Education. Current faculty also includes Hiroko M. Streppone, Michiyo Fujiwara, and Boris Goynatsky.",yes,high,https://studiojewelersltd.com/ | https://studiojewelersltd.com/faculty/ | https://studiojewelersltd.com/courses/ | https://www.jewelers.org/jewelry-careers/jewelry-schools-directory/studio-jewelers-ltd | https://www.yelp.com/biz/studio-jewelers-new-york,,2026-05-29,verified=not-needed; chair=Robert Streppone (Founder and Director)
294,program,crafts/metalsdirectorypage/s194.html,Syracuse University,program still exists / chair,"Continuation with structural change. The historic Syracuse metals program (Pulos/Jerry/Marshall lineage) persisted as a degree offering for decades. In 2024 Syracuse University announced elimination of 93 academic ""offerings,"" and the standalone Bachelor's degree program in Jewelry and Metalsmithing was among those cut (the 93 programs collectively enrolled only ~258 students, ~1.2% of enrollment). However, the university stated no positions or departments were eliminated and that courses and minors would continue. Jewelry/metalsmithing thus continues today as an intensive within the Studio Arts B.F.A., as a standalone minor, and as a track within the Studio Arts M.F.A. — i.e., the standalone-major was folded into the broader Studio Arts degree rather than the area being closed.",merged-renamed,high,https://vpa.syracuse.edu/academics/art/programs/studio-arts-bfa/ | https://wrrv.com/syracuse-cuts-93-academic-programs/ | https://coursecatalog.syracuse.edu/undergraduate/visual-performing-arts/art/jewelry-metalsmithing-minor/ | https://coursecatalog.syracuse.edu/graduate/visual-performing-arts/art/studio-arts-mfa/ | https://vpa.syracuse.edu/academics/art/undergraduate/studio-arts-bfa/about-jewelry-metalsmithing,,2026-05-29,"verified=verify-failed; chair=Program coordinator reported as Robert Wysocki (rjwysock@syr.edu); Chris Wildrick listed as Studio Arts ""Area Lead."" Specific jewelry/metals coordinator not definitively confirmed on the official program page."
295,program,crafts/metalsdirectorypage/s195.html,"Tarrant County Junior College / N.E. (Tarrant County College, Northeast Campus) — Art Metals / Jewelry",program still exists / chair,"The institution was renamed from ""Tarrant County Junior College"" to ""Tarrant County College"" (TCC) in 1999, predating the directory record. The archived faculty member, Karmien Bowman, is still teaching at TCC (active TCC email + calendar page; profiled in 2017 and 2021 local press as a long-serving TCC art professor). Metals/jewelry was never a degree program of its own at TCC; it has continued as studio coursework within the Art curriculum and remains listed as an offered art form. No closure found — continuation as studio art with the same long-tenured instructor and a leadership/organization shift only at the institutional naming level. The ""N.E."" in the record refers to the Northeast Campus (Hurst).",merged-renamed,medium,https://www.tccd.edu/academics/courses-and-programs/courses/art/ | https://calendar.tccd.edu/karmienbowman_817 | https://www.tccd.edu/academics/courses-and-programs/programs-a-z/credit/visual-arts/ | https://www.crosstimbersgazette.com/2017/09/28/sweety-bowman-art-is-her-life/ | https://voyagedallas.com/interview/meet-karmien-bowman-yarmouth-studio-dfw-area-flower-mound/ | https://www.tccd.edu/,,2026-05-29,"verified=verify-failed; chair=Not a separate program with its own head. Karmien (""Sweety"") Bowman remains an Associate Professor of Art at TCC teaching Art Metals (along with Ceramics, Sculpture, Art Appreciation); her TCC email (karmien.bowman@tccd.edu) and TCC calendar page are still active as of 2026. No identifiable jewelry/metals program chair."
296,program,crafts/metalsdirectorypage/s196.html,Texas Tech University,program still exists / chair,"Continuation and growth since ~2014. The program remained active and expanded: it built out CAD/CAM and rapid-prototyping capability, received a major 2023/2024 gift from James Avery Artisan Jewelry (30,000+ precious stones/gems), hosted the 2023 Texas Metals Symposium, and posted ongoing student/alumni achievements (2023-2025). Texas Tech also recently advertised an Assistant Professor of Jewelry Design and Metalsmithing position, indicating continued investment and faculty expansion. Robly Glover continues as program head.",yes,high,https://www.depts.ttu.edu/art/programs/undergraduate/studio-art-bfa/jewelry-design-metalsmithing/index.php | https://www.depts.ttu.edu/art/programs/graduate/studio-arts-mfa/jewelry-design-metalsmithing/index.php | https://www.depts.ttu.edu/art/about/our-people/faculty/glover-robly.php | https://www.ttu.edu/now/posts/2024/02/james-avery-gift-gives-texas-tech-competitive-edge.php | https://www.ttu.edu/now/posts/2025/01/texas-tech-alumna-etches-her-name-into-jewelry-industry.php | https://www.higheredjobs.com/faculty/details.cfm?JobCode=179324758 | https://www.ganoksin.com/article/leslie-leupp-exploring-possibilities/,,2026-05-29,"verified=not-needed; chair=Robly A. Glover (Professor; heads the Jewelry Design & Metalsmithing program, 20+ years). Nancy Slagle is also a longtime faculty member in the area."
297,program,crafts/metalsdirectorypage/s197.html,"Texas Woman's University (archived as ""Texas Women's University"")",program still exists / chair,"No verifiable evidence that TWU ever operated a dedicated metals/jewelry program. The institution is correctly ""Texas Woman's University"" (Denton, TX); the archived ""Texas Women's University"" is a misspelling. As of 2026 the Visual Arts division's studio areas do not include metals/jewelry. The archived faculty line ""Alfred E. Green 1969 to present"" is not corroborated by any source and matches the name of a well-known American film director (1889–1960), strongly suggesting the directory record for this entry is stale or partly fabricated. Since ~2014 the program of record (a metals program) cannot be confirmed to have existed; current TWU studio-art offerings center on 3D Studies, painting, photography, printmaking, and graphic design.",no,medium,https://twu.edu/visual-arts/ | https://catalog.twu.edu/undergraduate/arts-sciences/arts/visual-arts/ | https://catalog.twu.edu/graduate/arts-sciences/arts/ | https://twu.edu/arts/ | https://cvad.unt.edu/studioart/metalsmithingjewelry,,2026-05-29,verified=verify-failed; chair=Colby Parsons listed as professor leading the Division of Visual Arts (Arts Building Rm 107A) on the current TWU catalog page; no dedicated metals program head exists. General contact: visualarts@twu.edu / 940-898-2530.
298,program,crafts/metalsdirectorypage/s198.html,The Florida State University,program still exists / chair,"The archived record's dates are unreliable. The metals/jewelry/enameling program at FSU was anchored by William Harper, who taught there 1973–1992 (named Distinguished Professor at the end of his tenure), not ""1974 to present"" as the archive states. Lisa Norton appears as short-term (1988–1989) faculty. After Harper's 1992 departure the dedicated metals/jewelry area did not persist as a named studio concentration. The current Department of Art's published focus areas (verified May 2026) contain no metals/jewelry program — only ceramics, drawing, painting, photography, printmaking, sculpture, and digital/electronic media. Best read: the program effectively closed/lapsed after the Harper era and was not continued or renamed as a metals area; FSU never developed a CAD-CAM jewelry track. Some metalworking capability survives only as a shared metal shop within sculpture/studio art, not as a degree program.",no,medium,https://registrar.fsu.edu/bulletin/undergraduate-departments/art | https://art.fsu.edu/focus-areas/ | https://art.fsu.edu/graduate/ | https://en.wikipedia.org/wiki/William_Claude_Harper | https://www.enamelarts.org/william-harper/ | https://cfa.fsu.edu/programs/mfa-studio-art/,,2026-05-29,"verified=verify-failed; chair=Jeff Beekman (Chair, Department of Art) — per web search of FSU Art department; not directly confirmed on a fetched FSU page in this session."
299,program,crafts/metalsdirectorypage/s199.html,The School of the Art Institute of Chicago,program still exists / chair,"The archived faculty member Lisa Norton was at SAIC as ""Professor in Designed Objects, Metalsmithing and Sculpture"" and later Director of Designed Objects — she was the bridge figure as the program's metalsmithing identity evolved into Designed Objects under the AIADO umbrella. Since ~2014, the program continued under the Designed Objects name (not a closure). Leadership changed: Norton departed SAIC (now at Parsons / The New School, School of Design Strategies), and Designed Objects is now chaired by Jim TerMeer under AIADO director Jonathan Solomon. The dedicated metalsmithing/jewelry studio offering as a degree no longer exists; it persists only as continuing-education coursework.",merged-renamed,medium,https://www.saic.edu/aiado | https://www.saic.edu/aiado/graduate/master-design-designed-objects | https://www.saic.edu/aiado/people-partnerships/faculty | https://www.saic.edu/news/aiados-lisa-norton-talks-core77-about-design-education | https://www.newschool.edu/parsons/faculty/lisa-norton/ | https://www.saic.edu/news/chicago-architect-magazine-interviews-aiado-director | https://continuingstudies.saic.edu/all-courses,,2026-05-29,"verified=verify-failed; chair=Jim TerMeer (Chair of Designed Objects, AIADO Graduate Coordinator); Jonathan Solomon is AIADO department director. Anne Sullivan chairs Architecture/Interior Architecture within AIADO."
300,program,crafts/metalsdirectorypage/s2.html,Academy of Art College,program still exists / chair,"The institution itself was renamed: ""Academy of Art College"" became ""Academy of Art University"" in 2004 (a rebrand of the same San Francisco institution, founded 1929). The metals/jewelry program was NOT closed — it continued and remains a dedicated, full standalone ""School of Jewelry & Metal Arts."" Since ~2014 it has continued operating with AA/BFA/MA/MFA offerings and expanded into digital fabrication (CAD/CAM, 3D printing, laser, CNC). Charlene Modena directs the school. The archived directory entry's reference to ""Academy of Art College"" reflects only the pre-2004 institutional name; the program is alive and active under the renamed university.",merged-renamed,high,https://www.academyart.edu/academics/jewelry-metal-arts/ | https://www.academyart.edu/degree/jewelry-metal-arts/ | https://www.academyart.edu/academics/jewelry-metal-arts/faculty/ | https://artjewelryforum.org/schools/academy-of-art-university/ | https://catalog.academyart.edu/departments/jewelry--metal-arts,,2026-05-29,"verified=verify-failed; chair=Charlene Modena, Director, School of Jewelry & Metal Arts (MA Metal Arts, SF State; MFA Sculpture, Academy of Art University)"
301,program,crafts/metalsdirectorypage/s20.html,California State University at Long Beach,program still exists / chair,"Continuation. The program remains a fully active studio area within the CSULB School of Art and continues to graduate metalsmithing/jewelry students. Leadership has turned over from the archived-era faculty (Alvin Pine, Dieter Muller-Stach) to current Program Head Susanna Ali. The program restructured into the BFA ""3D Media"" option (Fiber/Metal/Wood) while retaining a distinct Metal track and dedicated facilities (24-workstation main studio, outdoor blacksmithing facility, separate graduate studio). A 2025 student-news article confirms ongoing senior metal-arts exhibitions.",yes,high,https://www.csulb.edu/school-of-art/metals-jewelry | https://www.csulb.edu/school-of-art/page/susanna-ali | https://www.csulb.edu/school-of-art/bfa-art-option-3d-media-fiber-metal-or-wood | https://www.csulb.edu/school-of-art/mfa-art-concentration-studio-art | https://lbcurrent.com/artslife/features/2025/04/14/metal-arts-students-steel-the-show-in-senior-fine-arts-solo-exhibitions/,,2026-05-29,"verified=not-needed; chair=Susanna Ali (Program Head, Metals & Jewelry)"
302,program,crafts/metalsdirectorypage/s200.html,The University of Akron,program still exists / chair,"The program is a continuation, not closed/merged/renamed. The archived directory's faculty (Mary Ann Scherr 1969-1972; Robin Kraft 1992-1994) are historical; the program continued past 2014 and remains active in 2025-2026. Sherry Simms has coordinated the metals/jewelry area since 2001 and is the current program head. The Myers School of Art has continued to be recognized as a top art & design program. No closure or rename detected.",yes,high,https://bulletin.uakron.edu/undergraduate/colleges-programs/arts-sciences/art/jewelry-metalsmithing-bfa/ | https://www.uakron.edu/art/academics/metalsmithing.dot | https://www.uakron.edu/art/academics/ | https://www.uakron.edu/art/our-people/faculty/ | https://www.uakron.edu/art/,,2026-05-29,"verified=not-needed; chair=Sherry Simms, Associate Professor of Art and Coordinator of the Metalsmithing & Jewelry program (since 2001). (No named overall School director found in fetched pages.)"
303,program,crafts/metalsdirectorypage/s201.html,The University of Mary Hardin-Baylor,program still exists / chair,"Continuation. Around the archive era (2012-2013 catalog) UMHB offered ""Art Metals I (Jewelry/Metalworking)"" (ARTS 3345) and ""Art Metals II"" (ARTS 4345) as a metals/jewelry concentration within studio art. Those same courses persist in the 2025-2026 catalog with essentially the same descriptions, so the metals/jewelry offering has continued uninterrupted as a studio area rather than a freestanding program. It was never a separate department or a CAD-CAM program — it is a small-scale fabrication/casting jewelry-and-metalworking studio track. Currently delivered by adjunct instructor Hershall Seals; department chaired by Stephanie Chambers.",yes,high,https://www.umhb.edu/visual-performing-arts/art/home | https://www.umhb.edu/visual-performing-arts/art/faculty-staff-listing | https://umhb.smartcatalogiq.com/en/2025-2026/undergraduate-catalog/undergraduate-course-descriptions/arts-art/3000/arts-3345 | https://umhb.smartcatalogiq.com/en/2024-2025/undergraduate-catalog/college-of-visual-and-performing-arts/art/art-bfa-with-a-major-in-studio-art | https://university-mhb.files.svdcdn.com/production/files/2012-2013-Undergraduate-Catalog.pdf?dm=1616783479,,2026-05-29,"verified=not-needed; chair=Stephanie Chambers (Department Chair, Art Department; Painting & Drawing). Art Metals courses currently taught by adjunct Hershall Seals."
304,program,crafts/metalsdirectorypage/s203.html,The University of Michigan,program still exists / chair,"The archived faculty — Hiroko Sato-Pijanowski (1986–) and Eugene ""Gene"" Pijanowski (1991–), who actually began teaching at Michigan in 1978 and pioneered mokume-gane in the US — have since retired; Hiroko Sato-Pijanowski is now Professor Emerita and the couple were inducted into the American Craft Council's College of Fellows. The host school, formerly the U-M School of Art & Design, was renamed the Penny W. Stamps School of Art & Design (2012, after a major gift). Metalsmithing/jewelry was not closed; it continues as a studio/concentration area within the Stamps BFA/BA structure rather than as the named program it was in the dedicated-metals-faculty era. No standalone metals ""program head"" exists today; leadership is at the school level (Dean Carlos F. Jackson).",merged-renamed,high,https://stamps.umich.edu/ | https://stamps.umich.edu/life-at-stamps/studios | https://stamps.umich.edu/stamps-programs | https://stamps.umich.edu/undergraduate-programs/bfa | https://stamps.umich.edu/courses/8134 | https://stamps.umich.edu/people/mike-vitale | https://news.umich.edu/art-and-design-duo-recognized-by-american-craft-council/ | https://en.wikipedia.org/wiki/Hiroko_Sato-Pijanowski | https://en.wikipedia.org/wiki/Stamps_School_of_Art_and_Design | https://nasad.arts-accredit.org/institution/university-of-michigan/,,2026-05-29,"verified=verify-failed; chair=No named jewelry/metals program head (it is a studio area, not a department). School dean: Carlos F. Jackson (per NASAD directory). Mike Vitale is 3D Studios Supervisor / coordinator of the metalsmithing-jewelry studio space."
305,program,crafts/metalsdirectorypage/s205.html,The University of Texas at Austin,program still exists / chair,"The dedicated metals/jewelry program that existed in the archived record (taught notably by Thelma Coles, with an MFA-in-Metals graduate documented as recently as 2014) is no longer offered as a distinct studio concentration. Sometime around/after the mid-2010s it was discontinued as a named area and the broader Studio Art program consolidated into five concentrations (Painting & Drawing, Photography & Media, Print, Sculpture & Extended Media, Transmedia). Metalworking capability persists only as shop equipment/casting within Sculpture & Extended Media. No press release announcing a formal closure date was located.",merged-renamed,medium,https://art.utexas.edu/academics/programs-centers/studio-art/areas | https://art.utexas.edu/academics/programs-centers/studio-art | https://art.utexas.edu/academics/graduate/studio-art | https://jewelclark.com/about/ | https://art.utexas.edu/,,2026-05-29,"verified=verify-failed; chair=Not separately identifiable — there is no metals/jewelry area head, since the discipline no longer exists as a distinct concentration. The Department of Art and Art History is the parent unit."
306,program,crafts/metalsdirectorypage/s206.html,The University of Texas at El Paso,program still exists / chair,Continuation with a leadership change. Rachelle Thiewes taught metals at UTEP from 1976 until her retirement in 2014 and is now Professor Emerita (Metals + Jewelry). The program continued under new faculty; Jess Tolbert is now Associate Professor and Head of Jewelry + Metals. The program remains nationally visible (alumna Cassandra Adame won UTEP's first Windgate-Lamar Fellowship; Thiewes named 2021 Master Metalsmith by the Metal Museum).,yes,high,https://www.utep.edu/liberalarts/art/academic-programs/undergraduate/metals/metals.html | https://www.utep.edu/liberalarts/art/people/faculty-staff.html | https://catalog.utep.edu/undergrad/course-descriptions/mtls/ | https://en.wikipedia.org/wiki/Rachelle_Thiewes | https://glasstire.com/2023/03/27/women-in-metals-and-jewelry-an-interview-with-jess-tolbert/,,2026-05-29,"verified=not-needed; chair=Jess Tolbert (Associate Professor, Head of the Jewelry + Metals program). Department of Art chair: Juan Juarez."
307,program,crafts/metalsdirectorypage/s207.html,The University of Texas Pan American,program still exists / chair,"UTPA closed via merger on Aug 31, 2015, becoming UTRGV (regents approved 2012-2013; operations began Sept 2015). Nancy Moyer — listed in the archived record as ""1969 to present"" and who chaired the UTPA art department ~17 years and ran its jewelry/metals teaching from the 1980s — is now Professor Emerita of Art and no longer active faculty. The art program persisted into UTRGV's School of Art and Design under the College of Fine Arts, but its concentrations were reorganized around Ceramics, Sculpture, and (2D/3D) Studio Art; a distinct metals/jewelry program is no longer offered as a named track. Jewelry remains available only as an optional media specialization within the MFA. UTRGV is consolidating art programs into a new Brownsville facility in 2026.",merged-renamed,high,https://en.wikipedia.org/wiki/University_of_Texas%E2%80%93Pan_American | https://en.wikipedia.org/wiki/University_of_Texas_Rio_Grande_Valley | https://www.utrgv.edu/school-of-art/degrees/index.htm | https://www.utrgv.edu/school-of-art/ | https://nancymoyerstudio.com/about/,,2026-05-29,verified=verify-failed; chair=
308,program,crafts/metalsdirectorypage/s208.html,The University of the Arts,program still exists / chair,"The University of the Arts in Philadelphia abruptly announced closure on May 31, 2024, ceasing operations June 7, 2024. The Middle States Commission on Higher Education withdrew its accreditation effective June 1, 2024. The university filed for Chapter 7 bankruptcy liquidation on September 13, 2024. The institution and all of its programs, including the historic crafts/metals/jewelry program, were permanently closed. Displaced students transferred to nearby schools including Temple University (Tyler School of Art), Moore College of Art & Design, and Drexel.",no,high,https://en.wikipedia.org/wiki/University_of_the_Arts_(Philadelphia) | https://www.artnews.com/art-news/news/philadelphia-university-of-the-arts-abruptly-closes-loses-accreditation-1234708710/ | https://studentaid.gov/announcements-events/closed-school/university-of-the-arts | https://billypenn.com/2024/06/03/university-of-the-arts-philadelphia-closure/ | https://www.ganoksin.com/article/dedication-olaf-skoogfors/ | https://www.ganoksin.com/article/richard-reinhardt-discontinuous-continuity/,,2026-05-29,verified=verify-failed; chair=None (institution dissolved). Last university president was Kerry Walk.
309,program,crafts/metalsdirectorypage/s209.html,The University of Wisconsin-Milwaukee,program still exists / chair,"Continuation. The metals/jewelry program remains active and robust within UWM's Peck School of the Arts (Department of Art & Design). Leadership has been stable: Yevgeniya Kaganovich has headed the Jewelry & Metalsmithing area since 2002 and remains the current professor/area head. The archived faculty list (Croft, Lacktman, Pfleger, Wagle, spanning 1965-1994) reflects the program's earlier generations; the area has since transitioned to Kaganovich's long-running leadership. No closure, merger, or rename of the metals area; it is offered as a studio discipline within the school's BA/BFA/MFA degree structure. Facilities are extensive (casting, enameling, forming, hydraulic forming, anodizing, machining, plus a blacksmithing/welding studio at Kenilworth Square East).",yes,high,https://uwm.edu/arts/students/art-design-studios/jewelry-metalsmithing/ | https://uwm.edu/arts/directory/kaganovich-yevgeniya/ | https://uwm.edu/arts/directory/meier-erica/ | https://uwm.edu/arts/academics/art-mfa/ | https://uwm.edu/arts/academics/studio-art-bfa/,,2026-05-29,"verified=not-needed; chair=Yevgeniya Kaganovich (Professor, Area Head of Jewelry & Metalsmithing, leading the area since 2002). Other faculty include Erica Meier (Teaching/Graduate Faculty, Jewelry & Metalsmithing and Digital Fabrication; studio technician and safety coordinator)."
310,program,crafts/metalsdirectorypage/s210.html,Towson University,program still exists / chair,"Continuation. The metals/jewelry program founded in 1978 remains fully active. It is now a concentration within the broader ""Art + Design"" major (a curriculum restructuring that consolidated the former standalone studio areas into concentrations) and sits in the renamed Department of Art + Design, Art History, Art Education within COFAC. The program operates a renovated ~3,000 sq ft studio with chemical, finishing, and enameling rooms. The archived faculty record (John Fix, ""1967 to present"") is decades out of date: John Fix no longer appears in the current faculty, staff, or emeritus listings. Current leadership of the area is Luci Jockel as Area Coordinator, with Amy Sowder Koch as department chair. A 3D Art foundation program (towson3d.com) now feeds students into the Metalsmithing + Jewelry concentration alongside Ceramics, Sculpture, and Interdisciplinary Object Design.",yes,high,https://www.towson.edu/cofac/departments/art/undergrad/artdesign/metalsmith.html | https://catalog.towson.edu/undergraduate/fine-arts-communication/art-design-art-history-art-education/art-design-bfa/metalsmithing-jewelry/ | https://catalog.towson.edu/undergraduate/fine-arts-communication/art-design-art-history-art-education/art-design-ba-bs/metalsmithing-jewelry/ | https://www.towson.edu/cofac/departments/art/facultystaff/ | https://www.towson3d.com/ | https://ethicalmetalsmiths.org/em-institutional-members/towson-university,,2026-05-29,"verified=not-needed; chair=Luci Jockel (Assistant Teaching Professor, Area Coordinator - Metalsmithing & Jewelry). Department Chairperson: Amy Sowder Koch, Ph.D."
311,program,crafts/metalsdirectorypage/s211.html,Tufts University — Metals / Jewelry (School of the Museum of Fine Arts at Tufts),program still exists / chair,"Continuation with institutional restructuring. The School of the Museum of Fine Arts (SMFA), historically affiliated with Tufts for degree-granting, fully merged into Tufts University in 2016 to become ""SMFA at Tufts."" The metals/jewelry program carried through that merger and remains an active area of study, now folded into Tufts' BFA/BA-BFA/BS-BFA, MFA, and Post-Bacc Studio Art degrees. Leadership reflects current Professors of the Practice (Reiss, Crane) rather than a single named director; no closure or renaming of the metals area itself.",yes,high,https://smfa.tufts.edu/areas-of-study/metals | https://smfa.tufts.edu/student-experience/studio-resources/metals-studio | https://www.idp.com/universities-and-colleges/tufts-university/bachelor-of-artsbachelor-of-fine-arts-metals/PRG-US-00360722/ | https://smfa.tufts.edu/directory/kendall-reiss,,2026-05-29,"verified=not-needed; chair=No single metals-area ""chair"" published. Faculty teaching the Metals area include Kendall Reiss (Professor of the Practice), Tanya Crane (Professor of the Practice), and Hannah Oatman. (SMFA itself is led by a Dean; metals is an area, not a standalone department.)"
312,program,crafts/metalsdirectorypage/s215.html,Tulsa Community College — Metal Arts and Jewelry (Art program),program still exists / chair,"The archived listing described a jewelry/metals offering under TCC's ""Cultural & Social Services Division"" with faculty William Derreuvere (correctly Bill Derrevere) ""1971 to present."" Since ~2014: (1) TCC reorganized its divisions into Schools; art moved into the School of Visual & Performing Arts and there is no longer a ""Cultural & Social Services Division."" (2) The longtime metals/jewelry instructor Bill Derrevere — who taught jewelry design, sculpture, and 3-D art at TCC for 45 years (consistent with the archived ""1971"") — retired roughly 6 years ago (~2019, per his Ghost Ranch bio) and now teaches jewelry/metals at AHHA (Hardesty Arts Center) in Tulsa. (3) The teaching content continued: metal arts/jewelry persists as courses (Metal Arts and Jewelry I & II) within the still-active Art, A.A. degree rather than as a distinct named program. So: continuation of the discipline as courses, division renamed/reorganized, and a leadership/faculty change (founding instructor retired).",merged-renamed,medium,https://www.tulsacc.edu/academics/schools/visual-performing-arts | https://www.tulsacc.edu/academics/programs-courses/art | https://catalog.tulsacc.edu/preview_course_nopop.php?catoid=64&coid=126169&print= | https://catalog.tulsacc.edu/preview_program.php?catoid=63&poid=27154 | https://www.ghostranch.org/program/g25090306/,,2026-05-29,"verified=verify-failed; chair=No named jewelry/metals program head. The Art A.A. sits within the School of Visual & Performing Arts (contact: schoolofvapa@tulsacc.edu, 918-595-7752); no individual dean/chair name was confirmable from the TCC site."
313,program,crafts/metalsdirectorypage/s218.html,Tyler School of Art/Temple University — Metals/Jewelry/CAD-CAM,program still exists / chair,"Continuation with a generational leadership transition. Founder Stanley Lechtzin (who started the program in 1962 and pioneered electroforming and, from the late 1970s, CAD-CAM) retired in 2018. Doug Bucci was named the new Program Head following a national search, joined by new full-time faculty member Mallory Weston (now Associate Professor). Longtime faculty Daniella Kerner taught in the program for 41 years before departing. The program continues to grow at Temple's Main Campus building (occupied since 2009), with ~6,000 sq ft of studio/3D-printing space. No closure, merger, or rename of the program itself.",yes,high,https://tyler.temple.edu/academics/art/metals-jewelry-cad-cam | https://bulletin.temple.edu/graduate/scd/tyler/metals-jewelry-cad-cam-mfa/ | https://bulletin.temple.edu/undergraduate/tyler/metals-jewelry-cad-cam-bfa/ | https://tyler.temple.edu/blog/origins-tyler-metalsjewelrycad-cam | https://now.temple.edu/news/2018-10-23/new-vision-tyler-metalsjewelrycad-cam | https://snagmetalsmith.org/2009/06/2009-snag-lifetime-achievement-award-stanley-lechtzin/,,2026-05-29,"verified=not-needed; chair=Doug Bucci (Assistant Professor and Program Head of Metals/Jewelry/CAD-CAM; 1998 Tyler MFA grad, appointed 2018 after a national search)"
314,program,crafts/metalsdirectorypage/s22.html,Calvin College,program still exists / chair,"The archived record's only program anchor was Dr. Helen Bonzelaar (""1967 to present""), the faculty member associated with metals/jewelry. She is now listed as Professor Emerita (retired) in Calvin's directory. The institution was renamed Calvin College → Calvin University (2019). The art department continues as Art and Design, but its current Studio Art curriculum lists no metals/jewelry/metalsmithing — that area appears to have ended with Bonzelaar's retirement and was not continued. No evidence of a successor metals program, faculty line, or studio.",no,medium,https://calvin.edu/directory/people/helen-bonzelaar | https://calvin.edu/art-and-design | https://calvin.edu/academics/departments-programs/art-and-design/academics/studio-art | https://calvin.edu/arts/majors-programs.html,,2026-05-29,"verified=verify-failed; chair=Not clearly identifiable from public pages. Current studio art faculty include Christopher Fox, Jennifer Steensma Hoag, and Elaine Tolsma Harlow (drawing/painting); Craig Hanson is Professor of Art History. No designated chair was found on the department site; a Visual & Performing Arts co-chair structure is referenced but not named."
315,program,crafts/metalsdirectorypage/s222.html,University of Arizona,program still exists / chair,"The dedicated metalsmithing/jewelry program associated with the archived faculty (Charles Loloma, Bob Winston, and longtime head Michael Croft) no longer exists as a named discipline. Michael Croft (former SNAG president) retired and the standalone metals concentration was folded into the School of Art's consolidated ""3D & Extended Media"" division, which now bundles sculpture, ceramics, metal/wood fabrication, and extended media under one umbrella. Current leadership reflects general School of Art restructuring: Karen Zimmermann became interim director for 2025-26 with Gary Setzer as associate director. No public announcement of a discrete ""closure"" of the metals program was found; the change reads as a consolidation/rebranding rather than an outright shutdown, with metal facilities retained.",merged-renamed,medium,https://art.arizona.edu/academic-programs/3d-extended-media/ | https://art.arizona.edu/academic-programs/ | https://art.arizona.edu/academic-programs/studio-art/ | https://art.arizona.edu/profile/gsetzer/ | https://art.arizona.edu/stories/school-highlights/ | https://americanart.si.edu/artist/michael-croft-1049,,2026-05-29,"verified=verify-failed; chair=Karen Zimmermann (Interim Director, School of Art, 2025-26); Gary Setzer (Associate Director, faculty in 3D & Extended Media). No dedicated metals-program head exists."
316,program,crafts/metalsdirectorypage/s223.html,University of Delaware,program still exists / chair,"The metals/jewelry offering was discontinued as a standalone area. Historically UD's graduate art catalog (1990s) listed metals/jewelry studio courses — ART 606 Metals Tutorial, ART 660 Jewelry Studio and Metalwork, ART 661 Jewelry and Metalwork. These courses no longer appear in the current active course catalog, and the present Department of Art & Design lists no jewelry/metalsmithing studio area or faculty. The directory record (offline ~2014-2019) reflects this now-defunct metals studio. The art department itself continues and was renamed/reorganized from 'Department of Art' to 'Department of Art & Design'; metals/jewelry was not carried forward as a discipline. Exact year of the metals area's closure could not be pinned down from public sources.",no,medium,https://www.udel.edu/academics/colleges/cas/units/departments/art-design/ | https://www.udel.edu/academics/colleges/cas/units/departments/art-design/about-us/facilities/ | https://www.udel.edu/apply/undergraduate-admissions/major-finder/fine-arts/ | http://www1.udel.edu/gradcat/gradcat97/17/Art/2.html | https://catalog.udel.edu/content.php?catoid=94&navoid=34643&filter%5Bitem_type%5D=3&filter%5Bonly_active%5D=1&filter%5B3%5D=1&print=&expand=1 | https://www.udel.edu/academics/colleges/cas/units/departments/art-design/graduate-program/master-fine-arts/,,2026-05-29,verified=verify-failed; chair=
317,program,crafts/metalsdirectorypage/s224.html,University of Houston,program still exists / chair,"The archived directory recorded a UH metals program started in 1970 with faculty Val J. Link ""1970 to present."" That metals/jewelry program no longer exists as a distinct offering. As of 2026, the School of Art's published areas of study list only Graphic Design, Painting, Photo & Video, and Sculpture (BFA/MFA), Art, and Art History — with no metals, jewelry, metalsmithing, or crafts concentration. The legacy departmental URL referenced by metals directories (art.uh.edu) no longer resolves to a metals program; the School of Art now lives at uh.edu/kgmca/soa. The most likely explanation is that the metals area was retired/discontinued after the founding faculty member (Val J. Link) departed/retired — consistent with the directory going offline ~2014-2019 and the area not appearing in any current UH catalog. I could not find a dated news item, press release, or accreditation notice explicitly announcing the closure, nor an explicit faculty bio for Val J. Link's retirement, so the exact closure date and mechanism remain unconfirmed. (Note: the Houston region's prominent contemporary jewelry/enamel teaching now centers on the separate Glassell School of Art at the Museum of Fine Arts, Houston — a different institution, not UH.)",no,medium,https://www.uh.edu/kgmca/academics/areas-of-study.php | https://www.uh.edu/kgmca/soa/home.php | https://www.uh.edu/kgmca/soa/degrees-programs/areas-of-study/sculpture.php | https://www.metalcyberspace.com/schools.htm | https://crafthouston.org/exhibition/course-of-action/,,2026-05-29,verified=verify-failed; chair=
318,program,crafts/metalsdirectorypage/s225.html,University of Illinois at Urbana-Champaign — Metals / Jewelry-Metals program (School of Art & Design),program still exists / chair,"The program's archived faculty (Pulos, Von Neumann, Mette, Theide) were the historic metals lineage. Since ~2014 the metals area has been substantially wound down at the graduate level: the standalone Metals MFA concentration was made inactive (""applications not currently being accepted"") and then dropped from the MFA structure, which now offers only Design for Responsible Innovation, Industrial Design, and Studio Art. Billie Jean Theide, who had been the metals program chair, transitioned to Emerita status. Undergraduate jewelry/metals instruction (ARTS 230) and metal-shop facilities persist under the School of Art & Design / Studio Art.",merged-renamed,medium,https://art.illinois.edu/ | https://art.illinois.edu/people/profiles/billie-theide/ | https://catalog.illinois.edu/graduate/faa/art-design-mfa/ | http://catalog.illinois.edu/graduate/faa/art-design-mfa/metals/ | https://www.coursicle.com/illinois/courses/ARTS/230/ | https://catalog.illinois.edu/courses-of-instruction/arts/ | https://en.wikipedia.org/wiki/Billie_Jean_Theide | https://art.illinois.edu/about/faculty-directory/studio-art-faculty/,,2026-05-29,verified=verify-failed; chair=No dedicated metals head currently identifiable. Longtime metals professor/program chair Billie Jean Theide is now listed as Emerita (retired from active teaching). No replacement metals-area head found on the current faculty directory.
319,program,crafts/metalsdirectorypage/s227.html,University of Iowa — Jewelry and Metal Arts,program still exists / chair,"Continuation with leadership transitions. The metals program was founded by Chunghi Choo in 1968 (the archived ""started 1960"" likely refers to the broader art program). Choo taught until 2015 and is now Professor Emeritus; the program explicitly continues her legacy. Kee-ho Yuen, long a professor and former head of the program, is now also Professor Emeritus. Steve McGuire is the current Professor and Area Head, with Lonna Huisingh (Keller) as a Visiting Assistant Professor. The host school was renamed from ""School of Art and Art History"" to ""School of Art, Art History, and Design."" No closure or merger of the metals program — it remains a distinct, nationally/internationally recognized focus area.",yes,high,https://art.uiowa.edu/research/studio-art/jewelry-metal-arts | https://art.uiowa.edu/graduate/jewelry-metal-arts | https://art.uiowa.edu/undergraduate/jewelry-metal-arts | https://art.uiowa.edu/people/chunghi-choo | https://art.uiowa.edu/people/kee-ho-yuen,,2026-05-29,"verified=not-needed; chair=Steve McGuire (Professor and Area Head, Jewelry and Metal Arts)"
320,program,crafts/metalsdirectorypage/s228.html,University of Kansas — Metalsmithing/Jewelry,program still exists / chair,"Continuation with significant generational faculty turnover since the ~2014 archived record. The archived faculty (Carlyle Smith, Klaus Kallenberger, Robert Montgomery, Olli Valanne, Jon Havener) reflect the program's mid-20th-century lineage; Carlyle Smith founded it in 1947. By the mid-2010s the active faculty were Jon Havener, Lin Stanionis and Gina Westergard (a 2019 Kansan article still lists those three). As of the 2026-27 catalog the area is staffed by Gina Westergard (continuing), plus newer hires Sunyoung Cheong and lecturer Erick Morales Scholz; Havener and Stanionis are no longer listed (retired/emeritus). The program added a robust Digital Fabrication Studio (Rhino/Matrix CAD, 5-axis CNC, resin 3D printing), reflecting a clear CAD-CAM pivot. No closure, merger or rename — the program remains a named concentration within the Department of Visual Art.",yes,high,https://art.ku.edu/metalsmithingjewelry | https://catalog.ku.edu/arts/visual-art/bfa-visual-art/bfa-in-visual-art-with-concentration-in-metalsmithing-jewelry/ | https://catalog.ku.edu/arts/visual-art/mfa-visual-art/ | https://artjewelryforum.org/schools/university-of-kansas/ | https://www.kansan.com/news/ku-metalsmithing-program-helps-students-to-believe-in-themselves-sell-their-artwork/article_0bf64d04-da32-11e9-82bb-0768bdd04a9a.html | https://art.ku.edu/faculty-and-staff,,2026-05-29,"verified=not-needed; chair=Area faculty: Sunyoung Cheong (Asst. Professor, Mary Fischer Traver Metalsmithing & Jewelry Professorship) and Gina Westergard (Professor); Erick Morales Scholz (Lecturer / Area Lab Coordinator). Department of Visual Art chair appears to be Mary Anne Jordan (not definitively confirmed for 2025-26)."
321,program,crafts/metalsdirectorypage/s23.html,Carnegie-Mellon University,program still exists / chair,"The archived faculty entry ""Carol Kumata ? to present"" reflects the era when Kumata (at CMU since 1979) maintained the metals studio and taught metals/sculpture courses. Since ~2014 there was no closure of the School of Art, but the metals offering was never an independent degree program; it lived inside Sculpture/3D media. Kumata retired in 2021 and is now Professor Emerita of Art. After her retirement no dedicated metals-area faculty line is listed; current Sculpture, Installation & Site Work faculty (Isla Hansen, Britt Ransom, Yoko Sekino-Bové, Rachael Starbuck) cover 3D practice. So the ""metals program"" effectively continues only as scattered coursework/facilities under a renamed/restructured interdisciplinary model, not as the standalone listing the directory recorded.",merged-renamed,high,https://art.cmu.edu/people/carol-kumata/ | https://art.cmu.edu/people/faculty/ | https://art.cmu.edu/about/ | https://en.wikipedia.org/wiki/Carnegie_Mellon_School_of_Art | https://www.meche.engineering.cmu.edu/education/courses/24-204.html | http://www.art.cmu.edu/tag/carol-kumata/,,2026-05-29,"verified=verify-failed; chair=Charlie White, Head of the School of Art (no metals/jewelry program head exists; the area is not a separate department)"
322,program,crafts/metalsdirectorypage/s230.html,University of Massachusetts Dartmouth — Artisanry: Jewelry/Metals,program still exists / chair,"Continuation, not closure. The program persists in the modern UMass Dartmouth catalog with BFA + MFA degrees. Notably, the two most recent archived faculty — Alan Burton Thompson (listed ""1987 to present"") and Susan Hamlet (""1988 to present"") — are both still on the active faculty, with Thompson now serving as department chair, indicating direct leadership continuity from the archived record. The program now lives within CVPA's combined Departments of Artisanry, Fine Arts, and Visual Design; certificate/online offerings (e.g., a one-year online Artisanry certificate) have been added. No closure, merge, or rename of the jewelry/metals discipline was found.",yes,high,https://www.umassd.edu/programs/jewelry-metals/ | https://catalog.umassd.edu/preview_entity.php?catoid=64&ent_oid=3152&returnto=5332 | https://catalog.umassd.edu/preview_program.php?catoid=62&poid=9009&returnto=5021 | https://www.massachusetts.edu/program-finder/dartmouth-artisanry-jewelrymetals-6846 | https://www.umassd.edu/cvpa/facilities/jewelry-metals/,,2026-05-29,"verified=not-needed; chair=Alan B. Thompson (Alan Burton Thompson), Associate Professor of Artisanry (Jewelry/Metals), listed as department chair; Susan Hamlet, Professor of Artisanry (Jewelry/Metals), also active faculty."
323,program,crafts/metalsdirectorypage/s232.html,University of Minnesota,program still exists / chair,"The archived record's ""Philip Morton 1948 to 1961"" matches the documented history: Philip Morton joined the newly formed University of Minnesota Art Department in 1948 and established its contemporary jewelry and three-dimensional design programs (and one of the first university bronze-casting foundries). After the mid-century era (Morton, then Christian Schmidt teaching jewelry/design 1956–1963), the dedicated jewelry/metals studio concentration was eventually absorbed/dropped. By the time the Regis Center for Art opened (East completed 2005, finishing the Arts Quarter), the department had consolidated into broad interdisciplinary areas. Since ~2014 there is no evidence of an active, named jewelry/metalsmithing degree track at Twin Cities; metalwork continues only as part of the Sculpture & Ceramics area's foundry/fabrication facilities. No specific recent closure announcement or current metals-program chair was found.",merged-renamed,medium,https://cla.umn.edu/art/about/areas-study | https://cla.umn.edu/art/graduate/mfa-art | https://cla.umn.edu/art | https://cla.umn.edu/art/about/facilities | https://www.ganoksin.com/article/christian-schmidt-new-naturalism/ | https://www.morgansrarebooks.com/products/contemporary-jewelry-by-philip-morton | https://mndaily.com/243393/uncategorized/regis-center-completes-arts-quarter/,,2026-05-29,verified=verify-failed; chair=unknown (no jewelry/metals program head exists; metals folded into the Sculpture & Ceramics area of the Department of Art)
324,program,crafts/metalsdirectorypage/s234.html,University of Missouri,program still exists / chair,"The University of Missouri art program is alive and active — but as a metals/jewelry program it does not exist now and shows no evidence of having existed as a dedicated concentration. The archived directory entry was itself a thin/uncertain record (metals start date ""unknown"", faculty ""n/a""), which is consistent with a placeholder rather than a documented working metals program. Around 2014-2015 the institution consolidated its art and related media units into the School of Visual Studies (College of Arts and Science); the current eight studio areas (ceramics, drawing, fibers, foundations, painting, photography, printmaking, sculpture) contain no metals/jewelry track. No metalsmithing faculty line, course track, or facility is listed in the current catalog or School of Visual Studies pages. Current director: Cathleen A. Fleck. Best read: the listing was likely an over-inclusive/erroneous directory entry, OR any historical metals offering (if it ever existed) was dropped well before/around the directory's 2014-2019 offline window and was not carried into the School of Visual Studies.",no,medium,https://catalog.missouri.edu/collegeofartsandscience/art/bfa-art/ | https://visualstudies.missouri.edu/node/3 | https://catalog.missouri.edu/collegeofartsandscience/art/ | https://majors.missouri.edu/art-bfa/,,2026-05-29,"verified=verify-failed; chair=Cathleen A. Fleck, Director, School of Visual Studies (cathleen.fleck@missouri.edu, 573-882-7547)"
325,program,crafts/metalsdirectorypage/s235.html,University of North Dakota,program still exists / chair,"Continuation, not closure. The metals/jewelry track persists as a living emphasis area in the Visual Arts BFA and MFA. The archived directory's listed faculty ""Ellen Rose-Auyong, 1972 to present"" does not correspond to any current UND Art & Design faculty found (possibly a directory error or a long-departed earlier instructor). Since at least 2004 the metalsmithing area has been taught by Donovan Widmer, who became department chair in January 2017 and received the North Dakota Museum of Art's Art Makers Award (2018-19). The curriculum has modernized to include CAD/CAM digital fabrication, 3D printing, and direct casting (ART 306).",yes,high,https://und.edu/programs/visual-arts-mfa/index.html | https://arts-sciences.und.edu/academics/art-design/index.html | https://und-public.courseleaf.com/undergraduateacademicinformation/departmentalcoursesprograms/artanddesign/ | https://campus.und.edu/directory/donovan.widmer | https://arts-sciences.und.edu/academics/art-design/faculty.html | https://libguides.und.edu/art/metal | https://nasad.arts-accredit.org/institution/university-of-north-dakota/,,2026-05-29,verified=not-needed; chair=Donovan Widmer — Associate Professor of Metalsmithing and Chair of the Department of Art & Design (chair since Jan 2017); he leads the Jewelry/Metalsmithing emphasis. MFA Graduate Program Director is Todd Hebert.
326,program,crafts/metalsdirectorypage/s236.html,University of North Texas,program still exists / chair,"Continuation with a leadership change. The archived record listed Harlan Butt (1976–present). Butt taught at UNT from 1976 and retired in 2017, receiving Professor Emeritus recognition in 2018; a named scholarship (the CVAD Harlan W. Butt Metalsmithing and Jewelry Studies Scholarship) was established. The program continued without interruption under James Thurman, who is now the Program Coordinator. The program retains comprehensive facilities (digital fabrication, jewelry production, blacksmithing, silversmithing, metal spinning, TIG welding, electroforming, die-forming, powder coating) and an active student org (UNT Metals Club). No closure, merge, or rename.",yes,high,https://cvad.unt.edu/studioart/metalsmithingjewelry | https://www.unt.edu/academics/programs/metalsmithing-and-jewelry-studio-art-degree.html | https://www.unt.edu/academics/programs/metalsmithing-and-jewelry-studio-art-masters.html | https://cvad.unt.edu/people/thurman-james | https://vpaa.unt.edu/fs/recognition/emeritus-info/emeritus-2018.html | https://unt.academicworks.com/opportunities/13848,,2026-05-29,verified=not-needed; chair=James Thurman (Professor; Program Coordinator of Metalsmithing and Jewelry)
327,program,crafts/metalsdirectorypage/s237.html,University of Oregon,program still exists / chair,"Continuation with leadership/institutional changes. The metals/jewelry program remains a robust concentration. Kate Wagle (archived as ""1994 to present"") is still a Professor of Metalsmithing and Jewelry, confirming continuity. Anya Kivarkis joined the metals/jewelry faculty and now serves as Department Head of the Department of Art. Institutionally, the former School of Architecture and Allied Arts (AAA) was reorganized into the College of Design in 2017, and the Department of Art now sits within the School of Art + Design under the College of Design. Studios are at ""The Northsite"" near Lawrence Hall.",yes,high,https://artdesign.uoregon.edu/art | https://catalog.uoregon.edu/design/art-design/art/ | https://catalog.uoregon.edu/courses/crs-artm/ | https://artdesign.uoregon.edu/art/grad/mfa | https://artdesign.uoregon.edu/art/workspaces,,2026-05-29,verified=not-needed; chair=Anya Kivarkis (Associate Professor of Metalsmithing and Jewelry) is Department Head of the Department of Art. Kathleen E. (Kate) Wagle is a Professor of Metalsmithing and Jewelry.
328,program,crafts/metalsdirectorypage/s238.html,University of Science & Arts of Oklahoma,program still exists / chair,"Continuation with leadership turnover. The two archived faculty — Kent Lamar (art, hired 1975/76, became art department head in 1989) and Hollis Howard (1978) — no longer appear in the current USAO faculty directory, indicating both have retired/departed since the directory snapshot. The Art Department is now coordinated by Jacquelyn Knapp (named to the Dorothy Cusick Endowed Professorship in Interdisciplinary Studies in Jan 2024). Current art faculty include Blake Morgan, Jordan Vinyard, Freddy Baeza, Wendy Chambers, and Layne Thrift (Nesbitt Gallery director). Jewelry/Metals remains an active concentration in the 2024-2025 course catalog, with Knapp advising Jewelry majors. No closure, merger, or renaming of the program.",yes,high,https://usao.edu/academics/majors-and-minors/art/index.html | https://usao.edu/academics/visual-performing-arts/index.html | https://usao.edu/directory/index.html | https://usao.edu/news/four-faculty-endowed-chairs.html | https://usao.smartcatalogiq.com/en/2024-2025/2024-2025-course-catalog/majors-and-minors/art-ba/ | https://usao.edu/directory/jacquelyn-knapp.html,,2026-05-29,verified=not-needed; chair=Jacquelyn Knapp — Professor of Art and Coordinator of the Art Department (also the listed advisor for Jewelry majors). USAO's School of Visual and Performing Arts is administered with Jani Houtz as administrative assistant. No dedicated jewelry/metals program head is separately listed.
329,program,crafts/metalsdirectorypage/s24.html,Casper College,program still exists / chair,"The metals/jewelry offering continues but as part of the Art/Fine Art curriculum rather than a discrete named program. Leadership/faculty transitioned away from the archived instructor Linda L. Ryan (listed ""1982 to present"" in the old record). Ryan still appears on RateMyProfessors but is no longer in the current Visual Arts Department faculty roster; sculpture/metalsmithing is now taught by Carli Holcomb (tenured 2021, MFA Virginia Commonwealth University), who heads the sculpture/metalsmithing concentration. The department's chair is Justin Hayward. No closure of metals instruction was found; metalsmithing courses remain in the catalog.",merged-renamed,medium,https://www.caspercollege.edu/program/visual-arts-department/ | https://www.caspercollege.edu/program/art/ | https://catalog.caspercollege.edu/preview_course_nopop.php?catoid=19&coid=50696 | https://catalog.caspercollege.edu/preview_course_nopop.php?catoid=19&coid=50694 | https://www.caspercollege.edu/directory/carli-holcomb/ | https://www.caspercollege.edu/news/2021/03/seven-instructors-receive-tenure/ | https://www.ratemyprofessors.com/professor/798175,,2026-05-29,"verified=verify-failed; chair=Justin Hayward (Academic Chair, Fine Arts). Carli Holcomb is the current sculpture/metalsmithing instructor."
330,program,crafts/metalsdirectorypage/s240.html,University of South Carolina,program still exists / chair,"The metals/jewelry instruction at USC continues to be offered. Since ~2014, the former Department of Art was reorganized into the School of Visual Art and Design (the academic home now listed on USC's bulletins/site). Jewelry and metalsmithing is not a standalone program/department; it is a studio area integrated into the 3D/Sculpture track of the Studio Art degrees. Thomas Bosse (MFA, University of Georgia, 2017) is the current jewelry/metals instructor and has taught at the post-secondary level since 2015, indicating a leadership/faculty change in the area over the past decade. Degrees: B.A. Studio Art, B.F.A. Studio Art (3D/Sculpture concentration including jewelry/metalsmithing), and M.F.A. Studio Art.",merged-renamed,high,https://sc.edu/study/majors_and_degrees/3d-sculpture-studio-art-bfa.php | https://academicbulletins.sc.edu/undergraduate/arts-sciences/visual-art-design/ | https://academicbulletins.sc.edu/undergraduate/course-descriptions/arts/ | https://sc.edu/study/colleges_schools/artsandsciences/visual_art_and_design/our_people/directory/bosse_thomas.php | https://sc.edu/study/majors_and_degrees/studio-art-mfa.php,,2026-05-29,"verified=verify-failed; chair=Thomas Bosse (Instructor, Studio Art) is the jewelry/metals faculty member. No separate program-head/chair for jewelry specifically; it is part of the broader School of Visual Art and Design."
331,program,crafts/metalsdirectorypage/s241.html,University of Texas at Arlington,program still exists / chair,"David Keens introduced the Metals-Jewelry Program at UTA in 1973 and was its founding figure (the archived ""1974 to present"" entry corresponds to his career). Over time Keens's work and the program's emphasis shifted into glass; he built and coordinated UTA's nationally recognized Glass Program. Keens retired in 2013 after 39 years on the faculty. The original Metals-Jewelry Program did not survive as a distinct, named area: by the current era the department lists Glass and Sculpture (plus Clay, etc.) as its 3D concentrations, with metals referenced only as one medium within 3D/sculpture study. So since ~2014 the metals/jewelry identity has effectively been absorbed/superseded — primarily by the Glass program Keens founded out of it — rather than continued under its own name. Department leadership has since passed to Chair August Jordan Davis (2025).",merged-renamed,high,https://www.uta.edu/academics/schools-colleges/liberal-arts/departments/art/department-info/aah-history | https://www.uta.edu/academics/schools-colleges/liberal-arts/departments/art/areas-of-study | https://utalibartsnews.wordpress.com/2013/09/24/arts-keens-retires-leaves-glass-legacy/ | https://mentis.uta.edu/explore/profile/david-keens | https://www.uta.edu/academics/schools-colleges/liberal-arts/departments/art/department-info/people/faculty,,2026-05-29,"verified=verify-failed; chair=Dr. August Jordan Davis (Chair, Department of Art and Art History, as of 2025)"
332,program,crafts/metalsdirectorypage/s242.html,University of Washington,program still exists / chair,"The dedicated jewelry/metals program, long headed by Mary Lee Hu (joined 1980) and John Marshall, announced its closure upon Hu's retirement in 2006 and graduated its last class in 2008. No metals/jewelry faculty line was refilled. By the ~2014-present period the discipline survives only as metal-fabrication facilities and occasional coursework folded into the 3D4M (ceramics + glass + sculpture) area; there is no metals/jewelry degree track. The Seattle Metals Guild absorbed some of the community/education role the program had filled. The 3D4M program itself is active (e.g., 2024 Open House); Mary Lee Hu received the 2024 SNAG Lifetime Achievement Award.",merged-renamed,high,https://art.washington.edu/art/ba-art-3d4m-concentration | https://art.washington.edu/art/3d4m-ceramics-glass-sculpture-mfa | https://art.washington.edu/3d4m-studios | https://art.washington.edu/fields/metal-art | https://en.wikipedia.org/wiki/Mary_Lee_Hu | https://www.melissacameron.net/blog/?page_id=7032 | https://snagmetalsmith.org/2024/02/2024-snag-lifetime-achievement-award-mary-lee-hu/,,2026-05-29,verified=verify-failed; chair=Not identified as a metals/jewelry program head (no such program exists now). 3D4M is a multi-faculty area within the School of Art + Art History + Design; no single metals chair found.
333,program,crafts/metalsdirectorypage/s244.html,University of Wisconsin-Eau Claire,program still exists / chair,"The university's art program is alive and active, but the standalone metals/jewelry offering that the SNAG-era directory recorded no longer appears in the curriculum. As of the current (2025-26) academic catalog and program pages, neither the area-of-focus list nor the ART course listing includes metals, metalsmithing, or jewelry. The department was consolidated/rebranded as ""Art & Design,"" and a comprehensive ""Integrative Visual Arts"" BFA replaced separately-named studio tracks; the metals concentration appears to have been dropped or absorbed into sculpture/3D/interdisciplinary rather than continued as a named area. I could not pin an exact year of discontinuation or identify the former metals faculty member from the archived record (the archived faculty field was ""n/a"", and a Cappy Counard lead turned out to be Edinboro University, not UWEC).",merged-renamed,medium,https://www.uwec.edu/academics/college-arts-and-sciences/departments-programs/art-design-department | https://catalog.uwec.edu/courses/art/ | https://catalog.uwec.edu/undergraduate/arts-sciences/art-design/art-comprehensive-major-integrative-visual-arts-bfa/ | https://www.uwec.edu/academics/programs/undergraduate/art-integrative-visual-arts | https://catalog.uwec.edu/undergraduate/arts-sciences/art-design/,,2026-05-29,"verified=verify-failed; chair=Ned Gannon (chair, Department of Art & Design)"
334,program,crafts/metalsdirectorypage/s245.html,University of Wisconsin-La Crosse,program still exists / chair,"Continuation. The metalsmithing program at UWL has remained active and operating within the Art Department since ~2014. The studios (fabrication, casting, forging, raising, welding, blacksmithing) remain in use, taught by Prof. Bradley Nichols (metalsmithing/blacksmithing). No closure, merger, or rename found. Department continues offering metalsmithing course sequence. Department chair is currently Kathleen Hawkes.",yes,high,https://www.uwlax.edu/academics/department/art/studios--facilities/ | https://catalog.uwlax.edu/undergraduate/art/ | https://www.uwlax.edu/academics/department/art/ | https://www.uwlax.edu/academics/department/art/our-people/ | https://www.uwlax.edu/news/posts/an-array-of-metal/,,2026-05-29,"verified=not-needed; chair=Kathleen (Kate) Hawkes, Art Department Chair. Metals/blacksmithing faculty: Prof. Bradley Nichols (bnichols@uwlax.edu)."
335,program,crafts/metalsdirectorypage/s246.html,University of Wisconsin-Madison,program still exists / chair,"Strong continuation since ~2014. The program descends directly from the historic faculty in the archived record (Vierthaler, Fenster, Moty, Hu, Glowacki) and remains one of the oldest, most respected metals/jewelry programs in the US. Lisa Gralnick has carried the professorship through this period. In September 2024 the department launched a search for a new tenure-track Assistant Professor of Art Metals (apps due Nov 7, 2024), indicating active investment and faculty renewal/expansion rather than any decline. The metals labs remain fully equipped (casting, enameling, forging, machining) with a full-time technician. No closure, merger, or rename.",yes,high,https://art.wisc.edu/ | https://art.wisc.edu/2024/09/18/the-university-of-wisconsin-madison-art-department-is-hiring-apply-now-for-our-art-metals-faculty-position/ | https://guide.wisc.edu/graduate/art/art-mfa/ | https://guide.wisc.edu/courses/art/ | https://merit-www.education.wisc.edu/artdev/media-disciplines/3d/ | https://artsdivision.wisc.edu/staff/gralnick-lisa/ | https://artsdivision.wisc.edu/staff/loeser-tom/ | https://ethicalmetalsmiths.org/em-institutional-members/university-wisconsin-madison,,2026-05-29,"verified=not-needed; chair=Lisa Gralnick is the long-tenured Professor of Art Metal (at UW-Madison since 2001/2007; previously head of Jewelry & Metals at Parsons 1991-2001). The department added a new tenure-track Assistant Professor of Art Metals via a 2024-25 search. Art Department chair is a separate rotating role (Tom Loeser, CR Skip Johnson Professor, chaired 2009-2014)."
336,program,crafts/metalsdirectorypage/s247.html,University of Wisconsin - Green Bay,program still exists / chair,"Continuation, not closure. The archived faculty (Robert Pum, 1969-present; Donald P. Taylor, 1972-1978) date the directory record to the program's early decades. Those individuals have long since been succeeded. As of 2026 the jewelry/metals studio remains active with a professional-grade metals studio (torches, kilns, casting, rolling mills, hydraulic press). Leadership now rests with department chair Alison Gates, with Salem Turchan as the metals instructor. No evidence of any closure, merger, or rename of the metals area since ~2014; the broader Art program continues under the BA structure.",yes,high,https://www.uwgb.edu/art/studio-areas/jewelry-metals/ | https://www.uwgb.edu/art/ | https://www.uwgb.edu/art/contact/ | https://catalog.uwgb.edu/undergraduate/course-descriptions/art/ | https://catalog.uwgb.edu/undergraduate/programs/art/major/,,2026-05-29,"verified=not-needed; chair=Alison Gates (Professor; Chair of Art & Design / Arts Management). Metals taught by Salem Turchan (Metals/3D/Photo, Green Bay & Sheboygan campuses)."
337,program,crafts/metalsdirectorypage/s248.html,University of Wisconsin-Stout,program still exists / chair,"Continuation with reorganization/renaming. The metals/jewelry offering persists but is now structured as a named concentration inside a consolidated B.F.A. in Studio Art rather than a standalone program. UW-Stout introduced a First-Year Experience (FYX) / Pre-BFA common foundation that students complete before declaring the Studio Art major and choosing the metals & contemporary art jewelry concentration. No closure of the metals offering found; the discipline remains taught with an active studio. Masako Onodera (joined late 1990s/2000s, CV on file from 2017) is the continuing metals faculty member, exhibiting nationally and internationally.",merged-renamed,high,https://bulletin.uwstout.edu/preview_program.php?catoid=26&poid=6071 | https://www.uwstout.edu/programs/bfa-studio-art | https://www.uwstout.edu/academics/colleges-schools/college-arts-human-sciences/school-art-design | https://www.uwstout.edu/directory/onoderam,,2026-05-29,"verified=verify-failed; chair=Masako Onodera (Associate Professor, Metals and Contemporary Art Jewelry — named studio faculty for the concentration). School of Art & Design director not separately confirmed from public pages."
338,program,crafts/metalsdirectorypage/s25.html,Center for Creative Studies — Metalsmithing/Jewelry,program still exists / chair,"Institution renamed: ""Center for Creative Studies – College of Art and Design"" (1975) became ""College for Creative Studies"" (CCS) in 2001 — so the institution name in the archived record is outdated, not closed. The metals program never closed. Department evolution since ~2014: the ""Crafts"" department was renamed ""Craft and Material Studies"" effective Fall 2020 (chair Kim Harty). In August 2023, CCS combined the former Art Practice and Craft and Material Studies majors into one reenvisioned ""Studio Art & Craft"" BFA (chair Valerie Jenkins). Metalsmithing/Jewelry survived every reorganization as a named discipline/section, with Thomas Madden continuing as its Section Lead — direct continuity from the archived ""Thomas S. Madden 1992 to present"" entry.",merged-renamed,high,https://www.ccsdetroit.edu/academics/undergraduate-programs/studio-art-craft/ | https://www.ccsdetroit.edu/academics/undergraduate-programs/studio-art-craft/faculty/ | https://www.ccsdetroit.edu/academics/undergraduate-programs/crafts/metalsmithing-jewelry/ | https://www.ccsdetroit.edu/news/ccs-introduces-reenvisioned-studio-art-craft-program/ | https://en.wikipedia.org/wiki/College_for_Creative_Studies | https://www.detroithistorical.org/learn/online-research/encyclopedia-of-detroit/college-creative-studies | https://www.ccs-craftandmaterialstudies.com/,,2026-05-29,"verified=verify-failed; chair=Valerie Jenkins — Chair of Studio Art & Craft (since ~2023). Thomas S. Madden remains Professor / Section Lead of Metalsmithing and Jewelry (the same ""Thomas S. Madden, 1992 to present"" from the archived record). Earlier chairs of the Crafts/Craft & Material Studies dept included Madden (through ~2014) and glass artist Kim Harty (~2020)."
339,program,crafts/metalsdirectorypage/s250.html,University of Wisconsin-Whitewater,program still exists / chair,"Continuation with leadership succession. Linda Threadgill (the archived ""to present"" entry) headed the UW-Whitewater Metals Program from 1979 to 2003 and is now Professor Emerita (she now lives/works in Santa Fe, NM). The program continued under Teresa Faris, the current professor of metalsmithing and jewelry design. The area remains active through 2026 (recent UW System feature stories and a 2026 ""International Recognition"" UW-Whitewater news item cover the metals/jewelry program and its students). No closure, merger, or rename of the metals/jewelry offering was found; it remains a studio area within the Department of Art and Design.",yes,high,https://uww-public.courseleaf.com/undergraduate/arts-communication/art-design/ | https://www.uww.edu/coac/academics/art-design | https://www.wisconsin.edu/all-in-wisconsin/story/uw-whitewater-metals-and-jewelry-student-forms-art-with-meaning/ | https://www.uww.edu/umc/why-i-teach/teresa-faris | https://en.wikipedia.org/wiki/Linda_Threadgill | https://www.uww.edu/news/archive/2026-4-international-recognition,,2026-05-29,"verified=not-needed; chair=Department chair not individually named on the public catalog page (dept contact: 262-472-1324, artanddesign@uww.edu). Current metals/jewelry professor is Teresa Faris."
340,program,crafts/metalsdirectorypage/s251.html,Virginia Commonwealth University — Metals/Jewelry (Craft and Material Studies),program still exists / chair,"Continuation with restructuring. The metals/jewelry program has continued uninterrupted as both a BFA focus and an MFA concentration. In a Jan 2026 consolidation, VCUarts merged the Department of Craft and Material Studies with Painting & Printmaking and Sculpture & Extended Media into a single Department of Fine Arts; the furniture/woodworking GRADUATE program was paused for 2026-27 (the lone woodworking professor not rehired), but Metals, Clay, Glass, Wood and Fiber all continue to be taught to undergrads. Leadership has changed since ~2014 (Cynthia Myron chair in 2025, Kristin Caskey acting chair Jan 2026). Archived faculty Nancy (Kunkle) Thompson was a longtime jewelry/metalsmithing professor and crafts dept chair who built the program (""1969 to present"" in the old record); she is a historical figure, not the current head.",yes,high,https://arts.vcu.edu/academics/departments/craft-material-studies/areas-of-study/metal/ | https://bulletin.vcu.edu/graduate/school-arts/craft-material-studies/fine-arts--mfa-concentration-jewelrymetalworking/ | https://bulletin.vcu.edu/undergraduate/arts/craft-material-studies/ | https://bulletin.vcu.edu/undergraduate/arts/craft-material-studies/craft-material-studies-bfa/ | https://commonwealthtimes.org/2026/01/21/vcu-quietly-axes-furniture-design-program-amid-consolidation/ | https://commonwealthtimes.org/2025/02/05/hands-on-with-vcu-craft-and-material-students/ | https://guides.library.vcu.edu/craft/metal | https://blogs.vcu.edu/enews/2013/12/11/alumni-give-thanks/,,2026-05-29,verified=not-needed; chair=Kristin Caskey (acting chair of Craft and Material Studies as of Jan 2026); Cynthia Myron noted as chair in Feb 2025. Note: a merge of three departments into a single Department of Fine Arts was underway in early 2026.
341,program,crafts/metalsdirectorypage/s253.html,"Washington University in St. Louis — Metalsmithing/Jewelry (Sam Fox School of Design & Visual Arts, College of Art)",program still exists / chair,"The dedicated metalsmithing/silversmithing program was built by Heikki Seppä (faculty 1965–1992, with John Baltrusunas part-time 1972–1992). It did not survive Seppä's 1992 retirement as a distinct degree program; metals was absorbed into the broader Sculpture area and the metal shop. Seppä died May 18, 2010 (professor emeritus). By the 2014-onward period of the archived directory and today, there is no standalone metals/jewelry concentration — only the Sculpture concentration plus shared metal-shop facilities and short jewelry workshops. Current undergraduate studio leadership is Chair Meghan Kirkwood. This is a merge/dissolution of the named program rather than a closure of the school, which remains very active.",merged-renamed,high,https://source.washu.edu/2010/06/obituary-heikki-sepp-83/ | https://en.wikipedia.org/wiki/Heikki_Sepp%C3%A4 | https://samfoxschool.washu.edu/academics/college-of-art/bfa-ba-in-studio-art-and-design/studio-art | https://samfoxschool.washu.edu/places/facilities/17-walker-metal-shop | https://samfoxschool.washu.edu/academics/college-of-art | https://samfoxschool.washu.edu/calendar/events/214-fox-fridays-jewelry-design-part-2-lost-wax-casting-in-bronze,,2026-05-29,verified=verify-failed; chair=Meghan Kirkwood is Chair of Undergraduate Studio Art (College of Art). No dedicated metals/jewelry area head exists; the historic program was led by Heikki Seppä until his 1992 retirement.
342,program,crafts/metalsdirectorypage/s254.html,Wayne State University,program still exists / chair,"The metals program — founded 1953 when the university hired Phillip Fike to succeed silversmith Arthur Nevill Kirk — continues uninterrupted. Fike taught 45 years and died Dec. 8, 1997. Since ~2014 the program has continued under new leadership; it is currently coordinated by Associate Professor Evan Larson-Voltz, remains housed in the James Pearson Duffy Department of Art, Art History, and Design, and continues to mount its recurring ""Metals"" exhibitions (e.g., Metals 2022). No closure, merger, or rename of the metals program; the only structural context is the department's full name (James Pearson Duffy Department of Art, Art History, and Design).",yes,high,https://cfpca.wayne.edu/art/fine-arts/metalsmithing | https://cfpca.wayne.edu/art/programs/undergraduate/bfa-art | https://bulletins.wayne.edu/courses/ame/ | https://today.wayne.edu/news/1997/12/12/phillip-fike-70-died-dec-8-650 | https://reutherlib.blubrry.net/2019/04/25/from-the-vault-metalsmith-and-professor-phillip-fike-and-the-wayne-state-academic-mace/ | https://www.waynestategalleries.org/metals-2022,,2026-05-29,"verified=not-needed; chair=Evan Larson-Voltz, Associate Professor of Metalsmithing (Metals Program Coordinator). Department chair of Art, Art History, and Design not separately confirmed here."
343,program,crafts/metalsdirectorypage/s255.html,Weber State University,program still exists / chair,"The metals/jewelry offering was never a freestanding degree program; it is a studio-course track within the art department. Since ~2014 the department was renamed/reorganized to the ""Department of Visual Art and Design,"" and its BFA was restructured around five broad emphases (2D Media, 3D Media, Art Education, Graphic Design, Photo/Video) with no distinct metals/jewelry emphasis — though the Small Metals/Jewelry I–III courses continue to be listed. The archived long-time faculty member Lorin S. Thunell (""1993 to present"") is no longer on the Weber State faculty; he now lists himself as an art instructor at Salt Lake Community College, so the program lost its named metals instructor. Current art chair is Paul Crow. No metalsmithing faculty specialist is currently listed on the department faculty/staff page. (Note: Weber State announced 2025 cuts of 17 majors/8 minors/7 certificates under Utah HB 265; no confirmation found that metals/jewelry courses were specifically eliminated.)",merged-renamed,medium,https://www.weber.edu/artanddesign/faculty-staff.html | https://www.weber.edu/Majors/art.html | https://catalog.weber.edu/content.php?catoid=12&navoid=2767 | https://catalog.weber.edu/preview_program.php?catoid=21&poid=10673 | https://catalog.weber.edu/preview_course_nopop.php?catoid=17&coid=68471 | https://www.linkedin.com/in/lorin-thunell-4a8283b9/ | https://www.kuer.org/education/2025-04-22/weber-state-is-latest-school-cutting-majors-in-response-to-utahs-higher-ed-mandate,,2026-05-29,"verified=verify-failed; chair=Paul Crow (Department Chair, Professor of Art)"
344,program,crafts/metalsdirectorypage/s257.html,Western Maryland College,program still exists / chair,"The institution itself was renamed, not the program. Western Maryland College officially became McDaniel College on July 1, 2002 (announced January 2002), honoring alumnus William Roberts McDaniel — the original name had caused confusion (students mistook it for a public satellite campus in rural western Maryland) and the namesake railroad had long since merged away. This predates the directory's ~2014 offline window, so the directory listing under the old name was already obsolete. As of 2026 the Art Department remains active and continues to offer metalsmithing/jewelry as a studio discipline (jewelry studio + ART 2214 course), so the metals offering was a continuation, not a closure. No metals-specific closure was found; current art chair is Steven Pearson.",merged-renamed,high,https://www.mcdaniel.edu/academics/departments/art-department/art | https://www.mcdaniel.edu/academics/departments/art-department | https://www.washingtonpost.com/archive/local/2002/05/11/mcdaniel-is-new-name-for-md-college/77ccd1e1-54dc-41a9-82dc-25612ddda1af/ | https://www.baltimoresun.com/2002/05/11/new-name-for-wmc-mcdaniel-college/ | https://www.mcdaniel.edu/about-us/mission-and-history | https://en.wikipedia.org/wiki/McDaniel_College,,2026-05-29,"verified=verify-failed; chair=Steven Pearson (Professor and Chair, Art Department)"
345,program,crafts/metalsdirectorypage/s258.html,Western Montana College,program still exists / chair,"Renamed/absorbed into the Montana University System. The archived faculty record (Barney Brienza, 1971-present) is now historical: Brienza, who under his own initiative introduced and built the jewelry, stained glass, glass blowing, and artist-blacksmithing offerings (building many tools himself), retired around 2006-2007 after ~35-36 years. A retrospective exhibit honored his retirement at the Montana Western Art Gallery/Museum. After his departure the metals/jewelry teaching was not carried forward as a named program; the art unit consolidated as the Department of Fine Arts, with glass (Ruth King) emerging as the flagship studio specialty and broader Visual Arts BA/AA degrees. Since ~2014 the program has continued under this Fine Arts structure with no metals/jewelry degree.",merged-renamed,high,https://en.wikipedia.org/wiki/University_of_Montana_Western | https://mtstandard.com/entertainment/exhibit-honors-retiring-brienza/article_61c524ee-1a68-5a7e-92fe-d90fb39f0d7b.html | https://mtstandard.com/news/local/retirements-at-um-western-leaving-big-shoes-to-fill/article_4d863996-e02f-529b-8ecb-b5237de746bb.html | https://www.umwestern.edu/department/fine-arts/ | https://catalog.umt.edu/affiliated-campuses/umwestern/ | http://www.temple.edu/crafts/metalsdirectorypage/p18.html,,2026-05-29,"verified=verify-failed; chair=Not findable. Current Fine Arts faculty include Ruth King (Associate Professor of Glass, manages the Glass program and Mary Baker Emerick Art Studio), Eva Mastandrea (Professor, visual arts/painting), and Stephen Alan Seder (Assistant Professor, theatre/media arts). No department chair is named on the public department page."
346,program,crafts/metalsdirectorypage/s26.html,Central Washington University,program still exists / chair,"Continuation, no closure or rename. The program has run continuously since the late 1950s through a lineage of internationally recognized professors (Ramona Solberg, Don Tompkins, Ken Cory, then Keith Lewis). Keith Lewis — listed in the archived record as ""1993 to present"" — remains the lead faculty member, now a CWU Distinguished Professor (inducted American Craft Council Fellow 2022; monograph presented at Munich Jewelry Week 2024; work at NYC Museum of Arts and Design 2024). The host department is now styled ""Department of Art + Design."" No closure, merger, or renaming of the metals program is evident; it remains an active BFA/MFA area.",yes,high,https://www.cwu.edu/academics/art/areas-of-study/jewelery-metalsmithing.php | https://www.cwu.edu/about/directory/dept-of-art-design/keith-lewis.php | https://www.cwu.edu/about/media-resources/news/2024/8/survival-change-and-the-art%20of-keith-lewis.php | https://www.cwu.edu/about/media-resources/news/2024/11/cwu-professor-of-jewelry-metals-design-joins-nyc-jewelry-week-panel.php | https://www.cwu.edu/academics/art/graduate-program/index.php | https://catalog.acalog.cwu.edu/preview_program.php?catoid=89&poid=21337&returnto=7930,,2026-05-29,"verified=not-needed; chair=Keith A. Lewis — CWU Distinguished Professor of Jewelry, Metals, and Design (teaching at CWU since 1994); is the faculty steward of the program. (Formal department-chair name not confirmed; Lewis is the program's lead jewelry/metals faculty.)"
347,program,crafts/metalsdirectorypage/s262.html,Western State College of Colorado,program still exists / chair,"The institution itself was renamed, not the program. ""Western State College of Colorado"" became Western State Colorado University in 2012, then was simplified to Western Colorado University (name adopted Sept 2018, legally finalized via Colorado HB19-1178 signed by Gov. Polis in 2019). The metals/jewelry program survived all renamings and is active today as a jewelry emphasis within the BFA in Art. No closure or merger of the program; leadership of the Art unit is currently Chair Tina Butterfield. The archived directory listing was simply tied to the old institutional name.",merged-renamed,high,https://western.edu/program/jewelry/ | https://western.edu/department/undergraduate/art-program/ | https://en.wikipedia.org/wiki/Western_Colorado_University | https://www.leg.colorado.gov/bills/hb19-1178 | https://catalog.western.edu/undergraduate/courses/art/,,2026-05-29,"verified=verify-failed; chair=Tina Butterfield, MFA, Professor of Art (Chair of Art)"
348,program,crafts/metalsdirectorypage/s263.html,Wichita Center for the Arts,program still exists / chair,"Renamed from Wichita Center for the Arts to Mark Arts in 2016 (honoring benefactor Mary R. Koch; ""Mark"" = Mary R. Koch initials), ahead of relocation. A new purpose-built 40,000 sq ft arts-education building at 1307 N. Rock Road, Wichita, opened January 2018. The institution continues operating and still offers metals/jewelry/enameling instruction as of 2026 (e.g., an ""Enameling for All Skills"" course Jan-Mar 2026). It was never a degree-granting academic program; it is a community art association/school, so the archived directory listing reflects a continuing non-academic institution under a new name.",merged-renamed,high,https://markartsks.com/about/history/ | https://markartsks.com/ | https://alphacharliemarketing.com/work/mark-arts/ | https://markartsks.com/course/enameling-for-all-skills-3/ | https://markartsks.com/meet-our-instructors | https://www.visitwichita.com/listing/mark-arts/25477/,,2026-05-29,verified=verify-failed; chair=
349,program,crafts/metalsdirectorypage/s264.html,Winthrop College,program still exists / chair,"""Winthrop College"" became Winthrop University in 1992 (university status); the directory record predates the rename. The metals/jewelry offering was not closed — it persists as a course/subject area within the Studio Art program. There is an active metals/jewelry faculty member (Anne Fiala) whose stated focus includes metalsmithing, jewelry design, and computer-aided design (CAD), so the program's CAD/CAM-adjacent instruction continues. Department leadership has changed over the period: a 2018 university news item announced Karen Oremus as incoming Fine Arts chair; the current Fine Arts faculty/staff page lists Mark Hamilton as Chair.",merged-renamed,high,https://www.winthrop.edu/cvpa/fine-arts/about-studio-arts.aspx | https://www.winthrop.edu/cvpa/fine-arts/ | https://www.winthrop.edu/cvpa/faculty-staff/fine-arts-faculty.aspx | https://www.winthrop.edu/majors/44/degree-program/fine-art | https://www.winthrop.edu/news-events/karen-oremus-selected-as-new-chair-of-fine-arts-department.aspx | http://winthropfinearts.com/faculty | https://www.winthrop.edu/aboutus/history/brief-history.aspx,,2026-05-29,"verified=verify-failed; chair=Mark Hamilton (Chair, Professor of Fine Arts). Jewelry/metals taught by Anne Fiala (Asst. Professor; MFA Metalsmithing & Jewelry Design, Indiana University; focus includes Computer-Aided Design)."
350,program,crafts/metalsdirectorypage/s266.html,Yakima Valley Community College,program still exists / chair,"The institution dropped ""Community"" and is now Yakima Valley College. The metals/jewelry component reflected in the archived (~2014) directory record no longer appears in the live institution: searches of the current 2025-2026 catalog (catalog.yvcc.edu) and Programs A-Z return ""no results"" for jewelry, metals, or metalsmithing, and the Spring 2025 class-highlights article lists art classes (Drawing I/II, Three-Dimensional Design, Functional Pottery I, Painting I, Digital Photography, art history) with no metals/jewelry offering. The art program continues only as a transfer (DTA) art degree; the metals/jewelry studio area appears discontinued sometime after the directory went offline. The only residual mention of ""jewelry metals"" is an adjunct Arts & Humanities instructor job posting that lists it among possible experience areas — not evidence of an active program.",no,medium,https://www.yvcc.edu/academics/programs-a-z | https://catalog.yvcc.edu/ | https://www.yvcc.edu/news/class-highlights-spring-2025.php | https://www.yvcc.edu/academics/degrees-and-certificates | https://yvcc.edu/profiles/robert-millard.php,,2026-05-29,verified=verify-failed; chair=Not found. Robert Millard appears as a current Art Instructor; no jewelry/metals program head exists.
351,program,crafts/metalsdirectorypage/s267.html,Yavapai College,program still exists / chair,"Continuation with no closure. The jewelry/lapidary/metalsmithing studio area has persisted as part of Yavapai College's Visual Arts program. It was not a degree of its own (it sits inside the Visual Arts / AAFA structure), and that arrangement continues. Course offerings remain active in the catalog through the 2024-2025 and preliminary 2026-2027 years. The Visual Arts program now markets itself via the ycarts.org / ycvisualarts.com site (yc.edu/arts redirects there), with Bryan Robertson as Visual Arts Chair and active jewelry instructors Jami Conroy and Chelsea Stone. No evidence of any leadership disruption tied to the program being threatened; this is a stable continuation.",yes,high,https://www.ycarts.org/ | https://catalog.yc.edu/preview_course_nopop.php?catoid=26&coid=62330 | https://catalog.yc.edu/preview_course_nopop.php?catoid=13&coid=20747 | https://catalog.yc.edu/preview_course_nopop.php?catoid=19&coid=35528 | https://www.ycarts.org/chelsea-stone | https://www.yc.edu/v6/schools/arts/ | https://www.prescottstudiotour.com/yavapai-college-visual-arts.html,,2026-05-29,verified=not-needed; chair=Bryan Robertson (YC Visual Arts Chair). Jewelry/metalsmithing instructors include Jami Conroy and Chelsea Stone.
352,program,crafts/metalsdirectorypage/s268.html,Ohio State University,program still exists / chair,"No metals/jewelry/metalsmithing concentration is offered at OSU today. The current Department of Art's undergraduate and MFA program areas are consistently listed as eight non-metals disciplines (Art and Technology, Ceramics, Film/Video, Glass, Painting and Drawing, Photography, Printmaking, Sculpture). The archived directory record itself listed no start year and no faculty, consistent with a thin or already-defunct listing at the time of archiving. I could not locate any current OSU page, news item, or accreditation/SNAG record documenting an active metals program, nor a dated announcement of a specific closure/merge. Best reading: any art-metals offering at OSU was either discontinued or never developed into a standing degree concentration; it does not exist as of 2026. Notably, OSU does run nearby material areas (Glass and Ceramics) but not metals.",no,medium,https://art.osu.edu/areas | https://art.osu.edu/undergraduate-studies | https://art.osu.edu/ | https://art.osu.edu/grad-studies,,2026-05-29,verified=verify-failed; chair=
353,program,crafts/metalsdirectorypage/s27.html,Cheltenham Center for the Arts,program still exists / chair,"This is a long-running community art center, not an academic degree program, so the metals/jewelry offering has continued uninterrupted as non-credit adult classes. It remains active in 2024-2026 with day and evening jewelry-making courses. Leadership is by an Executive Director (Margaret Griffen); no closure, merger, or rename occurred. The center's web presence simply moved to cheltenhamarts.org, which is why the older directory link went offline.",yes,high,https://cheltenhamarts.org/ | https://cheltenhamarts.org/classes | https://cheltenhamarts.org/jewelry-making-day-10 | https://www.cheltenhamarts.org/jewelry-making-evening-9 | https://cheltenhamarts.org/about-us | https://cheltenhamarts.org/about-us/staff-faculty?page=1 | https://www.linkedin.com/in/margaret-griffen-89b00032/ | https://www.guidestar.org/profile/23-6005434,,2026-05-29,"verified=not-needed; chair=No program chair/department head. Executive Director: Margaret Griffen (as of 2024-2025). Jewelry/metals classes (Day-Thursday, Evening-Tuesday) taught by instructor Marthe Roberts/Shea."
354,program,crafts/metalsdirectorypage/s273.html,Kendall College of Art and Design,program still exists / chair,"The metals/jewelry program (Allesee Metals and Jewelry Design, founded ~2002) ran as a standalone offering until 2020, when KCAD, citing low enrollment, merged industrial design, furniture design, and metals and jewelry design into a new interdisciplinary Product Design BFA. Metals/Jewelry survives as a concentration, not a degree. Separately, in fall 2024 (reported March 2025) KCAD began integrating more fully into Ferris State University as 'Ferris State University's Kendall College of Art and Design,' ending 24 years as a separately operated entity; the Kendall name is retained. KCAD was founded 1928 and merged with Ferris State around 2000-2001.</what_happened>
<parameter name=""notes"">ARCHIVED-RECORD DISCREPANCY: The archived directory lists metals faculty as 'Phillip Carrizzi.' No current source corroborates that name. All recent sources instead identify Phil Renato as founder (~2002) and longtime professor of the Allesee Metals/Jewelry program. The archived name may be an error, an unrelated/earlier faculty member, or a transcription issue; could not confirm 'Phillip Carrizzi' against any live source. Renato findings are independently sourced to Ferris State/KCAD pages including a Jan 2024 Ferris news article. Distinct from the unrelated metals graduate program at Kent State.</notes>
</invoke>
",merged-renamed,high,https://www.ferris.edu/art-design/career-professional-development/for-students/metals-and-jewelry-design-careers.htm | https://www.ferris.edu/art-design/programs/undergraduate/product-design/index.htm | https://www.insidehighered.com/quicktakes/2020/02/21/kendall-college-makes-tough-cuts | https://www.wzzm13.com/article/news/education/kendall-college-makes-changes-due-to-low-enrollment/69-e561d5bd-e4bb-49f0-a72d-7471858f6fff | https://fsutorch.com/2025/03/19/kendall-college-to-integrate-with-ferris/ | https://www.ferris.edu/news/archive/2024/january/renato.htm | https://en.wikipedia.org/wiki/Kendall_College_of_Art_and_Design,,2026-05-29,verified=verify-failed; chair=
355,program,crafts/metalsdirectorypage/s274.html,Stephen F. Austin State University,program still exists / chair,"Continuation, not closure. The program remained active throughout the period since ~2014 and beyond the directory's offline date. SFA reorganized its art unit into the ""School of Art"" within the Micky Elliott College of Fine Arts; the institution also merged into the University of Texas System in 2023, but the metals/jewelry program continued uninterrupted. Lauren Selden remains the lead metals/jewelry faculty member; she completed a 2023-24 professional fellowship (covered by Stina Herrera) and returned. The web presence migrated from the legacy art.sfasu.edu site (now offline) to sfasu.edu/art.",yes,high,https://www.sfasu.edu/art/academics/metal-jewelry | https://www.sfasu.edu/art/about/degrees-areas | https://catalog.sfasu.edu/preview_program.php?catoid=9&poid=3252 | https://catalog.sfasu.edu/preview_program.php?catoid=13&poid=4396 | https://www.sfasu.edu/art/academics/graduate/ma-studio-art | https://www.sfasu.edu/about-sfa/newsroom/2024/sfa-art-professor-selden-brings-back-new-ideas-techniques-perspectives | https://www.sfasu.edu/art/about/faculty-staff,,2026-05-29,"verified=not-needed; chair=Lauren Selden (Professor of Art, metals/jewelry; MFA Arizona State). Stina Herrera covered the program during Selden's 2023-24 fellowship absence. No separate named program ""chair"" is published; the School of Art is led by a director (Dr. David Lewis was the founding director; current director not confirmed on the live faculty page)."
356,program,crafts/metalsdirectorypage/s275.html,Savannah College of Art and Design,program still exists / chair,"Continuation and significant growth. The program (established 1993) has continued uninterrupted since the directory went offline. Jay Song has been chair throughout (since 2009). In May 2026 Jewelers Mutual announced a $10 million, 10-year investment and the jewelry building (Fahm Hall) was renamed ""Jewelers Mutual Studio."" No closure, merger, or rename of the academic program itself; degrees continue as BFA/MA/MFA in Jewelry within the School of Fashion.",yes,high,https://www.scad.edu/academics/programs/jewelry | https://catalog.scad.edu/programs/ | https://www.scad.edu/academics/faculty/jay-h-song | https://www.prnewswire.com/news-releases/jewelers-mutual-studio-opens-bench-jeweler-pathways-at-scad-302777609.html | https://fashionista.com/2025/06/scad-jewelry-program-shines-bright | https://artjewelryforum.org/schools/savannah-college-of-art-and-design/,,2026-05-29,"verified=not-needed; chair=Jay H. Song (Jay Song) — Chair of Jewelry since 2009, professor since 1999"
357,program,crafts/metalsdirectorypage/s29.html,Clark College,program still exists / chair,"Clark College (Vancouver, WA, a public community college) never had a dedicated metals/jewelry degree program; metalsmithing has been offered as a course sequence within the broader Art Department. As of 2026 those courses (Metal Arts I/II/III) remain active and regularly offered. The Art Department's degree structure is now organized around two AFA tracks — Studio Arts (AFA) and Graphic Design (AFA) — plus the transfer AA; metal arts is a concentration/elective within Studio Arts rather than its own credential. No closure found; continuation with the offering folded under the general Art/Studio Arts umbrella. Current chair is Grant Hottle.",merged-renamed,medium,https://catalog.clark.edu/course-descriptions/art/ | https://www.clark.edu/academics/programs/creative-and-communication-arts/fine-arts/ | https://catalog.clark.edu/academic-plans/art/,,2026-05-29,verified=verify-failed; chair=
358,program,crafts/metalsdirectorypage/s3.html,Adams State College (now Adams State University) — Metals/Jewelry,program still exists / chair,"The institution was renamed from Adams State College to Adams State University in 2012. The metals/jewelry program was still active and well-regarded as of January 2015, when it received gemstone collection donations (~$130,000) — at that time it was led/directed by a faculty member referred to as ""Provence,"" NOT by the archived directory's Charlotte Nichols. Charlotte Nichols (archived as 1985-present) is no longer listed among current faculty nor among emeritus faculty; her departure is undated from available sources. Since ~2015 the dedicated Metals & Jewelry concentration disappeared from the Art Department's listed emphases (current emphases include ""Form and Extended Media"" instead), and no current faculty member is identified as teaching metals or jewelry. Net: the Art Department continues, but the distinct metals/jewelry program appears to have been folded/renamed out of existence and its long-time faculty are gone.",merged-renamed,medium,https://www.adams.edu/academics/undergraduate/art/ | https://www.adams.edu/academics/undergraduate/art/art-faculty/ | https://www.adams.edu/news/gemstone-collection-donated-to-adam-state-art-dept/ | https://www.adams.edu/catalog/emeritus-faculty/ | https://spl.cde.state.co.us/artemis/uascserials/uasc111internet/uasc111200910internet.pdf,,2026-05-29,verified=verify-failed; chair=Annaliesa Connor-Meissner (Art Department Chair; specialty ceramics). No dedicated metals/jewelry chair exists.
359,program,crafts/metalsdirectorypage/s30.html,Cleveland Institute of Art,program still exists / chair,"The independent Jewelry + Metals BFA major was consolidated into a new combined Craft + Design major (launched ~2022-23 academic year), with Jewelry + Metals retained only as a concentration alongside Ceramics and Glass. In April 2024 CIA's administration (per Dean Greg Watts) determined it was no longer sustainable to keep five ranked faculty in the combined major and eliminated two positions in Jewelry + Metals — those of longtime professors Kathy Buszkiewicz (faculty since 1983) and Matthew Hollern — effective end of FY2023-24, leaving a single instructor to cover the full breadth of the concentration (soldering, casting, CAD/3D modeling, etc.). A Change.org petition opposed the cuts. The concentration continues to exist but in a substantially reduced/restructured form.",merged-renamed,high,https://www.cia.edu/news/cleveland-institute-of-art-announces-craft-design-major/ | https://www.cia.edu/majors/craft-design/ | https://www.cia.edu/academics/jewelry-metals | https://www.change.org/p/petition-to-keep-kathy-buszkiewicz-and-matthew-hollern-at-cia | https://www.cia.edu/news/craft-design-amplifies-collaborative-approach/ | https://www.cia.edu/faculty-and-staff/kathy-buszkiewicz/ | https://en.wikipedia.org/wiki/Cleveland_Institute_of_Art,,2026-05-29,"verified=verify-failed; chair=Not definitively confirmed. As of 2024 the longtime Jewelry + Metals faculty Kathy Buszkiewicz and Matthew Hollern were cut, leaving one ranked faculty member to cover the concentration; the Craft + Design major head/chair was not confirmed by an accessible source."
360,program,crafts/metalsdirectorypage/s32.html,College of DuPage,program still exists / chair,"Continuation with growth, not closure/merger/rename. The archived faculty record (Kathleen Malec Kamal, 1994 to present) maps to the same person who now teaches as Kathleen Kamal Baum — still active faculty, consistent ~25-year tenure. Since ~2014 the program has continued under her and added/formalized a CAD-CAM track (ART 2254 CAD 3D Modeling for Jewelry plus 3D modeling/printing in the casting course) and a campus Digital Fabrication Studio. The only ""change"" is the instructor's surname (Malec/Kamal -> Kamal Baum); the program itself persists within the Art program / Arts, Communication and Hospitality Division.",yes,high,https://catalog.cod.edu/courses-a-z/art/ | https://www.cod.edu/academics/programs/arts/ | https://catalog.cod.edu/associate-degree-programs/associate-fine-arts-degree-art/ | https://www.cod.edu/academics/divisions/art-comm-hospitality/index.html | https://codjewelry.wordpress.com/jewelry-classes-at-college-of-dupage/ | https://www.cod.edu/faculty/websites/kamalk/index.aspx | https://www.ratemyprofessors.com/professor/372317 | https://www.cod.edu/academics/programs/arts/contact.html,,2026-05-29,"verified=not-needed; chair=Kathleen Kamal Baum (formerly Kathleen Malec / Kathleen Malec Kamal) — professor of jewelry/metalsmithing, ~25+ years at COD; MFA Indiana University 1993. Program is part of the Art faculty; she is the lead jewelry/metals instructor rather than a named ""chair."" Art faculty also include Eric Fuertes, Jill Gower, David Nasca, Mara Baker, Charles Boone, Brad Killam, David Ouellette, Jacqueline Weaver."
361,program,crafts/metalsdirectorypage/s33.html,Colorado State University,program still exists / chair,"Continuation with leadership change. The program remains fully active since ~2014. The archived-record faculty (Nilda Getty, who taught metalsmithing in CSU's Art Department; David La Plantz; Bruce Metcalf) reflect the program's earlier history; current leadership is Haley Bates, Professor of Metalsmithing. The Metals Guild of CSU has been a student/professional engagement body since 2004. No evidence of closure, merger, or renaming.",yes,high,https://art.colostate.edu/degrees-and-programs/studio-bfa/bfa-metalsmithing-and-jewelry/ | https://art.colostate.edu/master-of-fine-arts/mfa-metalsmithing/ | https://www.libarts.colostate.edu/programs/art-studio/metalsmithing/ | https://www.libarts.colostate.edu/people/haleyb/ | https://catalog.colostate.edu/general-catalog/colleges/liberal-arts/art-history/art-major-metalsmithing-concentration/,,2026-05-29,"verified=not-needed; chair=Haley Bates, Professor of Metalsmithing and area coordinator / Graduate Program Coordinator (not the department chair, but the metals program head)."
362,program,crafts/metalsdirectorypage/s34.html,College of the Redwoods,program still exists / chair,"Jeff Georgantes (the archived ""1987 to present"" faculty) actually LEFT College of the Redwoods long before the directory went offline — he taught there ~15 years, then coordinated Jewelry/Metals at the Mendocino Art Center (early 1990s–2005), and since 2005 has headed the Jewelry/Metals program at Dartmouth College. So the archived faculty record was already stale by 2014. The discipline itself continued at College of the Redwoods but was absorbed into the general Art Department's Studio Arts offerings rather than existing as a named standalone metals program. As of recent years it remains active: a Fall 2021 ART 60 (Intro to Jewelry and Metalsmithing) syllabus exists, the college recruited an Associate Faculty member in Art-Jewelry and Metalsmithing, the 2024-2025 catalog lists Art courses, and the new Creative Arts building includes a jewelry studio. No leadership ""head of metals"" role is publicly identified now.",merged-renamed,medium,https://www.redwoods.edu/academics/art.php | https://www.redwoods.edu/fs/syllabi/art/2021F-ART60-E1821-Lund.pdf | https://employment.redwoods.edu/postings/4324 | https://www.redwoods.edu/academics/catalog/2024-2025.pdf | https://www.jeffgeorgantes.com/about,,2026-05-29,verified=verify-failed; chair=No program chair specifically for metals; named Art faculty include Natalia Margulis and Lupe Galvan. ART 60 was taught by an instructor named Lund (Fall 2021). Jewelry/metals is taught largely by associate (adjunct) faculty.
363,program,crafts/metalsdirectorypage/s35.html,Columbia College,program still exists / chair,"If the entry refers to Columbia College Chicago (the most likely match — it is the only ""Columbia College"" with a serious art-school identity and AICAD membership, and historically taught jewelry/metals within its Art & Art History / Fine Arts program): the metals/jewelry offering was never a standalone degree and has been absorbed into the general Fine Arts curriculum and the campus Fabrication Facility (a 15,000 sq ft shared making space with jewelry/metalworking stations, soldering room, pickle pot, etc.). In December 2024 the college announced budget-driven cuts: it is discontinuing the standalone Fine Arts MFA, Art History BA, and several other degrees (new-student enrollment ending Fall 2025) and consolidating Fine Arts/Photography/Illustration toward a single Visual Arts BA, with disciplines like metals continuing only as course content/concentrations. So: no closure of a named metals program (there wasn't one), but the umbrella Fine Arts program that contained it is being restructured/renamed into Visual Arts.",merged-renamed,low,https://www.colum.edu/academics/visual-arts/ | https://www.colum.edu/academics/creative-and-media-spaces/fabrication-facility | https://catalog.colum.edu/preview_entity.php?catoid=15&ent_oid=1844 | https://www.highereddive.com/news/columbia-college-chicago-cut-11-programs-25-faculty-jobs/735843/ | https://www.cbsnews.com/chicago/news/columbia-college-chicago-discontinue-programs/ | https://www.silversmithing.com/schools.htm | https://www.metalcyberspace.com/schools.htm | https://www.ccis.edu/events/summer-camps/bling-it-on-camp | https://www.columbiasc.edu/academics/undergraduate/studio-art,,2026-05-29,verified=verify-failed; chair=Not findable. No metals/jewelry program head exists; the area is not a discrete program.
364,program,crafts/metalsdirectorypage/s36.html,Columbus College of Art and Design (CCAD) — Jewelry / Metalsmithing,program still exists / chair,"The most plausible match for the archived ""Columbus College"" listing is Columbus College of Art and Design (CCAD) in Columbus, Ohio. CCAD's jewelry program was founded and long led by Kelly Malec-Kosak, who has since retired (Professor Emeritus, after 23 years). Since ~2014 the discipline has continued but appears to have been folded into the broader Fine Arts BFA/MFA rather than maintained as a discretely branded metals/jewelry program; jewelry/metalsmithing remains an active area of study with dedicated facilities and CCAD still recruits adjuncts in metalsmithing/jewelry. Leadership of Fine Arts is now Julie Abijanac. No closure found — the activity continues, but as part of Fine Arts, which is why I classify it as merged/renamed rather than a standalone continuation.",merged-renamed,medium,https://www.ccad.edu/academics/undergraduate-degrees/fine-arts | https://www.ccad.edu/people/kelly-malec-kosak | https://en.wikipedia.org/wiki/Columbus_College_of_Art_and_Design | https://www.ccad.edu/academics/undergraduate-degrees | https://www.metalcyberspace.com/schools.htm,,2026-05-29,verified=verify-failed; chair=Julie Abijanac (Chair of MFA/BFA Fine Arts). Program founder Kelly Malec-Kosak is now Professor Emeritus of Fine Arts (taught 23 years).
365,program,crafts/metalsdirectorypage/s42.html,Cranbrook Academy of Art,program still exists / chair,"Continuation. The archived record's ""Gary S. Griffin 1984 to present"" is outdated — Griffin led Metalsmithing through 2006, when Iris Eichenberg took over as Artist-in-Residence/Head. She remains in that role through 2024-2025 with no closure, merger, or rename. The MFA-in-Metalsmithing structure within Cranbrook Academy of Art is unchanged since ~2014.",yes,high,https://cranbrookart.edu/departments/metalsmithing/ | https://en.wikipedia.org/wiki/Cranbrook_Academy_of_Art | https://artjewelryforum.org/schools/cranbrook-academy-of-art/ | https://center.cranbrook.edu/surface-levelscranbrook-new-work-cranbrook-academy-art-metalsmithing-department,,2026-05-29,verified=not-needed; chair=Iris Eichenberg (Artist-in-Residence and Head of Metalsmithing since 2006)
366,program,crafts/metalsdirectorypage/s43.html,Dakota State University,program still exists / chair,"The archived ""metals"" listing appears to be a directory artifact built around one studio-art professor, Allan C. Fisher (hired 1990), who taught Ceramics & Sculpture and worked in cast bronze and jeweler's wax -- not a standalone metals/jewelry program or degree. Fisher left DSU (reported as retiring ""after 10 years in Madison,"" i.e. roughly the early-2000s) and later volunteered teaching art at the South Dakota penitentiary. DSU is a teacher-training school (founded 1881) that the 1984 legislature redirected toward computing/technology; it is now known primarily for cybersecurity and digital arts. There is no evidence DSU ever conferred a metals or jewelry degree, and none exists today. No metals/jewelry program head is findable because no such program exists.",no,medium,https://dsu.edu/academics/majors-degrees.html | https://dsu.edu/academics/colleges/college-of-arts-and-sciences/index.html | https://catalog.dsu.edu/preview_program.php?catoid=20&poid=1375 | https://catalog.dsu.edu/preview_program.php?catoid=44&poid=3715 | https://en.wikipedia.org/wiki/Dakota_State_University | http://www.allancfisher.com/sculpture.html | https://www.keloland.com/news/the-prison-artists/,,2026-05-29,verified=verify-failed; chair=
367,program,crafts/metalsdirectorypage/s44.html,Dallas Jewelry Institute,program still exists / chair,"No evidence of continuation, closure, merge, or rename could be located. The archived directory record carries no start date and no faculty (""n/a""), consistent with a small private/proprietary jewelry-training operation rather than an accredited college program. Such operations commonly closed quietly in the 2010s. Because the entity left essentially no durable web footprint, its status since ~2014 cannot be established. No safe assumption of survival can be made; treating it as likely defunct/inactive is plausible but unconfirmed.",unknown,low,https://texasjewelers.org/texas-jewelry-educational-programs/ | https://www.jewelers.org/jewelry-careers/jewelry-schools-directory | https://metalsmithsociety.com/pages/where-to-take-classes | https://archive.org/wayback/available?url=dallasjewelryinstitute.com,,2026-05-29,verified=verify-failed; chair=
368,program,crafts/metalsdirectorypage/s45.html,"Dunconor Workshops (Harold O'Connor / Dunconor Books), Salida, Colorado",program still exists / chair,"This directory entry is not a school in the academic sense. ""Dunconor"" is a private venture of metalsmith Harold O'Connor (b. 1941, Utica NY; based in Salida, Colorado): his own studio, his workshop-teaching business, and his book imprint ""Dunconor Books."" The archived ""faculty: Harold O'Connor 1993 to present"" simply reflects that he is the sole teacher. O'Connor has taught short workshops at 260-300+ schools across North America and in 14-23 countries for 50+ years. Because the entity is one aging individual's practice rather than an institution, its continuation depends entirely on him; his personal site (haroldoconnor.com) remains live and he was still being celebrated as Salida's master goldsmith as recently as 2024 (local Instagram feature), but no source confirms whether the Dunconor workshop program is still actively running or has wound down. No closure, merger, or institutional rename applies because it was never an institution.",unknown,medium,https://www.haroldoconnor.com/ | https://artjewelryforum.org/interviews/harold-oaeconnor/ | https://www.aaa.si.edu/collections/interviews/oral-history-interview-harold-oconnor-13675 | https://americanart.si.edu/artist/harold-oconnor-6323 | https://www.interweave.com/article/jewelry/meet-jewelry-artist-harold-oconnor/ | https://www.instagram.com/eyecandy_salida/p/C7KQSsUpsKk/,,2026-05-29,verified=verify-failed; chair=Harold O'Connor (sole proprietor / instructor)
369,program,crafts/metalsdirectorypage/s46.html,East Carolina University — Metal Design,program still exists / chair,"Continuation with leadership turnover. The program described in the ~2014-era archive (John Satterfield 1967-2000; Linda Darty 1990-present) continues uninterrupted under newer faculty. Satterfield (founder of the silversmithing program) long retired; Darty appears to have moved into emeritus/retired status (her ECU page is now a ""_trashed"" URL) while remaining tied to ECU's Italy Intensives. The metals area is now led by faculty including Mi-Sook Hur, Tim Lazure, and Ken Bova, with Robert Ebendorf as a distinguished professor. No closure, merger, or rename — it remains the ""Metal Design"" concentration within the School of Art & Design.",yes,high,https://art.ecu.edu/ug20/mtd/ | https://art.ecu.edu/mfa/ | https://art.ecu.edu/undergraduate/bfa-in-art/ | https://art.ecu.edu/faculty-staff/mi-sook-hur/ | https://news.ecu.edu/2024/05/16/hur-receives-fulbright-to-research-invigorate-traditional-korean-crafts/ | https://art.ecu.edu/faculty-staff__trashed/linda-darty/ | https://www.enamelarts.org/linda-darty/ | https://ecusymposium.com/about-us/ | https://catalog.ecu.edu/preview_program.php?catoid=37&poid=9986,,2026-05-29,"verified=not-needed; chair=No single named program coordinator confirmed on current pages. Metal design faculty listed: Tim Lazure (MFA), Ken Bova (MFA), and Mi-Sook Hur (MFA, Professor; 2024-25 Fulbright Scholar for Korean enameling). Robert Ebendorf is/was the Carol Grotnes Belk Distinguished Professor of Art. Linda Darty (in archived record) long coordinated metals/enamels and runs ECU's Italy Intensives; she now appears under a ""_trashed""/retired faculty URL, suggesting emeritus/departed status."
370,program,crafts/metalsdirectorypage/s48.html,East Tennessee State University,program still exists / chair,"The metals/jewelry program continues uninterrupted as part of the Department of Art & Design. Leadership of the area changed: the archived faculty member David G. Logan (listed ""1979 to present"") is no longer on the faculty; the jewelry/metals area is now led by Professor Mindy Herrin-Lewis (M.F.A., Indiana University). David Logan does not appear in the current faculty directory, indicating retirement/departure since the archived record. The current Department of Art & Design chair is Tao Huang. No closure, merger, or renaming of the program was found.",yes,high,https://www.etsu.edu/cas/art/areas_of_study/jewelrydesign.php | https://www.etsu.edu/cas/art/faculty-staff.php | https://www.etsu.edu/cas/art/areas_of_study/areas.php | http://www.etsumetals.com/,,2026-05-29,"verified=not-needed; chair=Mindy Herrin-Lewis (Professor, Jewelry/Metals area). Department Chair of Art & Design: Tao Huang."
371,program,crafts/metalsdirectorypage/s49.html,East Texas Baptist University,program still exists / chair,"There was never a metals/jewelry program at ETBU to close, merge, or rename. The archived directory record carries ""metals program started: unknown"" and ""faculty: n/a,"" consistent with an erroneous/stub directory entry. The university's 2010-2011 academic catalog lists only a single general elective art course (ARTS 1302 Fundamentals of Art) and zero jewelry/metals/metalsmithing/silversmithing/goldsmithing courses anywhere in the catalog; there was no art major then and none now. Note web searches frequently confuse ETBU with East Tennessee State University (ETSU), which does run a Jewelry & Metals area — the rich ""piercing, soldering, casting"" course descriptions returned by search belong to ETSU, not ETBU. Since ~2014 ETBU's visual-arts side has consolidated around Visual Communication (and briefly a Digital Arts BA that was discontinued after 2022-2023); no metals program figured in any of it.",no,high,https://www.etbu.edu/academics/academic-majors-and-minors-quick-reference | https://www.etbu.edu/sites/default/files/downloads/2010-2011.pdf | https://www.etbu.edu/info-for/current-students/academic-catalogs | https://www.etsu.edu/cas/art/areas_of_study/jewelrydesign.php | https://www.etbu.edu/academics/academic-schools/school-communication-performing-arts/department-communication/programs/digital-arts-ba,,2026-05-29,verified=verify-failed; chair=
372,program,crafts/metalsdirectorypage/s5.html,"Appalachian Center for Crafts, Tennessee Technological University (Metals/Metalsmithing program)",program still exists / chair,"Continuation with a leadership change. Robert Coogan, who founded the metals program and became its head in 1981, retired from the ACC in 2015 after ~35 years and roughly 700 students. The metals/blacksmithing teaching line was taken over by Daniel Randall (listed as assistant professor c.2018-2019, promoted to associate professor by ~2023-2024). Institutionally the program continued and was reorganized under the School of Art, Craft & Design within Tennessee Tech's College of Fine Arts, with the ACC functioning as the residential craft campus. The program remains active in 2024-2025 with degree concentrations and an ongoing public workshop program.",yes,high,https://www.tntech.edu/fine-arts/craftcenter/about.php | https://www.tntech.edu/fine-arts/craftcenter/staff.php | https://www.tntech.edu/directory/fine-arts/art/daniel-randall.php | https://www.tntech.edu/fine-arts/art/index.php | https://www.metalmuseum.org/post/2018/02/20/inside-the-collection-robert-coogan | https://www.tntech.edu/news/releases/24-25/techs-appalachian-center-for-craft-announces-2025-summer-workshop-season.php,,2026-05-29,"verified=not-needed; chair=Daniel Randall, Associate Professor, oversees the Metalsmithing & Blacksmithing concentration (the metals teaching line that succeeded Coogan). Kimberly Winkle is Director & Professor of the Appalachian Center for Craft overall. Talia Tax is listed as a Metals Artist-in-Residence."
373,program,crafts/metalsdirectorypage/s50.html,Eastern Illinois University,program still exists / chair,"Continuation. The metals/jewelry offering has persisted as part of the 3D studio curriculum. The department was renamed from ""Department of Art"" to ""Department of Art + Design"" in recent years. As of 2026 the program is active, with Chris Kahler serving as chair and Erin M. Rice teaching metalsmithing. No closure or merger of the metals area was found; it remains embedded in the studio art degrees rather than being a freestanding metals/jewelry degree.",yes,high,https://www.eiu.edu/art/undergrad_3d_studio.php | https://www.eiu.edu/art/ | https://www.eiu.edu/art/personnel.php | https://www.eiu.edu/artgrad/grad_studio.php | https://www.eiu.edu/art/courses.php,,2026-05-29,"verified=not-needed; chair=Chris Kahler, Department Chair (Department of Art + Design). Metalsmithing taught by Erin M. Rice, Instructor of Metalsmithing (emrice@eiu.edu)."
374,program,crafts/metalsdirectorypage/s51.html,Eastern Kentucky University,program still exists / chair,"Continuation with leadership change. The archived faculty member, Tim Glotzbach, taught ~21 years at EKU but left well before 2014 — he became Director of Berea College Student Crafts Industries (Aug 2007–June 2018) and is now retired. The EKU jewelry/metals program continued under new faculty (Felicia Szorad is the current Jewelry and Metals professor). The department reorganized as the ""School of Art & Design"" within the College of Letters, Arts & Social Sciences, now led by Executive Director Ida Kumoji-Ankrah. The program remains active in 2025–2026, evidenced by a current EKU job posting for a ""Jewelry and Metals Studio Technician."" The old art.eku.edu subdomain now 301-redirects to www.eku.edu/class/art-and-design/.",yes,high,https://art.eku.edu/jewelry-and-metals | https://www.eku.edu/class/art-and-design/bfa-art-design-studio/ | https://catalogs.eku.edu/course-descriptions/art/ | https://catalogs.eku.edu/undergraduate/letters-arts-social-sciences/institute-creative-collaborative-arts-communication-music-design/art-design/ | https://careers.eku.edu/jobs/jewelry-and-metals-studio-technician-richmond-campus-kentucky-united-states | https://magazine.berea.edu/summer-2015/tim-glotzbach/,,2026-05-29,"verified=not-needed; chair=Ida Kumoji-Ankrah, Executive Director, School of Art & Design (per 2025 catalog). Jewelry/Metals faculty: Felicia Szorad."
375,program,crafts/metalsdirectorypage/s52.html,Eastern Michigan University,program still exists / chair,"Continuation with significant investment, not closure. The archived record (Thomas S. Madden, 1990-1993) predates the program's most recent era by decades. The jewelry/metalsmithing program has remained active continuously. Long-serving metals professor Gretchen Otto (present at least through ~2011) appears to have since retired (her papers are in EMU Archives). Since ~2014 the major development is the 3D Arts Complex initiative: Board of Regents approved a 3D Arts capital project, Windgate Foundation gifts (totaling ~$3.4M), groundbreaking April 2023, and grand opening/dedication of the Windgate Arts Complex on Sept 12, 2024 — consolidating metalsmithing with the other 3D disciplines under one roof for the first time. Students also have the Eastern Silversmiths Guild and ties to the Michigan Silversmiths Guild.",yes,high,https://www.emich.edu/art/areas-of-study/metalsmithing/index.php | https://www.silversmithing.com/schools.htm | https://today.emich.edu/story/story/12818 | https://today.emich.edu/story/story/11793 | https://www.easternecho.com/article/2024/09/emu-unveils-new-windgate-arts-complex-in-dedication-ceremony | https://catalog.emich.edu/preview_program.php?catoid=41&poid=17841 | https://www.emich.edu/art/programs/graduate-programs/mfa/index.php | https://aspace.emich.edu/repositories/2/archival_objects/71532,,2026-05-29,"verified=not-needed; chair=Sandra Murchison is Professor & Director of the School of Art & Design (school head, not metals-specific). The current dedicated metalsmithing-area faculty member was not definitively confirmed from public sources. Gretchen Otto was the longtime metals professor (listed ~2011 in the SNAG/silversmithing schools directory, gotto@emich.edu); her records are now in the EMU Archives, suggesting she has retired."
376,program,crafts/metalsdirectorypage/s53.html,Eastern New Mexico University,program still exists / chair,"Continuation with a leadership/faculty change. The archived record lists Gregory P. Senn (hired Aug 1986) as the metals/jewelry faculty. Senn was still teaching jewelry/sculpture/3D design as of a Dec 6, 2017 ENMU news profile, where at 32 years of service he stated ""retirement looks good."" He no longer appears on the current ENMU Department of Art faculty page (which lists Maria Farhadi [graphic design], Julian Francolino [art history], Annapurna Kumar [2D animation], Donnie O'Hare [photography], and gallery curator Bryan Hahn), indicating he has since left/retired. The jewelry/small-metals offering survived as a medium within the BFA Visual Arts emphasis, but the program no longer has a clearly named dedicated metals instructor on the public faculty roster.",yes,medium,https://www.enmu.edu/academics/colleges-departments/college-of-fine-arts/academic-departments/department-of-art | https://www.enmu.edu/academics/colleges-departments/college-of-fine-arts/academic-departments/department-of-art/faculty-staff-art | https://www.enmu.edu/academics/degrees-programs/undergraduate-degree/bachelor/visual-arts | https://www.enmu.edu/about/news-and-events/enmu-news/general-news/2388-art-professor-passionate-about-scuba-diving | https://www.enmu.edu/academics/colleges-departments/college-of-fine-arts/academic-departments/department-of-art/degree-programs-art/undergraduate/bfa-degree-options,,2026-05-29,"verified=not-needed; chair=Not confirmed. The current ENMU art faculty/staff web page does not name a department chair; search hints suggested a combined Art & Music chair arrangement under Dean of Fine Arts David Steffens, but this could not be verified. No current metals/jewelry specialist faculty member is named on the live faculty page."
377,program,crafts/metalsdirectorypage/s54.html,Eastfield College,program still exists / chair,"Eastfield College ceased to exist as an independently accredited institution. In Feb 2020 the Dallas County Community College District applied to SACSCOC to consolidate its seven separately accredited colleges (Brookhaven, Cedar Valley, Eastfield, El Centro, Mountain View, North Lake, Richland) into one institution; SACSCOC approved on June 12, 2020. The district rebranded as ""Dallas College"" and the former colleges became campuses. Eastfield is now ""Dallas College – Eastfield Campus."" The metals/jewelry offering was always coursework within Eastfield's Visual Art department rather than a degree program, and it continues — the live Eastfield Visual Art page still lists ""art metals"" among its studio areas, and ARTS 2341 (metalsmithing) appears in recent (2023-24, Spring 2024/2025) Dallas College catalogs/schedules at the Eastfield campus.",merged-renamed,high,https://www.dallascollege.edu/cd/credit/art/efc/pages/visual-art.aspx | https://www.dallascollege.edu/gps/2024/studio-art-and-design-studiesgraphic-design/ | https://www.dallascollege.edu/news/2020/dcccd-receives-approval-for-single-accreditation-paving-way-for-dallas-college/ | https://www.dallascollege.edu/locations/eastfield/ | https://www1.dcccd.edu/Cat22-23/coursedescriptions/detail.cfm?course=ARTS&number=2341 | http://eastfieldnews.com/2021/03/04/dallas-college-approved-to-operate-as-one-college/,,2026-05-29,"verified=verify-failed; chair=Not individually findable. Program contact is the School of Creative Arts, Entertainment and Design (972-860-8912 / PathwaySuccess@DallasCollege.edu); no named art metals coordinator published."
378,program,crafts/metalsdirectorypage/s55.html,Edinboro University of Pennsylvania,program still exists / chair,"The institution was not closed. On 2022-03-10 the PASSHE board approved integrating Edinboro University with Clarion University and California University of Pennsylvania, effective 2022-07-01. California University was the surviving institution and was renamed Pennsylvania Western University (PennWest); the Edinboro site now operates as ""PennWest Edinboro."" Edinboro University of Pennsylvania's separate accreditation and PA degree-granting authority ceased 2022-07-01. The metals/jewelry program continued through this transition uninterrupted and remains active at both undergraduate and graduate levels. The archived faculty record (Gene Bahling, 1969–) is long superseded; current metals faculty are Amendolara and Counard.",merged-renamed,high,https://www.pennwest.edu/academics/programs/studio-art-grad/jewelry-metalsmithing.php | https://www.pennwest.edu/academics/programs/studio-arts/jewelry-metals.php | https://www.pennwest.edu/academics/programs/minors/jewelry-metals-minor.php | https://en.wikipedia.org/wiki/PennWest_Edinboro | https://www.msche.org/institution/0497/ | https://americanart.si.edu/artist/suzanne-l-amendolara-27223,,2026-05-29,"verified=verify-failed; chair=No single program head publicly listed for metals. Jewelry/metalsmithing faculty: Sue (Suzanne) Amendolara, Professor (teaching at Edinboro since 1991; SNAG president 2011–2014), and Cappy Counard, Professor. (Department-level chair not confirmed from sources reviewed.)"
379,program,crafts/metalsdirectorypage/s56.html,Emporia State University,program still exists / chair,"The directory's metals/jewelry listing for Emporia State has been superseded. The SNAG community-links schools directory now lists ESU as ""Art Department / Engraving"" (contact jehlers@emporia.edu) rather than metals/jewelry, and ESU is not listed in the Metalcyberspace metals-schools directory. The program's metal-focused craft activity now lives inside the Engraving Arts concentration (which ESU markets as the world's only engraving BFA). Separately, ESU underwent a major 2022 restructuring under President Ken Hush (33 faculty/staff terminated Sept 2022, multiple programs suspended; AAUP investigated), followed by a publicized ""Reinvestment in Art"" initiative (new hires, King Hall renovations). Engraving program leader James Ehlers chaired Art through 2024 then moved to Baylor; leadership has changed since.",merged-renamed,medium,https://www.emporia.edu/visual-and-performing-arts/art/ | https://www.emporia.edu/visual-and-performing-arts/art/bachelor-fine-arts/bachelor-fine-arts-engraving-arts-concentration/ | https://snagmetalsmith.org/resources/community-links/page/2/?_community_link_type=schools | https://www.insidehighered.com/news/2022/09/21/why-emporia-state-axed-33-employees | https://www.emporia.edu/about-emporia-state-university/forward-focused-future-ready/reinvestment-in-art/ | https://kvoe.com/2023/01/23/esu-announces-department-reorganization-and-promotion-of-two-professors-as-part-of-reinvestment-initiative-monday/ | https://art.artsandsciences.baylor.edu/sites/g/files/ecbvkj1471/files/2024-06/James%20Ehlers%20CV_0.pdf | https://www.metalcyberspace.com/schools.htm,,2026-05-29,"verified=verify-failed; chair=James Ehlers was Don and Mary Glaser Distinguished Professor of Engraving Arts and chair of the Department of Art (at ESU 2007–2024; served as interim Dean of the School of Visual + Performing Arts 2023–2024, then left for Baylor University in 2024). Current chair/director post-2024 not definitively confirmed; some 2024 references name Katherine Iselin as interim art director. Treat current head as uncertain."
380,program,crafts/metalsdirectorypage/s57.html,Fashion Institute of Technology,program still exists / chair,"Continuation. The program has run uninterrupted through and since ~2014. It remains the AAS Jewelry Design major at FIT (a SUNY college), now housed in the School of Art and Design. No closure, merger, or rename was found — only modernization of the curriculum (added CAD/3D-printing/CAM emphasis alongside traditional metalsmithing). Current leadership is chairperson Michael Coan with assistant chair Kim Nelson; FIT has also recently posted full-time faculty hiring for Jewelry Design, indicating ongoing investment.",yes,high,https://www.fitnyc.edu/jewelry-design/program/index.php | https://catalog.fitnyc.edu/undergraduate/majors/twoyearassociatedegreeprograms/jewelrydesignmajor/ | https://www.fitnyc.edu/academics/academic-divisions/art-and-design/jewelry-design/degree-details/index.php | https://www.fitnyc.edu/jewelry-design/faculty.php | https://www.linkedin.com/in/kim-nelson-6031b157/ | https://www.higheredjobs.com/faculty/details.cfm?JobCode=179206413 | https://www.fitnyc.edu/about/history.php,,2026-05-29,"verified=not-needed; chair=Michael Coan (Assistant Professor and Chairperson, Jewelry Design Department); Kim Nelson (Assistant Chairperson)"
381,program,crafts/metalsdirectorypage/s58.html,Flagler College,program still exists / chair,"The archived directory entry was anchored to Enzo Torcoletti, who taught at Flagler 1971-present per the record. However, Torcoletti is a sculptor/printmaker/art historian (MFA Sculpture, FSU 1971; BFA Sculpture & Printmaking, U. Windsor), NOT a metalsmith — he taught Sculpture, Drawing, and Art History. There is no evidence Flagler ever ran a dedicated metals/jewelry program; the directory likely cataloged him as a 3D/crafts faculty contact. Since ~2014, Torcoletti has become Emeritus Professor of Art (now primarily a stone-carving studio sculptor in St. Augustine). The Fine Arts program continues with sculpture and printmaking among its concentrations, but no metals/jewelry offering appears. So as a ""metals/jewelry program,"" it effectively never existed and does not exist now; the surrounding Fine Arts program continues.",no,medium,https://www.flagler.edu/academics/degrees-programs/visual-arts/fine-arts | https://www.flagler.edu/academics/degrees-programs/visual-arts/bachelor-fine-arts-bfa | https://www.flagler.edu/academics/degrees-programs/school-creative-arts-and-letters | https://catalog.flagler.edu/preview_program.php?catoid=7&poid=882 | https://artsondouglas.net/collections/enzo-torcoletti | https://historiccoastculture.com/artist/enzo-torcoletti/,,2026-05-29,"verified=verify-failed; chair=Leslie Robison (Dean/Professor) leads the visual arts faculty; she is the senior named faculty member rather than a confirmed ""department chair."" Other Fine Arts faculty: Laura Mongiovi, Sara Pedigo."
382,program,crafts/metalsdirectorypage/s59.html,Florida Atlantic University,program still exists / chair,"The archived ""metals"" listing reflects the era of William Lattimer, who taught crafts, jewelry, and sculpture in FAU's Department of Art for more than twenty years (the ""1965 to present"" archived note is long outdated; FAU's own public-art page describes his tenure in the past tense and displays his sculpture ""Bird Forms"" as a legacy/memorial piece). The dedicated metals/jewelry/crafts offering did not survive into the current curriculum. As of 2025-2026, FAU's BFA in Studio Art (now under the Department of Visual Arts & Art History) lists only Ceramics, Painting, Photography, Printmaking, and Sculpture as concentrations, with no metals/jewelry area head among the listed faculty (Printmaking, Graphic Design, Painting/Drawing, Sculpture, Photography, Ceramics, Art History). The metals program effectively ended/was discontinued after Lattimer's tenure; no current metals coursework or faculty was found. Department is now chaired by Joseph Velasquez.",no,medium,https://www.fau.edu/artsandletters/galleries/public-art/boca-campus/admin-stairs/ | https://www.fau.edu/artsandletters/vaah/bfa-sa/ | https://www.fau.edu/artsandletters/vaah/faculty/ | https://www.fau.edu/artsandletters/vaah/,,2026-05-29,"verified=verify-failed; chair=Joseph Velasquez (Department Chair, Head of Printmaking, Associate Professor)"
383,program,crafts/metalsdirectorypage/s6.html,Arizona State University,program still exists / chair,"The metals/jewelry program — built into national prominence by David Pimentel (taught 1973–2004, died 2004) and earlier by Charles Loloma and Bob Winston — continues uninterrupted. Becky McDonah headed the metals area 2005–2012, then left for Millersville University in July 2012. No closure, merger, or rename has occurred; metals remains one of the named studio areas in the ASU School of Art's BFA and MFA degrees, and ASU still maintains one of the best-equipped metals studios in the US. The School of Art is housed within the Herberger Institute for Design and the Arts.",yes,high,https://degrees.apps.asu.edu/bachelors/major/ASU00/FAARTMBFA/art-metals | https://art.asu.edu/masters-degrees-phds/majorinfo/HIARTMFA/graduate/false/12 | https://www.metalmuseum.org/post/inside-the-collection-david-pimentel | https://news.asu.edu/content/metals-students-create-works-beauty-endurance | https://www.millersville.edu/art/faculty-and-staff/tenured/mcdonah-b.php | https://art.asu.edu/,,2026-05-29,verified=not-needed; chair=
384,program,crafts/metalsdirectorypage/s65.html,Florida Gulf Coast Art Center,program still exists / chair,"Closed. The Florida Gulf Coast Art Center was a non-degree community art center in Belleair, FL (roots to the Belleair Arts Center, ~1936; long-running facility on land donated 1944, built 1948). It ran art classes/workshops and, in the 1980s, partnered with the Florida Society of Goldsmiths (FSG) on art-metal/jewelry workshops and the first exhibition of art-metal jewelry by Florida artists (May 1986). In 1999 the organization relocated to Pinewood Cultural Park in Largo, FL and was renamed the Gulf Coast Museum of Art. Facing severe financial pressure, the Gulf Coast Museum of Art closed in January 2009. Its permanent collection (contemporary Florida art) was transferred to St. Petersburg College (Florida International Museum), and the Largo building later became The Gallery at Creative Pinellas. The closure (2009) predates the directory's ~2014 offline window, so by the archived snapshot the program no longer existed.",no,high,https://en.wikipedia.org/wiki/Gulf_Coast_Museum_of_Art | https://www.tampabay.com/archive/2008/08/29/struggling-gulf-coast-museum-to-close/ | https://www.cltampa.com/arts/thanks-to-spc-the-gulf-coast-museums-collection-of-tampa-bay-artists-remains-intact-12272209/ | https://www.fsgmetalsmiths.org/history | https://www.corporationwiki.com/Florida/Belleair/florida-gulf-coast-art-center-foundation-inc-4143868.aspx | https://www.tampabay.com/archive/1994/05/09/center-s-future-is-still-a-question/ | https://www.floridamemory.com/items/show/87835,,2026-05-29,verified=verify-failed; chair=None (organization defunct since 2009). Last director of the successor Gulf Coast Museum of Art was Michelle Turman (c. 2007-2009).
385,program,crafts/metalsdirectorypage/s66.html,Florida Keys Community College,program still exists / chair,"The metals/jewelry listing does not survive. Florida Keys Community College was renamed The College of the Florida Keys in 2019 to reflect its new baccalaureate-granting status (first bachelor's degree launched Jan 2017; name-change bill filed 2017-2019, approved 2019). Any jewelry/metals instruction that existed circa 2014 would have been a non-credit community/continuing-education offering rather than a degree program; no such class appears in current offerings, and the college has no art/craft department now. The institution never appears in the Society of American Silversmiths (SNAG-affiliated) school directory.",no,medium,https://www.cfk.edu/academics/academic-departments/ | https://www.cfk.edu/discover/history-of-cfk/ | https://en.wikipedia.org/wiki/College_of_the_Florida_Keys | https://www.silversmithing.com/schools.htm | https://www.cfk.edu/academics/continuing-education/,,2026-05-29,verified=verify-failed; chair=
386,program,crafts/metalsdirectorypage/s67.html,Georgia State University,program still exists / chair,"The metals/jewelry program appears to have been discontinued as a standalone concentration. The archived directory listed Richard Mafong as faculty ""to present,"" but Georgia State's own current records (e.g., a Digital Library of Georgia archival entry) describe him as a ""former"" GSU professor, indicating he has left/retired. The school awarded a BFA in ""Jewelry Design and Metalsmithing"" as recently as 1997 (a documented graduate studied under Mafong), confirming the program once existed. Today the Welch School lists nine studio concentrations and none is jewelry or metals, so the dedicated program no longer exists as a degree path. A metal shop/iron forge still exists within the Sculpture facilities, and some jewelry-related coursework may persist, but there is no jewelry/metals concentration or degree. The exact closure date and whether it formally merged into Sculpture could not be confirmed from available sources.",no,medium,https://artdesign.gsu.edu/undergraduate/ | https://thearts.gsu.edu/college-of-the-arts/academics/explore-majors-programs/ | https://dlg.usg.edu/record/gsu_ajc_4591 | https://www.metalartsguildga.org/instructors/kathy-kinev | https://artdesign.gsu.edu/,,2026-05-29,verified=verify-failed; chair=
387,program,crafts/metalsdirectorypage/s68.html,Georgian Court College,program still exists / chair,"The institution itself continues: Georgian Court College became Georgian Court University in February 2004 (NJ Commission on Higher Education granted university status). The archived ""metals program"" entry hinged on faculty member Geraldine (Khaner) Velasquez, who taught in the art department from 1980 to 2015 — introducing studio crafts including jewelry/enamel/fiber and chairing the art, communication, graphic design and multimedia departments. She retired in 2015. Since then the broader Visual Art major has continued under the renamed Department of Art & Visual Studies, but no metals/jewelry/metalsmithing curriculum is present in the current catalog or course list. There is no evidence of a formally named, standalone metals program being closed or renamed — rather, the crafts/jewelry teaching appears to have been tied to Velasquez and did not continue as a distinct offering after her 2015 retirement. The archived record's ""1980 to present"" reflects the directory's pre-2015 snapshot.",no,medium,https://georgian.edu/academics/department-of-art-visual-studies/ | https://catalog.georgian.edu/undergraduate/school-arts-sciences/art-visual-studies/visual-arts-bachelor-art/ | https://catalog.georgian.edu/undergraduate/course-descriptions/ar/ | https://ollincstate.wordpress.com/2019/10/14/geraldine-khaner-velasquez-olli-instructor-profile/ | https://tworivertimes.com/lincroft-artist-holds-exhibition-at-georgian-court/ | https://en.wikipedia.org/wiki/Georgian_Court_University,,2026-05-29,verified=verify-failed; chair=Not findable on public catalog/department pages (no chair named on the Department of Art & Visual Studies page or in the Visual Art BA catalog entry).
388,program,crafts/metalsdirectorypage/s69.html,Glassboro State College,program still exists / chair,"The institution was renamed, not the program closed. Glassboro State College was renamed Rowan College of New Jersey in 1992 following Henry Rowan's gift and became Rowan University in 1997 — well before the directory went offline. The jewelry/metals program continued through this transition and remains an active studio concentration. Since ~2014 it has continued as the ""Jewelry & Metals"" BFA area of study within the Art Department; the institutional moves were the campus-wide College of the Arts / Ric Edelman College reorganizations and web migration (the program page moved from ccca.rowan.edu to rowan.edu/arts), with no closure of the metals program. Long-time faculty Maureen Duffy continues to anchor the area.",merged-renamed,high,https://www.rowan.edu/arts/art/programs/jewelry.html | https://www.rowan.edu/arts/art/programs/ | https://catalog.rowan.edu/preview_course_nopop.php?catoid=9&coid=30596 | https://www.coursicle.com/rowan/courses/ART/09311/ | https://admissions.rowan.edu/academic-programs/ccca/art.html,,2026-05-29,"verified=verify-failed; chair=Program/area faculty include Maureen Duffy (professor of Jewelry & Metalsmithing); other listed instructors include James Betts, Sarah Montagnoli, Juhyung Park, Jill Gower, and Mallory Weston. No single named Art Department chair was confirmed on the current public pages."
389,program,crafts/metalsdirectorypage/s7.html,Ball State University,program still exists / chair,"Continuation with a leadership change. The program was founded in 1961 by Ned Griner. Distinguished Professor Pat Nelson led it for nearly four decades starting in 1979. Jessica Calderwood joined in 2016 and now leads the metals area; Nelson has since retired and was honored with a 2023 ""Legacies"" retrospective exhibition at Gordy Fine Art & Framing in Muncie. The program remains fully active post-2014, with ongoing thesis exhibitions (2023), a student Metals Guild, and recent projects such as the 2024 Radical Jewelry Makeover (exhibited at IU Bloomington's Grunwald Gallery and Made in Muncie Pottery).",yes,high,https://www.bsu.edu/academics/collegesanddepartments/art/areas-of-study/graduate/metals | https://www.bsu.edu/academics/collegesanddepartments/art/student-gallery/metals | https://www.bsu.edu/academics/collegesanddepartments/art/about-us/faculty-and-staff/faculty/calderwoodjessica | https://www.bsu.edu/academics/collegesanddepartments/art/areas-of-study/minor/ceramics-glass-jewelry-and-metals | https://www.ballstatedaily.com/article/2023/04/ball-state-metals-students-prepare-to-graduate-and-showcase-their-theses-gallery-concentration-major-art-seniors | https://www.gordyframing.com/2023/03/legacies-pat-nelson-and-the-ball-state-metals-jewelry-program/ | https://blogs.bsu.edu/2024/09/27/crafting-change-with-the-radical-jewelry-makeover-project/,,2026-05-29,"verified=not-needed; chair=Jessica Calderwood, Associate Professor of Art, leads/coordinates the Metals + Jewelry program (teaching at Ball State since 2016). Note: she leads the metals AREA; the School of Art has its own director."
390,program,crafts/metalsdirectorypage/s70.html,"Glassell School of Art / The Museum of Fine Arts, Houston",program still exists / chair,"Continuation with no closure or rename. The Jewelry & Enamel program dates to 1965 (the school's first jewelry course was held in the MFAH basement). In 2015 the program's 50th anniversary was marked by the exhibition ""Course of Action: 50 Years of Jewelry and Enamel at the Glassell School of Art"" at the Houston Center for Contemporary Craft. The Glassell School moved into a new purpose-built building (opened May 2018) as part of the MFAH campus expansion, with current studio facilities. The program continues actively into 2025–2026 with full Fall 2025 catalog course listings (Jewelry Fundamentals I/II, Intermediate/Advanced Jewelry, Enameling levels, metal clay, soldering, chain making, stone setting, plus digital technology). No leadership change found — Sandie Zilker has remained department chair throughout this period.",yes,high,https://www.mfah.org/learn/glassell-studio-school/programs | https://www.mfah.org/learn/glassell-studio-school | https://glassell.mfah.org/public/category/programStream.do?method=load&selectedProgramAreaId=1025015&selectedProgramStreamId=1026173 | https://static.mfah.com/documents/glassell-studio-school-fall-25-catalog.4434550632532160672.pdf | https://crafthouston.org/exhibition/course-of-action/ | https://crafthouston.org/2015/04/glassell-schools-exceptional-jewelry-enamel-work-on-view-at-hccc-this-summer/,,2026-05-29,"verified=not-needed; chair=Sandie Zilker — Department Chair / head of the Jewelry and Enamel Department and Three-Dimensional Design (long-tenured, 40+ years at Glassell; confirmed through recent catalogs). Other named jewelry/enamel faculty include Jan Harrell and Nathan Dube."
391,program,crafts/metalsdirectorypage/s71.html,Harding University,program still exists / chair,"No evidence found that Harding ever operated a distinct metals/jewelry program. The archived directory record itself listed ""started: unknown"" and ""faculty: n/a,"" consistent with a generic/aspirational listing rather than a real dedicated program. As of 2025-2026, the department offers no metals/jewelry coursework or concentration, and no current faculty member lists metals, metalsmithing, jewelry, or sculpture as their specialty (faculty areas are graphic design, fine arts/painting, watercolor, interior design, architecture, art education). If any metals/jewelry instruction ever existed it was at most an elective within ""three-dimensional media"" and is not present today. The department was renamed/expanded from ""Department of Art & Design"" to ""Department of Art, Architecture and Design,"" and Stacy Gibson is the current chair.",no,medium,https://www.harding.edu/arts-sciences/art-design/ | https://www.harding.edu/arts-sciences/art-design/hu-art.html | https://www.harding.edu/arts-sciences/art-design/fine-art/ | https://www.harding.edu/arts-sciences/art-design/faculty/ | https://catalog.harding.edu/preview_entity.php?catoid=40&ent_oid=2366,,2026-05-29,"verified=verify-failed; chair=Stacy Gibson, M.F.A. (Professor and Department Chair)"
392,program,crafts/metalsdirectorypage/s72.html,Hartnell College,program still exists / chair,"No evidence found that Hartnell College ever operated a distinct metals/jewelry PROGRAM. The institution itself continues to operate and offers a Studio Arts AA-T. Jewelry appears only as one example skill among many in the general Studio Arts description; the live course catalog (verified via the Coursedog catalog and Studio Arts pages) contains ceramics, sculpture, drawing/painting, design, art history, and digital arts but no jewelry/metalsmithing course or certificate. The most likely situation: the archived metals-directory entry reflected an aspirational/marginal listing (the generic catalog ""jewelry"" mention or a now-defunct continuing-education/community-ed offering), not a standalone academic program. If any informal jewelry class existed pre-2014 (e.g., in community education), it does not appear in current offerings. No program closure, merger, or rename could be documented because no distinct program could be confirmed to have existed in the first place.",unknown,medium,https://www.hartnell.edu/academics-affairs/academics/fine-arts/art.html | https://www.hartnell.edu/academics/degrees-and-certificates.html | https://hartnell.catalog.prod.coursedog.com/courses | https://hartnell.catalog.prod.coursedog.com/courses/ART15A | https://www.hartnell.edu/academics-affairs/studio_arts.pdf | https://www.hartnell.edu/academics-affairs/docs/catalog/2425_hc_catalog.pdf,,2026-05-29,verified=verify-failed; chair=
393,program,crafts/metalsdirectorypage/s74.html,Haywood Community College — Professional Crafts: Jewelry,program still exists / chair,"Continuation. The program has run continuously and remains active in 2025-2026 (Southern Highland Craft Guild covered the 2025 and 2026 graduating classes). The archived faculty member Arch Gregory was original/early faculty who retired in 2002 (well before the directory snapshot's ""to present""), succeeded by Robert Blanton, and the current jewelry instructor is Angela Bubash. No closure, merger, or rename — only leadership/faculty turnover. The ""1986 to present / Arch Gregory"" archived record is now stale.",yes,high,https://www.haywood.edu/programs/professional-crafts-jewelry.php | https://catalog.haywood.edu/current/programs/professional-crafts-jewelry.php | https://southernhighlandguild.org/news-stories/haywood-community-college-professional-crafts-program-graduating-class-2026/ | https://www.themountaineer.com/life/hcc-jewelry-program-cultivates-artistic-vision/article_c714b234-9023-11ec-9f71-53b1785d7112.html | https://www.haywood.edu/continuing-education/creative-arts/index.php,,2026-05-29,"verified=not-needed; chair=Angela Bubash, Jewelry Instructor (BFA Edinboro, MFA SIU Carbondale; ambubash@haywood.edu, 828.627.4674). No separately-titled program chair surfaced; she is the jewelry faculty lead."
394,program,crafts/metalsdirectorypage/s75.html,Holland School for Jewelers,program still exists / chair,"A private trade school in Selma, Alabama, founded and run by Homer Lee and Doris Shero Holland for ""nearly half a century,"" offering certificate-level instruction in casting, gemology, jewelry making and repair, mold making, plating, mechanical watch servicing, stone setting, and wax carving/modeling. It is now closed: business directories (Yelp, iBegin, YellowPages) at the school's old address (1034 Dawson Ave, Selma, AL 36701) list it as CLOSED. No specific closure date was found, but the school was already defunct by the directory's offline window (~2014-2019); only the founders' retail store (Doris Holland Diamonds & Jewelry, 2603 Citizens Pkwy, Selma, AL) and the David Lee Holland brand remain active. This was never a degree-granting academic program; it had no host department, accreditation listing, or chair in the academic sense.",no,high,https://www.davidleeholland.com/about | https://www.yelp.com/biz/holland-jewelry-school-selma | https://www.ibegin.com/directory/us/alabama/selma/holland-jewelry-school-1034-dawson-ave/ | https://www.yelp.com/biz/holland-doris-diamond-and-jewelry-salon-selma,,2026-05-29,verified=verify-failed; chair=None (school closed). Founders were Homer Lee Holland and Doris Shero Holland; son David Lee Holland and Doris Holland continue the family's retail jewelry business.
395,program,crafts/metalsdirectorypage/s76.html,Humboldt State University — Jewelry & Small Metals (now Cal Poly Humboldt),program still exists / chair,"The metals/jewelry program founded under David LaPlantz (who taught there ~1971 and for 36 years, retiring around 2000) continues to operate. The major institutional change since ~2014: on January 26, 2022, Humboldt State University was redesignated by the CSU Board of Trustees as California State Polytechnic University, Humboldt — branded ""Cal Poly Humboldt"" — the CSU system's third polytechnic, backed by a $458M state investment. The Jewelry & Small Metals area survived the transition and is now housed in the Department of Art + Film (Art Studio). Current named faculty: Marilyn Koch. LaPlantz is long retired (and is deceased); current leadership of the area has changed accordingly.",merged-renamed,high,"https://www.humboldt.edu/art-film/jewelry-small-metals | https://artfilm.humboldt.edu/art-studio/jewelry-small-metals | https://www.humboldt.edu/about/polytechnic | https://en.wikipedia.org/wiki/California_State_Polytechnic_University,_Humboldt | https://americanart.si.edu/artist/david-laplantz-2797 | https://ethicaljewelry.org/em-institutional-members/humboldt-state-university",,2026-05-29,"verified=verify-failed; chair=Program/area faculty: Marilyn Koch (named Jewelry & Small Metals faculty). No separate ""metals program chair"" — the unit sits under the Department of Art + Film. (Department chair not separately confirmed.)"
396,program,crafts/metalsdirectorypage/s77.html,Idaho State University,program still exists / chair,"Continuation with a leadership/faculty turnover. The archived faculty member Gail Dial (listed ""1974 to present"") is now retired — she appears on the ISU Department of Art roster as Faculty Emerita (Theresa Gail Dial, Professor). The metals area itself survived her departure: it remains a listed curriculum area with an active, equipped studio. The Department of Art is chaired by Jonathan Fardy. A related ""Yvonne Dial Scholarship"" exists at ISU. No evidence of closure, merger, or renaming of the metals program since ~2014; it continues embedded in the Art Department's studio offerings.",yes,high,https://www.isu.edu/art/curriculum/ | https://www.isu.edu/art/curriculum/metals/ | https://www.isu.edu/art/about/faculty-and-gtas/ | https://www.isu.edu/art/ | https://isu.academicworks.com/donors/yvonne-dial-scholarship,,2026-05-29,"verified=not-needed; chair=Jonathan Fardy, Ph.D. — Chair and Associate Professor of Art (department chair, not a metals-specific head). No single metals-area head is named on the current faculty roster."
397,program,crafts/metalsdirectorypage/s78.html,Illinois Central College,program still exists / chair,"No discrete metals/jewelry/metalsmithing program exists at ICC today, and there is no evidence one survived past the early-1990s window implied by the archived record. The archived directory tied the ""program"" to a single faculty member (Candace Gerbers Brey, listed 1990–1993), which suggests metals/jewelry was, at most, a short-lived course taught within the general art curriculum rather than a standing degree program. Today ICC's art offering is consolidated into one transfer credential (Associate in Arts, Art), and the current published ART studio curriculum (2D Design ART 111, 3D Design ART 121, Sculpture ART 131, Printmaking ART 141, Art Appreciation ART 110) contains no jewelry, metals, metalsmithing, goldsmithing, silversmithing, or enameling course. So the metals offering appears to have been discontinued long ago (effectively absorbed into general 3D/sculpture instruction); there is no standalone successor.",no,medium,https://icc.edu/programs/art/ | https://catalog.icc.edu/course-descriptions/a-d/art | https://www.coursicle.com/icc/courses/ART/ | https://catalog.icc.edu/programs | https://icc.edu/continuing-education/,,2026-05-29,"verified=verify-failed; chair=No metals/jewelry chair (no such program). Current art program contact: Jennifer Costa, Professor of Art."
398,program,crafts/metalsdirectorypage/s79.html,Indiana Purdue University at Fort Wayne,program still exists / chair,"The archived record reflects Indiana University–Purdue University Fort Wayne (IPFW). On July 1, 2018, IPFW was realigned/split: health-sciences units became Indiana University Fort Wayne, and all other programs — including the art/fine arts programs — became Purdue University Fort Wayne (PFW). The fine arts unit (descended from the Fort Wayne Art Institute, absorbed in 1976) is now the College of Visual and Performing Arts at PFW. The metalsmithing program continued through this transition and remains an active BFA/BA concentration in the Department of Art and Design. So the institution was renamed/realigned, but the metals/jewelry program persists as ""metalsmithing.""",merged-renamed,high,https://www.pfw.edu/academics-research/majors-minors/art-bfa | https://www.pfw.edu/visual-performing-arts/art-design | https://en.wikipedia.org/wiki/Purdue_University_Fort_Wayne | https://www.purdue.edu/newsroom/archive/releases/2017/Q4/trustees-approve-restructuring-measures-at-fort-wayne-campus.html,,2026-05-29,verified=verify-failed; chair=
399,program,crafts/metalsdirectorypage/s8.html,Barton County Community College,program still exists / chair,"No evidence that a metals/jewelry program ever existed at Barton, and none exists now. The institution itself continues and rebranded from 'Barton County Community College' to 'Barton Community College.' The current Art program covers only painting, drawing, ceramics, photography, and digital graphic design. No metals/jewelry/metalsmithing/CAD-CAM courses appear in the current (2024-2025) catalog, and Barton is absent from independent metalsmithing-school directories (Metalcyberspace, Society of American Silversmiths, Jewelers of America). If the archived directory listed a metals offering (likely a single continuing-ed or studio class pre-2014), it has since been discontinued or was never a formal program; the only Kansas community college with a documented metals/silversmithing program is Johnson County Community College, not Barton.",no,medium,https://www.bartonccc.edu/programs/art | https://docs.bartonccc.edu/stuservices/academic-advising/catalog/catalog-24-25-web.pdf | https://www.bartonccc.edu/degrees-programs | https://www.metalcyberspace.com/schools.htm | https://www.silversmithing.com/schools.htm,,2026-05-29,"verified=verify-failed; chair=No metals/jewelry chair. Art is taught by Philip Jacobson (2D Art, jacobsonp@bartonccc.edu) and Mark Freeman (3D Art, freemanm@bartonccc.edu); no department chair listed."
400,program,crafts/metalsdirectorypage/s80.html,Indiana University,program still exists / chair,"The program continues uninterrupted and is one of the leading metals programs in the US. Founded by Alma Eikerman (1947-1978). Randy Long joined in 1983, was named a Distinguished Professor in 2017 (a leadership/honor change), and is the long-time anchor of the area. Nicole Jacquard (IU BA 1991, now Professor) is the current Area Head/Area Coordinator. Administratively, the home unit became the Eskenazi School of Art, Architecture + Design following Sidney and Lois Eskenazi's 2016 gift, so the program's parent school was renamed since ~2014, but the metals program itself was not closed, merged, or renamed. Facilities (in the Fine/Eskenazi Fine Arts Building) were renovated, including CAD/CAM and 3D-modeling/computer-aided machining equipment.",yes,high,https://eskenazi.indiana.edu/about/areas-programs/metals/index.html | https://eskenazi.indiana.edu/faculty/directory/jacquard-nicole.html | https://soad.indiana.edu/news/archive/2017/2017-02-13-randy-long-distinguished.html | https://honorsandawards.iu.edu/awards/honoree/8058.html,,2026-05-29,"verified=not-needed; chair=Nicole Jacquard, Professor and Area Head, Metalsmithing + Jewelry Design"
401,program,crafts/metalsdirectorypage/s81.html,Indiana University of Pennsylvania,program still exists / chair,"The program has continued without closure, merger, or rename through 2026. It remains a jewelry/metals studio area within the Studio Art major. The hosting unit is the Department of Art and Design (College of Arts and Humanities). Leadership in the jewelry/metals area is Sharon Massey, who joined as the jewelry/metals professor and now appears as Department Chairperson on the current faculty directory; she received an IUP Distinguished Faculty Award for Creative Arts. No evidence of any disruption to the metals program since ~2014.",yes,high,https://www.iup.edu/art/undergrad/studio/jewelry-and-metals.html | https://www.iup.edu/art/faculty/index.html | https://www.iup.edu/art/faculty/massey-sharon/index.html | https://www.iup.edu/academics/find-your-degree/programs/art/ug/art-studio-bfa-ba.html | https://www.iup.edu/news-events/news/2023/04/sharon-massey-on-jewelry-and-metals-meet-our-faculty.html,,2026-05-29,"verified=not-needed; chair=Sharon Massey (Professor; per the current IUP Art and Design faculty directory she is listed as Department Chairperson and the jewelry/metals faculty member). Note: she is consistently the named jewelry/metals faculty; an older cached reference names Karen Scarton as department chairperson, so the chair title specifically should be treated as time-sensitive."
402,program,crafts/metalsdirectorypage/s82.html,Institute of American Indian Arts,program still exists / chair,"Continuation and expansion. Since ~2014 the program has not closed or been renamed — it remained the jewelry/metals emphasis within Studio Arts. The major development: the Higher Learning Commission approved IAIA to offer MFA degrees in Studio Arts on Nov 2, 2020, launching the low-residency MFA in Studio Arts (the institution previously had a low-residency MFA in Creative Writing accredited 2013). Leadership of the Studio Arts Department has changed over the period (Neal Ambrose-Smith; currently Daisy Quezada Ureña). The archived faculty record (David La Plantz 1967–68; Lane Coulter 1989–present) is outdated: Lane Coulter is no longer 'present' — he is now a Santa Fe-based metalsmith listed as a visiting artist elsewhere and no longer appears as active IAIA jewelry/metals faculty.",yes,high,https://iaia.edu/explore-programs/studio-arts/ | https://iaia.edu/explore-programs/studio-arts-mfa/ | https://tribalcollegejournal.org/iaia-approved-to-offer-mfa-degrees-in-studio-arts/ | https://hyperallergic.com/862649/institute-of-american-indian-arts-unique-low-residency-mfa-studio-arts/ | https://iaia.edu/studio-arts-department-chair-daisy-quezada-urena-awarded-latinx-artist-fellowship/ | https://www.linkedin.com/in/neal-ambrose-smith-09b13a24 | https://en.wikipedia.org/wiki/Institute_of_American_Indian_Arts,,2026-05-29,verified=not-needed; chair=Daisy Quezada Ureña — Studio Arts Department Chair (current). Neal Ambrose-Smith has also held the Studio Arts Department Chair role (per LinkedIn). No specific named jewelry/metals instructor confirmed from public sources in this pass.
403,program,crafts/metalsdirectorypage/s84.html,Interlochen Center for the Visual Arts,program still exists / chair,"The archived record listed John M. Church ""1970 to present,"" but that was stale: Church taught metalsmithing, jewelry, and drawing at Interlochen 1970–2000 (30 years), then retired. He died May 4, 2021, in Traverse City, MI. The metals program itself has continued without interruption and remains an active studio area within the Visual Arts major; the program is well-resourced via the 36,000 sq ft Dow Center for Visual Arts (2008). No closure, merger, or rename of the metals offering. Interlochen also notes a ""College of Creative Arts"" continuation pathway, but the core metals program sits in the high-school Arts Academy and summer Arts Camp.",yes,high,https://www.interlochen.org/visual-arts/academy | https://www.interlochen.org/visual-arts/academy/visual-arts-core-curriculum | https://www.interlochen.org/news/interlochen-mourns-passing-longtime-faculty-member-john-church | https://www.interlochen.org/about/visit-campus/facilities-and-venues/herbert-h-and-barbara-c-dow-center-for-visual-arts | https://www.interlochen.org/arts-areas/visual-arts,,2026-05-29,"verified=not-needed; chair=Not clearly findable in public sources; the Visual Arts division head was not identified in the faculty directory results. (Historically, the dept was chaired by Jean Parsons, who hired Church in 1970.)"
404,program,crafts/metalsdirectorypage/s85.html,Iowa State University,program still exists / chair,"Continuation with leadership succession, no closure. Chuck Evans (who founded/opened the ISU metals program, taught 1978-2001) retired in 2001 and died July 31, 2015 (age 75). His successor Joe Muench — a 1984 ISU craft-design graduate — joined the faculty in 2001 and taught metalsmithing/jewelry until retiring in 2025 (cited as health reasons). The program itself continues as an active studio area; the umbrella undergraduate degree was renamed from ""Integrated Studio Arts"" to ""Art, BFA,"" and the graduate degree is the MFA in Integrated Visual Arts. A 2025 exhibition, ""Lessons Learned: Explorations in Metal"" at the Octagon Center for the Arts, marked Muench's legacy.",yes,high,https://www.design.iastate.edu/academics/departments/art-visual-culture/avc-art-studios/metals/ | https://www.design.iastate.edu/art-and-visual-culture/degrees/integrated-studio-arts/ | https://www.design.iastate.edu/academics/departments/art-visual-culture/ | https://snagmetalsmith.org/2015/08/in-memoriam-chuck-evans/ | https://www.design.iastate.edu/news/joe-muench-lessons-learned-explorations-in-metal-exhibition/ | https://www.design.iastate.edu/profiles/jmuench/,,2026-05-29,"verified=not-needed; chair=Not confirmed from official pages (the AVC department site did not name the current chair; department contact anring@iastate.edu / (515) 294-0816). Joe Muench, professor of jewelry/metalsmithing (Chuck Evans's successor, ISU faculty 2001), retired in 2025; a current metals instructor was not confirmable."
405,program,crafts/metalsdirectorypage/s86.html,James Madison University,program still exists / chair,"Continuation, with normal leadership turnover. The archived record lists Ronald Wyancko (1972-2000) as the metals faculty; he was a longtime predecessor who has since retired/departed. The program has continued uninterrupted and is currently led by Mark Rooker. The school rebranded from ""School of Art and Art History"" to ""School of Art, Design and Art History"" (SADAH), and the metals program now sits in the renovated/expanded Duke Hall (Duke Hall reopened after a major renovation completed in the mid-2010s). The metals/jewelry concentration remains an active, well-equipped part of the B.F.A.",yes,high,https://www.jmu.edu/sadah/programs/undergraduate/metals.shtml | https://catalog.jmu.edu/preview_program.php?catoid=50&poid=21412 | https://www.jmu.edu/artandarthistory/ | https://www.jmu.edu/sadah/faculty-and-staff/index.shtml | https://www.jmu.edu/sadah/programs/graduate/index.shtml,,2026-05-29,"verified=not-needed; chair=Mark Rooker, Metals Area Head and Professor of Art (also Studio Art Program Coordinator)"
406,program,crafts/metalsdirectorypage/s87.html,New Jersey City University,program still exists / chair,"Clear continuation since ~2014. The program remains an active BFA Jewelry/Metals concentration in the Art Department, present in the current NJCU live website and academic catalog. Kenneth MacBain (in the archived record as 1994–Present) is still active faculty and still listed as Head of the Jewelry/Metals Concentration. No evidence of closure, merger, or renaming. The archived predecessor ""Dr Elaine Foster 1967 to 1994"" reflects the prior program lead before MacBain.",yes,high,https://www.njcu.edu/academics/schools-colleges/william-j-maxwell-college-arts-sciences/departments/art/undergraduate-programs/art-bfa-degree-concentration-jewelrymetals | https://catalog.njcu.edu/undergraduate/arts-sciences/art/art-bfa-design-crafts-specialization-jewelry-metals-concentration/index.html | https://www.njcu.edu/directories/faculty-staff-directory/kenneth-macbain | http://www.kennethmacbain.com/pagecv | https://www.njcu.edu/academics/schools-colleges/william-j-maxwell-college-arts-sciences/departments/art/graduate-programs/art-mfa,,2026-05-29,"verified=not-needed; chair=Kenneth C. MacBain — Associate Professor of Art, Head of the Jewelry/Metals Concentration (per his CV, 1994–present; matches archived record). Note: the NJCU faculty directory currently lists him under ""International Programs,"" which may reflect an additional/administrative role; his CV and the Art Department program pages still identify him as head of Jewelry/Metals."
407,program,crafts/metalsdirectorypage/s88.html,Joliet Junior College,program still exists / chair,"Continuation. The jewelry/metalsmithing offering has persisted continuously since at least the ~2013-2014 period through the current catalog. ART 240 Jewelry and Metalsmithing I appears in successive catalogs (2021-2022, 2023-2024) and the live Visual Arts page still advertises jewelry making, metalsmithing, and a dedicated metals studio. It was never a standalone accredited ""metals program"" with its own degree; it has always been studio coursework within the Art/Visual Arts transfer program. Leadership of the Art Department is currently the Art Coordinator (Meaghan Callan); metalsmithing taught by faculty including Cathy Mustari. No closure, merger, or rename detected.",yes,high,https://jjc.edu/choose-your-path/liberal-fine-arts/visual-arts | https://catalog.jjc.edu/preview_course_nopop.php?catoid=27&coid=66338 | https://catalog.jjc.edu/content.php?catoid=32&navoid=2357 | https://patch.com/illinois/joliet/metalsmithing-seminars-joliet-junior-college-0 | http://news.jjc.edu/2013/10/jjc-students-sell-unique-homemade-jewelry-on-nov-14/ | https://jjc.edu/,,2026-05-29,"verified=not-needed; chair=Meaghan Callan, Professor and Art Coordinator (Art Department). Metalsmithing/jewelry instruction associated with instructor Cathy Mustari (continuing ed). No dedicated ""metals program head"" — it sits inside the broader Art Department."
408,program,crafts/metalsdirectorypage/s89.html,Kansas State University,program still exists / chair,"The program continued without closure or merger. The archived record lists Elliot Pujol (""1973 to present""), who built and long led the K-State metals program; he has since retired and is now Professor Emeritus (his work was acquired by Sweden's Nationalmuseum, noted in K-State announcements). Leadership of the metalsmithing/jewelry area passed to Dukno Yoon (Associate Professor, Area Coordinator), with Heather Bayless as instructor. The program remains a current concentration within the Department of Art's Studio Art BFA and continues to offer the MFA.",yes,high,https://art.ksu.edu/academics/undergrad/studioart/metalsmithing.html | https://art.ksu.edu/about/people/faculty/yoon.html | https://catalog.k-state.edu/preview_course_nopop.php?catoid=45&coid=297758 | https://catalog.k-state.edu/content.php?catoid=48&navoid=8950 | https://www.k-state.edu/today/announcement/?id=86478,,2026-05-29,verified=not-needed; chair=Dukno Yoon — Associate Professor and Metalsmithing/Jewelry Area Coordinator (not department head; the directory's archived faculty Elliot Pujol is now Professor Emeritus). Heather Bayless listed as instructor.
409,program,crafts/metalsdirectorypage/s9.html,Beaver College,program still exists / chair,"Beaver College was renamed Arcadia University in 2001 (name change announced November 2000, formalized July 2001) — this predates the directory's ~2014 offline window, but the institutional identity in the archived record (Beaver College) is therefore obsolete. The metals/jewelry program continued through and after the rename. As of the current (2025-26) catalog, Metals and Jewelry remains one of eight Art BFA concentrations (alongside Ceramics, Graphic Design, Illustration, Painting, Photography, Printmaking, 2D Animation), anchored by FA 205 Metals and Jewelry I, with a metals/jewelry studio in Murphy Hall. The archived faculty member Myra Mimlitsch Gray taught 1986–1989 (under Beaver College) and later joined SUNY New Paltz; current department leadership is chair Karen E. Misher. No closure or merger of the program itself was found — only the institution-wide rename and ordinary leadership turnover.",merged-renamed,high,https://www.arcadia.edu/about-arcadia/our-history/beaver-college-arcadia-university/ | https://www.arcadia.edu/majors-and-programs/art-bfa-major/course-of-study/ | https://www.arcadia.edu/college-arts-sciences/departments-faculty/visual-performing-arts/art-design/art-design-programs | https://www.arcadia.edu/majors-and-programs/studio-art-major/faculty/ | https://catalog.arcadia.edu/preview_course_nopop.php?catoid=9&coid=10475 | https://www.arcadia.edu/student-life/meet-our-students/danita-mapes-23/campus-spotlight-murphy-hall/,,2026-05-29,"verified=verify-failed; chair=Karen E. Misher (Department Chair / Associate Professor, Visual and Performing Arts). No metals-specific concentration head was identifiable by name."
410,program,crafts/metalsdirectorypage/s90.html,Kent State University — Jewelry/Metals/Enameling,program still exists / chair,"Strong continuation. The metals program at Kent State dates to 1950 and is one of the oldest/most established in the US (lineage includes Mary Ann Scherr, William Harper, Bruce Metcalf, and later Kathleen Browne). Since ~2014 the program has continued and even expanded: new ~4,550 sq ft Jewelry/Metals/Enameling studio facilities were built in 2015, well-equipped with metalsmithing tools, enameling kilns, hydraulic press, and 3D printers. The MFA remains fully funded. Current area leadership is Andrew Kuebeck. No closure, merger, or renaming — the program retains the Jewelry/Metals/Enameling name within the School of Art.",yes,high,https://www.kent.edu/art/jewelrymetals-enameling | https://www.kent.edu/art/graduate-program-jewelrymetalsenameling | https://www.kent.edu/art/facilitiesjewelry-metal | https://www.kent.edu/art/jewelry-metals-and-enameling-minor | https://www.kent.edu/art/studio-art-mfa | https://hyperallergic.com/kent-state-university-school-of-art-fully-funded-mfa-competitive-ma-programs/,,2026-05-29,verified=not-needed; chair=Andrew Kuebeck (Assistant Professor; JME program coordinator and Graduate Coordinator of the School of Art). Note: the School of Art has a separate Director; Kuebeck heads the JME area.
411,program,crafts/metalsdirectorypage/s91.html,Kutztown University of Pennsylvania,program still exists / chair,"James Malenda, the archived faculty member (Professor of Fine Metals, 1987 to present), retired and became Professor Emeritus of Fine Metals in 2015 — coinciding with the directory going offline. He had taught in the ""Department of Art Education and Crafts"" for 27 years. Since then, that department appears to have been renamed/reorganized into the ""Department of Art Education"" (chair Dr. Peg Speirs), and the dedicated BFA-in-Craft Fine Metals concentration is no longer advertised as a degree path. Metals/jewelry instruction is no longer a named concentration in either the Art Education or Art and Design BFA programs; only residual metalworking facilities (in the Sculpture Shop) and a student Metals Society remain. Best read as a merge/wind-down of the dedicated metals/jewelry program around Malenda's 2015 retirement rather than a publicly announced closure.",merged-renamed,medium,https://www.kutztown.edu/academics/colleges-and-departments/visual-and-performing-arts/majors-minors-and-certificates/art-and-design/bachelor-of-fine-arts-in-art-(bfa).html | https://www.kutztown.edu/arteducation/ | https://www.kutztown.edu/academics/colleges-and-departments/visual-and-performing-arts/majors-minors-and-certificates/art-education/faculty-and-staff.html | https://kutztown.edu/academics/colleges-and-departments/visual-and-performing-arts/majors-minors-and-certificates/art-and-design/facilities.html | https://www.enamelarts.org/james-malenda/ | https://www.linkedin.com/in/jim-malenda-91470a12/,,2026-05-29,"verified=verify-failed; chair=Dr. Peg Speirs (chair, Department of Art Education). No dedicated metals/jewelry program head exists; the historical fine-metals professor James Malenda retired in 2015."
412,program,crafts/metalsdirectorypage/s92.html,Lane Community College,program still exists / chair,"Lane Community College (Eugene, OR) remains open and active. The metals/jewelry offering was not a discrete named program that closed; it appears to have continued as coursework absorbed into the Visual Arts Department / 3D Visual Arts area of study. The current catalog still lists ART 257 Introduction to Jewelry and Metalsmithing (4 credits), alongside sculpture/casting/welding, with credits feeding the AAOT transfer degree. No evidence of a formal closure of metals/jewelry; no jewelry/metals-specific program head is findable. Separately, in 2026 LCC undertook budget cuts and suspended its Criminal Justice and Health Information Management associate degrees, but jewelry/metals/visual arts was NOT among the named cuts. Could not retrieve the original ~2014 archived directory entry (Wayback fetch was blocked), so the exact prior listing/degree status is unconfirmed.",merged-renamed,medium,https://www.lanecc.edu/programs-academics/areas-study/arts-and-communications/3d-visual-arts | https://lanecc.smartcatalogiq.com/en/current/lcc-catalog/courses/art-art/200/art-257/ | https://lanecc.smartcatalogiq.com/en/current/lcc-catalog/courses/art-art/ | https://www.lanecc.edu/programs-academics/academic-departments/division-arts/visual-arts-department | https://lanecc.augusoft.net/index.cfm?method=ClassListing.ClassListingDisplay&int_category_id=1&int_sub_category_id=128 | https://www.opb.org/article/2026/04/23/lane-community-college-cuts-programs/,,2026-05-29,verified=verify-failed; chair=
413,program,crafts/metalsdirectorypage/s93.html,Long Beach City College,program still exists / chair,"Continuation with leadership change. The archived record listed Marcia Lewis (chasing/metalsmithing artist, faculty 1978–) as the program's long-time instructor. Since ~2014 the program has continued uninterrupted and modernized into a full Jewelry & Metalsmithing / Applied Design offering. Tanya Crane (MFA Metalsmithing+Jewelry, UW-Madison; BFA Metal, SUNY New Paltz) is now the lead full-time professor / program head, having succeeded Lewis as the senior metals faculty. The program was active and recruiting students as recently as 2022 (Viking News coverage) and the LBCC program pages remain live in 2025–2026. No closure, merger, or rename of the discipline — it remains within the Visual & Media Arts / Applied Design area.",yes,high,https://www.lbcc.edu/jewelry-metalsmithing | https://www.lbcc.edu/applied-design | https://www.lbcc.edu/contact/tanya-crane-1 | https://americanart.si.edu/artist/marcia-lewis-5885 | https://lbccviking.com/2022/11/jewelry-and-metalwork-course-opens-doors-for-students | https://programmap.lbcc.edu/academics/interest-clusters/40e8babd-d8af-4a5e-91ee-2b5b24544be8/programs/90379a3c-fa60-182f-54dd-498ecf4c506d,,2026-05-29,"verified=not-needed; chair=Tanya Crane — Lead Full-Time Professor / Program Head for Jewelry & Metalsmithing (tcrane@lbcc.edu, 562-938-4589). Kristin Beeler is listed as Applied Design Program Lead; Carolyn Castaño is Co-Department Head for Art/Ceramics/Jewelry & Metals; Janét Hund is the Dean of the School of Visual, Performing Arts & Cultural Programs."
414,program,crafts/metalsdirectorypage/s94.html,Long Island University (C.W. Post / LIU Post),program still exists / chair,"The metals/jewelry program associated with Barry Stern (listed 1985-present in the archived record) appears to have wound down and been absorbed into / dropped from the general studio-art curriculum. By the current era the jewelry studio survives only as a shared facility in the Crafts Center, with no dedicated jewelry/metalsmithing courses, concentration, or faculty (Barry Stern is not in the current School of Visual Arts faculty list). The umbrella school was reorganized/renamed (C.W. Post became LIU Post in 2013; the unit is now the School of Visual Arts, Communications and Digital Technologies within the College of Arts, Communications and Design, unveiled c.2016). Separately, LIU has frozen/discontinued several arts degrees in recent years (Art Education, Art Therapy, etc.), part of a broader contraction of arts offerings, though those reports concern other programs rather than the metals studio specifically.",merged-renamed,medium,https://www.liu.edu/post/academics/school-of-visual-arts | https://www.liu.edu/post/academics/school-of-visual-arts/Facilities-Venues | https://www.liu.edu/post/academics/school-of-visual-arts/Faculty | https://www.liu.edu/post/~/media/1A2BACAC63D4417D9EED5FFDE46F2C1B.ashx | https://www.prnewswire.com/news-releases/liu-post-unveils-college-of-arts-communications-and-design-300241113.html | https://www.silversmithing.com/schools.htm,,2026-05-29,verified=verify-failed; chair=
415,program,crafts/metalsdirectorypage/s95.html,Longwood College,program still exists / chair,"The institution itself was renamed from Longwood College to Longwood University in 2002. The archived record's faculty note (""Mark Baldridge 1972 to present"") is now out of date: Baldridge taught jewelry/metals at Longwood for 42 years and retired in 2014. The program continued after his retirement and is currently led by Kathleen Kennedy (Assistant Professor of Art in Jewelry/Metalsmithing). The art program was also reorganized into the combined Department of Theatre, Art, and Graphic & Animation Design. No closure — the metals/jewelry offering is continuous through to the present (2026 catalog).",merged-renamed,high,https://www.longwood.edu/art/art/ | https://www.longwood.edu/art/about/faculty-staff/ | https://catalog.longwood.edu/preview_program.php?catoid=11&poid=1613 | https://catalog.longwood.edu/preview_course_nopop.php?catoid=1&coid=1057 | https://catalog.longwood.edu/preview_course_nopop.php?catoid=15&coid=19892 | https://www.markbaldridgedesign.com/mark-baldridge-design-about-the-artist,,2026-05-29,"verified=verify-failed; chair=Kathleen Kennedy, Assistant Professor of Art in Jewelry/Metalsmithing (current metals faculty/area head). Christopher Brochon is the Department Administrator. The specific department chair was not identified by name on public pages."
416,program,crafts/metalsdirectorypage/s96.html,Maine College of Art,program still exists / chair,"The metals/jewelry program never closed — it continues uninterrupted. The principal change is institutional: in August 2021 Maine College of Art renamed itself Maine College of Art & Design (MECA&D) under its ""Envisioning Our Future 2027"" strategic plan, reflecting that ~60% of students pursue design careers. The program itself was not merged or renamed; it remains the BFA Metalsmithing & Jewelry major. Leadership has turned over since the archived ~2014 record: the two archived faculty, Tim McCreight and Alan Perry, are no longer listed; the program is now chaired by Professor Sharon Portelance ('82), with Associate Professor Kyle Patnaude and a studio technician (Wyatt Nestor-Pasiczny).",merged-renamed,high,https://meca.edu/academics/metalsmithing-jewelry/ | https://meca.edu/people/department/metalsmithing-jewelry/ | https://meca.edu/academics/undergraduate-studies/ | https://www.prnewswire.com/news-releases/maine-college-of-art-unveils-new-name-creative-identity-and-the-envisioning-our-future-2027-strategic-plan-301361108.html | https://en.wikipedia.org/wiki/Maine_College_of_Art_&_Design,,2026-05-29,verified=verify-failed; chair=
417,program,crafts/metalsdirectorypage/s98.html,"Maryland Institute College of Art (MICA) — Jewelry / Metalsmithing program (archived as ""Maryland Art Institute, Jewelry Institute"")",program still exists / chair,"In late 2012 MICA judged its ~20-year-old Jewelry Department financially unsalvageable and closed the program in spring 2014. It was neither absorbed into nor renamed within MICA — the college dropped jewelry/metals entirely. In spring 2013 a core group of MICA jewelry faculty and students, led by Shane Prada, organized to preserve the program's legacy; in summer 2014 they launched the independent nonprofit Baltimore Jewelry Center (initially at Meadow Mill), negotiating donation of MICA's equipment. BJC has operated continuously since 2014 as a metalsmithing/art-jewelry education center. Leadership change ~2024–2025: founding director Shane Prada stepped down and BJC searched for a new Executive Director (start targeted Oct 2025).",merged-renamed,high,https://bmoreart.com/2017/09/three-years-in-shane-prada-and-the-baltimore-jewelry-center.html | https://hub.jhu.edu/magazine/2017/summer/shane-prada-makes-wearable-art-baltimore-jewelry-center/ | https://www.citypaper.com/arts/bcp-forging-ahead-20140710-story.html | https://mdarts.org/job/baltimore-jewelry-center-baltimore-maryland-33-executive-director/ | https://www.baltimorejewelrycenter.org/ | https://www.mica.edu/academics/undergraduate-majors-minors/ | https://artjewelryforum.org/interviews/harold-oaeconnor/,,2026-05-29,verified=verify-failed; chair=Baltimore Jewelry Center: Shane Prada was founding Executive Director (2014–2025); she announced her departure and BJC was recruiting a new Executive Director with an anticipated start ~October 2025 (successor name not yet confirmed in sources).
418,program,crafts/metalsdirectorypage/s99.html,Massachusetts College of Art,program still exists / chair,"The program has continued without closure, merger, or renaming. The institution's full name is now ""Massachusetts College of Art and Design"" (MassArt). Since ~2014 the most notable change is faculty turnover: Joseph Wood (archived as ""1986 to present"") is no longer listed as core/tenure-line J&M faculty — he now appears only as a Visiting Lecturer in directory listings. Emily Cobb has become the principal Associate Professor in Jewelry & Metalsmithing, bringing a digital-fabrication / CAD-CAM emphasis. Visiting lecturers (Venetia Dale, Joyce Kutty) round out the area.",yes,high,https://massart.edu/program/jewelry-and-metalsmithing/ | https://massart.edu/program/jewelry-and-metalsmithing/bfa/ | https://massart.edu/program/jewelry-and-metalsmithing/minor/ | https://massart.edu/program/jewelry-and-metalsmithing/faculty/ | https://academic-catalog.massart.edu/preview_program.php?catoid=15&poid=700 | https://artjewelryforum.org/makers/emily-cobb/ | https://snagmetalsmith.org/virtual_exhibition/emily-cobb/,,2026-05-29,"verified=not-needed; chair=No single named program chair/head is published on the current program page. Emily Cobb (Associate Professor, Jewelry & Metalsmithing; MFA metals/jewelry/CAD-CAM, Tyler School of Art) is the lead tenure-line J&M faculty member. Heather White is a Professor in 3D Arts. Julia Gaitley is the J&M Studio Manager."
419,program,crafts/public_html/mjcc/local/history/s175.html,Southern Illinois University,program still exists / chair,"Continuation with a generational faculty handoff. The program founded by L. Brent Kington (began rebuilding SIU metals after 1961; ""reintroduced blacksmithing as an art form to the US""; Lifetime Achievement, SNAG 2011; the $1M endowed L. Brent Kington chair was created in 2006) and Richard Mawdsley (fine metals, from 1978) is now carried by Rick Smith (blacksmithing) and Sun Kyoung Kim (small metals/jewelry). Mawdsley and Kington are emeritus/deceased. Since ~2014 the program has continued uninterrupted, retaining both blacksmithing and small-metals/jewelry tracks at BFA and MFA levels; the academic unit has been reorganized/rebranded into the School of Art and Design under the College of Arts and Media.",yes,high,https://academics.siu.edu/design/art/program-tracks/metalsmithing.php | https://academics.siu.edu/design/art/masters/ | https://catalog.siu.edu/programs/ad/faculty.php | https://academics.siu.edu/design/art/faculty/smith-rick.php | http://www.sunkyoungkim.com/about.html | https://snagmetalsmith.org/2011/06/2011-snag-lifetime-achievement-award-l-brent-kington/ | https://news.siu.edu/2006/02/021406tc6032.php | https://www.metalmuseum.org/post/2017/12/29/inside-the-collection-richard-mawdsley,,2026-05-29,"verified=not-needed; chair=No single ""metals program head"" is published; the program is staffed by Rick (Richard E.) Smith, Professor — blacksmithing, and Sun Kyoung Kim, Associate Professor — small metals/jewelry. Smith effectively oversees the blacksmithing side. (Overall unit leadership = the School of Art and Design director, not specifically published on the metals page.)"
420,person,gap/anne-mondro,Anne Mondro,gap addition / current U-M metals faculty,"Full Professor of Art & Design (jewelry/metalsmithing), U-M Stamps School, promoted May 2026; at U-M since 2003. Not in archived directory.",yes,high,https://stamps.umich.edu/people/anne-mondro,U-M Stamps faculty page,2026-05-30,Added per Phil. Original program fact-check missed the current metals professor — flag to re-scan programs for current teaching faculty.
421,program,crafts/metalsdirectorypage/uiuc,University of Illinois Urbana-Champaign,who teaches metals/jewelry now?,No current dedicated metals faculty; Metals MFA catalog page now 404; program appears lapsed after Theide retirement.,no,medium,https://art.illinois.edu/about/faculty-directory/,UIUC School of Art & Design faculty directory,2026-05-30,"Per Phil: Theide retired, successor unknown. Confirmed no successor/metals track found. Faculty-succession gap -> apparent program loss."
422,person,gap/robin-servo,Robin Servo,"current metals faculty (successor, not in archive)",Head of the Jewelry/Metals Department at Birmingham Bloomfield Art Association,new-add,high,https://bbartcenter.org/bbac-faculty/,Birmingham Bloomfield Art Association,2026-05-30,Discovered by faculty-succession re-scan.
423,person,gap/dr-samanthessa-r-jacob-phd,"Dr. Samanthessa R. Jacob, PhD","current metals faculty (successor, not in archive)","Executive Director and Instructor (Master Jeweler, Metal Fabrication) at Miami Jewelry Institute",new-add,high,https://www.miamijewelryinstitute.com/meet-our-team.html,Miami Jewelry Institute,2026-05-30,Discovered by faculty-succession re-scan.
424,person,gap/cynthia-zambrano,Cynthia Zambrano,"current metals faculty (successor, not in archive)","Instructor (GIA Certified Jeweler, Metal Fabrication) at Miami Jewelry Institute",new-add,high,https://www.miamijewelryinstitute.com/meet-our-team.html,Miami Jewelry Institute,2026-05-30,Discovered by faculty-succession re-scan.
425,person,gap/natasha-miller,Natasha Miller,"current metals faculty (successor, not in archive)","Instructor (Master Jeweler, Metal Smithing / Sculptural Jewelry) at Miami Jewelry Institute",new-add,high,https://www.miamijewelryinstitute.com/meet-our-team.html,Miami Jewelry Institute,2026-05-30,Discovered by faculty-succession re-scan.
426,person,gap/geoff-riggle,Geoff Riggle,"current metals faculty (successor, not in archive)",Associate Teaching Professor of Studio Art (jewelry design and metalsmithing) at Miami University,new-add,high,https://miamioh.edu/profiles/cca/geoff-riggle.html,Miami University,2026-05-30,Discovered by faculty-succession re-scan.
427,person,gap/suguru-hiraide,Suguru Hiraide,"current metals faculty (successor, not in archive)","Professor, Sculpture and Metals at Midwestern State University",new-add,high,https://directory.msutexas.edu/users/suguruhiraide,Midwestern State University,2026-05-30,Discovered by faculty-succession re-scan.
428,person,gap/becky-mcdonah,Becky McDonah,"current metals faculty (successor, not in archive)",Professor in Fine Art Metals at Millersville University,new-add,high,https://www.millersville.edu/art/faculty-and-staff/tenured/mcdonah-b.php,Millersville University,2026-05-30,Discovered by faculty-succession re-scan.
429,person,gap/victoria-burchill,Victoria Burchill,"current metals faculty (successor, not in archive)","Instructor, Metalsmithing at Montana State University",new-add,high,https://art.montana.edu/directory_2/index.html,Montana State University,2026-05-30,Discovered by faculty-succession re-scan.
430,person,gap/lucy-louise-derickson,Lucy Louise Derickson,"current metals faculty (successor, not in archive)","Associate Professor & Coordinator of Jewelry and Metalsmithing/Crafts Area (MFA, Virginia Commonwealth University) at Montgomery College",new-add,high,https://www.montgomerycollege.edu/academics/departments/art-rockville/faculty-staff.html,Montgomery College,2026-05-30,Discovered by faculty-succession re-scan.
431,person,gap/katja-toporski,Katja Toporski,"current metals faculty (successor, not in archive)","Faculty, Jewelry / 3D Art (MFA, Towson University) at Montgomery College",new-add,high,https://www.montgomerycollege.edu/academics/departments/art-rockville/faculty-staff.html,Montgomery College,2026-05-30,Discovered by faculty-succession re-scan.
432,person,gap/wanjin-kim,Wanjin Kim,"current metals faculty (successor, not in archive)","Instructor, Jewelry & Metalsmithing / Crafts (MFA Metalsmithing, Cranbrook Academy of Art), teaching at MC since 2003 at Montgomery College",new-add,high,https://www.montgomerycollege.edu/workforce-development-continuing-education/community-arts/faculty-staff.html,Montgomery College,2026-05-30,Discovered by faculty-succession re-scan.
433,person,gap/marissa-saneholtz,Marissa Saneholtz,"current metals faculty (successor, not in archive)","Associate Teaching Professor, Jewelry & Metals (BGSU since 2016) at Bowling Green State University",new-add,high,https://www.bgsu.edu/arts-and-sciences/school-of-art/faculty-staff/marissa-saneholtz.html,Bowling Green State University,2026-05-30,Discovered by faculty-succession re-scan.
434,person,gap/holland-houdek,Holland Houdek,"current metals faculty (successor, not in archive)",Associate Professor in Professional Practice (Jewelry & Metalsmithing); Director of the Studio Art Undergraduate Program; Art Gallery Director at Nazareth College,new-add,high,https://www2.naz.edu/dept/art-design/faculty-staff/holland-houdek/,Nazareth College,2026-05-30,Discovered by faculty-succession re-scan.
435,person,gap/motoko-furuhashi,Motoko Furuhashi,"current metals faculty (successor, not in archive)","Professor, Metalsmithing & Jewelry at New Mexico State University",new-add,high,https://artdepartment.nmsu.edu/pages/about-us/facultyandstaffbiopages/motokofuruhashi.html,New Mexico State University,2026-05-30,Discovered by faculty-succession re-scan.
436,person,gap/klaus-burgel,Klaus Burgel,"current metals faculty (successor, not in archive)","Adjunct Instructor, Studio Art (Metalsmithing / Jewelry), NYU Steinhardt; also RISD Jewelry+Metalsmithing faculty at New York University",new-add,high,https://steinhardt.nyu.edu/programs/studio-art/studio-art-faculty,New York University,2026-05-30,Discovered by faculty-succession re-scan.
437,person,gap/biba-schutz,Biba Schutz,"current metals faculty (successor, not in archive)","Adjunct Instructor, Studio Art (Metalsmithing / Jewelry), NYU Steinhardt; NYC studio jeweler/metalsmith at New York University",new-add,high,https://steinhardt.nyu.edu/programs/studio-art/studio-art-faculty,New York University,2026-05-30,Discovered by faculty-succession re-scan.
438,person,gap/tracey-jenkins-darji,Tracey Jenkins Darji,"current metals faculty (successor, not in archive)","Department Head & Instructor, Jewelry Making & Repair at North Bennet Street School",new-add,high,https://nbss.edu/about/people/,North Bennet Street School,2026-05-30,Discovered by faculty-succession re-scan.
439,person,gap/haley-filamond,Haley Filamond,"current metals faculty (successor, not in archive)","Instructor, Jewelry Making & Repair at North Bennet Street School",new-add,high,https://nbss.edu/about/people/,North Bennet Street School,2026-05-30,Discovered by faculty-succession re-scan.
440,person,gap/isabelle-schmit,Isabelle Schmit,"current metals faculty (successor, not in archive)","Teaching Assistant, Jewelry Making & Repair at North Bennet Street School",new-add,high,https://nbss.edu/full-time-programs/jewelry-making-repair/,North Bennet Street School,2026-05-30,Discovered by faculty-succession re-scan.
441,person,gap/jamie-obermeier,Jamie Obermeier,"current metals faculty (successor, not in archive)","Associate Professor, Head of the Division of Studio Art (Metals, Jewelry, and Digital Fabrication) at Northern Illinois University",new-add,high,https://www.niu.edu/art/about/faculty-staff/jamie-obermeier.shtml,Northern Illinois University,2026-05-30,Discovered by faculty-succession re-scan.
442,person,gap/cloris-yuchen-ding,Cloris (Yuchen) Ding,"current metals faculty (successor, not in archive)",Visiting Assistant Professor in Jewelry & Metalsmithing (Studio Art) at Oklahoma State University,new-add,medium,https://cas.okstate.edu/art/about_us/faculty/old_bios/cloris_ding,Oklahoma State University,2026-05-30,Discovered by faculty-succession re-scan.
443,person,gap/emily-culver,Emily Culver,"current metals faculty (successor, not in archive)",Assistant Professor of Jewelry and Metalsmithing at Old Dominion University,new-add,high,https://www.odu.edu/directory/emily-culver,Old Dominion University,2026-05-30,Discovered by faculty-succession re-scan.
444,person,gap/yvonne-escalante,Yvonne Escalante,"current metals faculty (successor, not in archive)","Instructor, Art Studio (metalsmithing/jewelry) at Cabrillo College",new-add,high,https://www.cabrillo.edu/directory/yvonne-escalante/,Cabrillo College,2026-05-30,Discovered by faculty-succession re-scan.
445,person,gap/leeyeon-yoo,Leeyeon Yoo,"current metals faculty (successor, not in archive)","Associate Faculty, Art Studio (MFA Jewelry & Metal Arts, Univ. of Iowa) at Cabrillo College",new-add,high,https://www.cabrillo.edu/directory/153514/,Cabrillo College,2026-05-30,Discovered by faculty-succession re-scan.
446,person,gap/payson-mcnett,Payson McNett,"current metals faculty (successor, not in archive)",Art Studio Instructor (also teaches ART 8A Metal/Jewelry Fabrication) at Cabrillo College,new-add,high,https://www.cabrillo.edu/directory/payson-foster-mcnett/,Cabrillo College,2026-05-30,Discovered by faculty-succession re-scan.
447,person,gap/lisa-slovis-mandel,Lisa Slovis Mandel,"current metals faculty (successor, not in archive)","Metalsmithing/Jewelry instructor (adjunct); MFA Metalsmithing, UW-Madison; also teaches Southwestern College at Palomar College",new-add,medium,https://www.lisaslovis.com/about,Palomar College,2026-05-30,Discovered by faculty-succession re-scan.
448,person,gap/melisa-selvius,Melisa Selvius,"current metals faculty (successor, not in archive)",Jewelry & Metalsmithing instructor (recent ART 150) at Palomar College,new-add,medium,https://www.coursicle.com/palomar/courses/ART/150/,Palomar College,2026-05-30,Discovered by faculty-succession re-scan.
449,person,gap/jillian-thompson,Jillian Thompson,"current metals faculty (successor, not in archive)",Jewelry & Metalsmithing instructor (recent ART 150) at Palomar College,new-add,medium,https://www.coursicle.com/palomar/courses/ART/150/,Palomar College,2026-05-30,Discovered by faculty-succession re-scan.
450,person,gap/brice-garrett,Brice Garrett,"current metals faculty (successor, not in archive)",Part-time Assistant Professor at Parsons School of Design,new-add,medium,https://www.newschool.edu/parsons/faculty/brice-garrett/,Parsons School of Design,2026-05-30,Discovered by faculty-succession re-scan.
451,person,gap/sterling-king,Sterling King,"current metals faculty (successor, not in archive)",Part-time Lecturer at Parsons School of Design,new-add,medium,https://www.newschool.edu/parsons/faculty/sterling-king/,Parsons School of Design,2026-05-30,Discovered by faculty-succession re-scan.
452,person,gap/april-kawaoka,April Kawaoka,"current metals faculty (successor, not in archive)","Assistant Professor, Art (Jewelry/Metal Fabrication), Division of Visual Arts & Media Studies at Pasadena City College",new-add,high,https://aprilkawaoka.com/about/,Pasadena City College,2026-05-30,Discovered by faculty-succession re-scan.
453,person,gap/janet-lewis,Janet Lewis,"current metals faculty (successor, not in archive)",Associate Instructional Professor (possible metals/jewelry-adjacent successor; unconfirmed teaching assignment) at Pittsburg State University,new-add,medium,https://www.pittstate.edu/art/faculty-and-staff/index.html,Pittsburg State University,2026-05-30,Discovered by faculty-succession re-scan.
454,person,gap/sharon-portelance,Sharon Portelance,"current metals faculty (successor, not in archive)",Professor & Chair of Metalsmithing & Jewelry at Portland School of Art,new-add,high,https://meca.edu/people/sharon-portelance/,Portland School of Art,2026-05-30,Discovered by faculty-succession re-scan.
455,person,gap/kyle-patnaude,Kyle Patnaude,"current metals faculty (successor, not in archive)",Associate Professor of Metalsmithing & Jewelry and MFA in Studio Art at Portland School of Art,new-add,high,https://meca.edu/people/kyle-patnaude/,Portland School of Art,2026-05-30,Discovered by faculty-succession re-scan.
456,person,gap/wyatt-nestor-pasicznyk,Wyatt Nestor-Pasicznyk,"current metals faculty (successor, not in archive)",Metalsmithing & Jewelry Studio Technician at Portland School of Art,new-add,high,https://meca.edu/people/wyatt-nestor-pasicznyk/,Portland School of Art,2026-05-30,Discovered by faculty-succession re-scan.
457,person,gap/jessica-mohl,Jessica Mohl,"current metals faculty (successor, not in archive)",Assistant Professor of Practice in Jewelry and Metalsmithing (Craft and Materials) at Purdue University,new-add,high,https://www.cla.purdue.edu/directory/profiles/jessica-mohl.html,Purdue University,2026-05-30,Discovered by faculty-succession re-scan.
458,person,gap/dianne-m-reilly,Dianne M. Reilly,"current metals faculty (successor, not in archive)","Professor and Department Chair, Department of Art (metals and jewelry) at Rhode Island College",new-add,high,https://our.ric.edu/people-directory/dianne-reilly,Rhode Island College,2026-05-30,Discovered by faculty-succession re-scan.
459,person,gap/timothy-veske-mcmahon,Timothy Veske-McMahon,"current metals faculty (successor, not in archive)","Associate Professor, Department Head at Rhode Island School of Design",new-add,high,https://www.risd.edu/academics/jewelry-metalsmithing/faculty/timothy-veske-mcmahon,Rhode Island School of Design,2026-05-30,Discovered by faculty-succession re-scan.
460,person,gap/seth-papac,Seth Papac,"current metals faculty (successor, not in archive)","Associate Professor, Graduate Program Director at Rhode Island School of Design",new-add,high,https://www.risd.edu/academics/jewelry-metalsmithing/faculty/seth-papac,Rhode Island School of Design,2026-05-30,Discovered by faculty-succession re-scan.
461,person,gap/tracy-steepy,Tracy Steepy,"current metals faculty (successor, not in archive)",Professor at Rhode Island School of Design,new-add,high,https://www.risd.edu/academics/jewelry-metalsmithing/faculty/tracy-steepy,Rhode Island School of Design,2026-05-30,Discovered by faculty-succession re-scan.
462,person,gap/brian-bergeron,Brian Bergeron,"current metals faculty (successor, not in archive)",Faculty / Technical Assistant at Rhode Island School of Design,new-add,high,https://www.risd.edu/academics/jewelry-metalsmithing/faculty/brian-bergeron,Rhode Island School of Design,2026-05-30,Discovered by faculty-succession re-scan.
463,person,gap/donna-bilak,Donna Bilak,"current metals faculty (successor, not in archive)",Faculty at Rhode Island School of Design,new-add,high,https://www.risd.edu/academics/jewelry-metalsmithing/faculty/donna-bilak,Rhode Island School of Design,2026-05-30,Discovered by faculty-succession re-scan.
464,person,gap/tzu-ju-chen,Tzu-Ju Chen,"current metals faculty (successor, not in archive)",Faculty at Rhode Island School of Design,new-add,high,,Rhode Island School of Design,2026-05-30,Discovered by faculty-succession re-scan.
465,person,gap/funlola-coker,Funlola Coker,"current metals faculty (successor, not in archive)",Faculty at Rhode Island School of Design,new-add,high,,Rhode Island School of Design,2026-05-30,Discovered by faculty-succession re-scan.
466,person,gap/dominik-cunningham,Dominik Cunningham,"current metals faculty (successor, not in archive)",Faculty at Rhode Island School of Design,new-add,high,,Rhode Island School of Design,2026-05-30,Discovered by faculty-succession re-scan.
467,person,gap/noam-elyashiv,Noam Elyashiv,"current metals faculty (successor, not in archive)",Senior Critic at Rhode Island School of Design,new-add,high,,Rhode Island School of Design,2026-05-30,Discovered by faculty-succession re-scan.
468,person,gap/lauren-fensterstock,Lauren Fensterstock,"current metals faculty (successor, not in archive)",Faculty at Rhode Island School of Design,new-add,high,,Rhode Island School of Design,2026-05-30,Discovered by faculty-succession re-scan.
469,person,gap/joff,JOFF,"current metals faculty (successor, not in archive)",Faculty at Rhode Island School of Design,new-add,high,,Rhode Island School of Design,2026-05-30,Discovered by faculty-succession re-scan.
470,person,gap/suzanne-pugh,Suzanne Pugh,"current metals faculty (successor, not in archive)",Faculty at Rhode Island School of Design,new-add,high,,Rhode Island School of Design,2026-05-30,Discovered by faculty-succession re-scan.
471,person,gap/sarah-turner,Sarah Turner,"current metals faculty (successor, not in archive)",Faculty at Rhode Island School of Design,new-add,high,,Rhode Island School of Design,2026-05-30,Discovered by faculty-succession re-scan.
472,person,gap/johan-van-aswegen,Johan Van Aswegen,"current metals faculty (successor, not in archive)",Faculty at Rhode Island School of Design,new-add,high,,Rhode Island School of Design,2026-05-30,Discovered by faculty-succession re-scan.
473,person,gap/barbara-seidenath,Barbara Seidenath,"current metals faculty (successor, not in archive)",Senior Critic at Rhode Island School of Design,new-add,high,,Rhode Island School of Design,2026-05-30,Discovered by faculty-succession re-scan.
474,person,gap/juan-carlos-caballero-perez,Juan Carlos Caballero-Perez,"current metals faculty (successor, not in archive)","Professor, Metals and Jewelry Design at Rochester Institute of Technology",new-add,high,https://www.rit.edu/directory/jcc2390-juan-carlos-caballero-perez,Rochester Institute of Technology,2026-05-30,Discovered by faculty-succession re-scan.
475,person,gap/laurel-fulton,Laurel Fulton,"current metals faculty (successor, not in archive)","Assistant Professor, Metals and Jewelry Design at Rochester Institute of Technology",new-add,high,https://www.rit.edu/directory/lnffaa-laurel-fulton,Rochester Institute of Technology,2026-05-30,Discovered by faculty-succession re-scan.
476,person,gap/maureen-duffy,Maureen Duffy,"current metals faculty (successor, not in archive)",Instructor / Professor of Jewelry and Metalsmithing (3/4 time) at Rowan University,new-add,high,https://www.rowan.edu/arts/art/programs/jewelry.html,Rowan University,2026-05-30,Discovered by faculty-succession re-scan.
477,person,gap/curtis-arima,Curtis Arima,"current metals faculty (successor, not in archive)","Dean of Fine Arts; Professor, Jewelry and Metal Arts Program at California College of Arts and Crafts",new-add,high,https://portal.cca.edu/learning/academic-programs/jewelry-metal-arts-bfa/faculty-staff/,California College of Arts and Crafts,2026-05-30,Discovered by faculty-succession re-scan.
478,person,gap/david-cole,David Cole,"current metals faculty (successor, not in archive)","Senior Adjunct Professor, Jewelry and Metal Arts Program at California College of Arts and Crafts",new-add,high,https://portal.cca.edu/learning/academic-programs/jewelry-metal-arts-bfa/faculty-staff/,California College of Arts and Crafts,2026-05-30,Discovered by faculty-succession re-scan.
479,person,gap/jo-ann-maggiora-donivan,Jo-Ann Maggiora Donivan,"current metals faculty (successor, not in archive)","Adjunct II Professor, Jewelry and Metal Arts Program at California College of Arts and Crafts",new-add,high,https://portal.cca.edu/learning/academic-programs/jewelry-metal-arts-bfa/faculty-staff/,California College of Arts and Crafts,2026-05-30,Discovered by faculty-succession re-scan.
480,person,gap/deborah-lozier,Deborah Lozier,"current metals faculty (successor, not in archive)","Senior Adjunct Professor, Jewelry and Metal Arts Program at California College of Arts and Crafts",new-add,high,https://portal.cca.edu/learning/academic-programs/jewelry-metal-arts-bfa/faculty-staff/,California College of Arts and Crafts,2026-05-30,Discovered by faculty-succession re-scan.
481,person,gap/olivia-s-shih,Olivia S. Shih,"current metals faculty (successor, not in archive)","Adjunct II, Jewelry and Metal Arts Program at California College of Arts and Crafts",new-add,high,https://portal.cca.edu/learning/academic-programs/jewelry-metal-arts-bfa/faculty-staff/,California College of Arts and Crafts,2026-05-30,Discovered by faculty-succession re-scan.
482,person,gap/amy-tavern,Amy Tavern,"current metals faculty (successor, not in archive)","Adjunct II Professor, Jewelry and Metal Arts Program at California College of Arts and Crafts",new-add,high,https://portal.cca.edu/learning/academic-programs/jewelry-metal-arts-bfa/faculty-staff/,California College of Arts and Crafts,2026-05-30,Discovered by faculty-succession re-scan.
483,person,gap/corey-wolffs,Corey Wolffs,"current metals faculty (successor, not in archive)","Adjunct II Professor, Jewelry and Metal Arts Program at California College of Arts and Crafts",new-add,high,https://portal.cca.edu/learning/academic-programs/jewelry-metal-arts-bfa/faculty-staff/,California College of Arts and Crafts,2026-05-30,Discovered by faculty-succession re-scan.
484,person,gap/aaron-gach,Aaron Gach,"current metals faculty (successor, not in archive)","Co-Chair, Jewelry and Metal Arts; Assistant Professor, Fine Arts at California College of Arts and Crafts",new-add,high,https://www.cca.edu/fine-arts/jewelry-metalarts/,California College of Arts and Crafts,2026-05-30,Discovered by faculty-succession re-scan.
485,person,gap/katherine-lam,Katherine Lam,"current metals faculty (successor, not in archive)","Co-Chair, Jewelry and Metal Arts; Associate Professor (Furniture Program) at California College of Arts and Crafts",new-add,high,https://www.cca.edu/fine-arts/jewelry-metalarts/,California College of Arts and Crafts,2026-05-30,Discovered by faculty-succession re-scan.
486,person,gap/sondra-sherman,Sondra Sherman,"current metals faculty (successor, not in archive)",Professor; Head of Jewelry and Metalwork Program (since 2010); Graduate Program Advisor and Coordinator at San Diego State University,new-add,high,https://art.sdsu.edu/faculty-staff/sherman-sondra,San Diego State University,2026-05-30,Discovered by faculty-succession re-scan.
487,person,gap/kerianne-quick,Kerianne Quick,"current metals faculty (successor, not in archive)","Associate Professor / Associate Director, Jewelry and Metalwork at San Diego State University",new-add,high,https://art.sdsu.edu/faculty-staff/quick-kerianne,San Diego State University,2026-05-30,Discovered by faculty-succession re-scan.
488,person,gap/reed-fagan,Reed Fagan,"current metals faculty (successor, not in archive)","Lecturer, Jewelry and Metalwork; Instructional Support Technician, Digital Fabrication Lab at San Diego State University",new-add,high,https://art.sdsu.edu/faculty-staff/fagan-reed,San Diego State University,2026-05-30,Discovered by faculty-succession re-scan.
489,person,gap/tanya-crane,Tanya Crane,"current metals faculty (successor, not in archive)",Professor of the Practice in Metals at School of the Museum of Fine Arts,new-add,high,https://smfa.tufts.edu/directory/tanya-crane,School of the Museum of Fine Arts,2026-05-30,Discovered by faculty-succession re-scan.
490,person,gap/kendall-reiss,Kendall Reiss,"current metals faculty (successor, not in archive)",Professor of the Practice in Metals at School of the Museum of Fine Arts,new-add,high,https://smfa.tufts.edu/directory/kendall-reiss,School of the Museum of Fine Arts,2026-05-30,Discovered by faculty-succession re-scan.
491,person,gap/hannah-oatman,Hannah Oatman,"current metals faculty (successor, not in archive)",Part-Time Lecturer in Metals at School of the Museum of Fine Arts,new-add,high,https://smfa.tufts.edu/directory/hannah-oatman,School of the Museum of Fine Arts,2026-05-30,Discovered by faculty-succession re-scan.
492,person,gap/erica-bello,Erica Bello,"current metals faculty (successor, not in archive)",Part-Time Lecturer in Metals at School of the Museum of Fine Arts,new-add,high,https://smfa.tufts.edu/directory/erica-bello,School of the Museum of Fine Arts,2026-05-30,Discovered by faculty-succession re-scan.
493,person,gap/brian-ferrell,Brian Ferrell,"current metals faculty (successor, not in archive)","Associate Professor of Art, Jewelry/Metals (M.F.A. UMass-Dartmouth 2004; SNAG Board 2014-2020, President 2019) at Seton Hill College",new-add,high,https://www.setonhill.edu/academics/faculty/profiles/humanities/brian-ferrell.html,Seton Hill College,2026-05-30,Discovered by faculty-succession re-scan.
494,person,gap/david-peterson,David Peterson,"current metals faculty (successor, not in archive)",Professor (Jewelry and Metals) at Skidmore College,new-add,high,https://www.skidmore.edu/art/faculty/peterson-david.php,Skidmore College,2026-05-30,Discovered by faculty-succession re-scan.
495,person,gap/joe-pillari,Joe Pillari,"current metals faculty (successor, not in archive)",Visiting Assistant Professor (Jewelry and Metals) at Skidmore College,new-add,high,https://www.skidmore.edu/art/faculty/pillari.php,Skidmore College,2026-05-30,Discovered by faculty-succession re-scan.
496,person,gap/sean-macmillan,Sean Macmillan,"current metals faculty (successor, not in archive)","Professor of Metalsmithing; Chairperson, Art Department at Slippery Rock University",new-add,high,https://www.sru.edu/academics/colleges-and-departments/cla/departments/art/faculty,Slippery Rock University,2026-05-30,Discovered by faculty-succession re-scan.
497,person,gap/terrence-lavin,Terrence Lavin,"current metals faculty (successor, not in archive)","Professor of Jewelry/Metals (and Chair, Department of Art and Design) at Southern Connecticut State University",new-add,high,https://inside.southernct.edu/art/faculty,Southern Connecticut State University,2026-05-30,Discovered by faculty-succession re-scan.
498,person,gap/rick-smith,Rick Smith,"current metals faculty (successor, not in archive)",Professor (blacksmithing & metalsmithing) at Southern Illinois University Carbondale,new-add,high,https://faculty.siu.edu/profiles/q-s/smith-rick.php,Southern Illinois University Carbondale,2026-05-30,Discovered by faculty-succession re-scan.
499,person,gap/sun-kyoung-kim,Sun Kyoung Kim,"current metals faculty (successor, not in archive)",Associate Professor (metalsmithing & jewelry) at Southern Illinois University Carbondale,new-add,high,https://faculty.siu.edu/profiles/j-l/kyoung-kim-sun.php,Southern Illinois University Carbondale,2026-05-30,Discovered by faculty-succession re-scan.
500,person,gap/jillian-jill-sortore,Jillian (Jill) Sortore,"current metals faculty (successor, not in archive)","Professor of Instruction (Sculpture and Metals), UTSA School of Art — lead/advanced metals faculty at Southwest School of Art and Craft",new-add,high,https://colfa.utsa.edu/faculty/profiles/sortore-jillian.html,Southwest School of Art and Craft,2026-05-30,Discovered by faculty-succession re-scan.
501,person,gap/sulo-bee,Sulo Bee,"current metals faculty (successor, not in archive)","Metals/jewelry community-art instructor (metalsmith, MFA SUNY New Paltz) at Southwest School of Art and Craft",new-add,high,https://www.utsa.edu/pace/community-art/adult/jewelry.html,Southwest School of Art and Craft,2026-05-30,Discovered by faculty-succession re-scan.
502,person,gap/denise-mccoy,Denise McCoy,"current metals faculty (successor, not in archive)",Advanced Metals instructor — UTSA Community Art at Southwest School of Art and Craft,new-add,high,https://www.utsa.edu/pace/community-art/adult/jewelry.html,Southwest School of Art and Craft,2026-05-30,Discovered by faculty-succession re-scan.
503,person,gap/tobin-nieto,Tobin Nieto,"current metals faculty (successor, not in archive)",Jewelry & Metals instructor — UTSA Community Art at Southwest School of Art and Craft,new-add,high,https://www.utsa.edu/pace/community-art/adult/jewelry.html,Southwest School of Art and Craft,2026-05-30,Discovered by faculty-succession re-scan.
504,person,gap/alejandra-salinas-p-rez,Alejandra Salinas Pérez,"current metals faculty (successor, not in archive)",Jewelry & Metals instructor — UTSA Community Art at Southwest School of Art and Craft,new-add,high,https://www.utsa.edu/pace/community-art/adult/jewelry.html,Southwest School of Art and Craft,2026-05-30,Discovered by faculty-succession re-scan.
505,person,gap/laura-qui-ones,Laura Quiñones,"current metals faculty (successor, not in archive)",Jewelry-Making instructor — UTSA Community Art at Southwest School of Art and Craft,new-add,high,https://www.utsa.edu/pace/community-art/adult/jewelry.html,Southwest School of Art and Craft,2026-05-30,Discovered by faculty-succession re-scan.
506,person,gap/jin-a-seo,Jin A. Seo,"current metals faculty (successor, not in archive)",Associate Professor (Metals & Jewelry) at Southwest Missouri State University,new-add,high,https://art.missouristate.edu/profile.asp?p=JinASeo,Southwest Missouri State University,2026-05-30,Discovered by faculty-succession re-scan.
507,person,gap/adam-atkinson,Adam Atkinson,"current metals faculty (successor, not in archive)","Assistant Professor, Area Head – Studio Arts: Metals at Southwest Texas State University",new-add,high,https://www.finearts.txst.edu/Art/faculty.html,Southwest Texas State University,2026-05-30,Discovered by faculty-succession re-scan.
508,person,gap/nicole-deschamps-benke,Nicole DesChamps-Benke,"current metals faculty (successor, not in archive)","Professor of Instruction, Studio Art: Metals; Fabrication Lab Manager at Southwest Texas State University",new-add,high,https://faculty.txst.edu/profile/1921500,Southwest Texas State University,2026-05-30,Discovered by faculty-succession re-scan.
509,person,gap/laritza-garcia-janiga,Laritza Garcia Janiga,"current metals faculty (successor, not in archive)","Associate Professor of Instruction, Studio Art: Metals/3D Design at Southwest Texas State University",new-add,high,https://www.finearts.txst.edu/Art/faculty.html,Southwest Texas State University,2026-05-30,Discovered by faculty-succession re-scan.
510,person,gap/tara-j-nahabetian,Tara J. Nahabetian,"current metals faculty (successor, not in archive)","Associate Professor and Program Coordinator, Metals/Jewelry at State University College at Buffalo",new-add,high,https://artdesign.buffalostate.edu/directory/tara-j-nahabetian,State University College at Buffalo,2026-05-30,Discovered by faculty-succession re-scan.
511,person,gap/stephen-f-saracino,Stephen F. Saracino,"current metals faculty (successor, not in archive)","Professor, Metals/Jewelry at State University College at Buffalo",new-add,high,https://artdesign.buffalostate.edu/directory/stephen-f-saracino,State University College at Buffalo,2026-05-30,Discovered by faculty-succession re-scan.
512,person,gap/lynn-batchelder,Lynn Batchelder,"current metals faculty (successor, not in archive)",Assistant/Associate Professor of Metal (also Chair of Dept. of Art) at State University of New York at New Paltz,new-add,high,https://webapps.newpaltz.edu/directory/profile/lynnbatchelder,State University of New York at New Paltz,2026-05-30,Discovered by faculty-succession re-scan.
513,person,gap/adam-mastropaolo,Adam Mastropaolo,"current metals faculty (successor, not in archive)",Instructional Support Technician at State University of New York at New Paltz,new-add,high,https://www.newpaltzmetal.com/faculty,State University of New York at New Paltz,2026-05-30,Discovered by faculty-succession re-scan.
514,person,gap/amelia-toelke,Amelia Toelke,"current metals faculty (successor, not in archive)",Visiting Faculty at State University of New York at New Paltz,new-add,high,https://www.newpaltzmetal.com/amelia,State University of New York at New Paltz,2026-05-30,Discovered by faculty-succession re-scan.
515,person,gap/christina-smith,Christina Smith,"current metals faculty (successor, not in archive)","Professor of Art; Area Coordinator, Jewelry and Metals at California State University - Fullerton",new-add,high,https://www.fullerton.edu/arts/art/about/faculty-staff.html,California State University - Fullerton,2026-05-30,Discovered by faculty-succession re-scan.
516,person,gap/hiroko-m-streppone,Hiroko M. Streppone,"current metals faculty (successor, not in archive)","Instructor at Studio Jewelers, Ltd.",new-add,high,https://studiojewelersltd.com/faculty/,"Studio Jewelers, Ltd.",2026-05-30,Discovered by faculty-succession re-scan.
517,person,gap/michiyo-fujiwara,Michiyo Fujiwara,"current metals faculty (successor, not in archive)","Instructor at Studio Jewelers, Ltd.",new-add,high,https://studiojewelersltd.com/faculty/,"Studio Jewelers, Ltd.",2026-05-30,Discovered by faculty-succession re-scan.
518,person,gap/boris-goynatsky,Boris Goynatsky,"current metals faculty (successor, not in archive)","Instructor at Studio Jewelers, Ltd.",new-add,high,https://studiojewelersltd.com/faculty/,"Studio Jewelers, Ltd.",2026-05-30,Discovered by faculty-succession re-scan.
519,person,gap/robly-a-glover,Robly A. Glover,"current metals faculty (successor, not in archive)","Professor, Jewelry Design and Metalsmithing at Texas Tech University",new-add,high,https://www.depts.ttu.edu/art/about/our-people/faculty/glover-robly.php,Texas Tech University,2026-05-30,Discovered by faculty-succession re-scan.
520,person,gap/nancy-slagle,Nancy Slagle,"current metals faculty (successor, not in archive)","Associate Professor, Jewelry Design and Metalsmithing; Associate Director, School of Art at Texas Tech University",new-add,high,https://www.depts.ttu.edu/art/about/our-people/faculty/slagle-nancy.php,Texas Tech University,2026-05-30,Discovered by faculty-succession re-scan.
521,person,gap/charlene-modena,Charlene Modena,"current metals faculty (successor, not in archive)","Director, School of Jewelry & Metal Arts at Academy of Art College",new-add,high,https://www.academyart.edu/academics/jewelry-metal-arts/faculty/,Academy of Art College,2026-05-30,Discovered by faculty-succession re-scan.
522,person,gap/lindsey-eason,Lindsey Eason,"current metals faculty (successor, not in archive)",Part-Time Faculty at Academy of Art College,new-add,high,https://www.academyart.edu/academics/jewelry-metal-arts/faculty/,Academy of Art College,2026-05-30,Discovered by faculty-succession re-scan.
523,person,gap/justin-mcginnis,Justin McGinnis,"current metals faculty (successor, not in archive)",Part-Time Faculty at Academy of Art College,new-add,high,https://www.academyart.edu/academics/jewelry-metal-arts/faculty/,Academy of Art College,2026-05-30,Discovered by faculty-succession re-scan.
524,person,gap/chrystal-sunshine,Chrystal Sunshine,"current metals faculty (successor, not in archive)",Part-Time Faculty at Academy of Art College,new-add,high,https://www.academyart.edu/academics/jewelry-metal-arts/faculty/,Academy of Art College,2026-05-30,Discovered by faculty-succession re-scan.
525,person,gap/susanna-ali,Susanna Ali,"current metals faculty (successor, not in archive)","Professor & Program Head, Metals & Jewelry at California State University at Long Beach",new-add,high,https://www.csulb.edu/school-of-art/page/susanna-ali,California State University at Long Beach,2026-05-30,Discovered by faculty-succession re-scan.
526,person,gap/rachel-shimpock,Rachel Shimpock,"current metals faculty (successor, not in archive)","Adjunct / Lecturer, Metals & Jewelry at California State University at Long Beach",new-add,high,https://rachelshimpock.com/page-cv,California State University at Long Beach,2026-05-30,Discovered by faculty-succession re-scan.
527,person,gap/sherry-simms,Sherry Simms,"current metals faculty (successor, not in archive)",Associate Professor of Art; Metalsmithing & Jewelry Area Coordinator at The University of Akron,new-add,high,https://www.uakron.edu/art/our-people/bio-detail.dot?u=ssimms,The University of Akron,2026-05-30,Discovered by faculty-succession re-scan.
528,person,gap/hershall-seals,Hershall Seals,"current metals faculty (successor, not in archive)","Adjunct Faculty, Art Metals at The University of Mary Hardin-Baylor",new-add,medium,https://www.umhb.edu/visual-performing-arts/art/faculty-staff-listing,The University of Mary Hardin-Baylor,2026-05-30,Discovered by faculty-succession re-scan.
529,person,gap/rebecca-strzelec,Rebecca Strzelec,"current metals faculty (successor, not in archive)",Professor and Associate Dean for Academic Programs (Metals/Jewelry/CAD-CAM) at The University of Michigan,new-add,medium,https://stamps.umich.edu/people/rebecca-strzelec,The University of Michigan,2026-05-30,Discovered by faculty-succession re-scan.
530,person,gap/mike-vitale,Mike Vitale,"current metals faculty (successor, not in archive)",3D Studios Supervisor / Materials Fabrication Studio Coordinator (Jewelry/Metalsmithing studio) at The University of Michigan,new-add,medium,https://stamps.umich.edu/people/mike-vitale,The University of Michigan,2026-05-30,Discovered by faculty-succession re-scan.
531,person,gap/jessica-l-tolbert,Jessica L. Tolbert,"current metals faculty (successor, not in archive)",Associate Professor of Art; Head of the Jewelry + Metals program at The University of Texas at El Paso,new-add,high,https://www.utep.edu/liberalarts/art/academic-programs/undergraduate/metals/metals-faculty.html,The University of Texas at El Paso,2026-05-30,Discovered by faculty-succession re-scan.
532,person,gap/alejandra-carrillo-estrada,Alejandra Carrillo-Estrada,"current metals faculty (successor, not in archive)","Lecturer, Foundations / Metals at The University of Texas at El Paso",new-add,high,https://www.utep.edu/liberalarts/art/academic-programs/undergraduate/metals/metals-faculty.html,The University of Texas at El Paso,2026-05-30,Discovered by faculty-succession re-scan.
533,person,gap/guadalupe-navarro,Guadalupe Navarro,"current metals faculty (successor, not in archive)","Lecturer in Sculpture, Metalsmithing, and 3D Design at The University of Texas Pan American",new-add,medium,https://www.guadalupenavarroart.com/curriculumvitae,The University of Texas Pan American,2026-05-30,Discovered by faculty-succession re-scan.
534,person,gap/yevgeniya-kaganovich,Yevgeniya Kaganovich,"current metals faculty (successor, not in archive)","Professor & Area Head, Jewelry & Metalsmithing at The University of Wisconsin -Milwaukee",new-add,high,https://uwm.edu/arts/directory/kaganovich-yevgeniya/,The University of Wisconsin -Milwaukee,2026-05-30,Discovered by faculty-succession re-scan.
535,person,gap/jim-charles,Jim Charles,"current metals faculty (successor, not in archive)","Teaching Faculty II, Jewelry & Metalsmithing; Program Coordinator at The University of Wisconsin -Milwaukee",new-add,high,https://uwm.edu/arts/directory/charles-jim/,The University of Wisconsin -Milwaukee,2026-05-30,Discovered by faculty-succession re-scan.
536,person,gap/erica-a-meier,Erica A. Meier,"current metals faculty (successor, not in archive)","Teaching Faculty II, Jewelry & Metalsmithing; Studio Technician at The University of Wisconsin -Milwaukee",new-add,high,https://uwm.edu/arts/directory/meier-erica/,The University of Wisconsin -Milwaukee,2026-05-30,Discovered by faculty-succession re-scan.
537,person,gap/ryan-send,Ryan Send,"current metals faculty (successor, not in archive)","Lecturer, Jewelry & Metalsmithing at The University of Wisconsin -Milwaukee",new-add,high,https://uwm.edu/arts/directory/send-ryan/,The University of Wisconsin -Milwaukee,2026-05-30,Discovered by faculty-succession re-scan.
538,person,gap/luci-jockel,Luci Jockel,"current metals faculty (successor, not in archive)","Assistant Teaching Professor / Lecturer — Area Coordinator, Metalsmithing & Jewelry at Towson University",new-add,high,https://www.towson.edu/cofac/departments/art/facultystaff/luci-jockel.html,Towson University,2026-05-30,Discovered by faculty-succession re-scan.
539,person,gap/joshua-demonte,Joshua DeMonte,"current metals faculty (successor, not in archive)","Associate Professor — Area Coordinator, Interdisciplinary Object Design (Jewelry/Metalsmithing, 3D Design) at Towson University",new-add,high,https://www.towson.edu/cofac/departments/art/facultystaff/jdemonte.html,Towson University,2026-05-30,Discovered by faculty-succession re-scan.
540,person,gap/andrew-andy-lowrie,Andrew (Andy) Lowrie,"current metals faculty (successor, not in archive)",Adjunct Faculty — Jewelry + Metalsmithing at Towson University,new-add,high,https://www.towson.edu/cofac/departments/art/facultystaff/,Towson University,2026-05-30,Discovered by faculty-succession re-scan.
541,person,gap/doug-bucci,Doug Bucci,"current metals faculty (successor, not in archive)",Assistant Professor and Program Head of Metals/Jewelry/CAD-CAM at Tyler School of Art/Temple University,new-add,high,https://tyler.temple.edu/directory/doug-bucci,Tyler School of Art/Temple University,2026-05-30,Discovered by faculty-succession re-scan.
542,person,gap/mallory-weston,Mallory Weston,"current metals faculty (successor, not in archive)",Associate Professor at Tyler School of Art/Temple University,new-add,high,https://tyler.temple.edu/directory/mallory-weston,Tyler School of Art/Temple University,2026-05-30,Discovered by faculty-succession re-scan.
543,person,gap/barb-baur,Barb Baur,"current metals faculty (successor, not in archive)",Adjunct Faculty at Tyler School of Art/Temple University,new-add,high,https://tyler.temple.edu/directory/barb-baur,Tyler School of Art/Temple University,2026-05-30,Discovered by faculty-succession re-scan.
544,person,gap/james-betts,James Betts,"current metals faculty (successor, not in archive)",Adjunct Faculty at Tyler School of Art/Temple University,new-add,high,https://tyler.temple.edu/directory/james-betts,Tyler School of Art/Temple University,2026-05-30,Discovered by faculty-succession re-scan.
545,person,gap/valerie-james,Valerie James,"current metals faculty (successor, not in archive)",Adjunct Faculty at Tyler School of Art/Temple University,new-add,high,https://tyler.temple.edu/directory/valerie-james,Tyler School of Art/Temple University,2026-05-30,Discovered by faculty-succession re-scan.
546,person,gap/sarah-montagnoli,Sarah Montagnoli,"current metals faculty (successor, not in archive)",Adjunct Faculty at Tyler School of Art/Temple University,new-add,high,https://tyler.temple.edu/directory/sarah-montagnoli,Tyler School of Art/Temple University,2026-05-30,Discovered by faculty-succession re-scan.
547,person,gap/sharon-stampfer,Sharon Stampfer,"current metals faculty (successor, not in archive)",Adjunct Faculty at Tyler School of Art/Temple University,new-add,high,https://tyler.temple.edu/directory/sharon-stampfer,Tyler School of Art/Temple University,2026-05-30,Discovered by faculty-succession re-scan.
548,person,gap/steve-mcguire,Steve McGuire,"current metals faculty (successor, not in archive)","Professor and Area Head, Jewelry and Metal Arts at University of Iowa",new-add,high,https://art.uiowa.edu/people/steve-mcguire,University of Iowa,2026-05-30,Discovered by faculty-succession re-scan.
549,person,gap/lonna-huisingh-keller,Lonna Huisingh (Keller),"current metals faculty (successor, not in archive)","Visiting Assistant Professor, Jewelry and Metal Arts at University of Iowa",new-add,high,https://art.uiowa.edu/people/lonna-huisingh-keller,University of Iowa,2026-05-30,Discovered by faculty-succession re-scan.
550,person,gap/sunyoung-cheong,Sunyoung Cheong,"current metals faculty (successor, not in archive)","Assistant Professor, Mary Fischer Traver Metalsmithing & Jewelry Professorship at University of Kansas",new-add,high,https://art.ku.edu/people/sunyoung-cheong,University of Kansas,2026-05-30,Discovered by faculty-succession re-scan.
551,person,gap/gina-westergard,Gina Westergard,"current metals faculty (successor, not in archive)",Professor of Visual Art in Metalsmithing/Jewelry at University of Kansas,new-add,high,https://art.ku.edu/people/gina-westergard,University of Kansas,2026-05-30,Discovered by faculty-succession re-scan.
552,person,gap/erick-morales-scholz,Erick Morales Scholz,"current metals faculty (successor, not in archive)",Lecturer of Metalsmithing/Jewelry; Area Lab Coordinator at University of Kansas,new-add,high,https://art.ku.edu/people/erick-morales-scholz,University of Kansas,2026-05-30,Discovered by faculty-succession re-scan.
553,person,gap/tom-tivol,Tom Tivol,"current metals faculty (successor, not in archive)","Adjunct Lecturer, Metalsmithing and Jewelry (gemological method) at University of Kansas",new-add,high,https://art.ku.edu/people/tom-tivol,University of Kansas,2026-05-30,Discovered by faculty-succession re-scan.
554,person,gap/donovan-widmer,Donovan Widmer,"current metals faculty (successor, not in archive)","Associate Professor & Associate Chair, Jewelry/Metalsmithing at University of North Dakota",new-add,high,https://campus.und.edu/directory/donovan.widmer,University of North Dakota,2026-05-30,Discovered by faculty-succession re-scan.
555,person,gap/james-thurman,James Thurman,"current metals faculty (successor, not in archive)","Professor, Studio Art: Metalsmithing and Jewelry; Program Coordinator of Metalsmithing and Jewelry at University of North Texas",new-add,high,https://cvad.unt.edu/people/thurman-james.html,University of North Texas,2026-05-30,Discovered by faculty-succession re-scan.
556,person,gap/ana-m-lopez,Ana M. Lopez,"current metals faculty (successor, not in archive)","Professor, Studio Art: Metalsmithing and Jewelry at University of North Texas",new-add,high,https://cvad.unt.edu/people/lopez-ana.html,University of North Texas,2026-05-30,Discovered by faculty-succession re-scan.
557,person,gap/anya-kivarkis,Anya Kivarkis,"current metals faculty (successor, not in archive)",Professor; Department Head; Jewelry & Metalsmithing Coordinator (Area Head) at University of Oregon,new-add,high,https://artdesign.uoregon.edu/directory/art-faculty/all/anya,University of Oregon,2026-05-30,Discovered by faculty-succession re-scan.
558,person,gap/valerie-ho-oi-ying-valerie-ho,Valerie Ho (Oi Ying Valerie Ho),"current metals faculty (successor, not in archive)",Jewelry & Metalsmithing Visiting Artist Assistant Professor at University of Oregon,new-add,high,https://www.oiyingvalerieho.com/,University of Oregon,2026-05-30,Discovered by faculty-succession re-scan.
559,person,gap/jacquelyn-knapp,Jacquelyn Knapp,"current metals faculty (successor, not in archive)","Professor of Art and Coordinator of the Art Department (Jewelry, Sculpture, Drawing, Design) at University of Science & Arts of Oklahoma",new-add,medium,https://usao.edu/directory/jacquelyn-knapp.html,University of Science & Arts of Oklahoma,2026-05-30,Discovered by faculty-succession re-scan.
560,person,gap/carli-holcomb,Carli Holcomb,"current metals faculty (successor, not in archive)",Visual Arts Instructor (head of sculpture and metalsmithing concentration) at Casper College,new-add,high,https://www.caspercollege.edu/directory/carli-holcomb/,Casper College,2026-05-30,Discovered by faculty-succession re-scan.
561,person,gap/thomas-bosse,Thomas Bosse,"current metals faculty (successor, not in archive)","Instructor, Studio Art (Jewelry & Metalsmithing) at University of South Carolina",new-add,high,https://sc.edu/study/colleges_schools/artsandsciences/visual_art_and_design/our_people/directory/bosse_thomas.php,University of South Carolina,2026-05-30,Discovered by faculty-succession re-scan.
562,person,gap/bradley-nichols,Bradley Nichols,"current metals faculty (successor, not in archive)",Professor (Metalsmithing and Blacksmithing) at University of Wisconsin-La Crosse,new-add,high,https://www.uwlax.edu/profile/bnichols/,University of Wisconsin-La Crosse,2026-05-30,Discovered by faculty-succession re-scan.
563,person,gap/jaydan-moore,Jaydan Moore,"current metals faculty (successor, not in archive)",Assistant Professor of Art Metals at University of Wisconsin-Madison,new-add,high,https://art.wisc.edu/2025/05/15/announcing-the-new-assistant-faculty-of-art-metals-jaydan-moore/,University of Wisconsin-Madison,2026-05-30,Discovered by faculty-succession re-scan.
564,person,gap/matthew-mauk,Matthew Mauk,"current metals faculty (successor, not in archive)","Teaching faculty, Art Metals (Ring Making) at University of Wisconsin-Madison",new-add,high,https://art.wisc.edu/people/faculty/,University of Wisconsin-Madison,2026-05-30,Discovered by faculty-succession re-scan.
565,person,gap/michael-wartgow,Michael Wartgow,"current metals faculty (successor, not in archive)",Lecturer (Metals/3D/Photo) at University of Wisconsin - Green Bay,new-add,medium,https://www.uwgb.edu/art/contact/michael-wartgow/,University of Wisconsin - Green Bay,2026-05-30,Discovered by faculty-succession re-scan.
566,person,gap/masako-onodera,Masako Onodera,"current metals faculty (successor, not in archive)","Professor, Metals and Contemporary Art Jewelry at University of Wisconsin-Stout",new-add,high,https://www.uwstout.edu/directory/onoderam,University of Wisconsin-Stout,2026-05-30,Discovered by faculty-succession re-scan.
567,person,gap/aaron-deshields,Aaron Deshields,"current metals faculty (successor, not in archive)","Adjunct Professor, Metalsmithing & Jewelry / Blacksmithing at Center for Creative Studies",new-add,high,https://www.ccsdetroit.edu/person/aaron-deshields/,Center for Creative Studies,2026-05-30,Discovered by faculty-succession re-scan.
568,person,gap/teresa-faris,Teresa Faris,"current metals faculty (successor, not in archive)","Professor of Art & Design; Area Head, Jewelry and Metalsmithing at University of Wisconsin-Whitewater",new-add,high,https://www.uww.edu/coac/about-us/directory?x524015-dept=CCH008419&x524015-letter=all&x524015-page=1,University of Wisconsin-Whitewater,2026-05-30,Discovered by faculty-succession re-scan.
569,person,gap/susie-ganch,Susie Ganch,"current metals faculty (successor, not in archive)","Associate Professor - Metals; Graduate Program Director, Department of Craft/Material Studies at Virginia Commonwealth University",new-add,high,https://arts.vcu.edu/community/vcuarts-faculty-and-staff/directory/susie-ganch/,Virginia Commonwealth University,2026-05-30,Discovered by faculty-succession re-scan.
570,person,gap/evan-larson-voltz,Evan Larson-Voltz,"current metals faculty (successor, not in archive)",Associate Professor of Metalsmithing (Metalsmithing area coordinator) at Wayne State University,new-add,high,https://cfpca.wayne.edu/art/faculty-staff/index.php?concentration=1681,Wayne State University,2026-05-30,Discovered by faculty-succession re-scan.
571,person,gap/katie-macdonald,Katie MacDonald,"current metals faculty (successor, not in archive)","Associate Professor of Teaching, Sculpture and Metalsmithing at Wayne State University",new-add,high,https://cfpca.wayne.edu/art/faculty-staff/index.php?concentration=1681,Wayne State University,2026-05-30,Discovered by faculty-succession re-scan.
572,person,gap/mayela-cardenas-surillo,Mayela Cardenas Surillo,"current metals faculty (successor, not in archive)",Professor of Art (BFA RIT; MFA University of Oregon) - jewelry/metals at Western State College of Colorado,new-add,medium,https://western.edu/people/mayela-cardenas/,Western State College of Colorado,2026-05-30,Discovered by faculty-succession re-scan.
573,person,gap/lori-martin-price,Lori Martin Price,"current metals faculty (successor, not in archive)",Jewelry Making & Metalsmithing Instructor at Wichita Center for the Arts,new-add,high,https://markartsks.com/instructors/,Wichita Center for the Arts,2026-05-30,Discovered by faculty-succession re-scan.
574,person,gap/ernst-kind,Ernst Kind,"current metals faculty (successor, not in archive)",Enameling Instructor at Wichita Center for the Arts,new-add,high,https://markartsks.com/instructors/,Wichita Center for the Arts,2026-05-30,Discovered by faculty-succession re-scan.
575,person,gap/anne-fiala,Anne Fiala,"current metals faculty (successor, not in archive)",Assistant Professor of Fine Arts (Metalsmithing & Jewelry Design); MFA Program Coordinator at Winthrop College,new-add,high,https://www.winthrop.edu/cvpa/faculty-staff/fine-arts-faculty.aspx,Winthrop College,2026-05-30,Discovered by faculty-succession re-scan.
576,person,gap/chelsea-stone,Chelsea Stone,"current metals faculty (successor, not in archive)","Jewelry/Metalsmithing Instructor (BFA Metals, NAU; MFA Jewelry, Texas Tech) at Yavapai College",new-add,high,https://www.ycarts.org/chelsea-stone,Yavapai College,2026-05-30,Discovered by faculty-succession re-scan.
577,person,gap/jami-conroy,Jami Conroy,"current metals faculty (successor, not in archive)",Jewelry & Lapidary Arts Instructor (GIA Applied Jewelry Professional) at Yavapai College,new-add,high,https://www.ycarts.org/jami-conroy,Yavapai College,2026-05-30,Discovered by faculty-succession re-scan.
578,person,gap/marthe-roberts-shea,Marthe Roberts/Shea,"current metals faculty (successor, not in archive)","Jewelry / Metalsmithing Instructor (Fibers, Metals, Paper, and More) at Cheltenham Center for the Arts",new-add,high,https://cheltenhamarts.org/about-us/staff-faculty/marthe-robertsshea,Cheltenham Center for the Arts,2026-05-30,Discovered by faculty-succession re-scan.
579,person,gap/phillip-renato,Phillip Renato,"current metals faculty (successor, not in archive)","Professor, M.F.A. (metals/jewelry, now within the interdisciplinary Product Design program) at Kendall College of Art and Design",new-add,high,https://www.ferris.edu/redirects/kcad/programs/faculty/renato-phillip.html,Kendall College of Art and Design,2026-05-30,Discovered by faculty-succession re-scan.
580,person,gap/lauren-selden,Lauren Selden,"current metals faculty (successor, not in archive)","Professor of Art (Metalworking, Jewelry, and Sculpture) at Stephen F. Austin State University",new-add,high,https://facultyshowcase.sfasu.edu/en/persons/lauren-selden/,Stephen F. Austin State University,2026-05-30,Discovered by faculty-succession re-scan.
581,person,gap/jay-h-song,Jay H. Song,"current metals faculty (successor, not in archive)",Professor and Chair of Jewelry at Savannah College of Art and Design,new-add,high,https://www.scad.edu/academics/faculty/jay-h-song,Savannah College of Art and Design,2026-05-30,Discovered by faculty-succession re-scan.
582,person,gap/adam-grinovich,Adam Grinovich,"current metals faculty (successor, not in archive)",Professor of Jewelry at Savannah College of Art and Design,new-add,high,https://www.scad.edu/academics/programs/jewelry/faculty,Savannah College of Art and Design,2026-05-30,Discovered by faculty-succession re-scan.
583,person,gap/lanelle-keyes,Lanelle Keyes,"current metals faculty (successor, not in archive)",Professor of Jewelry at Savannah College of Art and Design,new-add,high,https://www.scad.edu/academics/programs/jewelry/faculty,Savannah College of Art and Design,2026-05-30,Discovered by faculty-succession re-scan.
584,person,gap/hongsock-lee,Hongsock Lee,"current metals faculty (successor, not in archive)",Professor of Jewelry at Savannah College of Art and Design,new-add,high,https://www.scad.edu/academics/programs/jewelry/faculty,Savannah College of Art and Design,2026-05-30,Discovered by faculty-succession re-scan.
585,person,gap/annika-pettersson,Annika Pettersson,"current metals faculty (successor, not in archive)",Professor of Jewelry at Savannah College of Art and Design,new-add,high,https://www.scad.edu/academics/programs/jewelry/faculty,Savannah College of Art and Design,2026-05-30,Discovered by faculty-succession re-scan.
586,person,gap/allison-syes,Allison Syes,"current metals faculty (successor, not in archive)",Metal Arts Instructor (Fine Arts) at Clark College,new-add,medium,https://www.clark.edu/news-and-media/24-7/news-posts/2025-clark-employee-awards.php,Clark College,2026-05-30,Discovered by faculty-succession re-scan.
587,person,gap/rachel-suzanne-smith,Rachel Suzanne Smith,"current metals faculty (successor, not in archive)","Professor of Practice, Craft + Design and Foundations (metalsmith); full-time from Fall 2025 at Cleveland Institute of Art",new-add,medium,https://rachelsuzannesmith.com/about/,Cleveland Institute of Art,2026-05-30,Discovered by faculty-succession re-scan.
588,person,gap/jill-gower-jill-baker-gower,Jill Gower (Jill Baker Gower),"current metals faculty (successor, not in archive)","Assistant Professor of Art - Jewelry/Metals (MFA in metals, Arizona State University) at College of DuPage",new-add,high,https://cod.edu/academics/divisions/art-comm-hospitality/faculty.html,College of DuPage,2026-05-30,Discovered by faculty-succession re-scan.
589,person,gap/haley-bates,Haley Bates,"current metals faculty (successor, not in archive)",Professor of Metalsmithing; Metalsmithing & Jewelry Area Coordinator and Graduate Program Coordinator at Colorado State University,new-add,high,https://art.colostate.edu/people/haleyb/,Colorado State University,2026-05-30,Discovered by faculty-succession re-scan.
590,person,gap/tova-lund,Tova Lund,"current metals faculty (successor, not in archive)","Associate Faculty, Jewelry and Metalsmithing at College of the Redwoods",new-add,high,https://www.redwoods.edu/academics/art-faculty.php,College of the Redwoods,2026-05-30,Discovered by faculty-succession re-scan.
591,person,gap/iris-eichenberg,Iris Eichenberg,"current metals faculty (successor, not in archive)","Artist-in-Residence, Head of Metalsmithing Department at Cranbrook Academy of Art",new-add,high,https://cranbrookart.edu/programs/metalsmithing/,Cranbrook Academy of Art,2026-05-30,Discovered by faculty-succession re-scan.
592,person,gap/mi-sook-hur,Mi-Sook Hur,"current metals faculty (successor, not in archive)","Professor, Metal Design (first-year) at East Carolina University",new-add,high,https://art.ecu.edu/faculty-staff/mi-sook-hur/,East Carolina University,2026-05-30,Discovered by faculty-succession re-scan.
593,person,gap/tim-lazure,Tim Lazure,"current metals faculty (successor, not in archive)","Professor, Metal Design at East Carolina University",new-add,high,https://art.ecu.edu/faculty-staff/tim-lazure/,East Carolina University,2026-05-30,Discovered by faculty-succession re-scan.
594,person,gap/mindy-herrin-lewis,Mindy Herrin-Lewis,"current metals faculty (successor, not in archive)",Professor of Jewelry & Metals at East Tennessee State University,new-add,high,https://www.etsu.edu/cas/art/faculty-staff.php,East Tennessee State University,2026-05-30,Discovered by faculty-succession re-scan.
595,person,gap/daniel-randall,Daniel Randall,"current metals faculty (successor, not in archive)","Associate Professor, School of Art, Craft and Design (metalsmithing/blacksmithing) at Appalachian Center for Crafts, T.T.U.",new-add,high,https://www.tntech.edu/directory/fine-arts/art/daniel-randall.php,"Appalachian Center for Crafts, T.T.U.",2026-05-30,Discovered by faculty-succession re-scan.
596,person,gap/talia-tax,Talia Tax,"current metals faculty (successor, not in archive)","Metals Artist in Residence at Appalachian Center for Crafts, T.T.U.",new-add,high,https://www.tntech.edu/fine-arts/craftcenter/staff.php,"Appalachian Center for Crafts, T.T.U.",2026-05-30,Discovered by faculty-succession re-scan.
597,person,gap/erin-m-rice,Erin M. Rice,"current metals faculty (successor, not in archive)",Instructor of Metalsmithing at Eastern Illinois University,new-add,high,https://www.eiu.edu/art/personnel.php,Eastern Illinois University,2026-05-30,Discovered by faculty-succession re-scan.
598,person,gap/felicia-szorad,Felicia Szorad,"current metals faculty (successor, not in archive)","Professor of Art, Metals Program Coordinator at Eastern Kentucky University",new-add,high,https://www.eku.edu/personnel/felicia-szorad/,Eastern Kentucky University,2026-05-30,Discovered by faculty-succession re-scan.
599,person,gap/eric-okon,Eric Okon,"current metals faculty (successor, not in archive)",Part Time Lecturer (Metalsmithing/Jewelry) at Eastern Michigan University,new-add,medium,https://www.emich.edu/art/faculty-staff/e_okon.php,Eastern Michigan University,2026-05-30,Discovered by faculty-succession re-scan.
600,person,gap/cappy-counard,Cappy Counard,"current metals faculty (successor, not in archive)",Professor of Jewelry and Metals at Edinboro University of Pennsylvania,new-add,high,https://www.pennwest.edu/about/directory/ccounard.php,Edinboro University of Pennsylvania,2026-05-30,Discovered by faculty-succession re-scan.
601,person,gap/kim-nelson,Kim Nelson,"current metals faculty (successor, not in archive)","Assistant Professor and Assistant Chair of the Department, Fashion–Jewelry at Fashion Institute of Technology",new-add,high,https://www.fitnyc.edu/creative-nexus/faculty/directory/nelson-kim.php,Fashion Institute of Technology,2026-05-30,Discovered by faculty-succession re-scan.
602,person,gap/karen-bachmann,Karen Bachmann,"current metals faculty (successor, not in archive)","Adjunct Assistant Professor, Fashion–Jewelry at Fashion Institute of Technology",new-add,high,https://catalog.fitnyc.edu/undergraduate/directories/faculty/,Fashion Institute of Technology,2026-05-30,Discovered by faculty-succession re-scan.
603,person,gap/richard-a-barth,Richard A. Barth,"current metals faculty (successor, not in archive)","Adjunct Assistant Professor, Fashion–Jewelry at Fashion Institute of Technology",new-add,high,https://catalog.fitnyc.edu/undergraduate/directories/faculty/,Fashion Institute of Technology,2026-05-30,Discovered by faculty-succession re-scan.
604,person,gap/dana-buscaglia,Dana Buscaglia,"current metals faculty (successor, not in archive)","Adjunct Instructor, Fashion–Jewelry at Fashion Institute of Technology",new-add,high,https://catalog.fitnyc.edu/undergraduate/directories/faculty/,Fashion Institute of Technology,2026-05-30,Discovered by faculty-succession re-scan.
605,person,gap/frank-fraley,Frank Fraley,"current metals faculty (successor, not in archive)","Adjunct Instructor, Fashion–Jewelry at Fashion Institute of Technology",new-add,high,https://catalog.fitnyc.edu/undergraduate/directories/faculty/,Fashion Institute of Technology,2026-05-30,Discovered by faculty-succession re-scan.
606,person,gap/lisa-linhardt,Lisa Linhardt,"current metals faculty (successor, not in archive)","Adjunct Instructor, Fashion–Jewelry at Fashion Institute of Technology",new-add,high,https://catalog.fitnyc.edu/undergraduate/directories/faculty/,Fashion Institute of Technology,2026-05-30,Discovered by faculty-succession re-scan.
607,person,gap/akiyo-matsuoka,Akiyo Matsuoka,"current metals faculty (successor, not in archive)","Adjunct Instructor, Fashion–Jewelry at Fashion Institute of Technology",new-add,high,https://catalog.fitnyc.edu/undergraduate/directories/faculty/,Fashion Institute of Technology,2026-05-30,Discovered by faculty-succession re-scan.
608,person,gap/steven-parker,Steven Parker,"current metals faculty (successor, not in archive)","Adjunct Assistant Professor, Fashion–Jewelry at Fashion Institute of Technology",new-add,high,https://catalog.fitnyc.edu/undergraduate/directories/faculty/,Fashion Institute of Technology,2026-05-30,Discovered by faculty-succession re-scan.
609,person,gap/wanesia-spry-misquadace,Wanesia Spry Misquadace,"current metals faculty (successor, not in archive)","Associate Professor (Metals; head of the Metals program), School of Art at Arizona State University",new-add,high,https://search.asu.edu/profile/3041212,Arizona State University,2026-05-30,Discovered by faculty-succession re-scan.
610,person,gap/jill-baker-gower,Jill Baker Gower,"current metals faculty (successor, not in archive)",Associate Professor of Art (Jewelry/Metals) at Glassboro State College,new-add,high,https://www.rowan.edu/arts/departments/art/facultystaff/gower.html,Glassboro State College,2026-05-30,Discovered by faculty-succession re-scan.
611,person,gap/jessica-calderwood,Jessica Calderwood,"current metals faculty (successor, not in archive)","Associate Professor of Art, Metals and Jewelry at Ball State University",new-add,high,https://www.bsu.edu/academics/collegesanddepartments/art/about-us/faculty-and-staff/faculty/calderwoodjessica,Ball State University,2026-05-30,Discovered by faculty-succession re-scan.
612,person,gap/sandie-zilker,Sandie Zilker,"current metals faculty (successor, not in archive)","Head, Jewelry and Enamel Department at Glassell School of Art / The Museum of Fine Arts",new-add,high,https://www.mfah.org/learn/glassell-studio-school/faculty,Glassell School of Art / The Museum of Fine Arts,2026-05-30,Discovered by faculty-succession re-scan.
613,person,gap/jan-arthur-harrell,Jan Arthur Harrell,"current metals faculty (successor, not in archive)","Faculty, Enameling / Metalsmithing at Glassell School of Art / The Museum of Fine Arts",new-add,high,https://www.mfah.org/learn/glassell-studio-school/faculty,Glassell School of Art / The Museum of Fine Arts,2026-05-30,Discovered by faculty-succession re-scan.
614,person,gap/nathan-dube,Nathan Dube,"current metals faculty (successor, not in archive)","Faculty, Metalsmithing / Jewelry at Glassell School of Art / The Museum of Fine Arts",new-add,high,https://www.mfah.org/learn/glassell-studio-school/faculty,Glassell School of Art / The Museum of Fine Arts,2026-05-30,Discovered by faculty-succession re-scan.
615,person,gap/angela-bubash,Angela Bubash,"current metals faculty (successor, not in archive)",Instructor - Jewelry (Professional Crafts Jewelry program lead) at Haywood Community College,new-add,high,https://www.haywood.edu/programs/professional-crafts-jewelry.php,Haywood Community College,2026-05-30,Discovered by faculty-succession re-scan.
616,person,gap/marilyn-koch,Marilyn Koch,"current metals faculty (successor, not in archive)","Visiting Faculty, Jewelry & Small Metals at Humboldt State University",new-add,high,https://www.humboldt.edu/art-film/marilyn-koch,Humboldt State University,2026-05-30,Discovered by faculty-succession re-scan.
617,person,gap/kristina-glick,Kristina Glick,"current metals faculty (successor, not in archive)","Associate Lecturer, Metals and Jewelry (MFA East Carolina University, 2007) at Idaho State University",new-add,high,https://kristinaglick.com/bio-cv,Idaho State University,2026-05-30,Discovered by faculty-succession re-scan.
618,person,gap/nicole-jacquard,Nicole Jacquard,"current metals faculty (successor, not in archive)","Professor and Area Head, Metalsmithing + Jewelry Design at Indiana University",new-add,high,https://eskenazi.indiana.edu/faculty/directory/jacquard-nicole.html,Indiana University,2026-05-30,Discovered by faculty-succession re-scan.
619,person,gap/angela-caldwell,Angela Caldwell,"current metals faculty (successor, not in archive)","Lecturer, Metalsmithing and Jewelry Design at Indiana University",new-add,high,https://eskenazi.indiana.edu/faculty/directory/caldwell-angela.html,Indiana University,2026-05-30,Discovered by faculty-succession re-scan.
620,person,gap/sharon-massey,Sharon Massey,"current metals faculty (successor, not in archive)","Professor, Jewelry and Metals, Computer-Aided Design + Digital Fabrication; Department Chairperson at Indiana University of Pennsylvania",new-add,high,https://www.iup.edu/art/faculty/massey-sharon/index.html,Indiana University of Pennsylvania,2026-05-30,Discovered by faculty-succession re-scan.
621,person,gap/brian-fleetwood,Brian Fleetwood,"current metals faculty (successor, not in archive)","Assistant Professor, Studio Arts (jewelry and metals) at Institute of American Indian Arts",new-add,high,https://iaia.edu/faculty-spotlight-brian-fleetwood/,Institute of American Indian Arts,2026-05-30,Discovered by faculty-succession re-scan.
622,person,gap/patty-smith,Patty Smith,"current metals faculty (successor, not in archive)",Director of Visual Arts; Instructor of metalsmithing and sculpture at Interlochen Center for the Visual Arts,new-add,high,https://www.interlochen.org/person/patty-smith,Interlochen Center for the Visual Arts,2026-05-30,Discovered by faculty-succession re-scan.
623,person,gap/katie-duval-mihelich,Katie DuVal Mihelich,"current metals faculty (successor, not in archive)","Interim Lecturer, Jewelry and Metalsmithing at Iowa State University",new-add,medium,https://www.design.iastate.edu/profiles/kaduval/,Iowa State University,2026-05-30,Discovered by faculty-succession re-scan.
624,person,gap/joe-muench,Joe Muench,"current metals faculty (successor, not in archive)","Professor Emeritus, Metalsmithing (joined 2001, retired 2025) at Iowa State University",new-add,medium,https://www.design.iastate.edu/news/joe-muench-lessons-learned-explorations-in-metal-exhibition/,Iowa State University,2026-05-30,Discovered by faculty-succession re-scan.
625,person,gap/mark-rooker,Mark Rooker,"current metals faculty (successor, not in archive)",Professor of Art; Metals Area Head; Studio Art Program Coordinator at James Madison University,new-add,high,https://www.jmu.edu/sadah/faculty-and-staff/faculty/rooker-mark.shtml,James Madison University,2026-05-30,Discovered by faculty-succession re-scan.
626,person,gap/dukno-yoon,Dukno Yoon,"current metals faculty (successor, not in archive)","Associate Professor & Area Coordinator, Metalsmithing & Jewelry at Kansas State University",new-add,high,https://art.ksu.edu/about/people/faculty/yoon.html,Kansas State University,2026-05-30,Discovered by faculty-succession re-scan.
627,person,gap/heather-bayless,Heather Bayless,"current metals faculty (successor, not in archive)","Instructor, Metalsmithing & Jewelry at Kansas State University",new-add,high,https://art.ksu.edu/about/people/instructors/bayless.html,Kansas State University,2026-05-30,Discovered by faculty-succession re-scan.
628,person,gap/karen-e-misher,Karen E. Misher,"current metals faculty (successor, not in archive)","Department Chair, Associate Professor - Visual and Performing Arts (Metals & Jewelry) at Beaver College",new-add,high,https://www.arcadia.edu/faculty-and-staff/karen-e-misher/,Beaver College,2026-05-30,Discovered by faculty-succession re-scan.
629,person,gap/andrew-kuebeck,Andrew Kuebeck,"current metals faculty (successor, not in archive)","Assistant Professor and Area Head, Jewelry/Metals/Enameling at Kent State University",new-add,high,https://www.kent.edu/art/andrew-kuebeck,Kent State University,2026-05-30,Discovered by faculty-succession re-scan.
630,person,gap/sophia-park,Sophia Park,"current metals faculty (successor, not in archive)","Assistant Professor, Fine Metals/Jewelry & Metalsmithing (MFA in Jewelry and Metals, San Diego State University). Successor to James Malenda. at Kutztown University of Pennsylvania",new-add,high,https://petersvalley.org/instructors/sophia-park/,Kutztown University of Pennsylvania,2026-05-30,Discovered by faculty-succession re-scan.
631,person,gap/hosanna-rubio,Hosanna Rubio,"current metals faculty (successor, not in archive)","Adjunct Faculty, Jewelry & Metalsmithing at Long Beach City College",new-add,high,https://www.lbcc.edu/jewelry-metalsmithing,Long Beach City College,2026-05-30,Discovered by faculty-succession re-scan.
632,person,gap/alexandra-dickinson,Alexandra Dickinson,"current metals faculty (successor, not in archive)","Instructional Associate, Jewelry & Metalsmithing at Long Beach City College",new-add,high,https://www.lbcc.edu/jewelry-metalsmithing,Long Beach City College,2026-05-30,Discovered by faculty-succession re-scan.
633,person,gap/kristin-beeler,Kristin Beeler,"current metals faculty (successor, not in archive)","Professor of Art / Coordinator (Applied Design, jewelry/metalwork) at Long Beach City College",new-add,high,https://www.lbcc.edu/applied-design,Long Beach City College,2026-05-30,Discovered by faculty-succession re-scan.
634,person,gap/kathleen-kennedy,Kathleen Kennedy,"current metals faculty (successor, not in archive)",Assistant Professor of Art in Jewelry/Metalsmithing at Longwood College,new-add,high,https://www.longwood.edu/directory/profile/kennedykwlongwoodedu/,Longwood College,2026-05-30,Discovered by faculty-succession re-scan.
635,person,gap/jacquie-tull,Jacquie Tull,"current metals faculty (successor, not in archive)","Metalworking Instructor, Interdisciplinary Sculpture at Maryland Art Institute, Jewelry Institute",new-add,medium,https://www.mica.edu/undergraduate-majors-minors/interdisciplinary-sculpture-major/jacquie-tull/,"Maryland Art Institute, Jewelry Institute",2026-05-30,Discovered by faculty-succession re-scan.
636,person,gap/heather-white,Heather White,"current metals faculty (successor, not in archive)","Professor, Jewelry and Metalsmithing (also known as Heather White van Stolk); Metals Department Coordinator at Massachusetts College of Art",new-add,high,https://massart.edu/program/jewelry-and-metalsmithing/faculty/,Massachusetts College of Art,2026-05-30,Discovered by faculty-succession re-scan.
637,person,gap/emily-cobb,Emily Cobb,"current metals faculty (successor, not in archive)","Associate Professor, Jewelry and Metalsmithing at Massachusetts College of Art",new-add,high,https://massart.edu/program/jewelry-and-metalsmithing/faculty/,Massachusetts College of Art,2026-05-30,Discovered by faculty-succession re-scan.
638,person,gap/venetia-dale,Venetia Dale,"current metals faculty (successor, not in archive)","Visiting Lecturer, Jewelry and Metalsmithing at Massachusetts College of Art",new-add,high,https://massart.edu/program/jewelry-and-metalsmithing/faculty/,Massachusetts College of Art,2026-05-30,Discovered by faculty-succession re-scan.
639,person,gap/joyce-kutty,Joyce Kutty,"current metals faculty (successor, not in archive)","Visiting Lecturer, Jewelry and Metalsmithing at Massachusetts College of Art",new-add,high,https://massart.edu/program/jewelry-and-metalsmithing/faculty/,Massachusetts College of Art,2026-05-30,Discovered by faculty-succession re-scan.
