id,slug,name,kind,work_title,dob,birthplace,currently_at,currently_at_url,current_role,since_year,bio_url,source_url,source_ts,fc_alive,fc_name_changed,fc_current_name,fc_current_role,fc_still_in_job,fc_current_link,fc_summary,fc_confidence,fc_verified,fc_sources,fc_checked
1,crafts/public_html/mjcc/local/history/p38.html,LINDA DARTY,person,The More the Sunshines,1952,"Washington, DC",East Carolina University,http://temple.edu:80/crafts/public_html/mjcc/local/history/s46.html,,1990,,http://temple.edu:80/crafts/public_html/mjcc/local/history/p38.html,,,,,,,,,,,,
2,crafts/metalsdirectorypage/P68.html,ALFRED E. (BUD) GREEN,person,Untitled,1933,"Glendale, California",Texas Woman's University,http://www.temple.edu/crafts/metalsdirectorypage/s197.html,,1969,http://www.temple.edu/crafts/metalsdirectorypage/biographies/b68.html,http://www.temple.edu/crafts/metalsdirectorypage/P68.html,,unknown,no,,"Associate Professor of Art (metalsmith/jeweler), Texas Woman's University, Denton, TX — last documented active there in 1977; now long retired (no current listing).",retired-emeritus,https://twu.edu/inauguration/academic-and-university-symbols/,"Alfred E. Green was an associate professor of art at Texas Woman's University, confirmed as a metalsmith by the silver-and-ivory university ceremonial mace he designed and handmade by hand in 1977. He no longer appears on any current TWU faculty roster; born 1933, he is almost certainly long retired, but no obituary, name change, or current record could be found, so his life status is unknown.",low,confirmed,https://twu.edu/inauguration/academic-and-university-symbols/ | https://twu.edu/commencement/symbols-and-traditions/ | https://twu.edu/faculty-handbook/faculty-employment-policies-and-practices/emeritus-faculty/ | https://twu.edu/visual-arts/about-us/faculty-and-staff/,2026-05-29
3,crafts/metalsdirectorypage/p1.html,LYNDA WATSON-ABBOTT,person,Japan-Motifs #2,1940,"Orange, California",,,,,,http://www.temple.edu/crafts/metalsdirectorypage/p1.html,,yes,yes,Lynda Watson,"Studio jeweler/metalsmith; retired (1995) head of Jewelry/Metals Program, Cabrillo College, Aptos, CA",retired-emeritus,https://en.wikipedia.org/wiki/Lynda_Watson,"Living American metalsmith/jeweler (b. 1940), now working professionally as ""Lynda Watson"" (the archived ""Watson-Abbott"" was a married/professional surname she no longer uses). She built and ran the Jewelry/Metals Program at Cabrillo College from 1970 until her retirement in 1995, and remains an active studio artist — named the Metal Museum's 2022 Master Metalsmith and an American Craft Council Fellow in 2024.",high,confirmed,https://en.wikipedia.org/wiki/Lynda_Watson | https://artjewelryforum.org/interviews/lynda-watson_artistnatl-us_auth-kris-patzlaff_authnatl-us_9-9-2024/ | https://www.metalmuseum.org/master-metalsmith-lynda-watson | https://www.craftcouncil.org/recognition/lynda-watson | https://www.ganoksin.com/article/lynda-watson-abbott-visual-diaries/ | https://www.wikidata.org/wiki/Q18813634,2026-05-29
4,crafts/metalsdirectorypage/p10.html,KENNETH BATES,person,,1904,"North Scituate, Massachusetts",,,,,,http://www.temple.edu/crafts/metalsdirectorypage/p10.html,,no,no,,"Longtime faculty member (1927–1970, ~43 years) at the Cleveland School / Cleveland Institute of Art; enamelist, honored as ""Dean of American Enamelists"" by the National Society of Enamelists (1987). Now deceased.",retired-emeritus,https://case.edu/ech/articles/b/bates-kenneth-f,"Kenneth Francis Bates (1904–1994) was the enamelist long associated with the Cleveland Institute of Art, widely regarded as the ""Dean of American Enamelists."" He died in 1994; the archived ""n/a"" current-teaching status is consistent with a historical figure.",high,not-needed,https://case.edu/ech/articles/b/bates-kenneth-f | https://www.enamelarts.org/kenneth-f-bates/ | https://www.aaa.si.edu/collections/kenneth-francis-bates-papers-5875 | https://clevelandartsprize.org/artists/kenneth-bates/,2026-05-29
5,crafts/metalsdirectorypage/p100.html,MARCIA LEWIS,person,,October 7,"Washington, DC",Long Beach City College,http://www.temple.edu/crafts/metalsdirectorypage/s93.html,,1978,http://www.temple.edu/crafts/metalsdirectorypage/biographies/b100.html,http://www.temple.edu/crafts/metalsdirectorypage/p100.html,,yes,no,,"Professor Emeritus, Jewelry/Metalsmithing, Long Beach City College (taught 1978–2003); also referred to as professor emeritus at Long Beach State University",retired-emeritus,https://en.wikipedia.org/wiki/Marcia_Lewis_(artist),"Marcia Lewis (b. 1946), the jeweler/metalsmith known for the chasing technique, taught at Long Beach City College from 1978 to 2003 and is now professor emeritus; she is living and her work is held by the Smithsonian American Art Museum and Carnegie Museum of Art.",high,not-needed,https://en.wikipedia.org/wiki/Marcia_Lewis_(artist) | https://americanart.si.edu/artist/marcia-lewis-5885 | https://www.objectsusa.com/?jw_portfolio=marcia-lewis-sculpture | https://www.lbcc.edu/jewelry-metalsmithing,2026-05-29
6,crafts/metalsdirectorypage/p101.html,VAL J. LINK,person,Tea. V. Tube,1940,"Shreveport, Louisiana",University of Houston,http://www.temple.edu/crafts/metalsdirectorypage/s224.html,,1970,,http://www.temple.edu/crafts/metalsdirectorypage/p101.html,,no,no,,"Professor and head of the jewelry/metalsmithing program, University of Houston (founded/led the program from ~1970; deceased 2019 — emeritus by the time of death)",retired-emeritus,https://www.millerfuneral.com/obituaries/Val-James-Link?obId=5403215,"Val J. Link (Val James Link), the metalsmith/jeweler who founded and led the University of Houston's jewelry/metalsmithing program, died July 22, 2019 at age 79 in Houston, TX. His name did not change.",high,confirmed,https://www.millerfuneral.com/obituaries/Val-James-Link?obId=5403215 | https://www.ganoksin.com/article/metalsmith-92-winter-exhibition-reviews/ | http://www.temple.edu/crafts/metalsdirectorypage/p101.html,2026-05-29
7,crafts/metalsdirectorypage/p102.html,PAMELA E. LINS,person,Desire,1957,"Chicago, Illinois",Fashion Institute of Technology,http://www.temple.edu/crafts/metalsdirectorypage/s57.html,,1990,,http://www.temple.edu/crafts/metalsdirectorypage/p102.html,,yes,yes,Pam Lins,"Interim Director of the Program in Visual Arts (Senior Lecturer in Visual Arts), Lewis Center for the Arts, Princeton University",no,https://en.wikipedia.org/wiki/Pam_Lins,"The metalsmith Pamela E. Lins now works professionally as ""Pam Lins,"" an award-winning sculptor and educator; she left FIT/metals and is, as of July 2025, Interim Director of Princeton University's Program in Visual Arts. She is alive and active.",high,confirmed,https://en.wikipedia.org/wiki/Pam_Lins | https://arts.princeton.edu/people/pam-lins/ | https://www.towntopics.com/2025/08/27/lins-named-interim-director-of-pus-program-in-visual-arts/ | https://www.gf.org/fellows/pam-lins/ | https://www.ganoksin.com/article/metalsmith-90-spring-exhibition-reviews/ | https://www.huntermfastudio.org/alumni/pam-lins | https://www.bard.edu/mfa/bios/index.php?id=99959667,2026-05-29
8,crafts/metalsdirectorypage/p103.html,LISA LOCKMAN,person,,1963,"Terre Haute, Indiana",Nebraska Wesl e yan University,http://www.temple.edu/crafts/metalsdirectorypage/s124.html,,1990,,http://www.temple.edu/crafts/metalsdirectorypage/p103.html,,yes,no,,"Professor of Art (teaches Metalsmithing, Ceramics, Intro to Creative Tech), Nebraska Wesleyan University, Lincoln, NE",yes,https://www.nebrwesleyan.edu/campus-directory/lisa-lockman-mfa,"Lisa Lockman is still a Professor of Art at Nebraska Wesleyan University (since 1990), teaching Metalsmithing and Ceramics. She is an active current faculty member; name unchanged.",high,not-needed,https://www.nebrwesleyan.edu/campus-directory/lisa-lockman-mfa | https://www.nebrwesleyan.edu/campus-directory/lisa-lockman | http://lisalockman.com/contributors | https://aobfineart.com/artist/lisa-lockman,2026-05-29
9,crafts/metalsdirectorypage/p104.html,DAVID GEORGE LOGAN,person,Untitled,1937,"Milwaukee, Wisconsin",East Tennesse State University,http://www.temple.edu/crafts/metalsdirectorypage/s48.html,,1979,http://www.temple.edu/crafts/metalsdirectorypage/biographies/b104.html,http://www.temple.edu/crafts/metalsdirectorypage/p104.html,,no,no,,"Professor Emeritus and former Chair, Department of Art & Design, East Tennessee State University; led the jewelry/metalsmithing program 1979–2003",retired-emeritus,https://easttennessean.com/2009/11/02/retired-art-professor-dies-at-72/,"David George Logan, the ETSU jewelry/metalsmithing professor and metals-arts educator, retired as Professor Emeritus in 2003 and died October 20, 2009 at age 72 of lymphoma.",high,confirmed,https://easttennessean.com/2009/11/02/retired-art-professor-dies-at-72/ | https://www.etsu.edu/cas/art/galleries/history.php,2026-05-29
10,crafts/metalsdirectorypage/p105.html,CHARLES LOLOMA,person,,1921,"Hotevilla on Third Mesa, Arizona",,,,,http://www.temple.edu/crafts/metalsdirectorypage/biographies/b105.html,http://www.temple.edu/crafts/metalsdirectorypage/p105.html,,no,no,,"Hopi jeweler/metalsmith and artist; full name Charles Sequevya Loloma. Trained in pottery at the School for American Craftsmen (then at Alfred University, later RIT). Earlier taught at the Institute of American Indian Arts, Santa Fe. Deceased 1991.",unknown,https://en.wikipedia.org/wiki/Charles_Loloma,"Charles Loloma (1921–1991) was a highly influential Hopi jeweler/metalsmith who pioneered the use of gold, gemstones, and inlaid exotic materials in Native American jewelry. He died June 9, 1991; he is a celebrated historical figure, not a current educator.",high,not-needed,https://en.wikipedia.org/wiki/Charles_Loloma | https://kinggalleries.com/brand/loloma-charles-1921-1991/ | https://www.medicinemangallery.com/blogs/biographies/charles-loloma-1921-1991-biography | https://www.adobegallery.com/artist/Charles_Loloma_1921_1991_Hopi25332325,2026-05-29
11,crafts/metalsdirectorypage/p106.html,RANDY J. LONG,person,,1951,"Natrona Heights, Pennsylvania",Indiana University,http://www.temple.edu/crafts/metalsdirectorypage/s80.html,,1983,,http://www.temple.edu/crafts/metalsdirectorypage/p106.html,,yes,no,,"Distinguished Professor Emerita of Metalsmithing & Jewelry Design, Eskenazi School of Art, Architecture + Design, Indiana University Bloomington",retired-emeritus,https://honorsandawards.iu.edu/awards/honoree/8058.html,"Randy Long is the metalsmith/jeweler from the archived record (born 1951; BA/MA San Diego State, MFA Cal State Long Beach; joined IU in 1983). She is a woman who built IU's metals program, was named Distinguished Professor in 2017, received IU's Bicentennial Medal in 2020, and is now listed as Faculty Emerita. No obituary found; presumed alive.",high,not-needed,https://honorsandawards.iu.edu/awards/honoree/8058.html | https://eskenazi.indiana.edu/news/2017/2017-02-13-randy-long-distinguished.html | https://bulletins.iu.edu/iu/gradschool/2024-2025/programs/bloomington/art-and-design/faculty.shtml | https://eskenazi.indiana.edu/news/2020/2020-10-07-bicentennial-awardees.html | https://www.ganoksin.com/article/randy-long-works-metal/,2026-05-29
12,crafts/metalsdirectorypage/p107.html,LEON LUGASSY,person,,?,?,,,,,,http://www.temple.edu/crafts/metalsdirectorypage/p107.html,,no,no,,"Retired professor of industrial design (20 years) and jeweler/metalsmith at Philadelphia College of Art (PCA, now University of the Arts); later ran his own hardwood-flooring business from 1989.",no,https://paffett.family/remembering-leon-lugassy/,"Leon Judah Lugassy, jeweler/metalsmith and longtime industrial-design professor at Philadelphia College of Art (now University of the Arts), died December 25, 2021, aged 84. He earned his MFA in Jewelry and Metalsmithing from Tyler School of Art in 1968.",high,confirmed,https://paffett.family/remembering-leon-lugassy/ | http://www.carrfuneralhome.net/obituaries/leon-judah-lugassy,2026-05-29
13,crafts/metalsdirectorypage/p108.html,ANTHONY JAMES LUGO,person,,January 4th,"Los Angeles, California",Palomar College,http://www.temple.edu/crafts/metalsdirectorypage/s142.html,,1974,,http://www.temple.edu/crafts/metalsdirectorypage/p108.html,,unknown,no,,"Long-time jewelry/metalsmithing & 3D-design instructor (Fine Arts), Palomar College, San Marcos CA — now retired / no longer on the active faculty",retired-emeritus,https://www.ratemyprofessors.com/professor/382688,"Anthony ""Tony"" Lugo was the longtime jewelry/metalsmithing and 3D-design instructor in Palomar College's Fine Arts department (consistent with the archived 1974 start; students recall his classes back to 1986/87). He no longer appears on Palomar's current art faculty or program pages — the current metals instructor is Lisa Mandel and Palomar is advertising an adjunct opening — so he appears to have retired/gone emeritus. No name change and no matching obituary were found.",medium,not-needed,https://www.ratemyprofessors.com/professor/382688 | https://www.palomar.edu/art/explore-programs/ | https://programmap.palomar.edu/academics/interest-clusters/e5374361-6869-4373-90b5-cdcbb1a8f9ec/programs/4d5e743b-a2c9-c650-12b8-6648044d2302 | https://www.higheredjobs.com/faculty/details.cfm?JobCode=179179267 | https://www.silversmithing.com/artisan-memorial.htm,2026-05-29
14,crafts/metalsdirectorypage/p109.html,RICHARD MAFONG,person,,1942,"Tijuana, Mexico",Georgia State University since ?,http://www.temple.edu/crafts/metalsdirectorypage/s67.html,,,,http://www.temple.edu/crafts/metalsdirectorypage/p109.html,,unknown,no,,"Professor Emeritus of Jewelry Design and Metalsmithing, Georgia State University (Ernest G. Welch School of Art & Design), Atlanta, GA. Founded/headed the GSU metals program from 1968; retired from teaching in 2002 to focus on his own design work.",retired-emeritus,https://americanart.si.edu/artist/richard-mafong-18315,"Richard Mafong (b. Tijuana, Mexico, 1942) is the metalsmith/jeweler who founded and led the Georgia State University metals program in 1968 and retired in 2002; he is Professor Emeritus, not still actively teaching. He was still exhibiting as recently as 2015-2016; no obituary was found, so his current life status is unknown.",medium,not-needed,https://americanart.si.edu/artist/richard-mafong-18315 | https://high.org/collection/container-6/ | https://dlg.usg.edu/record/gsu_ajc_4591 | https://www.artfieldssc.org/galleries/art/2015/cosmos/163760/ | https://www.askart.com/artist/Richard_Mafong/11000838/Richard_Mafong.aspx,2026-05-29
15,crafts/metalsdirectorypage/p11.html,JAMIE BENNETT,person,,1948,"Barrington, Pennsylvania",State University of New York - New Paltz,http://www.temple.edu/crafts/metalsdirectorypage/s188.html,,1985,http://www.temple.edu/crafts/metalsdirectorypage/biographies/b11.html,http://www.temple.edu/crafts/metalsdirectorypage/p11.html,,yes,no,,"Professor Emeritus, Metal/Jewelry program, State University of New York at New Paltz (retired from teaching ~2014–2015 after ~30 years)",retired-emeritus,https://en.wikipedia.org/wiki/Jamie_Bennett_(artist),"Jamie Bennett (b. 1948), the enamelist/jeweler, is alive and is now Professor Emeritus at SUNY New Paltz after retiring from teaching around 2014–2015; he received the SNAG Lifetime Achievement Award in 2022.",high,not-needed,https://en.wikipedia.org/wiki/Jamie_Bennett_(artist) | https://snagmetalsmith.org/2022/04/2022-laa-jamie-bennett/ | https://www.enamelarts.org/jamie-bennett/ | https://americanart.si.edu/artist/jamie-bennett-346 | https://sites.newpaltz.edu/news/2008/09/jamie-bennett-contemplative-jeweler/,2026-05-29
16,crafts/metalsdirectorypage/p110.html,THOMAS S. MADDEN,person,,1958,"Wichita, Kansas",Center for Creative Studies,http://www.temple.edu/crafts/metalsdirectorypage/s25.html,,1992,,http://www.temple.edu/crafts/metalsdirectorypage/p110.html,,unknown,no,,"Professor and Section Head of Metalsmithing & Jewelry / Crafts Department Chairman, College for Creative Studies, Detroit MI (listed tenure 1992-2014; no longer active faculty)",retired-emeritus,https://www.ccsdetroit.edu/person/thomas-madden/,"Identity strongly confirmed: the metalsmith Thomas Madden taught at the (renamed) College for Creative Studies in Detroit from 1992, with education matching exactly (BFA Kansas State, MFA Bowling Green State). The school's own faculty page lists his tenure as 1992-2014, indicating he has retired or left active teaching; no obituary was found, so his alive status is unknown.",high,not-needed,https://www.ccsdetroit.edu/person/thomas-madden/ | https://www.collegeforcreativestudies.edu/Faculty/2500/Madden | https://www.toledoblade.com/a-e/art/2007/10/10/Heavy-metal-Bedford-metalsmith-Tom-Madden-s-artwork-is-drawing-national-attention/stories/200710100039,2026-05-29
17,crafts/metalsdirectorypage/p111.html,JAMES MALENDA,person,I Station,1946,"Kingston, Pennsylvania",Kutztown University,http://www.temple.edu/crafts/metalsdirectorypage/s91.html,,1987,,http://www.temple.edu/crafts/metalsdirectorypage/p111.html,,yes,no,,"Professor Emeritus of Fine Metals (metalsmithing/enameling), Kutztown University, Pennsylvania; continues teaching workshops (Haystack, Arrowmont, Penland) and internationally (East Carolina University program in Certaldo, Italy)",retired-emeritus,https://www.enamelarts.org/james-malenda/,"James Malenda (b. 1946, Kingston PA) is alive and an internationally recognized metalsmith/enamelist. He taught at Kutztown University from 1987 and is now Professor Emeritus there; he received Kent State University's 2025 Professional Achievement Award and remains active teaching workshops and maintaining a studio.",high,not-needed,https://www.enamelarts.org/james-malenda/ | https://www.kent.edu/alumni-and-giving/james-malenda-71-2025-professional-achievement-award-recipient | https://www.kutztown.edu/news-and-media/ku-media/daily-brief/may-2022/may-12-2022.html | http://malendamonumetal.com/about.html,2026-05-29
18,crafts/metalsdirectorypage/p112.html,THOMAS R. MARKUSEN,person,The White House Collection,1940,"Chicago, Illinois",State University of New York - Brockport,http://www.temple.edu/crafts/metalsdirectorypage/s186.html,,1968,,http://www.temple.edu/crafts/metalsdirectorypage/p112.html,,yes,no,,"Professor Emeritus of Sculpture and Metal/Jewelry, SUNY Brockport (taught 1968-1998); proprietor/artist at Markusen Metal Studios, Ltd., Kendall, NY",retired-emeritus,http://www.markusenmetal.com/Studio/thomas_roy_markusen.htm,"Confirmed as the metalsmith: born 1940 (Chicago), BS/MS from University of Wisconsin-Madison, taught at SUNY Brockport 1968-1998. He retired in 1998 and is Professor Emeritus; he now runs Markusen Metal Studios in Kendall, NY. No obituary found and he appears in current donor/residence records, so likely living; no name change.",medium,not-needed,https://brockport.academicworks.com/donors/thomas-r-and-mary-p-markusen | http://www.markusenmetal.com/Studio/thomas_roy_markusen.htm | http://www.markusenmetal.com/ | https://www.ganoksin.com/article/tom-markusen-holloware-maker-integrity/ | https://www.askart.com/artist/Thomas_Roy_Markusen/112113/Thomas_Roy_Markusen.aspx,2026-05-29
19,crafts/metalsdirectorypage/p113.html,JOHN MARSHALL,person,,1936,"Pittsburgh, Pennsylvania",University of Washington,http://www.temple.edu/crafts/metalsdirectorypage/s242.html,,1975,http://www.temple.edu/crafts/metalsdirectorypage/biographies/b113.html,http://www.temple.edu/crafts/metalsdirectorypage/p113.html,,unknown,no,,"Professor Emeritus, School of Art, University of Washington (retired 2001 as head of the metal arts program); subsequently a studio metalsmith/painter based in the Seattle/Edmonds, WA area",retired-emeritus,https://www.johnmarshallmetalsmith.com/,"John Marshall (b. 1936, Pittsburgh), the silversmith/metalsmith, taught at the University of Washington from 1970 and retired in 2001, becoming Professor Emeritus; he is not currently teaching there. No name change and no obituary was found; alive status could not be confirmed.",high,not-needed,https://www.johnmarshallmetalsmith.com/ | https://www.johnmarshallmetalsmith.com/timeline | https://www.aaa.si.edu/collections/john-marshall-papers-11575 | https://www.silversmithing.com/1hans27.htm | https://www.ganoksin.com/article/conversation-john-marshall/ | https://bainbridgebarn.org/jewelry/the-tools-of-a-master-find-a-new-home-at-barn/,2026-05-29
20,crafts/metalsdirectorypage/p114.html,KURT MATZDORF,person,,1922,"Stadtoldendorf, Germany",,,,,http://www.temple.edu/crafts/metalsdirectorypage/biographies/b114.html,http://www.temple.edu/crafts/metalsdirectorypage/p114.html,,no,no,,"Professor Emeritus, Metals Program (founder), State University of New York at New Paltz; taught 1957–1985",retired-emeritus,https://en.wikipedia.org/wiki/Kurt_Matzdorf,"Kurt J. Matzdorf (1922–2008) was a German-born American silversmith/goldsmith and educator who founded the metals program at SUNY New Paltz, teaching there 1957–1985, and won SNAG's 2006 Lifetime Achievement Award. He died December 20, 2008.",high,not-needed,https://en.wikipedia.org/wiki/Kurt_Matzdorf | https://sites.newpaltz.edu/news/2006/06/professor-emeritus-recognized-for-contribution-to-metalsmith-community/ | https://www.findagrave.com/memorial/228996715/kurt-j.-matzdorf | https://www.legacy.com/us/obituaries/nytimes/name/kurt-matzdorf-obituary?id=28875445 | https://www.jmberlin.de/en/topic-kurt-j-matzdorf,2026-05-29
21,crafts/metalsdirectorypage/p115.html,RICHARD MAWDSLEY,person,Water Tower #2,1945,"Winfield, Kansas",Southern Illinois University - Carbondale,http://www.temple.edu/crafts/metalsdirectorypage/s175.html,,1978,http://www.temple.edu/crafts/metalsdirectorypage/biographies/b115.html,http://www.temple.edu/crafts/metalsdirectorypage/p115.html,,yes,no,,"Professor Emeritus of Metalsmithing/Jewelry, Southern Illinois University Carbondale (retired 2004); continues to work as an independent metal artist",retired-emeritus,https://en.wikipedia.org/wiki/Richard_Mawdsley,"Richard Mawdsley (b. 1945), the metalsmith/jeweler, retired from Southern Illinois University Carbondale in 2004 as Professor Emeritus and remains living and artistically active. He is not in the archived teaching job anymore (retired 20+ years ago), and his name is unchanged.",high,not-needed,https://en.wikipedia.org/wiki/Richard_Mawdsley | https://americanart.si.edu/artist/richard-mawdsley-3182 | https://www.metalmuseum.org/post/2017/12/29/inside-the-collection-richard-mawdsley | https://www.craftinamerica.org/artist/richard-mawdsley/ | https://richardmawdsley.tumblr.com/bio | https://news.siu.edu/2013/05/050813amh13037.php,2026-05-29
22,crafts/metalsdirectorypage/p116.html,TOM McCARTHY,person,,1960,"Cheyenne, Wyoming",Florida Gulf Coast Art Center,http://www.temple.edu/crafts/metalsdirectorypage/s65.html,,1990,,http://www.temple.edu/crafts/metalsdirectorypage/p116.html,,yes,no,,"Studio jeweler/metalsmith and teaching artist; teaches metals/jewelry at Craft Alliance, St. Louis, MO (since 2014). Maintains own studio practice (tommccarthyjewelry.com).",no,https://tommccarthyjewelry.com/,"Tom McCarthy (BA History, Grinnell 1983; MFA Metals, SIU Carbondale 1990) left the Florida Gulf Coast Art Center long ago (artist-in-residence there 1990-92, on staff through ~1998). He is now a St. Louis-based studio jeweler/metalsmith known for concrete-and-metal work, teaching at Craft Alliance since 2014; his site shows activity through 2021. No name change and no obituary found.</summary>
<parameter name=""notes"">Identity confirmed via his own site's resume matching the archived record exactly: Grinnell College (BA), Southern Illinois University-Carbondale (MFA, 1990, studied under Brent Kington and Richard Mawdsley), and Florida Gulf Coast Art Center, Belleair FL. NOT the same as the USNA History professor Tom McCarthy or other same-named people. Archived ""since 1990"" matches his 1990-92 FGC Art Center residency; he subsequently moved through Penland, John C. Campbell Folk School, Eckerd College, Morean Arts Center, Arrowmont, Idyllwild Arts, and now Craft Alliance St. Louis. Birth year 1960 not directly confirmed but consistent with a 1983 BA; no death record found. Confidence high on identity/role; 'alive=yes' inferred from absence of any obituary plus an actively maintained site/store (copyright 2021, live online shop and social links).",high,confirmed,https://tommccarthyjewelry.com/about/resume | https://tommccarthyjewelry.com/ | https://tommccarthyjewelry.com/teaching-events | https://www.craftalliance.org/,2026-05-29
23,crafts/metalsdirectorypage/p117.html,ROD McCORMICK,person,Nantes,1952,"Battle Creek, Michigan",The Philadelphia College of Art and Design,http://www.temple.edu/crafts/metalsdirectorypage/s208.html,,1981,,http://www.temple.edu/crafts/metalsdirectorypage/p117.html,,yes,no,,"Professor of Jewelry/Metals (Craft + Material Studies), University of the Arts, Philadelphia — the successor institution to the archived ""Philadelphia College of Art."" Last-known role; the UArts Jewelry/Metals program ended around 2021 and the University of the Arts closed June 2024. Now exhibits/works as an independent studio jeweler (3D-printed jewelry), represented by Gravers Lane Gallery, Philadelphia.",no,http://rod-mccormick.com/,"Rod McCormick is the same metalsmith/sculptor/jeweler — Tyler BFA + RISD MFA — who taught at Philadelphia College of Art (which became the University of the Arts in 1987) as professor of jewelry/metals from 1986. The program ended ~2021 and UArts closed in 2024; he continues as an independent studio jeweler making 3D-printed work, shown at Gravers Lane Gallery. No obituary found; appears alive. Name unchanged.",high,confirmed,http://rod-mccormick.com/?page_id=157 | https://www.uarts.edu/staff-directory/rmccormick | https://www.graverslanegallery.com/rod-mccormick | https://en.wikipedia.org/wiki/University_of_the_Arts_(Philadelphia),2026-05-29
24,crafts/metalsdirectorypage/p118.html,TIM McCREIGHT,person,Fibula,1951,"Philadelphia, Pennsylvania",Maine College of Art since ? to ?,http://www.temple.edu/crafts/metalsdirectorypage/s96.html,,,,http://www.temple.edu/crafts/metalsdirectorypage/p118.html,,yes,no,,"Retired from Maine College of Art (taught full-time there 1988–2005); now an independent metalsmith, author, and founder/publisher of Brynmorgen Press; president of the Harpswell Heritage Land Trust board, living in Harpswell, Maine.",retired-emeritus,https://en.wikipedia.org/wiki/Tim_McCreight,"Tim McCreight, the metalsmith/jeweler and author of ""The Complete Metalsmith,"" is alive and active in Harpswell, Maine as of December 2025. He retired from full-time teaching at Maine College of Art (where he taught 1988–2005); no name change.",high,not-needed,https://en.wikipedia.org/wiki/Tim_McCreight | https://harpswellanchor.org/2025/12/new-book-chronicles-pioneering-work-of-great-island-metalsmith-and-author/ | https://mainecrafts.org/2021-maine-craft-artist-award-tm/ | https://www.covestreetarts.com/exhibition-artist-bios/tim-mccreight,2026-05-29
25,crafts/metalsdirectorypage/p119.html,VITRICE McMURRY,person,,1947,"Jackson, Mississippi",Metairie Park County Day School,http://www.temple.edu/crafts/metalsdirectorypage/s102.html,,1983,,http://www.temple.edu/crafts/metalsdirectorypage/p119.html,,yes,no,,"Independent studio jeweler/metalsmith, ""Vitrice Jewelry,"" New Orleans; former longtime metals teacher at Metairie Park Country Day School",unknown,https://vitrice.indiemade.com/,"Vitrice McMurry is alive and an active New Orleans studio jeweler/metalsmith selling under ""Vitrice Jewelry"" (JazzFest, Symmetry Jewelers, Ogden Museum, etc.) as of 2024-2025. She taught metals at Metairie Park Country Day School for many years; her own bio now describes that teaching in the past tense, so her current status there is uncertain.",high,not-needed,https://vitrice.indiemade.com/ | https://vitrice.indiemade.com/content/bio | https://www.myneworleans.com/vitrice-mcmurry-2014-new-orleans-top-female-achievers/ | https://www.nojazzfest.com/craft-vendors/vitrice-mcmurry/ | https://symmetryjewelers.com/collections/vitrice-mcmurry,2026-05-29
26,crafts/metalsdirectorypage/p12.html,BERNARD BERNSTEIN,person,Memorial Lamp,1928,New York,92nd. Street Y. N.Y.,,,1987,http://www.temple.edu/crafts/metalsdirectorypage/biographies/b12.html,http://www.temple.edu/crafts/metalsdirectorypage/p12.html,,no,no,,Metalsmith/Judaica silversmith and teacher; taught silversmithing/Judaica at the 92nd Street Y (NYC) and previously industrial arts at City College of New York. Deceased 2021.,no,https://en.wikipedia.org/wiki/Bernard_Bernstein_(metalsmith),"Bernard ""Bernie"" Bernstein (1928–2021) was an American metalsmith known for Judaica silver; he taught at City College of New York and later silversmithing/Judaica at the 92nd Street Y. He died July 28, 2021, so the archived ""currently teaching at 92nd Street Y"" record is now historical.",high,not-needed,https://en.wikipedia.org/wiki/Bernard_Bernstein_(metalsmith) | https://www.wikidata.org/wiki/Q106629596 | https://archives.cjh.org/repositories/6/resources/56 | https://craftcouncil.org/recognition/bernard-bernstein | https://www.92ny.org/instructor/bernard-bernstein | https://www.cbsnews.com/newyork/news/hanukkah-celebrations-highlight-silversmith-bernard-bernsteins-craft/,2026-05-29
27,crafts/metalsdirectorypage/p120.html,BRIAN MEEK,person,Emerald Lies,1970,Ohio,,,,,,http://www.temple.edu/crafts/metalsdirectorypage/p120.html,,yes,no,,"Owner/designer, Knew Concepts (precision jeweler's/metalsmith saw manufacturer, Santa Cruz/Bay Area, CA); also teaches metalsmithing workshops (e.g., Metalwerx). Formerly taught 12 years at Santa Barbara City College Adult-Ed jewelry program.",no,https://knewconcepts.com/about-knew-concepts.php,"Brian Meek (b. 1970), the metalsmith/jeweler with a Syracuse BFA, a year at City of London Polytechnic, and a Cranbrook MFA, is alive and active as the owner and tool designer of Knew Concepts, which he purchased after partner Lee Marshall died in June 2017. He still teaches metalsmithing workshops but holds no academic faculty post.",high,confirmed,https://knewconcepts.com/about-knew-concepts.php | https://www.knewconcepts.com/Changing-of-the-guard.php | https://www.metalartsguildsf.org/member-of-the-month-archive/featuredmember2019/ | https://metalwerx.org/instructors/22389 | https://www.linkedin.com/in/brian-meek-86a0b017/ | https://orchid.ganoksin.com/t/introducing-brian-meek/26770,2026-05-29
28,crafts/metalsdirectorypage/p121.html,BRUCE METCALF,person,Wood Pin #103,1949,"Amherst, Massachusetts",The University of the Arts -part time,http://www.temple.edu/crafts/metalsdirectorypage/s208.html,,1994,,http://www.temple.edu/crafts/metalsdirectorypage/p121.html,,yes,no,,"Independent art jeweler, critic, and craft historian based in Philadelphia (formerly Senior Lecturer/part-time at the University of the Arts, which closed June 2024); previously taught at Kent State University 1981–1991",no,https://www.brucemetcalf.com/,"Bruce Metcalf (b. 1949, Amherst, MA) is alive and active as a leading art jeweler, critic, and craft historian; his archived part-time post at the University of the Arts ended when that institution abruptly closed in June 2024. He continues to exhibit (work on view at the Met through January 2026) and maintains his own website.",high,confirmed,https://en.wikipedia.org/wiki/Bruce_Metcalf | https://www.brucemetcalf.com/ | https://www.brucemetcalf.com/personal-history | https://americanart.si.edu/artist/bruce-metcalf-7115 | https://artjewelryforum.org/articles/have-you-heard_august-part-1_8-5-2024/ | https://whyy.org/articles/university-of-the-arts-closing-philadelphia/ | https://www.legacy.com/us/obituaries/name/bruce-metcalf-obituary?id=57678684,2026-05-29
29,crafts/metalsdirectorypage/p122.html,ALAN T. METTE,person,Enamel Brooch,1951,"Detroit, Michigan",University of Illinois - Urbana,http://www.temple.edu/crafts/metalsdirectorypage/s225.html,,1981,,http://www.temple.edu/crafts/metalsdirectorypage/p122.html,,yes,no,,"Professor Emeritus of Studio Art (Metals), School of Art + Design, University of Illinois at Urbana-Champaign",retired-emeritus,https://art.illinois.edu/people/profiles/alan-mette/,"Alan T. Mette is confirmed as the same metals/jewelry educator from the archived record: he joined the University of Illinois at Urbana-Champaign in 1981 and is now Professor Emeritus of Studio Art there, having co-chaired the Metals program and later served as Director of the School of Art + Design. No name change; no obituary found.",high,not-needed,https://art.illinois.edu/people/profiles/alan-mette/ | https://www.news-gazette.com/arts-entertainment/studio-visit-alan-mette/article_a7d10282-504f-5d72-af9a-3170aafff8dd.html | https://opengovus.com/illinois-university-employee/alan-t-mette,2026-05-29
30,crafts/metalsdirectorypage/p123.html,FREDERICK MILLER,person,,1913,"Akron, Ohio",,,,,http://www.temple.edu/crafts/metalsdirectorypage/biographies/b123.htm,http://www.temple.edu/crafts/metalsdirectorypage/p123.html,,no,no,,"Instructor of silversmithing and jewelry, Cleveland Institute of Art (1947–1975, retired); also co-owner/design director of Potter and Mellen, Cleveland",retired-emeritus,https://clevelandartsprize.org/artists/frederick-a-miller/,Frederick Anson Miller (1913–2000) was a nationally renowned Cleveland silversmith and jeweler known for asymmetrical hollowware; he taught silversmithing and jewelry at the Cleveland Institute of Art from 1947 until his 1975 retirement and died in 2000.,high,not-needed,https://clevelandartsprize.org/artists/frederick-a-miller/ | https://clevelandartarchives.libraryhost.com/agents/people/13 | https://library.clevelandart.org/frederick-miller-collection | https://americanart.si.edu/artist/frederick-miller-5648 | https://www.ganoksin.com/article/frederick-miller/,2026-05-29
31,crafts/metalsdirectorypage/p124.html,JOHN PAUL MILLER,person,,1918,"Huntington, Pennsylvania",,,,,http://www.temple.edu/crafts/metalsdirectorypage/biographies/b124.html,http://www.temple.edu/crafts/metalsdirectorypage/p124.html,,no,no,,Goldsmith/enamelist and longtime instructor at the Cleveland Institute of Art (retired 1983); deceased 2013,no,https://en.wikipedia.org/wiki/John_Paul_Miller,"John Paul Miller, the goldsmith/enamelist famed for reviving ancient granulation, died March 1, 2013. He taught at the Cleveland Institute of Art for decades, retiring in 1983.",high,not-needed,https://en.wikipedia.org/wiki/John_Paul_Miller | https://snagmetalsmith.org/2013/03/in-memoriam-2/ | https://americanart.si.edu/artist/john-paul-miller-6167 | https://www.clevelandart.org/exhibitions/jewelry-john-paul-miller | https://zaffirojewelry.com/in-memoriam-john-paul-miller-1918-2013/,2026-05-29
32,crafts/metalsdirectorypage/p125.html,BOB MITCHELL,person,,1942,"Decatur, Illinois",,,,,,http://www.temple.edu/crafts/metalsdirectorypage/p125.html,,no,no,,"Last known: retired Professor of Art (Ceramics and Metalsmithing), Arkansas State University, Jonesboro; later Business Manager of the Society of North American Goldsmiths (SNAG); also taught jewelry/metalsmithing at Milwaukee Area Technical College. Deceased 2025.",no,https://www.bacasfuneralchapelslascruces.com/obituary/robert-mitchell,"Bob Mitchell (Robert Ellis Mitchell), b. 1942, was a Professor of Ceramics and Metalsmithing at Arkansas State University and later Business Manager of SNAG; he died January 30, 2025, in Las Cruces, New Mexico.",high,confirmed,https://www.bacasfuneralchapelslascruces.com/obituary/robert-mitchell,2026-05-29
33,crafts/metalsdirectorypage/p126.html,ROBERT MONTGOMERY,person,,?,?,,,,,http://www.temple.edu/crafts/metalsdirectorypage/biographies/b126.html,http://www.temple.edu/crafts/metalsdirectorypage/p126.html,,likely-deceased,no,,"Professor of metals/jewelry and enameling (and former head of graphic design), Department of Art, Indiana State University, Terre Haute — long retired (taught there 20+ years through the mid-1980s)",retired-emeritus,https://www.ganoksin.com/article/master-metalsmith-robert-montgomery/,"Robert Montgomery (""Monty"") was a metalsmith/enamelist and influential metals educator: BFA Kansas City Art Institute, BS art education Wichita State (1953), MFA silversmithing University of Kansas (1955), then taught for 20+ years at Indiana State University in Terre Haute (heading graphic design, then metals). The archived directory's ""n/a"" current job is correct — he was long retired. Given his mid-1920s birth he is very likely deceased, though no obituary could be confirmed.",medium,confirmed,https://www.ganoksin.com/article/master-metalsmith-robert-montgomery/ | https://www.ganoksin.com/article/legacy-american-metalworking/ | https://www.enamelarts.org/robert-ebendorf/ | https://www.enamelarts.org/barbara-minor/,2026-05-29
34,crafts/metalsdirectorypage/p127.html,PHILIP MORTON,person,,?,?,,,,,http://www.temple.edu/crafts/metalsdirectorypage/biographies/b127.html,http://www.temple.edu/crafts/metalsdirectorypage/p127.html,,likely-deceased,no,,"Pioneering American modernist metalsmith/jeweler and educator; established the contemporary jewelry and 3-D design programs at the University of Minnesota (joined 1948), earlier taught metal design at the School for American Craftsmen (Alfred, NY, from 1947); author of the classic textbook ""Contemporary Jewelry: A Studio Handbook"" (1970); founding instigator of the Society of North American Goldsmiths (SNAG), 1968.",retired-emeritus,https://snagmetalsmith.org/who-we-are/,"Philip Morton was a pioneering American modernist metalsmith, longtime jewelry/3-D design educator at the University of Minnesota, author of the standard textbook ""Contemporary Jewelry: A Studio Handbook,"" and the instigator who convened the 1968 Chicago meeting that founded SNAG. He is a historical figure, long out of teaching and almost certainly deceased, though no exact death date could be confirmed.",medium,confirmed,https://snagmetalsmith.org/who-we-are/ | https://www.ganoksin.com/article/founding-masters-exhibit/ | https://www.amazon.com/Contemporary-Jewelry-handbook-Philip-Morton/dp/0030722004 | https://www.calameo.com/snagmetalsmith/books/006950865ef28e6ee0595 | https://en.wikipedia.org/wiki/Society_of_North_American_Goldsmiths,2026-05-29
35,crafts/metalsdirectorypage/p128.html,ELEANOR MOTY,person,Floater Brooch,1945,"Glen Ellyn, Illinois",University of Wisconsin - Madison,http://www.temple.edu/crafts/metalsdirectorypage/s246.html,,1972,http://www.temple.edu/crafts/metalsdirectorypage/biographies/b128.html,http://www.temple.edu/crafts/metalsdirectorypage/p128.html,,yes,no,,"Professor Emerita of Art (jewelry/metalsmithing), University of Wisconsin–Madison (taught 1972–2001); now an independent studio jeweler based in Tucson, Arizona",retired-emeritus,https://en.wikipedia.org/wiki/Eleanor_Moty,"Eleanor Moty (b. 1945) is alive and an active studio jeweler; she retired from the University of Wisconsin–Madison in 2001 as Professor Emerita and now lives and works in Tucson, Arizona. No name change.",high,not-needed,https://en.wikipedia.org/wiki/Eleanor_Moty | https://snagmetalsmith.org/2020/03/2020-laa-eleanor-moty/ | https://www.ramart.org/exhibit/quiet-elegance-eleanor-moty/ | https://www.aaa.si.edu/collections/interviews/oral-history-interview-eleanor-moty-16217 | https://americanart.si.edu/artist/eleanor-moty-7076,2026-05-29
36,crafts/metalsdirectorypage/p129.html,NANCY MOYER,person,Torso with Two Souls Escaping,1938,"Los Angeles, California",University of Texas - Pan American,http://www.temple.edu/crafts/metalsdirectorypage/s207.html,,1969,,http://www.temple.edu/crafts/metalsdirectorypage/p129.html,,yes,no,,"Professor Emerita of Art, University of Texas Rio Grande Valley (the successor to University of Texas-Pan American); maintains an active studio in McAllen, TX and writes art criticism for The Monitor",retired-emeritus,https://nancymoyerstudio.com/about/,"Nancy Moyer is alive and retired as Professor Emerita of Art from the University of Texas Rio Grande Valley (the merged successor to UT-Pan American, where she taught from 1969 to 2003). She runs a studio in McAllen, TX and remains an active jeweler/metalsmith and art critic.",high,not-needed,https://nancymoyerstudio.com/about/ | https://nancymoyerstudio.com/ | https://myrgv.com/life/community/2025/12/06/the-artistic-pulse-a-broad-membership-presents-a-selection-of-genres-approaches-and-interests-in-this-typically-large-showing/ | https://myrgv.com/life/community/2024/10/26/tufted-panaceas-exhibition-of-abstract-works-features-art-celebrating-joy-of-life/,2026-05-29
37,crafts/metalsdirectorypage/p13.html,HARRY BERTOIA,person,,1915,"San Lorenzo, Italy",,,,,http://www.temple.edu/crafts/metalsdirectorypage/biographies/b13.html,http://www.temple.edu/crafts/metalsdirectorypage/p13.html,,no,no,,"Sculptor, furniture/jewelry designer; taught painting and metalworking at Cranbrook Academy of Art (1937-1943). A founder of the American studio jewelry movement.",no,https://en.wikipedia.org/wiki/Harry_Bertoia,"Harry Bertoia, the Italian-American sculptor and pioneering studio jeweler who taught metalworking at Cranbrook (1937-1943), died in 1978. He is a major historical figure, not a current educator; his legacy is maintained by the Harry Bertoia Foundation and museum collections (Cranbrook Art Museum, MAD Museum).",high,not-needed,https://en.wikipedia.org/wiki/Harry_Bertoia | https://www.britannica.com/biography/Harry-Bertoia | https://cranbrookartmuseum.org/tag/harry-bertoia/ | https://www.ganoksin.com/article/metalwork-jewelry-harry-bertoia/ | https://www.aaa.si.edu/collections/harry-bertoia-papers-8885,2026-05-29
38,crafts/metalsdirectorypage/p130.html,LOUIS MUELLER,person,,1943,"Paterson, New Jersey",,,,,,http://www.temple.edu/crafts/metalsdirectorypage/p130.html,,yes,no,,"Studio sculptor/silversmith (New York); formerly Head of Jewelry + Metalsmithing Department, Rhode Island School of Design (1977–2003)",no,https://louismueller.com/,"Louis Mueller (b. 1943, Paterson NJ), RISD-trained silversmith/jeweler, headed RISD's Jewelry + Metalsmithing Department 1977–2003 and has since worked as a sculptor; he remains active with a 2023 solo show and 2024 group exhibition, and no obituary exists.",high,confirmed,https://louismueller.com/ | https://louismueller.com/cv_new/ | https://www.aaa.si.edu/collections/interviews/oral-history-interview-louis-mueller-16182 | https://collections.vam.ac.uk/item/O152433/ring-mueller-louis/ | https://www.farago.xyz/exhibitions/18/overview/,2026-05-29
39,crafts/metalsdirectorypage/p131.html,DIETER K. MUELLER-STACH,person,,1935,"Munich, Germany",California State University - Long Beach,http://www.temple.edu/crafts/metalsdirectorypage/s20.html,,1968,,http://www.temple.edu/crafts/metalsdirectorypage/p131.html,,no,no,,"Professor Emeritus of Metals & Jewelry (1998; taught until 2003), School of Art, California State University, Long Beach",retired-emeritus,https://www.legacy.com/us/obituaries/latimes/name/dieter-muller-stach-obituary?id=20134207,"Dieter Müller-Stach was the metals/jewelry professor at CSU Long Beach from 1968; he became Professor Emeritus in 1998, continued teaching until 2003, and died October 20, 2011. His education (Munich Academy of Fine Arts) and CSULB tenure match the archived record exactly.",high,confirmed,https://www.legacy.com/us/obituaries/latimes/name/dieter-muller-stach-obituary?id=20134207 | https://www.findagrave.com/memorial/79664041/dieter-muller-stach | https://www.enamelarts.org/rachel-shimpock/ | https://www.csulb.edu/school-of-art/metals-jewelry,2026-05-29
40,crafts/metalsdirectorypage/p132.html,THOMAS P. MUIR,person,Tazza,1956,"Atlanta, Georgia",Bowling Green State University,http://www.temple.edu/crafts/metalsdirectorypage/s12.html,,1991,,http://www.temple.edu/crafts/metalsdirectorypage/p132.html,,yes,no,,"Distinguished Artist Professor and Area Head, Jewelry and Metalsmithing, School of Art, Bowling Green State University (faculty since 1991)",yes,https://www.bgsu.edu/arts-and-sciences/school-of-art/faculty-staff/tom-muir.html,"Thomas P. Muir (professionally ""Tom Muir"") is still at Bowling Green State University, now Distinguished Artist Professor and Area Head of Jewelry and Metalsmithing; he has been on the faculty there since 1991 and his current BGSU profile shows no retirement or death.",high,not-needed,https://www.bgsu.edu/arts-and-sciences/school-of-art/faculty-staff/tom-muir.html | https://americanart.si.edu/artist/thomas-p-muir-7317 | https://centerformetalarts.org/instructor/tom-muir/ | https://www.bgsu.edu/news/2017/06/muir-vessel-acquired-by-toledo-museum-of-art.html,2026-05-29
41,crafts/metalsdirectorypage/p133.html,KARL G. NACKE,person,,?,?,,,,,,http://www.temple.edu/crafts/metalsdirectorypage/p133.html,,likely-deceased,no,,"Former faculty member (metalwork/jewelry area) at the Pennsylvania Museum and School of Industrial Art, Philadelphia; left the faculty in 1912.",unknown,https://archive.org/details/pennsylvaniamuse40penn,"Karl G. Nacke was an early-20th-century jeweler/metalsmith and instructor at the Pennsylvania Museum and School of Industrial Art in Philadelphia (the same institution that granted his undergraduate certificate); the school's October 1912 bulletin lists him as departing the faculty that year. As an early-1900s figure he is almost certainly long deceased, but no obituary, birth/death dates, or surviving canonical biography could be located.",low,confirmed,https://archive.org/details/pennsylvaniamuse40penn | https://en.wikipedia.org/wiki/Pennsylvania_Museum_and_School_of_Industrial_Art | https://de.wikipedia.org/wiki/Carl_Nacke,2026-05-29
42,crafts/metalsdirectorypage/p134.html,DAWN E. NAKANISHI,person,Future Oasis,1957,"Long Beach, California",San Francisco State University,http://www.temple.edu/crafts/metalsdirectorypage/s162.html,,1985,,http://www.temple.edu/crafts/metalsdirectorypage/p134.html,,unknown,no,,"Head of Small Scale Metals & Jewelry / Professor of Art, Cabrillo College, Santa Cruz/Aptos, CA (since 1997); previously coordinated the Metal Arts and Jewelry program at San Francisco State University (~12 years, the archived job)",no,https://www.linkedin.com/in/dawn-nakanishi-0919433a/,"Dawn E. Nakanishi left San Francisco State University (where she coordinated the Metal Arts and Jewelry program — the archived role) and since 1997 has been head of the Small Scale Metals and Jewelry area at Cabrillo College in Aptos/Santa Cruz, CA. She was an active educator at least through ~2021 but no longer appears on Cabrillo's current Art Studio faculty page, suggesting a likely recent retirement (unconfirmed).",medium,confirmed,https://goodtimes.sc/santa-cruz-arts-entertainment/a-most-noble-pursuit/ | https://turquoisemoose.com/blogs/shining-gems/unceasing-contributions | https://home.dartmouth.edu/events/event?event=44221 | https://www.linkedin.com/in/dawn-nakanishi-0919433a/ | https://www.cabrillo.edu/art-studio/art-studio-faculty-and-staff/,2026-05-29
43,crafts/metalsdirectorypage/p135.html,CHARLOTTE NICHOLAS,person,,1949,"St. Joseph, MO",Adams State College,http://www.temple.edu/crafts/metalsdirectorypage/s3.html,,1985,,http://www.temple.edu/crafts/metalsdirectorypage/p135.html,,unknown,yes,Charlotte Nichols,Metalsmith / artist; last known academic post was Lecturer in design & metalsmithing at the University of Northern Colorado (2001-2008). No longer at Adams State College.,no,https://www.unco.edu/pva/blog/art/charlotte-nichols-metalsmith.aspx,"Almost certainly the metalsmith ""Charlotte Nichols"" (directory spelling ""Nicholas"" appears to be a variant): a University of Northern Colorado art-education BA holder with an MFA who taught design and metalsmithing. She left Adams State and taught at UNC from 2001 through 2008; she is not on any current faculty roster and is no longer in the archived job.",low,confirmed,https://arts.unco.edu/blog/art/charlotte-nichols-metalsmith.aspx | https://www.unco.edu/pva/blog/art/charlotte-nichols-metalsmith.aspx/ | https://www.adams.edu/academics/undergraduate/art/art-faculty/ | https://www.linkedin.com/in/charlotte-nichols-81202840,2026-05-29
44,crafts/metalsdirectorypage/p136.html,BARBARA NILAUSEN-K,person,A Prayer for Transcendence,1946,"Iowa City, Iowa",,,,,,http://www.temple.edu/crafts/metalsdirectorypage/p136.html,,unknown,yes,Balpreet Kaur,"Studio jeweler/metalsmith and sculptor (jewelry, vessels, sculpture in silver/gold); based in Iowa. No active teaching appointment found.",unknown,https://americanart.si.edu/artist/barbara-nilausen-k-7220,"Born Barbara Wise (1946, Iowa City); married name Barbara Nilausen, later added ""K"" for Kaur after converting to Sikhism (1981) and formally became Balpreet Kaur in 2001. A studio metalsmith/jeweler with MA (ceramics) and MFA (metalsmithing/jewelry) from University of Iowa; the archived record's ""currently teaching: n/a"" is consistent.",medium,confirmed,https://americanart.si.edu/artist/barbara-nilausen-k-7220 | http://www.lucidplanet.com/iwa/ArtistPages/nilausenkb.php | http://www.lucidplanet.com/iwa/FeaturedArchive/art-nilausenkb.php | https://aspace.lib.uiowa.edu/agents/people/4332 | https://www.artnet.com/artists/barbara-nilausen-k/,2026-05-29
45,crafts/metalsdirectorypage/p137.html,LISA NORTON,person,Product with the Influence of Custom,1962,"Cleveland, Ohio",The School of the Art Institute of Chicago,http://www.temple.edu/crafts/metalsdirectorypage/s199.html,,1992,,http://www.temple.edu/crafts/metalsdirectorypage/p137.html,,yes,no,,"Professor of Design Leadership (and former Associate Dean), School of Design Strategies, Parsons / The New School, NYC; now an independent educator/consultant running ""Practices of..."" and ""Uncertainment Lounge."" Previously Professor of Designed Objects, Metalsmithing & Sculpture at the School of the Art Institute of Chicago.",no,https://practicesof.org/,"Lisa Norton (b. 1962), the metalsmith trained at Cleveland Institute of Art and Cranbrook, left her archived SAIC post and moved to Parsons/The New School as Professor of Design Leadership and former Associate Dean of the School of Design Strategies, pivoting from metals/craft into strategic design education; she now also runs an independent practice (""Practices of..."").",high,confirmed,https://cranbrookart.edu/alumn/lisa-norton/ | https://www.ganoksin.com/article/lisa-norton/ | https://www.newschool.edu/parsons/profile/lisa-norton/ | https://www.researchgate.net/profile/Lisa-Norton | https://www.ifis-freiburg.de/en/mitglied/prof-dr-lisa-norton | https://practicesof.org/ | https://www.saic.edu/news/aiados-lisa-norton-talks-core77-about-design-education,2026-05-29
46,crafts/metalsdirectorypage/p138.html,HAROLD O'CONNER,person,Japanese River rock,1941,"Utica, New York","Dunconor Workshops, Salida Colorado",http://www.temple.edu/crafts/metalsdirectorypage/s45.html,,1993,http://www.temple.edu/crafts/metalsdirectorypage/biographies/b138.html,http://www.temple.edu/crafts/metalsdirectorypage/p138.html,,yes,yes,Harold O'Connor,"Goldsmith / metals-arts educator; proprietor of Dunconor Workshops, Salida, Colorado (his own studio, since 1993)",yes,https://www.haroldoconnor.com/,"Harold O'Connor (the archived ""O'Conner"" is a misspelling — his name is consistently spelled O'Connor with two N's) is alive and still working as a goldsmith out of Dunconor Workshops in Salida, Colorado; his Klimt02 profile shows 2025-dated work and a fan blog references him as of April 2026.",high,confirmed,https://www.haroldoconnor.com/ | https://klimt02.net/jewellers/harold-oconnor | https://americanart.si.edu/artist/harold-oconnor-6323 | https://www.aaa.si.edu/collections/interviews/oral-history-interview-harold-oconnor-13675 | https://www.interweave.com/article/jewelry/meet-jewelry-artist-harold-oconnor/ | https://www.metmuseum.org/art/collection/search/491448 | https://www.maddalenabearzi.com/blog/2026/4/17/one-of-my-favorite-metalsmiths-harold-oconnor,2026-05-29
47,crafts/metalsdirectorypage/p139.html,BRIGID O'HANRAHAN,person,,?,"San Francisco, California",Millersville University,http://www.temple.edu/crafts/metalsdirectorypage/s107.html,,1982,,http://www.temple.edu/crafts/metalsdirectorypage/p139.html,,yes,no,,"Independent studio jewelry artist (metal + porcelain) in California; formerly metals professor at Millersville University (PA) for ~30 years, now retired",retired-emeritus,https://artjewelryforum.org/interviews/geologica-brigid-ohanrahan/,"Brigid O'Hanrahan retired from Millersville University after nearly 30 years teaching metals and moved back to California, where she continues to work as a studio jewelry artist combining porcelain and precious metals (e.g., her ""Geologica"" show at Shibumi Gallery, Berkeley). No evidence of a name change or death.",medium,not-needed,https://artjewelryforum.org/interviews/geologica-brigid-ohanrahan/ | https://artjewelryforum.org/articles/geologica-brigid-ohanrahan-2/ | https://www.millersville.edu/art/faculty-and-staff/ | https://shibumigallery.com/,2026-05-29
48,crafts/metalsdirectorypage/p14.html,HELEN BONZELAAR,person,,1939,United States,Calvin College,http://www.temple.edu/crafts/metalsdirectorypage/s22.html,,1967,,http://www.temple.edu/crafts/metalsdirectorypage/p14.html,,unknown,no,,"Professor of Art, Emerita — Calvin University (formerly Calvin College), Grand Rapids, MI",retired-emeritus,https://calvin.edu/directory/people/helen-bonzelaar,"Helen Bonzelaar remained at Calvin College/University, Grand Rapids, MI for her whole career and is now Professor of Art, Emerita (retired). No obituary found and her email still appears active in the directory, but no positive life-status confirmation was located.",medium,not-needed,https://calvin.edu/directory/people/helen-bonzelaar | https://www.thebanner.org/bio/helen-bonzelaar,2026-05-29
49,crafts/metalsdirectorypage/p140.html,STEVEN C. ORTIZ,person,Richthofen,1962,"Kansas City, Kansas",,,,,,http://www.temple.edu/crafts/metalsdirectorypage/p140.html,,no,no,,"Last known: substitute teacher for the State of Kansas (Pittsburg, KS area); previously held an MFA from the University of Kansas (metals/art). Not a current academic faculty appointment at time of death.",no,https://www.brennermortuary.com/obituary/Steven-Ortiz,"Steven Christopher Ortiz (b. 1962) died March 18, 2020 in Pittsburg, Kansas. His obituaries match the archived record's birth year and education (Pittsburg State University undergrad, University of Kansas MFA); at the time of death he was working as a substitute teacher for the State of Kansas, not as a metals-arts faculty member.",medium,confirmed,https://www.brennermortuary.com/obituary/Steven-Ortiz | https://www.legacy.com/us/obituaries/morningsun/name/steven-ortiz-obituary?id=9246791 | https://www.tributes.com/obituary/show/Steven-Christopher-Ortiz-108321316,2026-05-29
50,crafts/metalsdirectorypage/p141.html,ALBERT PALEY,person,,1944,"Philadelphia, Pennsylvania",,,,,http://www.temple.edu/crafts/metalsdirectorypage/biographies/b141.html,http://www.temple.edu/crafts/metalsdirectorypage/p141.html,,yes,no,,"Artist/sculptor (formerly jeweler/metalsmith), Rochester, NY; longtime Distinguished Professor / Charlotte Fredericks Mowris Professor of Contemporary Crafts, School for American Crafts, Rochester Institute of Technology (RIT). Note: archive listed his teaching as ""n/a""; he was an RIT faculty member, not Tyler faculty.",unknown,https://www.albertpaley.com/,"Albert Paley (b. 1944), the renowned Tyler School of Art-trained metalsmith who became a major American artist-blacksmith and sculptor, is alive as of 2026, still living and working in Rochester, NY, with longtime ties to RIT's School for American Crafts.",high,not-needed,https://en.wikipedia.org/wiki/Albert_Paley | https://www.albertpaley.com/ | https://americanart.si.edu/artist/albert-paley-3673 | https://www.rit.edu/paleyarchive/about-albert-paley | https://www.craftinamerica.org/artist/albert-paley/,2026-05-29
51,crafts/metalsdirectorypage/p142.html,EARL PARDON,person,,1926,"Memphis, Tennessee",,,,,http://www.temple.edu/crafts/metalsdirectorypage/biographies/b142.html,http://www.temple.edu/crafts/metalsdirectorypage/p142.html,,no,no,,"Professor of Art (metalwork and enameling), Skidmore College, Saratoga Springs, NY — 1951 until retirement in 1989; chaired the Art Department 1968–1977",unknown,https://www.enamelarts.org/earl-pardon/,Earl Pardon (1926–1991) was a pioneering American studio jeweler and enamelist who taught metalwork and enameling at Skidmore College from 1951 until retiring in 1989; he died in 1991. He is deceased and his legacy is held in major museum collections.,high,not-needed,https://www.enamelarts.org/earl-pardon/ | https://americanart.si.edu/artist/earl-pardon-5883 | https://www.skidmore.edu/schick/artists/pardon_bio_2008.php | https://www.metmuseum.org/art/collection/search/495418,2026-05-29
52,crafts/metalsdirectorypage/p143.html,RONALD HAYES PEARSON,person,,1924,"New York, New York",,,,,http://www.temple.edu/crafts/metalsdirectorypage/biographies/b143.html,http://www.temple.edu/crafts/metalsdirectorypage/p143.html,,no,no,,"Independent jeweler/metalsmith running his own studio in Deer Isle, Maine until his death in 1996; founding member of the Society of North American Goldsmiths (SNAG)",unknown,https://en.wikipedia.org/wiki/Ronald_Hayes_Pearson,"Ronald Hayes Pearson, an American modernist jeweler and metalsmith and a founding member of the Society of North American Goldsmiths, died August 25, 1996 at age 71. The archived directory correctly lists him as no longer teaching (n/a); he ran his own studio in Deer Isle, Maine until his death.",high,not-needed,https://en.wikipedia.org/wiki/Ronald_Hayes_Pearson | https://americanart.si.edu/artist/ronald-hayes-pearson-3730 | https://www.craftcouncil.org/recognition/ronald-hayes-pearson | https://www.rit.edu/artoncampus/ronald-hayes-pearson,2026-05-29
53,crafts/metalsdirectorypage/p144.html,BEVERLY PENN,person,Stalagmite,1955,"Baltimore, Maryland",Southwest Texas University,http://www.temple.edu/crafts/metalsdirectorypage/s181.html,,1990,,http://www.temple.edu/crafts/metalsdirectorypage/p144.html,,yes,no,,"Professor Emerita (Distinguished Professor Emerita), School of Art & Design, Texas State University (formerly Southwest Texas State University). Now in full-time studio practice.",retired-emeritus,https://en.wikipedia.org/wiki/Beverly_Penn,"Beverly Penn (b. 1955, Baltimore) is an American metalsmith/sculptor who cast-bronze plant works. She taught at Southwest Texas State (renamed Texas State University in 2003) from 1990 for ~35 years and is now Professor Emerita, having retired around 2025 to pursue full-time studio practice. Alive, no name change.",high,not-needed,https://en.wikipedia.org/wiki/Beverly_Penn | https://faculty.txst.edu/profile/1921519 | https://glasstire.com/2026/03/03/disturbance-loving-species-a-conversation-with-beverly-penn/ | https://beverlypenn.com/curriculum-vitae/ | https://williamcampbellcontemporaryart.com/beverly-penn/,2026-05-29
54,crafts/metalsdirectorypage/p145.html,ALAN PERRY,person,Watering Can,1955,"Manchester, NH",Maine College of Art,http://www.temple.edu/crafts/metalsdirectorypage/s96.html,,1987,,http://www.temple.edu/crafts/metalsdirectorypage/p145.html,,unknown,no,,"Last known: instructor of metals/jewelry at the New Hampshire Institute of Art, Manchester, NH (after leaving Maine College of Art in 2005). NHIA merged into New England College in 2022; his present status there is unverified.",no,https://collections.currier.org/artist-maker/info/473,"Alan Perry (b. 1955, Manchester NH; Cleveland Institute of Art BFA, Cranbrook MFA) was assistant professor of metals at Maine College of Art from 1987 to 2005, then moved to teach metals/jewelry at the New Hampshire Institute of Art in Manchester. He has left the archived MECA job; no name change or obituary found.",medium,confirmed,https://collections.currier.org/artist-maker/info/473 | https://meca.edu/academics/metalsmithing-jewelry/ | https://www.alanjperry.com/about | https://www.mutualart.com/Artist/Alan-Perry/05D3BC61F0E476F8,2026-05-29
55,crafts/metalsdirectorypage/p146.html,MARY ANNA PETRICK,person,Brooch,1941,"Shreveport, Louisiana",Milwaukee Area Technical College,http://www.temple.edu/crafts/metalsdirectorypage/s108.html,,1972,,http://www.temple.edu/crafts/metalsdirectorypage/p146.html,,no,no,,"Retired professor of jewelry, Milwaukee Area Technical College (MATC); retired before her 2005 death",retired-emeritus,https://www.legacy.com/us/obituaries/jsonline/name/mary-petrick-obituary?id=3115527,"Mary Anna Petrick, the longtime jewelry professor at Milwaukee Area Technical College, retired and died October 11, 2005 at age 64 in Jackson, Wisconsin.",high,confirmed,https://www.legacy.com/us/obituaries/jsonline/name/mary-petrick-obituary?id=3115527,2026-05-29
56,crafts/metalsdirectorypage/p147.html,CLAIRE PFLEGER,person,,?,"Milwaukee, Wisconsin",Cardinal Stritch College,,,1977,,http://www.temple.edu/crafts/metalsdirectorypage/p147.html,,no,no,,Metalsmith/jeweler and art teacher; taught metalsmithing at Cardinal Stritch University (Wisconsin) until retirement. Deceased 2019.,no,https://www.legacy.com/us/obituaries/jsonline/name/claire-pfleger-obituary?id=3341932,"Claire E. (Seligmann) Pfleger, the Cardinal Stritch metalsmith, died April 4, 2019 at age 87 (b. 1931). Confirmed match via obituary: accomplished metalsmith/jeweler, UW-Milwaukee and UW-Madison educated, taught metalsmithing at local colleges; best known for award-winning pewter work exhibited at the Smithsonian.",high,confirmed,https://www.legacy.com/us/obituaries/jsonline/name/claire-pfleger-obituary?id=3341932 | https://www.feerickfuneralhome.com/obituary/claire-pfleger | https://www.linkedin.com/in/claire-pfleger-15615831,2026-05-29
57,crafts/metalsdirectorypage/p148.html,GENE MICHAEL PIJANOWSKI,person,,1938,"Detroit, Michigan",The University of Michigan - Ann Arbor,http://www.temple.edu/crafts/metalsdirectorypage/s203.html,,1991,http://www.temple.edu/crafts/metalsdirectorypage/biographies/b148.html,http://www.temple.edu/crafts/metalsdirectorypage/p148.html,,unknown,no,,"Professor Emeritus of Art and Design (and former Associate Dean of Undergraduate Education), University of Michigan Stamps School of Art & Design, Ann Arbor",retired-emeritus,https://stamps.umich.edu/people/gene-pijanowski,"Confirmed as the U-M metalsmith Eugene ""Gene"" Michael Pijanowski (b. 1938, Detroit), pioneer of mokume gane in the US; he retired from the University of Michigan and is listed as Professor Emeritus of Art and Design. No obituary or death record was found, so his living status is uncertain.",medium,not-needed,https://stamps.umich.edu/people/gene-pijanowski | https://www.wikidata.org/wiki/Q105342480 | https://americanart.si.edu/artist/gene-pijanowski-6771 | https://www.craftcouncil.org/recognition/eugene-pijanowski | https://www.aaa.si.edu/collections/interviews/oral-history-interview-eugene-pijanowski-12849 | https://nationaljeweler.com/articles/13525-in-memoriam-jewelry-industry-leaders-and-innovators-we-lost-in-2024,2026-05-29
58,crafts/metalsdirectorypage/p149.html,HIROKO PIJANOWSKI,person,,1942,"Toyko, Japan",The University of Michigan - Ann Arbor,http://www.temple.edu/crafts/metalsdirectorypage/s203.html,,1986,http://www.temple.edu/crafts/metalsdirectorypage/biographies/b149.html,http://www.temple.edu/crafts/metalsdirectorypage/p149.html,,unknown,yes,Hiroko Sato Pijanowski,"Professor Emerita of Metalsmithing, University of Michigan School of Art & Design (retired 2001); pioneer of mokume-gane in American metalsmithing",retired-emeritus,https://en.wikipedia.org/wiki/Hiroko_Sato-Pijanowski,"Hiroko Pijanowski is the metalsmith/jeweler Hiroko Sato Pijanowski (née Sato; also written Hiroko Sato-Pijanowski), born Jan 1, 1942 in Tokyo. She taught metalsmithing at the University of Michigan and retired in 2001 as Professor Emerita. No obituary found; Wikipedia describes her in the present tense as living, so she is presumed alive but current status is not independently confirmed.",high,confirmed,https://en.wikipedia.org/wiki/Hiroko_Sato-Pijanowski | https://news.umich.edu/art-and-design-duo-recognized-by-american-craft-council/ | https://www.hirokosato-pijanowski.com/fullpage.html | https://www.aaa.si.edu/collections/interviews/oral-history-interview-eugene-and-hiroko-sato-pijanowski-12728 | https://americanart.si.edu/artist/hiroko-sato-pijanowski-6772,2026-05-29
59,crafts/metalsdirectorypage/p15.html,KARMIEN C. BOWMAN,person,,1946,Dallas,Tarrant County Junior Colleg e NE Campus from ? to ?,http://www.temple.edu/crafts/metalsdirectorypage/s195.html,,,,http://www.temple.edu/crafts/metalsdirectorypage/p15.html,,yes,no,,"Associate Professor of Art (Ceramics, Sculpture, Art Metals, Art Appreciation), Tarrant County College Northeast Campus; also runs Yarmouth Studio in Flower Mound, TX",yes,https://karmienbowman.com/home.html,"Karmien ""Sweety"" Bowman, b. 1946, trained as a jeweler/metalsmith (BFA UT Austin; MA Texas Woman's University in ceramics and metals), is still an Associate Professor of Art at Tarrant County College's Northeast Campus — the same archived job, now renamed from ""Junior College"" to ""College."" Her mature work shifted toward clay and bronze sculpture; she runs Yarmouth Studio in Flower Mound, TX.",high,not-needed,https://karmienbowman.com/home.html | https://voyagedallas.com/interview/meet-karmien-bowman-yarmouth-studio-dfw-area-flower-mound/ | https://www.crosstimbersgazette.com/2017/09/28/sweety-bowman-art-is-her-life/ | https://calendar.tccd.edu/karmienbowman_817 | https://www.linkedin.com/in/karmien-bowman-26896817,2026-05-29
60,crafts/metalsdirectorypage/p150.html,RICHARD PRILLAMAN,person,,1942,"Danville, Illinois",Memphis College of Art since ?,http://www.temple.edu/crafts/metalsdirectorypage/s101.html,,,,http://www.temple.edu/crafts/metalsdirectorypage/p150.html,,unknown,no,,"Faculty Emeritus and former head of the metals department, Memphis College of Art (institution closed in 2020); 2006 Master Metalsmith, Metal Museum, Memphis, TN",retired-emeritus,http://www.prillaman.net/rp_gallery.html,"Richard Prillaman led the metals department at Memphis College of Art and was made Faculty Emeritus after retiring; he was the Metal Museum's 2006 Master Metalsmith and lives/works in Memphis. No obituary was found, but his living status could not be positively confirmed; the archived employer (Memphis College of Art) permanently closed in 2020.",medium,not-needed,http://www.prillaman.net/rp_gallery.html | https://www.metalmuseum.org/master-metalsmiths | https://www.metalmuseum.org/crafting-a-legacy | https://countryroadsmagazine.com/travel/outdoor-adventures/brushing-shoulders-with-walter-anderson/ | https://www.brooksmuseum.org/exhibitions/mca-at-memphis-brooks-museum-of-art,2026-05-29
61,crafts/metalsdirectorypage/p151.html,DAVID PIMENTEL,person,Pushing it Further,1943 - 2004,"Plymouth, Massachusetts",Arizona State University,http://www.temple.edu/crafts/metalsdirectorypage/s6.html,,1973,,http://www.temple.edu/crafts/metalsdirectorypage/p151.html,,no,no,,"Professor of Art (jewelry/metalsmithing), Arizona State University, Tempe (1973-2004; deceased while on faculty)",no,https://www.metalmuseum.org/post/inside-the-collection-david-pimentel,"David Delbert Pimentel, jeweler/metalsmith and ASU Professor of Art, died October 1, 2004 (born 1943), while still on the Arizona State University faculty where he had taught since 1973. The archived record's birth/death dates, ASU-since-1973 job, and education all check out; no name change.",high,confirmed,https://www.metalmuseum.org/post/inside-the-collection-david-pimentel | https://orchid.ganoksin.com/t/sad-news-about-david-pimentel/23834 | https://americanart.si.edu/artist/david-pimentel-34179,2026-05-29
62,crafts/metalsdirectorypage/p152.html,ALVIN A. PINE,person,Neckpiece,1933,"Bronx, New York",,,,,http://www.temple.edu/crafts/metalsdirectorypage/biographies/b152.html,http://www.temple.edu/crafts/metalsdirectorypage/p152.html,,no,no,,"Full Professor of Metalsmithing/Jewelry, California State University, Long Beach (1962-1996); retired 1996, deceased 2010",retired-emeritus,https://www.legacy.com/us/obituaries/sfgate/name/alvin-pine-obituary?id=21992719,"Alvin A. Pine was an award-winning metalsmith and educator who taught metalsmithing/jewelry at CSU Long Beach (1962-1996, full professor). He died January 28, 2010, in Santa Rosa, CA.",high,confirmed,https://www.legacy.com/us/obituaries/sfgate/name/alvin-pine-obituary?id=21992719 | https://www.legacy.com/us/obituaries/latimes/name/alvin-pine-obituary?id=21994740 | https://www.ganoksin.com/article/al-pine-conceptual-exploration/,2026-05-29
63,crafts/metalsdirectorypage/p153.html,JOHN PRIP,person,,1922,"New York, New York",,,,,http://www.temple.edu/crafts/metalsdirectorypage/biographies/b153.html,http://www.temple.edu/crafts/metalsdirectorypage/p153.html,,no,no,,"Professor of metalsmithing/jewelry, Rhode Island School of Design (1963–1981, retired); earlier artist-in-residence at Reed & Barton",retired-emeritus,https://en.wikipedia.org/wiki/John_Prip,"John ""Jack"" Prip (1922–2009) was a Danish-trained, fourth-generation metalsmith, a founding member of the Society of North American Goldsmiths, and a longtime RISD professor (1963–1981); he died in 2009 in Providence, RI.",high,not-needed,https://en.wikipedia.org/wiki/John_Prip | https://americanart.si.edu/artist/john-prip-5738 | https://orchid.ganoksin.com/t/official-jack-prip-obituary/36878 | https://www.ganoksin.com/article/master-metalsmith-john-prip/ | https://www.craftinamerica.org/artist/john-prip/,2026-05-29
64,crafts/metalsdirectorypage/p154.html,ELLIOT PUJOL,person,,1943,"Memphis, Tennessee",Kansas State University,http://www.temple.edu/crafts/metalsdirectorypage/s89.html,,1973,,http://www.temple.edu/crafts/metalsdirectorypage/p154.html,,likely-deceased,no,Elliott Pujol,"Emeritus Professor of Metalsmithing & Jewelry, Department of Art, Kansas State University (retired 2013)",retired-emeritus,https://art.ksu.edu/about/people/emeritus/pujol.html,"Elliott Pujol (correct spelling, two t's; archived with single-t typo) is the same metalsmith/jeweler. He built the KSU metalsmithing/jewelry program from 1973, entered phased retirement in 2010, and fully retired in 2013; he is now Emeritus Professor. No obituary found; he was actively making work as of 2018 and is very likely still living.",high,confirmed,https://art.ksu.edu/about/people/emeritus/pujol.html | https://bgccraftartdesign.org/items/show/68 | https://beach.k-state.edu/explore/exhibitions/archive/2005-2007/pujol.html | https://www.k-state.edu/today/announcement/?id=86478,2026-05-29
65,crafts/metalsdirectorypage/p155.html,ARTHUR PULOS,person,,1917,"Vandergrift, Pennsylvania",,,,,,http://www.temple.edu/crafts/metalsdirectorypage/p155.html,,no,no,,"Professor and chairman of the Department of Design, Syracuse University (1955–1982, retired); founder/president of Pulos Design Associates (1958–1988); silversmith, industrial designer, and design historian.",no,https://www.wikidata.org/wiki/Q55219659,"Arthur J. Pulos (1917–1997), silversmith, industrial designer, design historian, and longtime Syracuse University design professor (retired 1982); died January 15, 1997.",high,not-needed,https://www.wikidata.org/wiki/Q55219659 | https://library.syracuse.edu/digital/guides/p/pulos_aj.htm | https://www.aaa.si.edu/collections/arthur-j-pulos-papers-8843 | https://encyclopedia.design/2021/12/07/arthur-pulos-american-industrial-designer/ | https://royalcommission1851.org/arthur-pulos | https://www.moma.org/artists/4753-arthur-pulos,2026-05-29
66,crafts/metalsdirectorypage/p156.html,ROBERT J. (BOB) PUM,person,Pendant,1936,"Milwaukee, Wisconsin",University of Wisconin - Green Bay,http://www.temple.edu/crafts/metalsdirectorypage/s247.html,,1969,,http://www.temple.edu/crafts/metalsdirectorypage/p156.html,,no,no,,"Professor Emeritus of Art (art metals/jewelry, drawing, design), University of Wisconsin–Green Bay; retired 1998",retired-emeritus,https://www.legacy.com/us/obituaries/jsonline/name/robert-pum-obituary?id=3347846,"Robert ""Bob"" Pum, a founding member of the UW–Green Bay art department (1969) who taught art metals/jewelry, retired in 1998 as Professor Emeritus and died December 7, 2019, at age 83.",high,confirmed,https://www.legacy.com/us/obituaries/jsonline/name/robert-pum-obituary?id=3347846 | https://www.uwgb.edu/retiree/in-memoriam/robert-pum/ | https://prabook.com/web/robert_joseph.pum/774304 | https://www.linkedin.com/in/robert-pum-8b616882/,2026-05-29
67,crafts/metalsdirectorypage/p157.html,ROBIN QUIGLEY,person,,1947,"New York, New York",Rhode Island School of Design since ?,http://www.temple.edu/crafts/metalsdirectorypage/s153.html,,,,http://www.temple.edu/crafts/metalsdirectorypage/p157.html,,yes,no,,"Professor Emerita and former Department Head, Jewelry + Metalsmithing, Rhode Island School of Design (RISD)",retired-emeritus,https://www.risd.edu/people/robin-quigley/,"Robin Quigley taught jewelry/metalsmithing at RISD from 1981 and led the department for decades; she is now Professor Emerita / Emerita Department Head, having retired from active teaching. No obituary found; she appears to still be living and artistically active.",high,not-needed,https://www.risd.edu/people/robin-quigley/ | https://collegiateteachinginartanddesign.com/teaching-reflections-robin-quigley-department-head-of-jewelry-and-metalsmithing/ | https://galleryloupe.com/exhibitions/robin-quigley-remains/ | http://www.robinquigley.com/ | https://www.risd.edu/academics/jewelry-metalsmithing/faculty,2026-05-29
68,crafts/metalsdirectorypage/p158.html,SVETOZAR RADAKOVICH,person,,1918,"Belgrade, Yugoslavia",,,,,http://www.temple.edu/crafts/metalsdirectorypage/biographies/b300.html,http://www.temple.edu/crafts/metalsdirectorypage/p158.html,,no,no,,"Independent studio metalsmith/jeweler and sculptor in Encinitas, CA (with wife Ruth Clark Radakovich); deceased 1998. Earlier taught/studied at the School for American Craftsmen, Rochester, NY.",unknown,https://objectsusa.r-and-company.com/svetozar-and-ruth-clark-radakovich,"Svetozar ""Toza"" Radakovich, mid-century American studio jeweler/metalsmith born in Yugoslavia in 1918 (trained at the Royal Academy of Art in Belgrade and studied in Copenhagen, matching the archived record), died July 22, 1998 in Encinitas, California. He is a historical figure celebrated as a pioneer of lost-wax/centrifugal casting in American art jewelry.",high,not-needed,https://objectsusa.r-and-company.com/svetozar-and-ruth-clark-radakovich | https://mmaa.org/portfolio-item/svetozar-radakovich/ | https://www.encinitasadvocate.com/sdea-radakovich-retrospective-yugoslavia-encinitas-1939-2015may05-story.html | https://www.ganoksin.com/article/master-metalsmith-svetozar-radakovich/ | http://www.radakovich.org/jewelry.html,2026-05-29
69,crafts/metalsdirectorypage/p159.html,CHRIS RAMSAY,person,Wall Piece,1961,"Iowa City, Iowa",Oklahoma State University,http://www.temple.edu/crafts/metalsdirectorypage/s135.html,,1990,,http://www.temple.edu/crafts/metalsdirectorypage/p159.html,,no,no,,"Professor Emeritus of Art (Metals & Jewelry), Oklahoma State University, Stillwater OK (taught there 1990-2023; former Art Department Head). Deceased Jan 2026.",retired-emeritus,https://www.ramsayart.com/,"Chris (Christopher Theodore) Ramsay, the metals/jewelry artist and OSU professor, taught at Oklahoma State University from 1990 to 2023 (retiring as Professor Emeritus) and died January 24, 2026 at age 64.",high,confirmed,https://www.strodefh.com/memorials/christopher-ramsay/5680188/ | https://www.echovita.com/us/obituaries/ok/stillwater/christopher-ramsay-20949342 | https://www.ramsayart.com/bio-and-statement | https://museum.okstate.edu/art/past-exhibitions/2014/chris-ramsay.html | https://philbrook.emuseum.com/people/468/chris-ramsay,2026-05-29
70,crafts/metalsdirectorypage/p16.html,MICHAEL J. BRANDT,person,,1922,"Kohler, Wisconsin",,,,,,http://www.temple.edu/crafts/metalsdirectorypage/p16.html,,unknown,no,,,unknown,,"No reliable record could be found identifying a metalsmith/jeweler/metals-arts educator named Michael J. Brandt born in 1922. The archived entry has no institution or education listed, and searches of museum, SAS memorial, Chicago Silver, metalcyberspace, and obituary sources returned only unrelated same-named people.",low,disputed,http://chicagosilver.com/brandt.htm | https://www.metalcyberspace.com/jewelry/metal_artists_ij.htm | https://www.silversmithing.com/artisan-memorial.htm | https://www.langantiques.com/university/mark/brandt-metal-crafters/,2026-05-29
71,crafts/metalsdirectorypage/p160.html,CAMILLE RENDAL,person,Immobilized Departure,1955,"San Jose, California",,,,,http://www.temple.edu/crafts/metalsdirectorypage/biographies/b160.html,http://www.temple.edu/crafts/metalsdirectorypage/p160.html,,yes,no,,"Adjunct/art professor teaching jewelry-metals, art history, drawing/painting at several Washington & New Mexico community/technical colleges (e.g., Clover Park Technical College, Columbia Basin College, Renton Technical College, Front Range Community College, Santa Fe Community College); independent artist (jewelry line ""RavenSaint"")",unknown,https://www.camillerendal.com/about-the-artist/,"Camille Rendal (b. 1955) is alive and actively teaching as of 2024-2025; the metalsmith/painter with an NMSU MFA and Otis Parsons BFA now teaches art at several Washington and New Mexico community/technical colleges and makes jewelry under the brand ""RavenSaint."" Her name is unchanged.",high,not-needed,https://www.camillerendal.com/about-the-artist/ | https://www.camillerendal.net/bio | https://www.linkedin.com/in/camille-rendal-95394b122/ | https://www.ratemyprofessors.com/professor/2379511 | https://www.ratemyprofessors.com/professor/964486 | https://www.ratemyprofessors.com/professor/2159426 | https://prabook.com/web/camille.rendal/3493097,2026-05-29
72,crafts/metalsdirectorypage/p161.html,MERRY RENK,person,,1921,"Trenton, New Jersey",,,,,,http://www.temple.edu/crafts/metalsdirectorypage/p161.html,,no,yes,Merry Renk-Curtis,"Jeweler, metalsmith, sculptor and painter; founding member and 1954 president of the Metal Arts Guild of San Francisco. Worked as an independent studio goldsmith in San Francisco (not a teaching post).",unknown,https://en.wikipedia.org/wiki/Merry_Renk,"Merry Renk (born Mary Ruth Gibbs, 1921; later Merry Renk-Curtis) was a self-taught American studio jeweler/metalsmith and co-founder of the Metal Arts Guild of San Francisco. She died June 17, 2012, in San Francisco. The archived education record (Trenton School of Industrial Arts; Institute of Design, Chicago) is confirmed accurate.",high,not-needed,https://en.wikipedia.org/wiki/Merry_Renk | https://snagmetalsmith.org/2012/07/in-memory-of-merry-renk/ | https://www.craftcouncil.org/post/remembering-merry-renk | https://americanart.si.edu/artist/merry-renk-6290 | http://archive.constantcontact.com/fs073/1102037603346/archive/1110300733009.html,2026-05-29
73,crafts/metalsdirectorypage/p162.html,RICHARD REINHARDT,person,,1921,"Philadelphia, Pennsylvania",,,,,http://www.temple.edu/crafts/metalsdirectorypage/biographies/b162.html,http://www.temple.edu/crafts/metalsdirectorypage/p162.html,,no,no,,"Professor Emeritus of metalsmithing/jewelry, University of the Arts (formerly Philadelphia College of Art / Philadelphia Museum School of Art), Philadelphia; founded the school's jewelry & metalsmithing program in the 1950s, retired 1986",retired-emeritus,https://americanart.si.edu/artist/richard-h-reinhardt-6220,"Richard H. Reinhardt (1921–1998), the Philadelphia silversmith/jeweler who founded the metalsmithing program at the Philadelphia Museum School of Art (now University of the Arts), died December 29, 1998. He was professor emeritus, having retired in 1986.",high,not-needed,https://americanart.si.edu/artist/richard-h-reinhardt-6220 | https://www.silversmithing.com/new98-99.htm | https://emuseum.mfah.org/people/19642/richard-h-reinhardt | https://www.aaa.si.edu/collections/interviews/oral-history-interview-richard-reinhardt-12359 | https://snaccooperative.org/ark:/99166/w6qr7p9w | https://www.ganoksin.com/article/richard-reinhardt-discontinuous-continuity/,2026-05-29
74,crafts/metalsdirectorypage/p163.html,ALAN REVERE,person,Confetti,1947,"New York, New York",Revere Academy of Jewelry Arts,http://www.temple.edu/crafts/metalsdirectorypage/s151.html,,1979,http://www.temple.edu/crafts/metalsdirectorypage/biographies/b163.html,http://www.temple.edu/crafts/metalsdirectorypage/p163.html,,yes,no,,"Retired founder/director of the Revere Academy of Jewelry Arts (San Francisco), which he ran 1979-2017; now a goldsmith/educator who consults with GIA and leads the ""Let's Make Professional Jewelry"" online community.",retired-emeritus,https://www.alanrevere.com/about-alan,"Alan Revere is alive and active. He closed the Revere Academy of Jewelry Arts in December 2017 after 40 years and retired from running the school; he continues as a goldsmith/educator (GIA consulting, online teaching community, ongoing jewelry design).",high,not-needed,https://www.alanrevere.com/about-alan | https://www.alanrevere.com/revere-academy | https://nationaljeweler.com/articles/3895-revere-academy-to-close | https://www.jckonline.com/editorial-article/revere-academy-close/ | https://nationaljeweler.com/articles/11532-gia-has-enlisted-alan-revere-to-revamp-the-graduate-jeweler-program | https://www.ajdc.org/member/alan-revere/,2026-05-29
75,crafts/metalsdirectorypage/p164.html,LINDA L. RYAN,person,,1952,"Bartlesville, Oklahoma",Casper College,http://www.temple.edu/crafts/metalsdirectorypage/s24.html,,1982,,http://www.temple.edu/crafts/metalsdirectorypage/p164.html,,unknown,no,,"Instructor Emeritus, Art (jewelry/metals), Casper College — emeritus status granted 2017",retired-emeritus,https://www.caspercollege.edu/about/emeriti/,Linda Ryan taught jewelry/metals in the Fine Arts department at Casper College from 1982; she retired and was granted Instructor Emeritus in Art status in 2017. She is no longer on the active Visual Arts faculty.,high,not-needed,https://www.caspercollege.edu/about/emeriti/ | https://www.ratemyprofessors.com/professor/798175 | https://www.caspercollege.edu/program/visual-arts-department/,2026-05-29
76,crafts/metalsdirectorypage/p165.html,GINNA SADLER,person,"Thanks, Georgia",1948,"Austin, Texas",Abilene Christian University,http://www.temple.edu/crafts/metalsdirectorypage/s1.html,,1980,,http://www.temple.edu/crafts/metalsdirectorypage/p165.html,,no,no,,"Professor Emeritus of Art and Design, Abilene Christian University (taught 1980-2016)",retired-emeritus,https://acu.edu/2023/03/20/acu-remembers-ginna-sadler/,"Ginna Sadler (Virginia ""Ginna"" Joyce Gustafson Sadler), a jeweler/metalsmith and longtime ACU art professor, taught at Abilene Christian University from 1980 until retiring in 2016 as professor emeritus; she died March 12, 2023, at age 74.",high,confirmed,https://acu.edu/2023/03/20/acu-remembers-ginna-sadler/ | https://www.dignitymemorial.com/obituaries/abilene-tx/virginia-sadler-11195418 | https://www.metalcyberspace.com/jewelry/metal_artists_s.htm,2026-05-29
77,crafts/metalsdirectorypage/p166.html,JOHN E. SATTERFIELD,person,,1931,"Clearwater, Florida",East Carolina University 1967 to 2000,http://www.temple.edu/crafts/metalsdirectorypage/s46.html,,,,http://www.temple.edu/crafts/metalsdirectorypage/p166.html,,no,no,,"Professor of metals/jewelry, East Carolina University School of Art and Design (1967-2000); deceased in office",no,https://americanart.si.edu/artist/john-satterfield-27623,"John E. Satterfield, the metalsmith/jeweler and longtime East Carolina University metals professor, died in 2000 in Greenville, NC (where ECU is located), exactly matching the archived ""1967 to 2000"" tenure end. Born 1931, University of Kansas MFA (studied under Carlyle Smith). No name change.",high,confirmed,https://americanart.si.edu/artist/john-satterfield-27623 | https://www.saltmagazinenc.com/the-state-of-metalsmiths/ | https://www.ganoksin.com/article/legacy-american-metalworking/,2026-05-29
78,crafts/metalsdirectorypage/p167.html,MARY ANN SCHERR,person,Neckpiece,between 1900 and 2000,"Akron, Ohio",Duke University,,,1989,http://www.temple.edu/crafts/metalsdirectorypage/biographies/b167.html,http://www.temple.edu/crafts/metalsdirectorypage/p167.html,,no,yes,Mary Ann Scherr (née Weckman),"Designer, metalsmith, jeweler, and educator; in her last decades taught at Duke University, Meredith College, and NC State (College of Design / Crafts Center) in the Raleigh, NC area (from 1989 until her death in 2016).",no,https://en.wikipedia.org/wiki/Mary_Ann_Scherr,"Mary Ann Scherr (née Weckman, 1921–2016) was a pioneering American metalsmith, jeweler, industrial designer and educator. She moved to Raleigh, NC in 1989 and taught at Duke, Meredith College, and NC State; she died March 1, 2016 at age 94.",high,not-needed,https://en.wikipedia.org/wiki/Mary_Ann_Scherr | https://snagmetalsmith.org/2016/03/in-remembrance-mary-ann-scherr/ | https://news.ncsu.edu/2016/03/scherr-obituary/ | https://www.legacy.com/us/obituaries/legacyremembers/mary-ann-scherr-obituary?id=22296051 | https://gregg.arts.ncsu.edu/exhibitions/all-is-possible/ | https://www.aaa.si.edu/collections/interviews/oral-history-interview-mary-ann-scherr-12648,2026-05-29
79,crafts/metalsdirectorypage/p168.html,MAJORIE SCHICK,person,,1941,"Taylorville, Illinois",Pittsburg State University,http://www.temple.edu/crafts/metalsdirectorypage/s147.html,,1967,,http://www.temple.edu/crafts/metalsdirectorypage/p168.html,,no,no,,"Professor of Art (jewelry/metalsmithing), Pittsburg State University, Kansas (1967–2017); retired 2017",retired-emeritus,https://en.wikipedia.org/wiki/Marjorie_Schick,"Marjorie Schick (the archived ""Majorie"" is a misspelling) was a pioneering art-jewelry artist who taught at Pittsburg State University from 1967 until retiring in 2017; she died December 17, 2017 at age 76.",high,confirmed,https://en.wikipedia.org/wiki/Marjorie_Schick | https://www.amosfamily.com/obituaries/marjorie-schick | https://www.aaa.si.edu/collections/marjorie-schick-papers-17576 | https://americanart.si.edu/artist/marjorie-schick-6281 | https://artjewelryforum.org/interviews/whoaes-afraid-of-marjorie-schick/,2026-05-29
80,crafts/metalsdirectorypage/p169.html,MICHELLE MILNER SCOTT,person,Try Cycle,1952,"Ft. Worth, Texas",Eastfield College,http://www.temple.edu/crafts/metalsdirectorypage/s54.html,,1995,,http://www.temple.edu/crafts/metalsdirectorypage/p169.html,,yes,yes,Michelle Milner,"Independent jewelry/metals artist, photographer and designer (michellemilner.com); formerly taught jewelry/metals at University of Texas at Arlington and other Dallas/Fort Worth-area colleges. No longer teaching; now an active studio artist.",no,https://michellemilner.com/,"Now works professionally as ""Michelle Milner"" (appears to have dropped the surname ""Scott""); she left teaching, relocated from Texas to Cody, Wyoming, and works as an independent jewelry/metals artist, photographer and designer.",medium,confirmed,https://michellemilner.com/ | https://www.linkedin.com/in/michelle-milner-22206623 | https://cvad.unt.edu/studioart/metalsmithingjewelry.html,2026-05-29
81,crafts/metalsdirectorypage/p17.html,CANDACE GERBERS BREY,person,Icons of Human Form,1957,"Green Bay, Wisconsin",Northeast Wisconsin Technical College,,,1993,,http://www.temple.edu/crafts/metalsdirectorypage/p17.html,,unknown,no,,"Last known: jewelry/metals instructor, Northeast Wisconsin Technical College (per archived record, since 1993); not independently confirmable as current.",unknown,,"Could not verify any current information about Candace Gerbers Brey (b. 1957), a metals/jewelry educator archived as teaching at Northeast Wisconsin Technical College since 1993. She has no findable current online presence; whether she is still teaching, retired, has changed her name, or is deceased is unknown.",low,disputed,https://www.nwtc.edu/about-nwtc/nwtc-locations/artisan-and-business-center | https://events.nwtc.edu/artisan-center/event/category/jewelry-and-metals | https://www.metalcyberspace.com/jewelry/metal_artists_b.htm | https://www.uwgb.edu/lawton-gallery/exhibitions/archives/,2026-05-29
82,crafts/metalsdirectorypage/p170.html,VICKIE SEDMAN,person,Brooch,1949,"Detroit, Michigan",Tyler School of Art - Temple University,http://www.temple.edu/crafts/metalsdirectorypage/s218.html,,1974,http://www.temple.edu/crafts/metalsdirectorypage/biographies/b170.html,http://www.temple.edu/crafts/metalsdirectorypage/p170.html,,unknown,no,,"Professor Emerita, Metals/Jewelry/CAD-CAM, Tyler School of Art and Architecture, Temple University (retired ~2018); independent jeweler-silversmith",retired-emeritus,https://www.vickie-sedman.com/,"Vickie Lee Sedman is retired from Tyler School of Art (Temple University), where she taught metals/jewelry from 1974; she is now listed as Professor Emerita and continues her own jeweler-silversmith practice. No name change and no obituary found.",high,not-needed,https://tyler.temple.edu/faculty/vickie-lee-sedman | https://tyler.temple.edu/academics/art/metals-jewelry-cad-cam/faculty | https://www.vickie-sedman.com/ | https://news.temple.edu/news/2018-10-23/new-vision-tyler-metalsjewelrycad-cam,2026-05-29
83,crafts/metalsdirectorypage/p171.html,GREGORY P. SENN,person,Porcupine,1956,"Racine, Wisconsin",Eastern New Mexico University,http://www.temple.edu/crafts/metalsdirectorypage/s53.html,,1986,http://www.temple.edu/crafts/metalsdirectorypage/biographies/b301.html,http://www.temple.edu/crafts/metalsdirectorypage/p171.html,,unknown,no,,"Professor of Art (3D studio: sculpture, jewelry/metals, design), Eastern New Mexico University, Portales — active there 1986 to at least 2023; no longer listed on the current ENMU Department of Art faculty page",unknown,https://gregsenn.com/,"Gregory P. Senn (b. 1956) was a Professor of Art at Eastern New Mexico University teaching jewelry/metals, sculpture and 3D design — the same job as in the archived record — and was still active there as of August 2023. He no longer appears on ENMU's current Department of Art faculty roster, suggesting a recent retirement or departure; no name change and no obituary found.",medium,not-needed,https://gregsenn.com/resume.shtml | https://gregsenn.com/ | https://www.enmu.edu/about/news-and-events/enmu-news/general-news/2388-art-professor-passionate-about-scuba-diving | https://www.enmu.edu/academics/colleges-departments/college-of-fine-arts/academic-departments/department-of-art/faculty-staff-art | https://www.yahoo.com/entertainment/people-scuba-diving-bratwurst-035900510.html | https://kennethcurtis.com/articles/2019/05/28/artist-interview-greg-senn/ | https://prabook.com/web/gregory_paul.senn/782418,2026-05-29
84,crafts/metalsdirectorypage/p172.html,HEIKKA SEPPA,person,,1927,"Vijpuri, Finland",,,,,http://www.temple.edu/crafts/metalsdirectorypage/biographies/b172.html,http://www.temple.edu/crafts/metalsdirectorypage/p172.html,,no,no,,"Professor Emeritus of Metalsmithing, Sam Fox School of Design & Visual Arts, Washington University in St. Louis (faculty 1965–retirement 1992)",retired-emeritus,https://en.wikipedia.org/wiki/Heikki_Sepp%C3%A4,"Heikki Seppä (archived misspelling ""Heikka Seppa""), the Finnish-American master silversmith and longtime Washington University in St. Louis metalsmithing professor (1965–1992), died May 18, 2010, at age 83. The archived ""n/a"" for current teaching is consistent — he had retired as professor emeritus.",high,not-needed,https://source.washu.edu/2010/06/obituary-heikki-sepp-83/ | https://en.wikipedia.org/wiki/Heikki_Sepp%C3%A4 | https://www.cookfamilyfuneralhome.com/obituaries/heikki-seppa | https://americanart.si.edu/artist/heikki-seppa-27648 | https://www.aaa.si.edu/collections/interviews/oral-history-interview-heikki-sepp-12958,2026-05-29
85,crafts/metalsdirectorypage/p173.html,REBECKA SEXTON,person,The Transformation of Memory: Wall Flowers,1964,"Hagerstown, MD",The School of the Art Institute of Chicago,http://www.temple.edu/crafts/metalsdirectorypage/s199.html,,1995,,http://www.temple.edu/crafts/metalsdirectorypage/p173.html,,yes,no,,"Senior Design Strategist / ""Health Futurist"" at Health Care Service Corporation (Blue Cross Blue Shield of Illinois), Chicago, IL — a design-strategy and service-design career, no longer in metalsmithing/academia",no,https://www.rebeckasexton.com/,"The metalsmith/jeweler Rebecka Sexton left academia and metalsmithing in the mid-2000s and built a second career in human-centered design and healthcare service design; she is alive and active, now a Senior Design Strategist at Health Care Service Corporation (Blue Cross Blue Shield of Illinois) in Chicago. Same name; no longer at the School of the Art Institute of Chicago.",high,confirmed,https://www.rebeckasexton.com/ | https://www.rebeckasexton.com/get-in-touch | https://www.id.iit.edu/wp-content/uploads/2016/02/RSexton_S2016.pdf | https://www.coroflot.com/rsexton/profile | https://www.linkedin.com/in/rebeckasexton/ | https://finearts.utexas.edu/alumni/spotlight/rebecka-sexton-named-director-unitedhealth-group-program | https://www.zoominfo.com/p/Rebecka-Sexton/1444416463,2026-05-29
86,crafts/metalsdirectorypage/p174.html,HELEN SHIRK,person,Schering-Plough Commission,1942,"Buffalo, New York",San Diego State Universtiy,http://www.temple.edu/crafts/metalsdirectorypage/s160.html,,1975,http://www.temple.edu/crafts/metalsdirectorypage/biographies/b174.html,http://www.temple.edu/crafts/metalsdirectorypage/p174.html,,yes,no,,"Professor of Art Emeritus, San Diego State University (taught jewelry/metalwork there 1975–2010)",retired-emeritus,https://en.wikipedia.org/wiki/Helen_Shirk,"Helen Shirk (b. 1942), the metalsmith/jeweler, is still living. She taught at San Diego State University from 1975 to 2010 and retired as Professor of Art Emeritus; she received the SNAG Lifetime Achievement Award in 2017.",high,not-needed,https://en.wikipedia.org/wiki/Helen_Shirk | https://snagmetalsmith.org/2017/04/2017-laa-helen-shirk/ | https://www.craftinamerica.org/artist/helen-shirk/ | https://www.wikidata.org/wiki/Q106232497,2026-05-29
87,crafts/metalsdirectorypage/p175.html,JIN-HWAN SHU,person,,1956,"Seoul, Korea",Seoul National Polytechnical University,,,1990,,http://www.temple.edu/crafts/metalsdirectorypage/p175.html,,unknown,no,,,unknown,,"No reliable current information could be located for the metalsmith Jin-Hwan Shu (b. 1956). The archived employer ""Seoul National Polytechnical University"" is now Seoul National University of Science and Technology (SeoulTech); its current Metal Art & Design faculty roster does not list this person, consistent with (but not proof of) retirement given an age of ~70. Alive/deceased status, any name change, and current role are all genuinely unknown.",low,disputed,https://metalartdesign.seoultech.ac.kr/d_introduction/prof_introduction | https://metalartdesign.seoultech.ac.kr/ | https://www.newpaltz.edu/fpa/mfa/areas-of-study/metal/ | https://cfa.hongik.ac.kr/front/boardlist.do?bbsConfigFK=2&searchLowItem=7 | https://www.ganoksin.com/article/seven-korean-metalsmiths/,2026-05-29
88,crafts/metalsdirectorypage/p176.html,ZAVEN ZEE SIPANTZI,person,,1929,"Los Angeles, California",,,,,,http://www.temple.edu/crafts/metalsdirectorypage/p176.html,,likely-deceased,no,,"Unknown. Archived directory lists no current teaching institution (""n/a""). No metals/jewelry teaching or studio record could be located online.",unknown,https://www.legacy.com/us/obituaries/dailybreeze/name/arnold-hassoldt-obituary?id=24250537,"A UCLA-educated metalsmith/jeweler born 1929 with essentially no online footprint; the only verifiable trace is a 2008 obituary naming ""Zaven & Irene Sipantzi of Valley Village"" (Los Angeles) as in-laws, placing him alive in 2008 and resident in the San Fernando Valley. Given his ~1929 birth year, he is likely deceased now, but no obituary or death record for him was found.",low,not-needed,https://www.legacy.com/us/obituaries/dailybreeze/name/arnold-hassoldt-obituary?id=24250537,2026-05-29
89,crafts/metalsdirectorypage/p177.html,OLAF SKOOGFORS,person,,1930,Sweden,,,,,http://www.temple.edu/crafts/metalsdirectorypage/biographies/b177.html,http://www.temple.edu/crafts/metalsdirectorypage/p177.html,,no,yes,Olaf Skoogfors,"Professor and chairman, craft/metals department, Philadelphia College of Art (now University of the Arts) — at time of death in 1975",no,https://en.wikipedia.org/wiki/Olaf_Skoogfors,"Olaf Skoogfors, a major American studio metalsmith/jeweler born in Sweden in 1930, died of a heart attack in December 1975 at age 45 while a professor and metals-department chairman at the Philadelphia College of Art. Born Gustav Olaf Jansson, he was professionally known as Olaf Skoogfors.",high,confirmed,https://en.wikipedia.org/wiki/Olaf_Skoogfors | https://www.ganoksin.com/article/memory-olaf-skoogfors-1930-1975/ | https://www.aaa.si.edu/collections/olaf-skoogfors-papers-9976 | https://collection.cooperhewitt.org/people/18044417/bio | https://emuseum.delart.org/people/1694/olaf-skoogfors,2026-05-29
90,crafts/metalsdirectorypage/p178.html,CARLYLE H. SMITH,person,,"August 4th, 1912","Torrington, Connecticut",,,,,http://www.temple.edu/crafts/metalsdirectorypage/biographies/b178.html,http://www.temple.edu/crafts/metalsdirectorypage/p178.html,,no,no,,"Founder and longtime head of the jewelry & silversmithing program, Department of Design, University of Kansas (1947–1977); retired 1977 (deceased 2004)",retired-emeritus,https://americanart.si.edu/artist/carlyle-h-smith-4491,"Carlyle H. Smith (1912–2004) was a pioneering American silversmith/jeweler who founded the University of Kansas jewelry & silversmithing program — the first at a U.S. state university — and taught there for 30 years (1947–1977). He died November 11, 2004, in Pittsburg, Kansas, at age 93.",high,not-needed,https://americanart.si.edu/artist/carlyle-h-smith-4491 | http://www2.ljworld.com/news/2004/nov/13/pioneer_silversmith_left/ | https://www.aaa.si.edu/collections/interviews/oral-history-interview-carlyle-h-smith-13056 | https://artjewelryforum.org/schools/university-of-kansas/,2026-05-29
91,crafts/metalsdirectorypage/p179.html,ROMONA SOLBERG,person,,1921,"Watertown, South Dakota",,,,,http://www.temple.edu/crafts/metalsdirectorypage/biographies/b179.html,http://www.temple.edu/crafts/metalsdirectorypage/p179.html,,no,no,,"Professor of art (jewelry/metalsmithing), University of Washington School of Art (1967–1983, retired 1983). Earlier associate professor at Central Washington University.",retired-emeritus,https://en.wikipedia.org/wiki/Ramona_Solberg,"The archived ""Romona Solberg"" is the studio jeweler/metalsmith Ramona Solberg (1921–2005), a directory misspelling. She earned her BA and MFA at the University of Washington and taught there until retiring in 1983; she died June 13, 2005, in Seattle.",high,not-needed,https://en.wikipedia.org/wiki/Ramona_Solberg | https://americanart.si.edu/artist/ramona-solberg-5750 | https://www.seattletimes.com/seattle-news/ramona-solberg-jeweler-teacher-world-traveler-dies/ | https://www.craftinamerica.org/artist/ramona-solberg/ | https://www.aaa.si.edu/collections/interviews/oral-history-interview-ramona-solberg-12835,2026-05-29
92,crafts/metalsdirectorypage/p18.html,BARNEY P. BRIENZA,person,,1942,"Newark, New Jersey",Western Montana College,http://www.temple.edu/crafts/metalsdirectorypage/s258.html,,1971,,http://www.temple.edu/crafts/metalsdirectorypage/p18.html,,unknown,no,,"Retired Professor of Art, University of Montana Western (formerly Western Montana College), Dillon, MT; moved to New Mexico after retiring (~2006-2007)",retired-emeritus,https://mtstandard.com/entertainment/exhibit-honors-retiring-brienza/article_61c524ee-1a68-5a7e-92fe-d90fb39f0d7b.html,"Barney P. Brienza, the archived metals/jewelry educator, is confirmed as the longtime art professor who joined Western Montana College (now University of Montana Western) in 1971 and taught jewelry, blacksmithing, glass and clay; he retired after 35+ years (~2006-2007) and moved to New Mexico. No obituary was found, so his survival status is unknown.",medium,not-needed,https://mtstandard.com/entertainment/exhibit-honors-retiring-brienza/article_61c524ee-1a68-5a7e-92fe-d90fb39f0d7b.html | https://mtstandard.com/news/local/retirements-at-um-western-leaving-big-shoes-to-fill/article_4d863996-e02f-529b-8ecb-b5237de746bb.html | https://tendoyfineartgallery.com/tendoy-artists/ | http://www.temple.edu/crafts/metalsdirectorypage/p18.html,2026-05-29
93,crafts/metalsdirectorypage/p180.html,BARRY STERN,person,,1948,"New York, New York",Long Island University,http://www.temple.edu/crafts/metalsdirectorypage/s94.html,,1985,,http://www.temple.edu/crafts/metalsdirectorypage/p180.html,,unknown,no,,,unknown,,"No verifiable current information could be found for the jeweler/metalsmith Barry Stern (b. 1948) archived as teaching at Long Island University since 1985. Web searches surface only unrelated same-named individuals; his current status, role, and whether he is alive are all unknown.",low,disputed,https://en.wikipedia.org/wiki/Barry_Stern_(art_dealer) | https://www.columbiapsychiatry.org/profile/barry-l-stern-phd | https://www.liu.edu/post/academics/school-of-visual-arts | https://snagmetalsmith.org/member-directory/,2026-05-29
94,crafts/metalsdirectorypage/p181.html,SARA SLOAN STINE,person,,1963,"Kearney, Nebraska",Sawtooth Center for Visual Art,http://www.temple.edu/crafts/metalsdirectorypage/s163.html,,1987,,http://www.temple.edu/crafts/metalsdirectorypage/p181.html,,yes,no,,"Director of Metals and Glass programs, Sawtooth School for Visual Art (Winston-Salem, NC)",yes,https://sawtooth.org/staff-detail/sara-sloan-stine/,"Sara Sloan Stine is alive and still at the same institution archived in the directory. She remains Director of Metals + Glass at Sawtooth School for Visual Art (Winston-Salem, NC), where she has worked since 1987; the institution has been renamed from ""Sawtooth Center for Visual Art"" to ""Sawtooth School for Visual Art."" Her role has expanded (added Wood in 2012, Lapidary in 2018, and she founded the Metal Clay Artist Symposium in 2016).",high,not-needed,https://sawtooth.org/staff-detail/sara-sloan-stine/ | https://sawtooth.org/news-events/stories/story-001/ | https://sawtooth.org/studios/metals-lapidary/,2026-05-29
95,crafts/metalsdirectorypage/p182.html,MARTIN STREICH,person,,1926,"San Francisco, California",California College of Arts and Crafts,http://www.temple.edu/crafts/metalsdirectorypage/s16.html,,1959,,http://www.temple.edu/crafts/metalsdirectorypage/p182.html,,unknown,no,,"Former faculty in Jewelry/Metal Arts at the California College of Arts and Crafts (now California College of the Arts), Oakland/San Francisco; directed CCAC's experimental El Molino campus in Erongaricuaro, Mexico (1968). No active appointment in many decades.",no,https://libraries.cca.edu/exhibitions/50-years-ago/,"Martin (""Marty"") Streich is confirmed as a real Jewelry/Metal Arts faculty member at the California College of Arts and Crafts, matching the archived record; he led CCAC's El Molino campus in Mexico in 1968 and mentored metals students. No obituary was found, but given a 1926 birth (he would be ~100) he is likely deceased; this could not be confirmed.",low,confirmed,https://libraries.cca.edu/exhibitions/50-years-ago/ | https://jenniferbanksdesigns.com/about/ | https://snagmetalsmith.org/wp-content/uploads/2023/07/Reflection_100_Booklet_by_Jack_da_Silva.pdf,2026-05-29
96,crafts/metalsdirectorypage/p183.html,ROBERT STREPPONE,person,,1950,New York City,"Studio Jewelers, Ltd",http://www.temple.edu/crafts/metalsdirectorypage/s190.html,,1979,,http://www.temple.edu/crafts/metalsdirectorypage/p183.html,,yes,no,,"Founder and Director, Studio Jewelers, Ltd. (jewelry trade school), New York, NY",yes,https://studiojewelersltd.com/faculty/,"Robert Streppone is still the founder and director of Studio Jewelers, Ltd. in midtown Manhattan, the same institution listed in the archive (which he founded in 1979). He remains actively listed on the school's current faculty page and appears in 2026-era business listings.",high,not-needed,https://studiojewelersltd.com/faculty/ | https://studiojewelersltd.com/ | https://www.yelp.com/biz/studio-jewelers-new-york | https://opendatany.com/corporation.php?id=577349,2026-05-29
97,crafts/metalsdirectorypage/p184.html,DONALD P. TAYLOR,person,,1944,"Green Bay, Wisconsin",St. Norbert College,http://www.temple.edu/crafts/metalsdirectorypage/s183.html,,1984,,http://www.temple.edu/crafts/metalsdirectorypage/p184.html,,unknown,no,,"Director of Galleries and Curator Emeritus (formerly galleries director, curator, and adjunct associate professor of art), St. Norbert College, De Pere, Wisconsin; retired 2011",retired-emeritus,https://blog.sl.edu/news/slc-names-art-gallery-for-green-bay-s-donald-p-taylor,"Donald P. Taylor (b. 1944), a Green Bay artist who worked across metals/sculpture/ceramics, joined St. Norbert College ~1984 and served as galleries director, curator, and adjunct associate professor of art until retiring in 2011, when he was named Director of Galleries and Curator Emeritus. No obituary found; he appears in University of Puget Sound's 2020-21 alumni donor list, indicating he was alive at least then.",medium,not-needed,https://blog.sl.edu/news/slc-names-art-gallery-for-green-bay-s-donald-p-taylor | https://snc.edu/helpful-info/business-community/community-events-programs/gallery-exhibitions | https://www.pugetsound.edu/support-puget-sound/2020-21-donors/alumni-donors-2020-21,2026-05-29
98,crafts/metalsdirectorypage/p185.html,PAT TAYLOR,person,Neckpiece,1937,"Portland, Oregon",Miami Jewelry Institute,http://www.temple.edu/crafts/metalsdirectorypage/s103.html,,1985,http://www.temple.edu/crafts/metalsdirectorypage/biographies/b185.html,http://www.temple.edu/crafts/metalsdirectorypage/p185.html,,unknown,no,,,unknown,,"Could not confirm any identity for this jeweler/metalsmith (b. 1937, University of Miami AB, Indiana University MFA). No reliable online trace exists, and the archived ""Miami Jewelry Institute since 1985"" cannot be linked to them.",low,disputed,https://www.miamijewelryinstitute.com/meet-our-team.html | https://www.miamijewelryinstitute.com/about-us.html | https://eskenazi.indiana.edu/about/areas-programs/metals/index.html | https://art.as.miami.edu/about/faculty-and-staff/index.html,2026-05-29
99,crafts/metalsdirectorypage/p186.html,BILLIE JEAN THEIDE,person,Butte #EF-2,1956,"Des Moines, Iowa",University of Illinois - Urbana,http://www.temple.edu/crafts/metalsdirectorypage/s225.html,,1985,http://www.temple.edu/crafts/metalsdirectorypage/biographies/b186.html,http://www.temple.edu/crafts/metalsdirectorypage/p186.html,,yes,no,,"Professor Emerita of Art, School of Art + Design, University of Illinois at Urbana-Champaign (Inaugural James Avery Endowed Chair); past chair of the metals program",retired-emeritus,https://www.billietheide.com/,"Billie Jean Theide is alive and is now Professor Emerita of Art (formerly chair of the metals program) at the University of Illinois at Urbana-Champaign — the same institution in the archived record, now retired/emeritus. Still active as a working metalsmith/jeweler. [Phil-confirmed retired 2026-05-30; no successor metals faculty found at UIUC.]",high,confirmed,https://www.billietheide.com/about | https://art.illinois.edu/people/profiles/billie-theide/ | https://en.wikipedia.org/wiki/Billie_Jean_Theide | https://americanart.si.edu/artist/billie-jean-theide-27923,2026-05-29
100,crafts/metalsdirectorypage/p187.html,RACHELLE THIEWES,person,Silent Dance,1952,"Owatonna, MN",University of Texas - El Paso,http://www.temple.edu/crafts/metalsdirectorypage/s206.html,,1976,,http://www.temple.edu/crafts/metalsdirectorypage/p187.html,,yes,no,,"Professor Emerita of Metal Arts, University of Texas at El Paso (taught 1976–2014); active studio jeweler/metalsmith in El Paso, TX",retired-emeritus,https://en.wikipedia.org/wiki/Rachelle_Thiewes,"Rachelle Thiewes is alive and an active studio jeweler in El Paso; she taught metal arts at UTEP from 1976 to 2014 and is now professor emerita. Named the Metal Museum's 2021 Master Metalsmith, with work in the Smithsonian, Met, V&A, and other major collections.",high,not-needed,https://en.wikipedia.org/wiki/Rachelle_Thiewes | https://www.metalmuseum.org/rachellethiewes | https://www.utep.edu/rubin/exhibitions/past/rachelle-thiewes.html | https://americanart.si.edu/artist/rachelle-thiewes-6784 | https://galleryloupe.com/artists/rachelle-thiewes/,2026-05-29
101,crafts/metalsdirectorypage/p188.html,RICHARD THOMAS,person,,1917,"Marion, Pennsylvania",,,,,http://www.temple.edu/crafts/metalsdirectorypage/biographies/b188.html,http://www.temple.edu/crafts/metalsdirectorypage/p188.html,,no,no,,"Founding Head, Metalsmithing Department, Cranbrook Academy of Art (1948–1984); also Dean of Students/Registrar there. Last role before death.",no,https://cranbrookkitchensink.com/2015/01/23/photo-friday-the-art-of-richard-thomas/,"Richard Thomas (1917–1988) was the metalsmith and educator who re-established and headed the Cranbrook Academy of Art metalsmithing department from 1948 to 1984, establishing one of the nation's first college metalsmithing degree programs; he died in 1988 in Ypsilanti, Michigan.",high,not-needed,https://cranbrookkitchensink.com/2015/01/23/photo-friday-the-art-of-richard-thomas/ | https://archives.cranbrook.edu/repositories/2/resources/131 | https://archives.cranbrook.edu/agents/people/126 | https://www.aaa.si.edu/collections/richard-thomas-papers-9244 | https://www.aaa.si.edu/collections/interviews/oral-history-interview-richard-thomas-12006,2026-05-29
102,crafts/metalsdirectorypage/p189.html,NANCY KUNKLE THOMPSON,person,,1941,"Marion, Indiana",Virginia Commonwealth University,http://www.temple.edu/crafts/metalsdirectorypage/s251.html,,1969,,http://www.temple.edu/crafts/metalsdirectorypage/p189.html,,unknown,no,,"Former Professor of Jewelry & Metalsmithing and Chair of the Crafts Department (now Craft/Material Studies), Virginia Commonwealth University; no longer active faculty (long retired/emerita).",retired-emeritus,https://blogs.vcu.edu/enews/2013/12/11/alumni-give-thanks/,"Nancy Kunkle Thompson was a jewelry/metalsmithing professor and Chair of the Crafts Department at VCU, credited by alumni with building the program; she is long retired and her current living status could not be confirmed (no matching obituary found).",low,confirmed,https://blogs.vcu.edu/enews/2013/12/11/alumni-give-thanks/ | https://arts.vcu.edu/craft-material-studies/ | https://arts.vcu.edu/academics/departments/craft-material-studies/areas-of-study/metal/,2026-05-29
103,crafts/metalsdirectorypage/p19.html,KATHY BUSZKIEWICZ,person,Bracelet,1953,"South Bend, IN",Cleveland Institute of Art,http://www.temple.edu/crafts/metalsdirectorypage/s30.html,,1983,,http://www.temple.edu/crafts/metalsdirectorypage/p19.html,,unknown,no,,"Former Professor of Jewelry + Metals (Craft + Design), Cleveland Institute of Art; departed end of 2023-24 fiscal year after 40 years when her position was eliminated",no,https://www.cia.edu/faculty-and-staff/kathy-buszkiewicz/,"Kathy Buszkiewicz is the metalsmith/jeweler from the archived record (Ball State BS, Indiana University MFA, CIA since 1983 — exact match). After 40 years she left the Cleveland Institute of Art at the end of the 2023-24 fiscal year when her ranked Jewelry+Metals faculty position was eliminated for ""sustainability"" reasons; she is no longer in the archived job. No evidence of a name change or death.",high,confirmed,https://www.cia.edu/faculty-and-staff/kathy-buszkiewicz/ | https://www.change.org/p/petition-to-keep-kathy-buszkiewicz-and-matthew-hollern-at-cia | https://www.cia.edu/academics/jewelry-metals,2026-05-29
104,crafts/metalsdirectorypage/p190.html,LORIN S. THUNELL,person,Topaz,1953,"Salt Lake City, Utah",Brighton High School,,,1988,,http://www.temple.edu/crafts/metalsdirectorypage/p190.html,,yes,no,,"Art / jewelry instructor, Salt Lake Community College (Salt Lake City, UT); also independent studio jeweler under the name ""4CSilverworks""",no,https://www.linkedin.com/in/lorin-thunell-4a8283b9/,"Lorin Thunell is alive and active. After roughly 30 years teaching jewelry at the high school level (matching the archived Brighton High School, UT entry), he moved to teaching jewelry/metals at Salt Lake Community College, and runs a contemporary jewelry studio (""4CSilverworks"") inspired by Fremont/Anasazi petroglyphs.",high,confirmed,https://www.linkedin.com/in/lorin-thunell-4a8283b9/ | https://www.etsy.com/people/4CSilverworks | https://www.legacy.com/us/obituaries/deseretnews/name/florence-thunell-obituary?id=23768439 | https://catalog.slcc.edu/content.php?catoid=1&navoid=17,2026-05-29
105,crafts/metalsdirectorypage/p191.html,ENZO TORCOLETTI,person,,1943,"Fano, Italy",Flager College,http://www.temple.edu/crafts/metalsdirectorypage/s58.html,,1971,,http://www.temple.edu/crafts/metalsdirectorypage/p191.html,,yes,no,,"Emeritus Professor of Art, Flagler College (St. Augustine, FL); independent sculptor/designer dividing time between studios in St. Augustine and Italy",retired-emeritus,https://historiccoastculture.com/artist/enzo-torcoletti/,"Enzo Torcoletti (b. 1943) is alive and active; he taught at Flagler College from 1971 and is now Emeritus Professor of Art there (retired from full-time teaching ~2007), continuing as an independent sculptor in St. Augustine and Italy.",high,not-needed,https://historiccoastculture.com/artist/enzo-torcoletti/ | https://www.barton.edu/barton-art-galleries-to-host-reception-for-artist-in-residence-enzo-torcoletti-on-march-14/ | https://www.linkedin.com/in/enzo-torcoletti-b7919718/ | https://www.carlylegalleries.net/enzo-torcoletti | https://artsondouglas.net/collections/enzo-torcoletti,2026-05-29
106,crafts/metalsdirectorypage/p192.html,OLLI PETER VALANNE,person,Raised Goblets,1928,"Helesinki, Finland",retired,,,1993,,http://www.temple.edu/crafts/metalsdirectorypage/p192.html,,no,no,,"Artist and Professor at the University of Kansas (from 1974 until retirement, ~1993); now deceased",retired-emeritus,https://www.warrenmcelwain.com/obituaries/olli-p-valanne,"Olli Peter Valanne (1928 Helsinki, Finland - 2011 Lawrence, Kansas) was an artist and professor at the University of Kansas from 1974 until retirement; he died March 2, 2011 at age 82. The archived ""retired since 1993"" status is consistent with his confirmed death.",high,not-needed,https://www.warrenmcelwain.com/obituaries/olli-p-valanne | https://www.ancientfaces.com/person/olli-peter-valanne-birth-1928-death-2011/51885353 | https://www.geni.com/people/Olli-Peter-Valanne/6000000094764568910,2026-05-29
107,crafts/metalsdirectorypage/p193.html,GEORGE PAUL VAN DUINWYK,person,,1941,"New York, New York",,,,,,http://www.temple.edu/crafts/metalsdirectorypage/p193.html,,unknown,no,,,unknown,https://www.metalcyberspace.com/jewelry/metal_artists_v.htm,"Confirmed as a real metal artist: the Metalcyberspace artist index lists ""George Paul van Duinwyk b.1941 NY USA,"" matching the archived record. Beyond that single directory listing he has essentially no online footprint as a practicing or teaching metalsmith, and no obituary, current faculty page, name change, or recent activity could be found.",low,confirmed,https://www.metalcyberspace.com/jewelry/metal_artists_v.htm | https://lawyers.findlaw.com/profile/view/4227501_1 | https://law.justia.com/cases/rhode-island/supreme-court/1986/511-a-2d-975.html,2026-05-29
108,crafts/metalsdirectorypage/p194.html,DR. GERALDINE VELASQUEZ,person,,?,"New York, New York",Georgian Court College,http://www.temple.edu/crafts/metalsdirectorypage/s68.html,,1980,,http://www.temple.edu/crafts/metalsdirectorypage/p194.html,,likely-deceased,yes,Geraldine Khaner Velasquez,"Professor Emerita of Art and Design, Georgian Court University (retired 2015); later OLLI at NC State University instructor (art-history lectures)",retired-emeritus,https://ollincstate.wordpress.com/2019/10/14/geraldine-khaner-velasquez-olli-instructor-profile/,"Geraldine Khaner Velasquez taught art (jewelry, enamel, fiber, textile, fine art) at Georgian Court College/University from 1980 until she retired as Professor Emerita in 2015, then moved to Holly Springs, NC and taught art-history lectures at OLLI at NC State. Born Dec 24, 1943; no obituary found, but listed status was set conservatively.",high,confirmed,https://ollincstate.wordpress.com/2019/10/14/geraldine-khaner-velasquez-olli-instructor-profile/ | https://prabook.com/web/geraldine_khaner.velasquez/775278 | https://tworivertimes.com/lincroft-artist-holds-exhibition-at-georgian-court/,2026-05-29
109,crafts/metalsdirectorypage/p195.html,ARTHUR VIERTHALER,person,,1916,"Milwaukee, Wisconsin",,,,,http://www.temple.edu/crafts/metalsdirectorypage/biographies/b195.html,http://www.temple.edu/crafts/metalsdirectorypage/p195.html,,likely-deceased,no,,"Professor of art / fine-arts metals, University of Wisconsin–Madison (Art Education); founder/driving force of the UW–Madison metalsmithing program (deceased)",retired-emeritus,https://www.ganoksin.com/article/master-metalsmith-robert-von-neumann/,"Arthur Vierthaler (b. 1916) was the founding force behind the University of Wisconsin–Madison metals/metalsmithing program, a professor of art education and fine-arts metals who secured funding and space for the program and mentored figures like Robert von Neumann; Fred Fenster joined him in 1962. He is almost certainly deceased, though no specific obituary/death year was located.",medium,not-needed,https://www.ganoksin.com/article/master-metalsmith-robert-von-neumann/ | https://uwpress.wisc.edu/Books/M/Metalsmiths-and-Mentors | https://www.artprice.com/artist/194427/arthur-a--vierthaler/biography | https://www.wisconsinhistory.org/Records/Image/IM36422 | https://www.etsy.com/listing/779610373/arthur-vierthaler-electroformed-copper,2026-05-29
110,crafts/metalsdirectorypage/p196.html,ROBERT Von NEUMANN,person,,1923,?,,,,,,http://www.temple.edu/crafts/metalsdirectorypage/p196.html,,no,no,,"Professor of metalwork/jewelry at the University of Illinois at Urbana-Champaign (last known teaching post); previously Iowa State Teachers College (now University of Northern Iowa). Author of the classic textbook ""The Design and Creation of Jewelry.""",no,https://www.ganoksin.com/article/master-metalsmith-robert-von-neumann/,"Robert von Neumann (b. 1923) was a pioneering American metalsmith and author of ""The Design and Creation of Jewelry""; he taught at Iowa State Teachers College and the University of Illinois at Urbana-Champaign, and died in 1984 from an accidental fall.",high,not-needed,https://www.ganoksin.com/article/master-metalsmith-robert-von-neumann/ | https://www.galleryofwisconsinart.com/artist-works.php?artistId=439464&artist=Robert+von+Neumann+Jr. | https://archive.org/details/designcreationof00vonn_0,2026-05-29
111,crafts/metalsdirectorypage/p197.html,KATE WAGLE,person,,1949,"Redding, California",University of Oregon,http://www.temple.edu/crafts/metalsdirectorypage/s237.html,,1994,,http://www.temple.edu/crafts/metalsdirectorypage/p197.html,,unknown,no,,"Professor Emeritus of Art (Jewelry & Metalsmithing), University of Oregon, School of Art + Design; last administrative role was Associate Dean / Director, School of Architecture and Allied Arts, UO Portland (2008-2015)",retired-emeritus,https://artdesign.uoregon.edu/directory/art-emeritus-faculty/all/kwagle,"Kate Wagle is the same metalsmith/jeweler in the archived record — BS from Portland State, MFA in Jewelry & Metalsmithing from Arizona State (1981), joined University of Oregon in 1994. She is now listed as Department of Art emeritus faculty at UO; she headed the Art Department (1999-2008) and served as Associate Dean/Director of UO's School of Architecture and Allied Arts in Portland through 2015.",high,not-needed,https://artdesign.uoregon.edu/directory/art-emeritus-faculty/all/kwagle | https://artdesign.uoregon.edu/art/kate-wagle | https://katewagle.com/pagecv | https://artdesign.uoregon.edu/art/faculty-staff/emeritus,2026-05-29
112,crafts/metalsdirectorypage/p198.html,DALE WEDIG,person,,1955,"Milwaukee, Wisconsin",Northern Michigan University,http://www.temple.edu/crafts/metalsdirectorypage/s133.html,,1983,http://www.temple.edu/crafts/metalsdirectorypage/biographies/b198.html,http://www.temple.edu/crafts/metalsdirectorypage/p198.html,,yes,no,,"Professor of Art and Design (metalsmithing/sculpture), Northern Michigan University, Marquette, MI",yes,https://nmu.edu/faculty/mr-dale-j-wedig,"Dale Wedig is still a Professor of Art and Design at Northern Michigan University, where he has taught metalsmithing/sculpture since 1983; he is currently on sabbatical with his last semester taught listed as Spring 2026. No name change and no obituary.",high,not-needed,https://nmu.edu/faculty/mr-dale-j-wedig | https://art.nmu.edu/dale-wedig | https://commons.nmu.edu/prime_research_profiles/233/ | https://wedigfineart.wordpress.com/about/,2026-05-29
113,crafts/metalsdirectorypage/p199.html,BOB WINSTON,person,,1915,"Long Beach, California",,,,,http://www.temple.edu/crafts/metalsdirectorypage/biographies/b199.html,http://www.temple.edu/crafts/metalsdirectorypage/p199.html,,no,no,,"Influential mid-century jeweler/sculptor; taught jewelry/metalsmithing at California College of Arts and Crafts for ~17 years (from 1942); founding member of the Metal Arts Guild of San Francisco. Last active in Scottsdale, AZ.",no,https://americanart.si.edu/artist/bob-winston-27912,"Bob Winston (Charles Robert Winston, 1915-2003) was an influential San Francisco Bay Area jeweler and sculptor credited with reviving lost-wax centrifugal casting in mid-century American studio jewelry; he taught at the California College of Arts and Crafts and co-founded the Metal Arts Guild of San Francisco. He is deceased (died 2003).",high,not-needed,https://americanart.si.edu/artist/bob-winston-27912 | https://www.aaa.si.edu/collections/interviews/oral-history-interview-bob-winston-12194 | https://www.metalartsguildsf.org/member-of-the-month-archive/member-of-the-month-2021/ | https://www.wikidata.org/wiki/Q97070501,2026-05-29
114,crafts/metalsdirectorypage/p2.html,CLARENCE PRESTON-ANDRADE,person,,?,?,,,,,,http://www.temple.edu/crafts/metalsdirectorypage/p2.html,,unknown,no,,,unknown,,"No verifiable record of a metalsmith/jeweler/metals-arts educator named Clarence Preston-Andrade could be found in any craft, museum, SNAG, or institutional source. The archived entry is entirely empty (no birth year, no institution, no education), and the name does not appear in the metals field at all.",low,disputed,https://www.philadelphiabuildings.org/pab/app/ar_display.cfm/18880 | https://www.metalcyberspace.com/jewelry/metal_artists_pq.htm | https://tyler.temple.edu/directory,2026-05-29
115,crafts/metalsdirectorypage/p20.html,HARLAN BUTT,person,,1950,"Princeton, New Jersey",North Texas State University,http://www.temple.edu/crafts/metalsdirectorypage/s236.html,,1976,http://www.temple.edu/crafts/metalsdirectorypage/biographies/b20.html,http://www.temple.edu/crafts/metalsdirectorypage/p20.html,,yes,no,,"Professor Emeritus of Metalsmithing/Enameling, University of North Texas College of Visual Arts + Design (taught 1976-2017); independent studio artist/enamelist",retired-emeritus,https://harlanwbutt.com/,"Harlan W. Butt (b. 1950, Princeton NJ) is the same metalsmith/enamelist as the archived record (BFA Tyler, MFA Southern Illinois, taught at North Texas since 1976). The institution kept the same identity but was renamed from North Texas State University to University of North Texas in 1988; he retired there as Professor Emeritus in 2017 and continues as an independent studio enamelist.",high,not-needed,https://www.enamelarts.org/harlan-butt-2/ | https://harlanwbutt.com/ | https://www.mobilia-gallery.com/artists/harlan-w-butt/ | https://www.nps.gov/gumo/learn/news/harlan-butt-featured-as-spring-2022-artist-in-residence.htm | https://www.aaa.si.edu/collections/interviews/oral-history-interview-harlan-butt-15907,2026-05-29
116,crafts/metalsdirectorypage/p200.html,JOHN WITTERSHEIM,person,Plumb Bob #525,1953,"Dearborn, Michigan http://www.sienahts.edu/~art/alumni/wittersheim/",Siena Heights University,http://www.temple.edu/crafts/metalsdirectorypage/s170.html,,1979,,http://www.temple.edu/crafts/metalsdirectorypage/p200.html,,no,no,,"Professor of Art (metalsmithing and sculpture), Siena Heights University, Adrian, Michigan (1979–2013, until his death)",no,https://reflections.sienaheights.edu/2013/07/03/practical-professor/,"John Wittersheim, the metalsmith/sculptor who taught at Siena Heights University from 1979, died in March 2013 (age 59) after a battle with cancer. No name change; he is deceased and no longer in the archived job.",high,confirmed,https://reflections.sienaheights.edu/2013/07/03/practical-professor/ | https://www.pursefuneralhome.com/obituary/John-Wittersheim/guest-book | https://www.ganoksin.com/article/metalsmith-88-fall-exhibition-reviews/,2026-05-29
117,crafts/metalsdirectorypage/p201.html,FRED WOELL,person,,1934,"Evergreen Park, Illinois",,,,,http://www.temple.edu/crafts/metalsdirectorypage/biographies/b201.htm,http://www.temple.edu/crafts/metalsdirectorypage/p201.html,,no,no,,"Independent studio metalsmith / artist (Deer Isle, Maine); formerly taught at Boston University, Swain School of Design, SUNY New Paltz, and Haystack Mountain School of Crafts",unknown,https://en.wikipedia.org/wiki/J._Fred_Woell,"Fred Woell is J. Fred Woell (James Frederick Woell, b. 1934 Evergreen Park, IL), the pioneering ""anti-jewelry"" found-object metalsmith. He died April 2, 2015, in Deer Isle, Maine.",high,disputed,https://en.wikipedia.org/wiki/J._Fred_Woell | https://www.jordanfernald.com/memorials/Woell-J/2335707/obituary.php | https://snagmetalsmith.org/2015/04/in-memoriam-j-fred-woell/ | https://www.metalmuseum.org/post/2018/04/19/inside-the-collection-j-fred-woell | https://americanart.si.edu/artist/j-fred-woell-5848,2026-05-29
118,crafts/metalsdirectorypage/p202.html,JOE WOOD,person,,1954,"New York, New York",Massachusetts College of Art,http://www.temple.edu/crafts/metalsdirectorypage/s99.html,,1986,,http://www.temple.edu/crafts/metalsdirectorypage/p202.html,,yes,no,,"Professor Emeritus, Fine Arts 3D Department (Jewelry & Metalsmithing), Massachusetts College of Art and Design (MassArt); chaired and taught there for 30+ years. Also represented by Mobilia Gallery, Cambridge MA",retired-emeritus,https://sites.google.com/view/joewood/bio,"Joe Wood is alive and is now Professor Emeritus in the Fine Arts 3D / Jewelry & Metalsmithing department at MassArt, where he chaired and taught for over 30 years. Name unchanged; he has shifted from active teaching to an emeritus role and remains professionally active (own studio site, Mobilia Gallery representation, Haystack board involvement).",high,not-needed,https://sites.google.com/view/joewood/bio | https://www.ganoksin.com/article/joe-wood-manifest-idea/ | https://www.haystack-mtn.org/2021-online-programs/demonstration-joe-wood-digital-strategies-for-jewelry-and-metals | https://massart.edu/program/jewelry-and-metalsmithing/faculty/,2026-05-29
119,crafts/metalsdirectorypage/p203.html,RONALD WYANCKO,person,Untitled,1938,"Kansas City, MO",,,,,,http://www.temple.edu/crafts/metalsdirectorypage/p203.html,,unknown,no,,"Professor of Art Emeritus, James Madison University (taught metalsmithing/jewelry there 1972–2000; previously Wichita State 1969–1972)",retired-emeritus,https://www.jmu.edu/artandarthistory/faculty-and-staff/facultyemeriti/wyancko-ronald.shtml,"Ronald J. Wyancko (b. 1938) is a metalsmith/jeweler who taught at James Madison University 1972–2000 and is listed as JMU's Professor of Art Emeritus; he created JMU's ceremonial mace and chain of office, and his work is held by the V&A. No obituary found, so his current living status is unknown.",medium,not-needed,https://www.jmu.edu/artandarthistory/faculty-and-staff/facultyemeriti/wyancko-ronald.shtml | https://www.ganoksin.com/article/legacy-american-metalworking/ | https://collections.vam.ac.uk/item/O137274/fish-slice-wyancko-ronald-j/,2026-05-29
120,crafts/metalsdirectorypage/p204.html,SAMUEL YELLIN,person,,1885,"Galicia, Poland",,,,,http://www.temple.edu/crafts/metalsdirectorypage/biographies/b204.htm,http://www.temple.edu/crafts/metalsdirectorypage/p204.html,,no,no,,"Master blacksmith/metalworker and founder of Samuel Yellin Metalworkers, Philadelphia; taught at the Pennsylvania Museum School of Industrial Art (1906–1919). Deceased.",no,https://en.wikipedia.org/wiki/Samuel_Yellin,"Samuel Yellin (1885–1940) was a renowned American master ironworker/metalsmith and founder of Samuel Yellin Metalworkers in Philadelphia, who taught at the Pennsylvania Museum School of Industrial Art from 1906 to 1919. He died in 1940; this is a historical figure, not a current educator.",high,not-needed,https://en.wikipedia.org/wiki/Samuel_Yellin | https://www.philadelphiabuildings.org/pab/app/ar_display.cfm/23067 | https://www.britannica.com/biography/Samuel-Yellin | https://vizcaya.org/yellin/ | https://www.ganoksin.com/article/samuel-yellin-metalworker/,2026-05-29
121,crafts/metalsdirectorypage/p205.html,NORMA YOUNG LATTA,person,,1942,"Raleigh, North Carolina",Oral Roberts University,http://www.temple.edu/crafts/metalsdirectorypage/s140.html,,1986,,http://www.temple.edu/crafts/metalsdirectorypage/p205.html,,unknown,no,,"Formerly associated with Oral Roberts University art program (Tulsa, OK); co-author/artist of ""Faces of Truth"" (2011) with husband Doug Latta. No current faculty listing found; given 1942 birth year, almost certainly retired/emeritus.",retired-emeritus,https://www.prweb.com/releases/authorspeakerartistdougno/rmalattatulsaokbiography/prweb10377862.htm,"Norma Latta (Tulsa, OK) is confirmed as the directory subject via an exact education match — BS in Art Education from East Carolina University and MA from George Peabody College at Vanderbilt — and her Oral Roberts University connection (her husband Doug Latta directed ORU's commercial art program). She was alive and active as a co-author/artist as recently as 2013; current alive status and exact present role are unknown, but retired/emeritus is most likely given her 1942 birth year.",medium,not-needed,https://www.prweb.com/releases/authorspeakerartistdougno/rmalattatulsaokbiography/prweb10377862.htm | https://www.amazon.com/Faces-Truth-Collection-Historical-Biographies/dp/1935245430 | https://www.linkedin.com/in/douglas-latta-05b4b96b/ | https://www.legacy.com/us/obituaries/chronicleonline/name/norma-latta-obituary?id=19760043,2026-05-29
122,crafts/metalsdirectorypage/p206.html,CLAUS BURY,person,,?,?,,,,,http://www.temple.edu/crafts/metalsdirectorypage/biographies/b206.html,http://www.temple.edu/crafts/metalsdirectorypage/p206.html,,yes,no,,Sculptor and goldsmith based in Frankfurt am Main; former professor at Bergische Universität Wuppertal (from 1987) and Akademie der Bildenden Künste Nürnberg (2003–2011),unknown,https://de.wikipedia.org/wiki/Claus_Bury,"Claus Bury (b. 29 March 1946, Gelnhausen-Meerholz) is alive — the city of Hanau issued an 80th-birthday tribute dated 29 March 2026. The German goldsmith-turned-art-jeweler became an internationally significant sculptor of monumental public works; he lives and works in Frankfurt am Main.",high,not-needed,https://de.wikipedia.org/wiki/Claus_Bury | https://vorsprung-online.de/mkk/hanau/276-hanau/285813-bildhauer-claus-bury-feiert-80-geburtstag.html | https://www.metmuseum.org/art/collection/search/482685 | https://arnoldsche.com/en/product/claus-bury/,2026-05-29
123,crafts/metalsdirectorypage/p207.html,EARL KRENTZIN,person,,1929,"Detroit, Michigan",,,,,http://www.temple.edu/crafts/metalsdirectorypage/biographies/b207.html,http://www.temple.edu/crafts/metalsdirectorypage/p207.html,,no,no,,"Self-employed silver sculptor / metalsmith, Detroit / Grosse Pointe Farms, Michigan (1961-1964, 1967-2021)",unknown,https://www.grossepointenews.com/articles/earl-krentzin/,"Earl Krentzin was a noted American silver sculptor and metalsmith (Wayne State BFA 1952, Cranbrook MFA 1954) who died February 2, 2021, at age 91. His name never changed; he was a self-employed studio artist, not a teaching faculty member (consistent with the archived ""n/a"" teaching status).",high,not-needed,https://www.grossepointenews.com/articles/earl-krentzin/ | https://prabook.com/web/earl.krentzin/769553 | https://www.aaa.si.edu/collections/interviews/oral-history-interview-earl-krentzin-11615 | https://snaccooperative.org/ark:/99166/w6t44b26,2026-05-29
124,crafts/metalsdirectorypage/p208.html,KOMELIA OKIM,person,,1939,?,Montgomery College since ?,http://www.temple.edu/crafts/metalsdirectorypage/s119.html,,,,http://www.temple.edu/crafts/metalsdirectorypage/p208.html,,yes,no,,"Professor Emerita of Art (Metals & Crafts), Montgomery College, Rockville, MD (retired 2014)",retired-emeritus,https://en.wikipedia.org/wiki/Komelia_Hongja_Okim,"Komelia Hongja Okim (b. 1939, Seoul) taught metals/crafts at Montgomery College 1972-2014 and retired as Professor Emerita; she remained active through 2019-2020 (published ""Korean Metal Art"" in 2019, lectures/workshops) and is categorized by Wikipedia as a living person. No obituary found.",high,not-needed,https://en.wikipedia.org/wiki/Komelia_Hongja_Okim | https://www.komeliaokim.com/bio | https://snagmetalsmith.org/2019/08/snag-celebrates-komelia-okim/ | https://americanart.si.edu/artist/komelia-hongja-okim-30849 | https://art.state.gov/personnel/komelia_okim/,2026-05-29
125,crafts/metalsdirectorypage/p209.html,LINDA THREADGILL,person,,1947,"Corpus Christi, Texas",University of Wisconsin - Whitewater since ?,http://www.temple.edu/crafts/metalsdirectorypage/s250.html,,,,http://www.temple.edu/crafts/metalsdirectorypage/p209.html,,yes,no,,"Professor Emerita, University of Wisconsin-Whitewater (led the Metals Program 1979-2003); now an independent studio artist/metalsmith in Santa Fe, New Mexico",retired-emeritus,https://www.lindathreadgill.com/new-bio,"Linda Threadgill (b. 1947) is alive and active; she retired from University of Wisconsin-Whitewater as Professor Emerita (headed its Metals Program 1979-2003) and now works as a studio metalsmith/jeweler in Santa Fe, New Mexico. Name unchanged.",high,not-needed,https://www.lindathreadgill.com/new-bio | https://en.wikipedia.org/wiki/Linda_Threadgill | https://americanart.si.edu/artist/linda-threadgill-17745 | https://www.mobilia-gallery.com/catalog/cultivating-ornament-linda-threadgill-master-metalsmith/,2026-05-29
126,crafts/metalsdirectorypage/p21.html,PATRICE CASE,person,Balance,1951,Indiana,State University of New York - Geneseo since ?,http://www.temple.edu/crafts/metalsdirectorypage/s187.html,,,,http://www.temple.edu/crafts/metalsdirectorypage/p21.html,,unknown,no,,"Associate Professor Emerita of Studio Art (Jewelry/Metalsmithing), SUNY Geneseo",retired-emeritus,https://www.geneseo.edu/president/emeritus,"Patrice (E.) Case is the metalsmith/jeweler from the archived record — an Associate Professor of Studio Art at SUNY Geneseo known for her rare work with niello, with an MFA from the University of Arizona and an Indiana University background. She has since retired; she now appears on the SUNY Geneseo emeritus roster. No name change and no obituary found.",high,not-needed,https://www.geneseo.edu/president/emeritus | https://thelamronarchive.squarespace.com/posts/2013/02/07/spotlight-on | https://www.ratemyprofessors.com/ShowRatings.jsp?tid=142254,2026-05-29
127,crafts/metalsdirectorypage/p210.html,RUTH PENNINGTON,person,,1905,"Springs, Colorado",,,,,,http://www.temple.edu/crafts/metalsdirectorypage/p210.html,,no,yes,Ruth Penington,"Professor of metalwork/jewelry, University of Washington School of Art (retired); also director of the Henry Gallery and founder of the Fidalgo Summer School of Allied Arts",no,https://en.wikipedia.org/wiki/Ruth_Penington,"Ruth Penington (correctly spelled with one 'n', not 'Pennington' as archived) was a pioneering American jeweler/metalsmith and longtime University of Washington art faculty member; she lived 1905-1998 and is deceased.",high,not-needed,https://en.wikipedia.org/wiki/Ruth_Penington | https://www.ganoksin.com/article/master-metalsmith-ruth-penington/ | https://archiveswest.orbiscascade.org/ark:80444/xv45162 | https://www.aaa.si.edu/collections/interviews/oral-history-interview-ruth-penington-12828,2026-05-29
128,crafts/metalsdirectorypage/p211.html,DONALD DUNCAN,person,,,,"Capital University, Columbus, Ohio.",,,,,http://www.temple.edu/crafts/metalsdirectorypage/p211.html,,unknown,no,,"Most likely identification: the Don/Donald Duncan described as ""former Professor of Art Education at The Ohio State University"" and a premier Central Ohio goldsmith/jeweler who mentored Columbus jewelers (Jack Seibert, William Weidinger). His link to Capital University is not directly confirmed in any source found; he is documented at OSU. If the same man, he would now be long retired/emeritus. Possibly deceased (see notes).",unknown,https://jackseibert.com/about/,"Likely the late-career Columbus-area goldsmith and former OSU Professor of Art Education ""Don Duncan,"" who mentored jewelers Jack Seibert and William Weidinger; his specific tie to Capital University and his current status (alive/retired/deceased) could not be confirmed from available sources.",low,confirmed,https://jackseibert.com/about/ | https://www.williamweidinger.com/about/ | https://bulletin.capital.edu/preview_course_nopop.php?catoid=4&coid=4324 | https://www.snyderfuneralhomes.com/obituaries/Donald-Herbert-Duncan?obId=24350703,2026-05-29
129,crafts/metalsdirectorypage/p212.html,Veda Beetler,person,,,,,,,,,http://www.temple.edu/crafts/metalsdirectorypage/p212.html,,unknown,no,,,unknown,,"No verifiable information could be found about Veda Beetler as a metalsmith, jeweler, or metals-arts educator. The archived directory entry was already sparse (no birth year, no education, no current teaching institution listed), and exhaustive web searches turned up no online presence under this name or any plausible spelling variant.",low,disputed,https://www.google.com/search?q=%22Veda+Beetler%22 | https://archive.org/wayback/available?url=temple.edu/crafts/metalsdirectorypage/p212.html | https://tyler.temple.edu/academics/art/metals-jewelry-cad-cam,2026-05-29
130,crafts/metalsdirectorypage/p213.html,Jennifer Sholtis,person,,02/27/79,"Fayetteville, NC",Stephen F. Austin State University,,,,,http://www.temple.edu/crafts/metalsdirectorypage/p213.html,,unknown,no,,"Last known: Assistant Professor of Art (Metals/Jewelry), Stephen F. Austin State University (hired 2003); no current position traceable. She is NOT the metals position holder today — that is Lauren McAdams Selden.",no,https://www.sfasu.edu/docs/board-regents/meeting-archives-minutes-2003-07.15.2003-191.pdf,"Jennifer (L.) Sholtis, MFA Tyler/Temple, was hired in 2003 as an assistant professor of art metals at Stephen F. Austin State University, matching the archived record; she has since left that post (the SFA metals/jewelry faculty is now Lauren McAdams Selden) and has no traceable current public presence. Whether she is still living or working in the field is unknown.",low,confirmed,https://www.sfasu.edu/docs/board-regents/meeting-archives-minutes-2003-07.15.2003-191.pdf | https://art.sfasu.edu/metals | https://tyler.temple.edu/academics/art/metals-jewelry-cad-cam | https://www.dailysentinel.com/news/local/assistant-professor-of-art-metals-says-she-was-made-for-the-classroom/article_9e417996-0c43-11e2-a3d9-001a4bcf887a.html,2026-05-29
131,crafts/metalsdirectorypage/p214.htm,ALAN BURTON THOMPSON,person,Taught at:,1956,,,,,,http://www.temple.edu/crafts/metalsdirectorypage/biographies/b214.htm,http://www.temple.edu/crafts/metalsdirectorypage/p214.htm,,yes,no,,"Visiting/workshop faculty (metals/jewelry), Snow Farm: The New England Craft Program, Williamsburg, Massachusetts; studio jeweler known for assemblage brooches",unknown,https://americanart.si.edu/artist/alan-burton-thompson-29022,"Alan Burton Thompson (b. 1956) is a studio metalsmith/jeweler known for surreal, kitsch assemblage brooches made from found-object curiosities; his work is in the Smithsonian American Art Museum collection. He has continued to teach metals/jewelry workshops as faculty at Snow Farm: The New England Craft Program in Williamsburg, MA.",medium,not-needed,https://americanart.si.edu/artist/alan-burton-thompson-29022 | https://www.snowfarm.org/workshops/faculty/alan-burton-thompson | https://canvas.snowfarm.org/instructors/114 | https://www.ganoksin.com/article/metalsmith-96-winter-exhibition-reviews/,2026-05-29
132,crafts/metalsdirectorypage/p22.html,YU-JIN CHO,person,Untitled,1957,"Jin Hae, Korea",,,,,,http://www.temple.edu/crafts/metalsdirectorypage/p22.html,,yes,no,,"Retired Professor of Metal Craft (silversmithing / metal jewelry design), Department of Metal Art & Design, Seoul National University of Science and Technology (SeoulTech), Seoul, Korea — held her retirement exhibition there in 2023.",retired-emeritus,https://yujin6686.seoultech.ac.kr/subList/20000004645,"Yu-Jin Cho (조유진), born 1957, is a Korean metalsmith/silversmith and jeweler. Her education matches the archived record exactly (Hongik University BFA and MFA, plus an MFA from the University of Texas at Austin, ~1984-87). She spent her career as a metal-craft professor at Seoul National University of Science and Technology (SeoulTech) and held her retirement exhibition there in 2023, so she is now retired/emeritus. She is alive and still exhibiting.",high,not-needed,https://yujin6686.seoultech.ac.kr/subList/20000004645 | https://metalartdesign.seoultech.ac.kr/d_introduction/prof_introduction | https://fineart.seoultech.ac.kr/about/prof/?togo=list&menu=8406&profidx=02153,2026-05-29
133,crafts/metalsdirectorypage/p23.html,CHUNGHI CHOO,person,,1938,"Inchon, Korea",University of Iowa,http://www.temple.edu/crafts/metalsdirectorypage/s227.html,,1968,http://www.temple.edu/crafts/metalsdirectorypage/biographies/b23.html,http://www.temple.edu/crafts/metalsdirectorypage/p23.html,,yes,no,,"Professor Emerita of Jewelry and Metal Arts, University of Iowa School of Art, Art History, and Design (taught 1968–2015)",retired-emeritus,https://art.uiowa.edu/people/chunghi-choo,"Chunghi Choo (b. May 23, 1938) is alive and is now Professor Emerita at the University of Iowa, where she founded and led the jewelry/metalsmithing program from 1968 until her retirement in 2015. Cranbrook MFA (1965) confirmed; no name change.",high,not-needed,https://art.uiowa.edu/people/chunghi-choo | https://en.wikipedia.org/wiki/Chunghi_Choo | https://www.aaa.si.edu/collections/interviews/oral-history-interview-chunghi-choo-13621 | https://www.craftinamerica.org/artist/chunghi-choo/,2026-05-29
134,crafts/metalsdirectorypage/p24.html,JOHN M. CHURCH,person,,1938,"Midland, MI",Interlochen Arts Academy,http://www.temple.edu/crafts/metalsdirectorypage/s84.html,,1970,http://www.temple.edu/crafts/metalsdirectorypage/biographies/b24.html,http://www.temple.edu/crafts/metalsdirectorypage/p24.html,,no,no,,"Retired instructor of metalsmithing/jewelry, Interlochen Arts Academy (1970–2000)",retired-emeritus,https://www.interlochen.org/news/interlochen-mourns-passing-longtime-faculty-member-john-church,"John M. Church taught metalsmithing, jewelry-making, and drawing at Interlochen Arts Academy from 1970 until his retirement in 2000; he died May 4, 2021, in Traverse City, Michigan.",high,confirmed,https://www.interlochen.org/news/interlochen-mourns-passing-longtime-faculty-member-john-church | https://www.interlochen.org/stories/legacy-lives-lessons-and-land | https://www.facebook.com/interlochenalumni/posts/with-sadness-we-share-the-news-that-retired-visual-arts-instructor-john-church-p/3998292120239537/,2026-05-29
135,crafts/metalsdirectorypage/p25.html,SHARON CHURCH,person,Beaded Collar,1948,"Richland, Washington",The Philadelphia College of Art and Design,http://www.temple.edu/crafts/metalsdirectorypage/s208.html,,1979,,http://www.temple.edu/crafts/metalsdirectorypage/p25.html,,no,yes,Sharon Church McNabb,"Professor Emerita, Craft + Material Studies (formerly Philadelphia College of Art), University of the Arts, Philadelphia — retired 2014 after 35 years",retired-emeritus,https://en.wikipedia.org/wiki/Sharon_Church_(artist),"Sharon Church (professionally also Sharon Church McNabb), the studio jeweler/metalsmith who began teaching at the Philadelphia College of Art in 1979, taught there 35 years (the school became the University of the Arts), retired in 2014 as professor emerita, and died December 25, 2022 at 74.",high,confirmed,https://www.inquirer.com/obituaries/sharon-church-mcnabb-obituary-jewelry-university-arts-philadelphia-20230113.html | https://snagmetalsmith.org/2023/04/in-memoriam-sharon-church-1948-2022/ | https://en.wikipedia.org/wiki/Sharon_Church_(artist) | https://artjewelryforum.org/articles/obit_sharon-church_artistnatl-us_auth-lola-brooks_authnatl-us_1-25-2023/,2026-05-29
136,crafts/metalsdirectorypage/p26.html,HANS CHRISTENSEN,person,,1924,"Copenhagen, Denmark",,,,,http://www.temple.edu/crafts/metalsdirectorypage/biographies/b26.html,http://www.temple.edu/crafts/metalsdirectorypage/p26.html,,no,no,,"Master silversmith/metalsmith and educator; held the Charlotte Fredericks Mowris Professorship in Contemporary Crafts at the School for American Crafts, Rochester Institute of Technology (RIT), where he taught for ~29 years until his death in 1983.",no,https://en.wikipedia.org/wiki/Hans_Christensen_(silversmith),"Hans Christensen (Hans Jørgen Thorvald Christensen), Danish-born American master silversmith, died in a car accident on January 16, 1983. He taught metalsmithing/jewelry at RIT's School for American Crafts from 1954 until his death and is the namesake of the Society of American Silversmiths' Hans Christensen Sterling Silversmith's Award.",high,not-needed,https://en.wikipedia.org/wiki/Hans_Christensen_(silversmith) | https://www.aaa.si.edu/collections/hans-christensen-papers-7413/biographical-note | https://www.rit.edu/artoncampus/hans-christensen | https://www.silversmithing.com/1hans2.htm | https://archivesspace.rit.edu/repositories/2/resources/54,2026-05-29
137,crafts/metalsdirectorypage/p27.html,ANTONIO CIRONO,person,,?,?,,,,,,http://www.temple.edu/crafts/metalsdirectorypage/p27.html,,no,yes,Antonio Cirino,"Head of Teacher Training, Rhode Island School of Design (RISD); jewelry designer/metalsmith and author of a jewelry-making book (last-known/historical; deceased 1983)",no,https://salmagundi.org/antonio-cirino-1889-1983/,"The archived ""Antonio Cirono"" is a misspelling of Antonio Cirino (1888-1983), an Italian-American RISD-trained jeweler/metalsmith, painter, and educator who served as Head of Teacher Training at the Rhode Island School of Design and authored a jewelry-making book. He died November 28, 1983.",high,confirmed,https://salmagundi.org/antonio-cirino-1889-1983/ | https://vareikafinearts.com/artist/antonio-cirino/ | http://www.bertgallery.com/blog/2018/09/antonio-cirino-1888-1983/ | https://gallerymontanaro.com/artists/33-antonio-cirino-1888-1983/,2026-05-29
138,crafts/metalsdirectorypage/p275.html,KENNETH C. MacBAIN,person,Salt and Pepper Shakers,1963,"Westwood, NJ",New Jersey City University,http://www.temple.edu/crafts/metalsdirectorypage/s87.html,,1994,,http://www.temple.edu/crafts/metalsdirectorypage/p275.html,,yes,no,,"Associate Professor of Art and Head of the Jewelry/Metals Concentration, New Jersey City University (since 1994)",yes,http://www.kennethmacbain.com/,"Kenneth C. MacBain is alive and still teaching at New Jersey City University, where he has been since 1994, as Associate Professor of Art and Head of the Jewelry/Metals Concentration. He remains an active contemporary studio jeweler.",high,not-needed,https://www.njcu.edu/directories/faculty-staff-directory/kenneth-macbain | http://www.kennethmacbain.com/ | http://www.kennethmacbain.com/pagecv | https://petersvalley.org/instructors/kenneth-macbain/ | https://www.artsy.net/artist/kenneth-macbain-1/about,2026-05-29
139,crafts/metalsdirectorypage/p28.html,CHRISTINE CLARK,person,,1958,"Chicago, Illinois",Oregon School of Arts and Crafts,http://www.temple.edu/crafts/metalsdirectorypage/s141.html,,1984,,http://www.temple.edu/crafts/metalsdirectorypage/p28.html,,yes,no,,"Independent artist (sculpture/installation/public art) and metalsmithing educator; co-owner of Ninety-Twenty Studios, Portland OR, and member of Nine Gallery. Formerly Professor of Art and Head of the Metals Department at Oregon College of Art and Craft (formerly Oregon School of Arts and Crafts), 1983–2019.",no,https://www.cclarkstudio.com/about,"Christine Clark is alive and active. She taught metals/jewelry at Oregon School of Arts and Crafts (renamed Oregon College of Art and Craft) from 1983 to 2019, heading the Metals Department 1985–2018; OCAC closed in 2019. She now works as an independent sculpture/installation artist and is co-owner of Ninety-Twenty Studios, a maker/education space in Portland.",high,confirmed,https://www.cclarkstudio.com/about | https://artjewelryforum.org/interviews/christine-clark/ | https://www.ninetytwentystudios.com/christine-clark | https://www.jmkac.org/artist/clark-christine/ | https://www.arts.wa.gov/collection/artist-collection/?id=2964,2026-05-29
140,crafts/metalsdirectorypage/p29.html,THELMA COLES,person,Alliance,1952,Virginia,University of Texas - Austin,http://www.temple.edu/crafts/metalsdirectorypage/s205.html,,1978,,http://www.temple.edu/crafts/metalsdirectorypage/p29.html,,unknown,no,,"Professor Emeritus, Department of Art and Art History, University of Texas at Austin",retired-emeritus,https://catalog.utexas.edu/archive/2015-16/undergraduate/fine-arts/faculty/,"Thelma R. Coles, the metals/jewelry educator archived at UT Austin (MA San Diego State 1978), is now listed as Professor Emeritus in UT Austin's Department of Art and Art History. No name change and no obituary found, so her living status is unknown.",medium,not-needed,https://catalog.utexas.edu/archive/2015-16/undergraduate/fine-arts/faculty/ | https://catalog.utexas.edu/archive/2014-15/undergraduate/fine-arts/faculty/ | https://snagmetalsmith.org/product/metalsmith-magazine-vol-6-no-3-summer-1986/ | https://www.ganoksin.com/article/metalsmith-96-summer-exhibition-reviews/ | https://jewelclark.com/about/ | https://sites.utexas.edu/rfsa/in-memoriam/,2026-05-29
141,crafts/metalsdirectorypage/p3.html,JOE REYES APODACA,person,,1942,"Tuscon, Arizona",,,,,,http://www.temple.edu/crafts/metalsdirectorypage/p3.html,,no,no,,"Studio jeweler/metalsmith; former Head of the Metals Department, Oregon School of Arts & Crafts (OSAC), 1980–1986",no,https://lakeoswegoreview.com/2024/07/05/joe-reyes-apodaca/,"Joe Reyes Apodaca, the RIT-trained metalsmith and studio jeweler (Tucson-born, later based in Lake Oswego, Oregon, with wife and collaborator Linda Apodaca), died April 25, 2024 at age 82. He headed the Metals Dept. at Oregon School of Arts & Crafts 1980–1986 and has work in the Smithsonian Renwick Gallery and the Museum of Arts and Design's OBJECTS: USA collection.",high,confirmed,https://lakeoswegoreview.com/2024/07/05/joe-reyes-apodaca/ | https://westlinntidings.com/2024/07/05/joe-reyes-apodaca/ | https://americanart.si.edu/artist/joe-reyes-apodaca-115 | https://mimi.willamette.edu/f/historical/c/MOCC/a/8599,2026-05-29
142,crafts/metalsdirectorypage/p30.html,ROBERT COOGAN,person,Pegasus,1952,California,Appalachian Center for Crafts,http://www.temple.edu/crafts/metalsdirectorypage/s5.html,,1981,,http://www.temple.edu/crafts/metalsdirectorypage/p30.html,,unknown,no,,"Retired head of the metals program, Appalachian Center for Craft, Tennessee Tech University (retired 2015 after 34 years)",retired-emeritus,https://www.metalmuseum.org/post/2018/02/20/inside-the-collection-robert-coogan,"Robert ""Bob"" Coogan (b. 1952), the metalsmith/jeweler/bladesmith confirmed by the archived record, founded and headed the metals program at Tennessee Tech's Appalachian Center for Craft starting 1981 and retired in 2015 after ~34 years. No name change; no credible obituary for him was found (a 2021 obit is for a different Robert Coogan born 1958), so living status is unconfirmed.",high,not-needed,https://www.metalmuseum.org/post/2018/02/20/inside-the-collection-robert-coogan | https://www.tntech.edu/fine-arts/craftcenter/ | https://www.linkedin.com/in/bob-coogan-3b00b324 | https://www.wintervillefuneralcare.com/obituaries/Robert-Bob-J-Coogan?obId=21987257,2026-05-29
143,crafts/metalsdirectorypage/p31.html,JOE EDWARD CORNETT,person,,1948,"Ray, Arizona",Northern Arizona University,http://www.temple.edu/crafts/metalsdirectorypage/s131.html,,1980,,http://www.temple.edu/crafts/metalsdirectorypage/p31.html,,likely-deceased,no,,"Independent jeweler/metalsmith in Flagstaff, AZ; formerly taught jewelry/metals at Northern Arizona University (now retired from that role)",retired-emeritus,https://azdailysun.com/entertainment/arts-and-theatre/cornett-family-displays-work-at-biennial-art-exhibit/article_e260dea3-68f6-5b9e-b198-5f5c8f79c82f.html,"Joe Cornett Sr., a Vietnam veteran who turned to jewelry making and went on to teach jewelry/metals at Northern Arizona University, is a Flagstaff, AZ metalsmith. He appears to have retired from NAU and now exhibits independently; recent group-show coverage describes him as alive and active (age ~71).",medium,disputed,https://azdailysun.com/entertainment/arts-and-theatre/cornett-family-displays-work-at-biennial-art-exhibit/article_e260dea3-68f6-5b9e-b198-5f5c8f79c82f.html | https://joecornettphotography.com/about | https://www.lensculture.com/joe-cornett,2026-05-29
144,crafts/metalsdirectorypage/p32.html,LANE COULTER,person,,1944,"Chelsea, Massachusetts",Institute of American Indian Arts,http://www.temple.edu/crafts/metalsdirectorypage/s82.html,,1989,,http://www.temple.edu/crafts/metalsdirectorypage/p32.html,,unknown,no,,"Co-owner of CoulterBrooks Art and Antiques gallery, Santa Fe, NM (with Jan Brooks); formerly jewelry/metals instructor at the Institute of American Indian Arts, Santa Fe, and earlier the University of Oklahoma",no,https://www.adobegallery.com/books/authors/Lane_Coulter_et_al39526907,"Lane Coulter (b. 1944), metalsmith/jeweler and metals-arts educator, taught jewelry at the Institute of American Indian Arts in Santa Fe; he has since left teaching and co-owns CoulterBrooks Art and Antiques gallery in Santa Fe with Jan Brooks. Name unchanged; no obituary found.",medium,confirmed,https://www.adobegallery.com/books/authors/Lane_Coulter_et_al39526907 | https://en.wikipedia.org/wiki/Heidi_BigKnife | https://www.adobegallery.com/artist/shane-r-hendren-1970- | https://www.unmpress.com/9780826315250/new-mexican-tinwork-1840-1940/ | http://www.coulterbrooks.com/gallery | https://www.linkedin.com/in/lane-coulter-01b73413/,2026-05-29
145,crafts/metalsdirectorypage/p33.html,NANCY MEGAN CORWIN,person,,1951,New Jersey,Pratt Fine Arts Center,,,1992,,http://www.temple.edu/crafts/metalsdirectorypage/p33.html,,likely-deceased,no,Nancy Mēgan Corwin,"Jeweler/metalsmith and educator specializing in chasing and repoussé; adjunct instructor at Cabrillo College and Monterey Peninsula College (CA) and itinerant workshop instructor (Penland, Haystack, Arrowmont, Pratt Fine Arts Center, West Dean College UK); formerly head of Jewelry & Metals, University of Oregon (1989–1994).",unknown,https://nancymegancorwin.com/,"Confirmed as the metalsmith/jeweler and author of ""Chasing and Repoussé: Methods Ancient and Modern"" (2009), professionally active and exhibiting through at least 2019. Her own site styles her name ""Nancy Mēgan Corwin"" (macron over the e) — a stylistic spelling, not a real name change.",medium,confirmed,https://nancymegancorwin.com/ | https://nancymegancorwin.com/about/cv/ | https://nancymegancorwin.com/about/ | https://facerejewelryart.com/pages/nancy-megan-corwin | https://artjewelryforum.org/interviews/nancy-magan-corwin-marine-life-evolved/,2026-05-29
146,crafts/metalsdirectorypage/p34.html,KEY CORY,person,,1943,"Kirkland, Washington",,,,,,http://www.temple.edu/crafts/metalsdirectorypage/p34.html,,no,yes,Ken Cory (Kenneth Cory),"Professor of jewelry and metalworking at Central Washington University (held ~20 years, until his death in 1994)",no,https://americanart.si.edu/artist/ken-cory-18644,"The archived ""Key Cory"" is a transcription/OCR error for Ken (Kenneth) Cory, the renowned art jeweler. Birth year (1943) and education (CCAC BFA, Washington State University MFA) match exactly. He died of heart failure in January 1994 at age 50; he was a longtime professor at Central Washington University, not in the archived n/a posting.",high,confirmed,https://archive.seattletimes.com/archive/?date=19940129&slug=1892098 | https://americanart.si.edu/artist/ken-cory-18644,2026-05-29
147,crafts/metalsdirectorypage/p35.html,MARGARET CRAVER,person,,1907,?,,,,,http://www.temple.edu/crafts/metalsdirectorypage/biographies/b35.html,http://www.temple.edu/crafts/metalsdirectorypage/p35.html,,no,no,,"Pioneering American studio jeweler/metalsmith and arts educator; established the jewelry and metalsmithing department at the Wichita Arts Association (1935) and trained occupational therapists/art teachers in metalsmithing through Handy & Harman. No university faculty post; archived ""n/a"" is consistent.",no,https://en.wikipedia.org/wiki/Margret_Craver,"Margret Craver (the directory's ""Margaret"" is a spelling variant) was a pioneering American studio jeweler, metalsmith, and enamelist (1907–2010) who studied at the University of Kansas; she died in 2010 at age 103.",high,not-needed,https://en.wikipedia.org/wiki/Margret_Craver | https://americanart.si.edu/artist/margret-craver-1035 | https://craftcouncil.org/recognition/margret-craver | https://www.aaa.si.edu/collections/interviews/oral-history-interview-margret-craver-withers-12686,2026-05-29
148,crafts/metalsdirectorypage/p36.html,MICHAEL CROFT,person,Fileback,1941,"Minneapolis, Minnosota",University of Arizona,http://www.temple.edu/crafts/metalsdirectorypage/s222.html,,1972,http://www.temple.edu/crafts/metalsdirectorypage/biographies/b36.html,http://www.temple.edu/crafts/metalsdirectorypage/p36.html,,unknown,no,,"Formerly Professor of Art (metals/metalsmithing), University of Arizona School of Art (hired 1972); no longer on the current faculty directory — presumed retired/emeritus.",retired-emeritus,https://americanart.si.edu/artist/michael-croft-1049,"Michael Flynt Croft, metalsmith/jeweler and past president of the Society of North American Goldsmiths, taught metals at the University of Arizona from 1972; he is no longer in the school's current directory, consistent with retirement. No obituary found, but his status could not be confirmed.",medium,not-needed,https://americanart.si.edu/artist/michael-croft-1049 | https://archive.catalog.arizona.edu/faculty/994/artx.html | https://art.arizona.edu/about/directory/ | https://www.aaa.si.edu/collections/society-north-american-goldsmiths-records-11070,2026-05-29
149,crafts/metalsdirectorypage/p37.html,VIRGINIA WIREMAN CUTE,person,,?,?,,,,,,http://www.temple.edu/crafts/metalsdirectorypage/p37.html,,unknown,no,,,unknown,,"No retrievable online source documents Virginia Wireman Cute as a jeweler/metalsmith educator; her identity, current status, and any name change could not be verified. She is plausibly a mid-20th-century Philadelphia figure (Moore College BA, Univ. of Pennsylvania MFA), but nothing online confirms birth/death, role, or married/professional name change.",low,disputed,https://www.findagrave.com/memorial/24791533/katharine-wireman | https://delart.org/wp-content/uploads/2020/06/Wireman-Katharine.pdf | https://www.enamelarts.org/collection/full-collection/ | https://moore.edu/about/,2026-05-29
150,crafts/metalsdirectorypage/p38.html,LINDA DARTY,person,The More the Sunshines,1952,"Washington, DC",East Carolina University,http://www.temple.edu/crafts/metalsdirectorypage/s46.html,,1990,,http://www.temple.edu/crafts/metalsdirectorypage/p38.html,,unknown,no,,"Professor of Metal Design (now likely retired/emeritus), School of Art & Design, East Carolina University; founder/director of ECU's Italy Intensives study-abroad program in Certaldo, Tuscany",retired-emeritus,https://www.lindadarty.com/,"Linda Darty is the same metalsmith/enamelist from the archived record (confirmed by the ECU/MFA and John Satterfield instructor detail). She established ECU's first enameling program in 1981, authored The Art of Enameling (2004), and later founded and directs ECU's Italy Intensives program in Tuscany, where she now lives and teaches. No obituary found; she appears to be living and active.",medium,not-needed,https://www.lindadarty.com/ | https://art.ecu.edu/faculty-staff__trashed/linda-darty/ | https://www.enamelarts.org/linda-darty-tribute-collection/ | https://www.enamelarts.org/linda-darty/ | https://enamelcenter.org/tag/linda-darty/ | https://www.riogrande.com/knowledge-hub/influencers-jewelry-design-lindadarty/,2026-05-29
151,crafts/metalsdirectorypage/p39.html,MARILYN DaSILVA,person,,?,?,California College of Arts and Crafts since ?,http://www.temple.edu/crafts/metalsdirectorypage/s16.html,,,,http://www.temple.edu/crafts/metalsdirectorypage/p39.html,,yes,no,,"Professor Emerita, Jewelry & Metal Arts Program, California College of the Arts (San Francisco/Oakland)",retired-emeritus,https://en.wikipedia.org/wiki/Marilyn_da_Silva,"Marilyn da Silva (b. 1952), the metalsmith/enamelist known for gesso-and-colored-pencil narrative metalwork, is alive and is now Professor Emerita of the Jewelry & Metal Arts Program at California College of the Arts — the same school as the archived ""California College of Arts and Crafts"" (CCAC was renamed CCA in 2003), where she has taught since 1987. She is now retired/emerita rather than the active department head.",high,not-needed,https://en.wikipedia.org/wiki/Marilyn_da_Silva | http://www.marilyndasilva.com/about | https://www.craftcouncil.org/recognition/marilyn-da-silva | https://montgomery.dartmouth.edu/people/marilyn-da-silva,2026-05-29
152,crafts/metalsdirectorypage/p4.html,ELLEN ROSE-AUYONG,person,Chambered Vessel #160,1934,"Moberly, MO",University of North Dakota,http://www.temple.edu/crafts/metalsdirectorypage/s235.html,,1972,,http://www.temple.edu/crafts/metalsdirectorypage/p4.html,,no,no,,"Professor in Visual Arts (jewelry/metalsmithing/sculpture), Department of Art, University of North Dakota — retired 1999",retired-emeritus,https://www.grandforksherald.com/newsmd/ellen-rose-auyong,"Ellen Rose Auyong was a jewelry maker/metalsmith and Professor of Visual Arts at the University of North Dakota; she retired in 1999 and died March 28, 2008.",high,confirmed,https://www.grandforksherald.com/newsmd/ellen-rose-auyong | https://www.normanfuneral.com/obituary/866862 | https://commons.und.edu/uac-all/1069/,2026-05-29
153,crafts/metalsdirectorypage/p40.html,BEVERLY DECMAN,person,,1945,"Joliet, Illinois",Joliet Junior College,http://www.temple.edu/crafts/metalsdirectorypage/s88.html,,1983,,http://www.temple.edu/crafts/metalsdirectorypage/p40.html,,unknown,no,,"Retired jewelry/metalsmithing instructor, Joliet Junior College (Joliet, IL). She was the longtime metalsmithing teacher there; her student Cathy Mustari succeeded her as JJC metalsmithing instructor in 2001.",retired-emeritus,https://news.jjc.edu/2014/01/faculty-spotlight-one-class-changed-everything-for-cathy-mustari/,"Beverly (Bev) Decman was the longtime jewelry/metalsmithing instructor at Joliet Junior College (the archived record's institution) and is now retired/emeritus, having been succeeded by her former student Cathy Mustari around 2001. She was alive as of 2014 (listed as surviving spouse in her husband Stephen Decman's obituary); no obituary for her was found, but her current status is unconfirmed.",medium,not-needed,https://news.jjc.edu/2014/01/faculty-spotlight-one-class-changed-everything-for-cathy-mustari/ | https://huskiecommons.lib.niu.edu/clgvisperart-thesesdissertations/index.2.html | https://news.jjc.edu/2013/10/jjc-students-sell-unique-homemade-jewelry-on-nov-14/ | https://fredcdames.com/tribute/details/2955/Stephen-Decman/obituary.html | https://www.linkedin.com/in/beverly-decman-578203132,2026-05-29
154,crafts/metalsdirectorypage/p41.html,WILLIAM R. DERREVERE,person,Untitled,1944,"Baltimore, Maryland",Tulsa Community College,http://www.temple.edu/crafts/metalsdirectorypage/s215.html,,1971,http://www.temple.edu/crafts/metalsdirectorypage/biographies/b41.html,http://www.temple.edu/crafts/metalsdirectorypage/p41.html,,yes,no,,"Retired from Tulsa Community College (taught jewelry design, sculpture, and 3-D art there ~45 years, retiring approx. 2016–2019); currently teaching jewelry design and working in the metals/jewelry studio at AHHA (Arts & Humanities Council) in Tulsa, OK. Also longtime instructor (35 years) at Ghost Ranch, NM, and runs Derrevere Designs.",retired-emeritus,https://www.ghostranch.org/program/g25090306/,"William ""Bill"" R. Derrevere is alive and active as a metalsmith/jeweler. He retired around 2016–2019 after ~45 years teaching jewelry/metals at Tulsa Community College, and as of 2025 teaches jewelry design at AHHA in Tulsa and at Ghost Ranch (NM).",high,not-needed,https://www.ghostranch.org/program/g25090306/ | https://tulsaworld.com/life-entertainment/local/art-theater/upcoming-art-exhibitions-feature-wearable-art-woodcut-printmaking-vinyl-creations/article_21e12614-ac43-11ef-93f0-cf7ecf5bd2c8.html | https://www.localwombat.com/oklahoma/tulsa/829618-derrevere-designs-william.html | https://www.tulsatoday.com/2011/10/02/joomla-2907/,2026-05-29
155,crafts/metalsdirectorypage/p42.html,GAIL DIAL,person,,1947,"Tulsa, Oklahoma",Idaho State University,http://www.temple.edu/crafts/metalsdirectorypage/s77.html,,1974,,http://www.temple.edu/crafts/metalsdirectorypage/p42.html,,likely-deceased,no,,"Professor of Art, Emeritus, Idaho State University (Department of Art, Pocatello). Full name on official records: Theresa Gail Dial; professor 1974-2008.",retired-emeritus,https://www.isu.edu/cal/about/emeritus-faculty/,"The archived ""Gail Dial"" is Theresa Gail Dial, who taught art (metals/jewelry) at Idaho State University from 1974 to 2008 and is now listed as Professor of Art, Emeritus. No obituary was found; she appears retired rather than deceased, but her current status could not be independently confirmed beyond the emeritus listing.",medium,confirmed,https://www.isu.edu/cal/about/emeritus-faculty/ | https://coursecat.isu.edu/undergraduate/artsandletters/art/faculty/ | https://www.isu.edu/art/curriculum/metals/ | https://en.wikipedia.org/wiki/Alma_Eikerman,2026-05-29
156,crafts/metalsdirectorypage/p43.html,LYNN DUGGAN,person,,1954,"Louisville, Kentucky",Nazareth College,http://www.temple.edu/crafts/metalsdirectorypage/s123.html,,1978,http://www.temple.edu/crafts/metalsdirectorypage/biographies/b43.html,http://www.temple.edu/crafts/metalsdirectorypage/p43.html,,yes,no,,"Professor Emerita of Jewelry and Metalsmithing, Nazareth College (Rochester, NY); retired May 2016 after nearly 40 years; continues as a working artist",retired-emeritus,http://www.dugganart.com/about,"Lynn Duggan taught jewelry and metalsmithing at Nazareth College (Rochester, NY) for nearly 40 years and retired in May 2016 (now Professor Emerita), marked by the retrospective exhibition ""Lynn Duggan: Trajectory."" She remains an active artist with a current website and no name change or obituary found.",high,not-needed,http://www.dugganart.com/about | https://www2.naz.edu/connections/past-issues/spring-summer-2016/lynn-duggan-trajectory | https://burchfieldpenney.org/art-and-artists/people/profile:lynn-a-duggan/,2026-05-29
157,crafts/metalsdirectorypage/p44.html,BOB EBENDORF,person,,1938,"Topeka, Kansas",,,,,http://www.temple.edu/crafts/metalsdirectorypage/biographies/b47.html,http://www.temple.edu/crafts/metalsdirectorypage/p44.html,,yes,no,,"Carol Grotnes Belk Distinguished Professor of Art (1999), School of Art and Design, East Carolina University; taught there 1997-2016, now retired/emeritus",retired-emeritus,https://en.wikipedia.org/wiki/Robert_Ebendorf,"Robert ""Bob"" Ebendorf (b. Sept 30, 1938) is alive and still active as a jeweler/metalsmith. His full/professional name is Robert William Ebendorf (""Bob"" is the familiar form, not a name change). He retired from East Carolina University after teaching there 1997-2016, where he held the Carol Grotnes Belk Distinguished Professorship.",high,not-needed,https://en.wikipedia.org/wiki/Robert_Ebendorf | https://americanart.si.edu/artist/robert-ebendorf-1391 | https://www.craftcouncil.org/post/bob-ebendorf-master-metalsmith | https://news.ecu.edu/2004/10/21/ebendorf-inducted-into-hall-of-fame/ | https://www.why-make.com/podcast/2023/9/18/why-make-episode-54-bob-ebendorf,2026-05-29
158,crafts/metalsdirectorypage/p45.html,ALMA EIKERMAN,person,,1908,"Pratt, Kansas",,,,,http://www.temple.edu/crafts/metalsdirectorypage/biographies/b45.html,http://www.temple.edu/crafts/metalsdirectorypage/p45.html,,no,no,,"Distinguished Professor Emeritus of metalsmithing/jewelry design, Indiana University Bloomington (retired 1978; deceased 1995)",retired-emeritus,https://en.wikipedia.org/wiki/Alma_Eikerman,"Alma Rosalie Eikerman (1908-1995) was a pioneering American metalsmith and jewelry designer who built the metals program at Indiana University, where she became Distinguished Professor (1976) and retired as Distinguished Professor Emeritus in 1978. She was a founding member of the Society of North American Goldsmiths and died in 1995.",high,not-needed,https://en.wikipedia.org/wiki/Alma_Eikerman | http://purl.dlib.indiana.edu/iudl/findingaids/archives/InU-Ar-VAD7700 | https://eskenazi.indiana.edu/news/2022/2022-04-21-alma-eikerman.html | https://encyclopedia.design/2022/08/15/alma-eikerman-american-jewellery-designer-and-silversmith/ | https://limestonepostmagazine.com/alma-eikermans-legacy-still-inspires-metalsmiths-jewelry-designers/,2026-05-29
159,crafts/metalsdirectorypage/p46.html,HELEN WILLIAMS DRUTT ENGLISH,person,,1930,"Winthrop, Massachusetts",,,,,http://www.temple.edu/crafts/metalsdirectorypage/biographies/b46.html,http://www.temple.edu/crafts/metalsdirectorypage/p46.html,,yes,no,,"Independent curator, gallerist, educator, author, and scholar of modern/contemporary craft and studio jewelry (Helen Drutt Gallery, Philadelphia, founded 1973, closed as physical space 2002). Formerly developed the first US college syllabus on 20th-century crafts at the Philadelphia College of Art (now University of the Arts).",unknown,https://en.wikipedia.org/wiki/Helen_Drutt,"Helen Williams Drutt English (b. Nov 19, 1930), the pioneering Philadelphia craft/jewelry gallerist, curator, and educator, is still living (age 95 as of 2026). The archive listed her as not currently teaching (""n/a""), which is consistent: she has worked as an independent curator/scholar since her gallery closed as a physical space in 2002.",high,not-needed,https://en.wikipedia.org/wiki/Helen_Drutt | https://artjewelryforum.org/interviews/helen-williams-drutt-english/ | https://www.aaa.si.edu/collections/interviews/oral-history-interview-helen-williams-drutt-english-17541 | https://www.artandobject.com/news/helen-drutt-english-americas-ambassador-craft,2026-05-29
160,crafts/metalsdirectorypage/p47.html,CHUCK EVANS,person,Sake Server #6,,"Raleigh, North Carolina",Iowa State University from 1978 to 2001,http://www.temple.edu/crafts/metalsdirectorypage/s85.html,,,http://www.temple.edu/crafts/metalsdirectorypage/biographies/b47.html,http://www.temple.edu/crafts/metalsdirectorypage/p47.html,,no,no,,"Professor of Jewelry and Metals, Iowa State University College of Design (1978-2001, retired); founded ISU metals program. Deceased 2015.",no,https://snagmetalsmith.org/2015/08/in-memoriam-chuck-evans/,"Chuck Evans, who founded and led the metals/jewelry program at Iowa State University (1978-2001) and earned his MFA at RIT's School for American Craftsmen, died July 31, 2015 at age 75. No name change.",high,confirmed,https://snagmetalsmith.org/2015/08/in-memoriam-chuck-evans/,2026-05-29
161,crafts/metalsdirectorypage/p48.html,SUSAN EWING,person,Aaron's Big-boy Rattle,1955,"Lawrenceville, Illinois",Miami University,http://www.temple.edu/crafts/metalsdirectorypage/s104.html,,1981,,http://www.temple.edu/crafts/metalsdirectorypage/p48.html,,yes,no,,"Professor Emerita of Art, Miami University (Ohio); most recently Director of Cranbrook Academy of Art (named director Jan 2019, no longer director as of ~2025)",retired-emeritus,https://studiosusanewing.com/about/bio/,"Susan R. Ewing, the jeweler/metalsmith, is alive and is now Professor Emerita of Art at Miami University after 35 years (joined 1981, matching the archive). After her Miami career she became Director of Cranbrook Academy of Art (named Jan 2019); she appears to have since stepped down (Cranbrook lists an interim director for 2025).",high,not-needed,https://miamioh.edu/academic-affairs/awards-professorships/spotlights/ewing-susan.html | https://studiosusanewing.com/about/bio/ | https://cranbrookart.edu/press-room/susan-r-ewing-named-director-of-cranbrook-academy-of-art/ | https://miamioh.edu/cca/academics/departments/art/about/faculty-staff/faculty/susan-ewing/index.html | https://www.artnews.com/art-news/news/cranbrook-academy-art-appoints-susan-r-ewing-director-11758/,2026-05-29
162,crafts/metalsdirectorypage/p49.html,FRED FENSTER,person,,1934,"New York, New York",University of Wisconsin - Madison,http://www.temple.edu/crafts/metalsdirectorypage/s246.html,,1962,,http://www.temple.edu/crafts/metalsdirectorypage/p49.html,,no,no,,"Professor Emeritus of metalsmithing/jewelry, University of Wisconsin–Madison (retired 2005)",retired-emeritus,https://en.wikipedia.org/wiki/Fred_Fenster,"Fred Fenster was the pewter/silver metalsmith and longtime University of Wisconsin–Madison professor (joined 1961, taught 40+ years), retiring in 2005 as Professor Emeritus. He died June 24, 2024.",high,confirmed,https://en.wikipedia.org/wiki/Fred_Fenster | https://snagmetalsmith.org/2024/07/in-remembrance-fred-fenster/ | https://www.jckonline.com/editorial-article/teacher-fred-fenster-dies/ | https://americanart.si.edu/artist/fred-fenster-7089 | https://www.gundersonfh.com/obituaries/Fred-Fenster?obId=32177888,2026-05-29
163,crafts/metalsdirectorypage/p5.html,EUGENE KENT BAHLING,person,,1942,"Huntington Park, California",Edinboro University,http://www.temple.edu/crafts/metalsdirectorypage/s55.html,,1969,,http://www.temple.edu/crafts/metalsdirectorypage/p5.html,,unknown,no,,"Last known (archived): faculty in jewelry/metalsmithing, Edinboro University of Pennsylvania (listed teaching there since 1969). No current role could be verified; almost certainly long retired given he was born 1942.",unknown,,"Eugene Kent Bahling (b. 1942), archived as a jewelry/metals faculty member at Edinboro University since 1969, has no verifiable current online presence. No faculty page, personal site, obituary, grave record, SNAG profile, or museum-collection entry could be found. Status (alive/deceased, retired) is unknown; if still living he would be about 84 and long retired.",low,disputed,https://www.edinboro.edu/academics/schools-and-departments/cahss/departments/art/faculty-and-staff.html | https://www.waynestategalleries.org/metals-2022/edinboro-university | https://www.ganoksin.com/article/jewelry-sue-amendolara/ | https://www.legacy.com/us/obituaries/local/pennsylvania/erie-area | https://www.findagrave.com/,2026-05-29
164,crafts/metalsdirectorypage/p50.html,PHILIP FIKE,person,,1927,"Reedburg Baraboo, Wisconsin",Wayne State University,http://www.temple.edu/crafts/metalsdirectorypage/s254.html,,1953,http://www.temple.edu/crafts/metalsdirectorypage/biographies/b50.html,http://www.temple.edu/crafts/metalsdirectorypage/p50.html,,no,no,,"Professor of metalsmithing/art, Department of Art and Art History, Wayne State University (1953–died in office 1997; 45-year member who built the metals program)",no,https://en.wikipedia.org/wiki/Phillip_Fike,"Phillip Fike (the archive's ""Philip Fike"") was a metalsmith and longtime Wayne State University professor known for reviving the fibula brooch and the niello technique, and a founding member of SNAG. He died December 8, 1997, at age 70.",high,not-needed,https://en.wikipedia.org/wiki/Phillip_Fike | https://today.wayne.edu/news/1997/12/12/phillip-fike-70-died-dec-8-650 | https://www.aaa.si.edu/collections/phillip-fike-papers-16117 | https://americanart.si.edu/artist/phillip-fike-27939 | https://reuther.wayne.edu/node/14387,2026-05-29
165,crafts/metalsdirectorypage/p51.html,JOSEFA FILOSKY,person,,1933,"Westmoreland City, Pennsylvania",,,,,,http://www.temple.edu/crafts/metalsdirectorypage/p51.html,,no,yes,"Josefa Filkosky (Sister Josefa Filkosky, SC; born Patricia Filkosky)","Professor of art/sculpture, Seton Hill College (Greensburg, PA), where she taught for 44 years until her death in 1999",no,https://www.findagrave.com/memorial/110900248/josefa-filkosky,"The archived ""Josefa Filosky"" is a misspelling of Josefa Filkosky (1933-1999), a Sister of Charity of Seton Hill and a nationally recognized minimalist sculptor in painted steel who taught at Seton Hill College for 44 years; she died in 1999. Education (Seton Hill, Carnegie Mellon, Cranbrook) and birth year 1933 match exactly.",high,confirmed,https://www.findagrave.com/memorial/110900248/josefa-filkosky | https://triblive.com/tribextra/whats-that-prominent-sculptures-at-seton-hill-pay-homage-to-late-artist-teacher/ | https://test-shualumni.setonhill.edu/alumni-archive-pages/scholarship/honor-a-mentor/josefa-filkosky.html | https://www.askart.com/artist/Josefa_Filkosky/10017581/Josefa_Filkosky.aspx | https://sistersofcharityofsetonhill.omeka.net/exhibits/show/sisters-of-charity-of-seton-hi/noteworthy-professors-and-admi,2026-05-29
166,crafts/metalsdirectorypage/p52.html,ARLINE M. FISCH,person,Black & White Herringbone Twill,1931,"Brooklyn, New York",San Diego State University,http://www.temple.edu/crafts/metalsdirectorypage/s160.html,,1961,http://www.temple.edu/crafts/metalsdirectorypage/biographies/b52.html,http://www.temple.edu/crafts/metalsdirectorypage/p52.html,,no,no,,"Professor Emerita of Art, San Diego State University (founded its Jewelry & Metalsmithing program in 1961, retired 2000)",retired-emeritus,https://en.wikipedia.org/wiki/Arline_Fisch,"Arline M. Fisch, the pioneering metalsmith who founded SDSU's jewelry and metalsmithing program in 1961, taught there until retiring in 2000 as Professor Emerita, and died on August 20, 2024 at age 93. The archived record correctly identifies her; she is now deceased.",high,confirmed,https://en.wikipedia.org/wiki/Arline_Fisch | https://psfa.sdsu.edu/news/2024/in-memoriam-arline-fisch | https://snagmetalsmith.org/2024/08/in-remembrance-arline-fisch/ | https://www.jckonline.com/editorial-article/designer-arline-fisch-dies/ | https://craftcouncil.org/articles/in-memory-of-arline-fisch/ | https://www.aaa.si.edu/collections/arline-m-fisch-papers-11056,2026-05-29
167,crafts/metalsdirectorypage/p53.html,ALLAN C. FISHER,person,,1945,"Philadelphia, Pennsylvania",Dakota State University,http://www.temple.edu/crafts/metalsdirectorypage/s43.html,,1990,http://www.temple.edu/crafts/metalsdirectorypage/biographies/b53.html,http://www.temple.edu/crafts/metalsdirectorypage/p53.html,,unknown,no,,"Retired art professor (sculpture/ceramics/metals), Dakota State University, Madison, SD; subsequently active sculptor and volunteer in the Alternatives to Violence Program at a South Dakota penitentiary",retired-emeritus,http://www.allancfisher.com/,"Allan C. Fisher (b. 1945) was hired at Dakota State University in 1990 (matching the archive) and retired after about 10 years; he is now a working sculptor in Madison, SD and volunteers with a prison Alternatives to Violence Program. He still maintains his own site, allancfisher.com.",medium,not-needed,"https://www.keloland.com/news/the-prison-artists/ | http://www.allancfisher.com/sculpture.html | http://www.allancfisher.com/ | https://sculpture.org/portfolio/sculptorpage.php?sculptor_id=1000080 | https://brookingsregister.com/stories/sculptor-coming-to-south-dakota-art-museum,102405 | https://www.houseofday.com/memorials/allan-fisher/5716363/",2026-05-29
168,crafts/metalsdirectorypage/p54.html,ROBERT C. FISHER,person,,1945,"Newark, New Jersey",Birmingham Bloomfield Art Association,http://www.temple.edu/crafts/metalsdirectorypage/s10.html,,1975,,http://www.temple.edu/crafts/metalsdirectorypage/p54.html,,unknown,no,,"Last known: jewelry/metals instructor, Birmingham Bloomfield Art Association (now Birmingham Bloomfield Art Center), Birmingham, Michigan. Not listed on the current faculty roster.",unknown,https://bbartcenter.org/bbac-faculty/,"Could not confirm any current information about this specific Robert C. Fisher (jeweler/metalsmith, b. 1945). The Birmingham Bloomfield Art Association still operates as the Birmingham Bloomfield Art Center, but he is not on its current faculty list (jewelry/metals is now headed by Robin Servo), suggesting he likely left or retired; his current status, possible death, or any name change remain unverified.",low,disputed,https://bbartcenter.org/bbac-faculty/ | https://bbartcenter.org/birmingham-bloomfield-art-center/ | https://cranbrookart.edu/departments/metalsmithing/ | https://www.legacy.com/obituaries/name/fisher/robert,2026-05-29
169,crafts/metalsdirectorypage/p55.html,JOHN T. FIX,person,Confectioners Compote,1941,"Mayfield, Kentucky",Towson State University,http://www.temple.edu/crafts/metalsdirectorypage/s210.html,,1967,,http://www.temple.edu/crafts/metalsdirectorypage/p55.html,,likely-deceased,no,,"Professor Emeritus, Towson University (Baltimore, MD); headed/directed the Jewelry (Metalsmithing & Jewelry) Department 1967-2000",retired-emeritus,https://www.washingtonguildofgoldsmiths.com/metalwork-2008/,"John T. Fix was the long-time head of the Jewelry/Metalsmithing program at Towson University (1967-2000) and retired as Professor Emeritus. Towson's official Emeriti Directory now marks his name with the asterisk that denotes deceased, so he is likely deceased, though no obituary or death year was found.",medium,confirmed,https://www.washingtonguildofgoldsmiths.com/metalwork-2008/ | https://www.towson.edu/provost/retired-faculty/emeriti.html | https://www.towson.edu/cofac/departments/art/undergrad/artdesign/metalsmith.html | https://archives.towson.edu/Documents/Detail/art-instructor-john-h.-fix/61244,2026-05-29
170,crafts/metalsdirectorypage/p56.html,DR. ELAINE E. FOSTER,person,,1934,"Lawerence, Massachusetts",,,,,,http://www.temple.edu/crafts/metalsdirectorypage/p56.html,,no,no,,"Professor Emerita, Art Department, New Jersey City University (taught there 30+ years; former Department Chairperson). Deceased.",retired-emeritus,https://greenwichvillagefuneralhome.com/obituary/?ob-id=3460&obit=Elaine+Elizabeth+Foster,"Dr. Elaine E. Foster (full name Elaine Elizabeth Foster, b. ~1934 in Worcester, MA) was a jewelry/metalsmithing artist and Professor Emerita of Art at New Jersey City University; she died October 29, 2024 in New York City. Her name did not change.",high,confirmed,https://greenwichvillagefuneralhome.com/obituary/?ob-id=3460&obit=Elaine+Elizabeth+Foster | https://www.legacy.com/us/obituaries/name/elaine-foster-obituary?id=56714374,2026-05-29
171,crafts/metalsdirectorypage/p57.html,JEM FREYAULDEHOVEN,person,,1948,"Jonesboro, Arizona",,,,,,http://www.temple.edu/crafts/metalsdirectorypage/p57.html,,no,no,,"Was professor of jewelry design and silversmithing at Georgia State University, Atlanta (last-known position before death)",no,https://www.georgiaencyclopedia.org/articles/arts-culture/jem-freyaldenhoven-1948-1986/,"Jem W. Freyaldenhoven (1948-1986), a metalsmith/jeweler with a BFA from the Memphis Academy of Arts and an MFA from Tyler School of Art (Temple University), taught jewelry design and silversmithing at Georgia State University in Atlanta. He died in 1986 (reported of AIDS). His sculpture ""Krasnaya"" is in Georgia's State Art Collection.",high,confirmed,https://www.georgiaencyclopedia.org/articles/arts-culture/jem-freyaldenhoven-1948-1986/ | https://gaarts.org/freyaldenhoven-jem-krasnaya-0000165/ | https://digitalcollections.library.gsu.edu/digital/api/collection/catalogs/id/10993/download,2026-05-29
172,crafts/metalsdirectorypage/p58.html,DANIEL J. FRYE,person,Implied Freedom,1955,"Chambersburg, Pennsylvania",University of Missouri - Columbia,,,1990,,http://www.temple.edu/crafts/metalsdirectorypage/p58.html,,no,no,,"Professor of Art and former Art Department Chair (2007-2013), California State University, Sacramento (2000-2014)",no,https://snagmetalsmith.org/2014/08/in-memoriam-daniel-frye/,"Daniel J. Frye (b. 1955) left University of Missouri-Columbia and joined California State University, Sacramento in 2000, where he revitalized the metals/jewelry program and served as Art Department chair (2007-2013). He died in July 2014.",high,confirmed,https://snagmetalsmith.org/2014/08/in-memoriam-daniel-frye/,2026-05-29
173,crafts/metalsdirectorypage/p59.html,GAY GARDNER,person,Torn,1957,"Milwaukee, Wisconsin",Spokane Art School,,,1990,,http://www.temple.edu/crafts/metalsdirectorypage/p59.html,,unknown,no,,,unknown,,"No verifiable online record of Gay Gardner as a metalsmith/jeweler could be found. The archived role (teaching metals/jewelry at Spokane Art School since 1990) cannot be confirmed; the Spokane Art School closed in 2008 and reopened as a nonprofit in 2012, and Gardner is not among its current instructors. Status, current role, and whether the name changed are all unknown.",low,disputed,https://spokaneartschool.net/instructors-2/ | https://spokaneartschool.net/about/ | https://www.spokesman.com/stories/2012/nov/11/crafting-a-comeback/,2026-05-29
174,crafts/metalsdirectorypage/p6.html,MARK BALDRIDGE,person,,1946,"Lyons, New York",Longwood College,http://www.temple.edu/crafts/metalsdirectorypage/s95.html,,1972,,http://www.temple.edu/crafts/metalsdirectorypage/p6.html,,yes,no,,"Retired professor of jewelry/metalsmithing, Longwood University (Farmville, VA); retired 2014 after 42 years. Now an independent designer/goldsmith (""architectural jewelry"") via Mark Baldridge Design.",retired-emeritus,https://www.markbaldridgedesign.com/,"Mark Baldridge joined Longwood in 1972 (matching the archive) and taught jewelry/metalsmithing there for 42 years until retiring in 2014; he is alive and active as an independent designer, with his own site referencing a ""Waterfall Project 2025.""",high,not-needed,https://www.longwood.edu/news/2014/longwood-honors-five-retiring-faculty-members/ | https://www.markbaldridgedesign.com/mark-baldridge-design-about-the-artist | https://www.markbaldridgedesign.com/ | http://blogs.longwood.edu/ccfnn/2017/05/12/mark-baldridge-designs-featured-in-american-craft-magazine/ | https://www.albright.edu/faculty-detail/mark-baldridge-m-f-a/,2026-05-29
175,crafts/metalsdirectorypage/p60.html,JEFF GEORGANTES,person,Agamemnon & Klaitemnesta,1956,"Oakland, California",College of the Redwoods,http://www.temple.edu/crafts/metalsdirectorypage/s34.html,,1987,,http://www.temple.edu/crafts/metalsdirectorypage/p60.html,,yes,yes,T Jeffrey Georgantes,"Jewelry/Metals Instructor and Director of the Rebecca and Mark Byrne Jewelry Studio (formerly Donald Claflin Jewelry Studio), Hopkins Center for the Arts, Dartmouth College, Hanover, NH — since 2005, still active 2025-2026",no,https://hop.dartmouth.edu/people/t-jeffrey-georgantes,"Jeff Georgantes left College of the Redwoods and has been head of the Jewelry/Metals program at Dartmouth College since 2005, where he is still active as director of the Byrne (formerly Claflin) Jewelry Studio as of the 2025-2026 academic year. He now goes professionally by ""T Jeffrey Georgantes.""",high,confirmed,https://hop.dartmouth.edu/people/t-jeffrey-georgantes | https://www.jeffgeorgantes.com/about | https://www.thedartmouth.com/article/2025/11/jewelry-studio-reopening-coverage | https://hop.dartmouth.edu/students/jewelry,2026-05-29
176,crafts/metalsdirectorypage/p61.html,NILDA GETTY,person,,1936,"Buenos Aires, Argentina",Colorado State University,http://www.temple.edu/crafts/metalsdirectorypage/s33.html,,1970,,http://www.temple.edu/crafts/metalsdirectorypage/p61.html,,unknown,no,,"Retired/former professor of metalsmithing, Colorado State University (Art Department); working studio artist (metalwork, jewelry, prints, photography) in Fort Collins / Loveland, Colorado",retired-emeritus,https://www.augsburg.edu/now/2015/07/28/research-on-the-road/,"Nilda Getty (full name Nilda C. Fernandez Getty, b. 1936) taught metalsmithing at Colorado State University; by 2015 she had left teaching and was a working studio artist in Fort Collins, Colorado. No obituary was found, and a Colorado voter record under ""Nilda Fernandez Getty"" suggests she remained a Colorado resident, but her current living status is not confirmed.",low,confirmed,https://www.augsburg.edu/now/2015/07/28/research-on-the-road/ | https://archive.org/details/contemporarycraf00gett | https://digital.craftcouncil.org/digital/collection/p15785coll7/id/4223/ | https://coloradovoters.info/by_number/0014/50489_nilda_fernandez_getty.html | https://art.colostate.edu/degrees-and-programs/studio-bfa/bfa-metalsmithing-and-jewelry/,2026-05-29
177,crafts/metalsdirectorypage/p62.html,IMOGENE GIELING,person,,1923,"Corsicana, Texas",,,,,,http://www.temple.edu/crafts/metalsdirectorypage/p62.html,,no,no,,Founder and longtime professor of the metal arts program at San Francisco State University; retired 1990. Also founded UC Berkeley's metal arts department.,retired-emeritus,https://snagmetalsmith.org/2025/02/in-remembrance-imogene-tex-gieling/,"Imogene ""Tex"" Gieling (1923–2024), pioneering Bay Area metalsmith and educator who founded the metal arts departments at UC Berkeley (1956) and San Francisco State University (1965), died December 22, 2024 at 101. She received SNAG's Lifetime Achievement Award in 2003 and endowed the Imogene Gieling Curator of Crafts position at the Oakland Museum of California.",high,not-needed,https://snagmetalsmith.org/2025/02/in-remembrance-imogene-tex-gieling/ | https://snagmetalsmith.org/2019/01/2004-laa-tex-gieling/ | https://www.aaa.si.edu/collections/interviews/oral-history-interview-imogene-tex-gieling-15637 | https://sfmcd.org/tex-gieling-sixty-years/ | https://sfstandard.com/2025/10/23/duboce-triangle-donated-house/,2026-05-29
178,crafts/metalsdirectorypage/p63.html,DOUGLAS GILCHRIST,person,,?,?,,,,,,http://www.temple.edu/crafts/metalsdirectorypage/p63.html,,likely-deceased,no,,"Instructor in Metal-work and Jewelry, Pennsylvania Museum and School of Industrial Art (PMSIA), Philadelphia — now University of the Arts; last known role, active into the early 1940s",no,https://www.philamuseum.org/collection/object/326964,Douglas Gilchrist (1878–1942) was an American silversmith and Instructor in Metal-work and Jewelry at the Pennsylvania Museum and School of Industrial Art in Philadelphia; he is long deceased.,high,confirmed,https://www.philamuseum.org/collection/object/326964 | https://archive.org/stream/annualreportofph08phil/annualreportofph08phil_djvu.txt | https://www.ganoksin.com/article/richard-reinhardt-discontinuous-continuity/,2026-05-29
179,crafts/metalsdirectorypage/p64.html,JOHN BENJAMIN GILLIAM,person,Edged Work,1968,"Johnson City, Tennessee",Rowan College of New Jersey,http://www.temple.edu/crafts/metalsdirectorypage/s158.html,,1993,,http://www.temple.edu/crafts/metalsdirectorypage/p64.html,,yes,no,,"Visual Arts Instructor (Metals & Jewelry, 3-D Design, Bronze Casting), South Carolina Governor's School for the Arts and Humanities, Greenville, SC; also a working studio artist",no,http://www.benjamingilliam.com/,"John Benjamin Gilliam (goes by ""Ben"") left the Rowan adjunct post; since 2001 he has been a visual arts instructor (metals/jewelry, 3-D design, bronze casting) at the South Carolina Governor's School for the Arts and Humanities in Greenville, SC, and remains a working studio metalsmith.",high,confirmed,http://www.benjamingilliam.com/ | http://www.benjamingilliam.com/biography | http://www.benjamingilliam.com/resume | https://www.scgsah.org/residential-high-school/visual-arts/visual-arts-faculty,2026-05-29
180,crafts/metalsdirectorypage/p65.html,TIMOTHY M. GLOTZBACH,person,Untitled,1952,"Corydon, Indiana",Eastern Kentucky University,http://www.temple.edu/crafts/metalsdirectorypage/s51.html,,1980,,http://www.temple.edu/crafts/metalsdirectorypage/p65.html,,yes,no,,"Retired (2018) Director of Berea College Student Craft; currently Vice President, Kentucky Craft History & Education Association (KCHEA) board",no,https://www.kchea.org/boardmembers,"Tim (Timothy M.) Glotzbach is a living metalsmith/jewelry educator (MFA Jewelry/Metalsmithing, Southern Illinois University-Carbondale). He left EKU after 21 years, founded the Kentucky School of Craft, was Academic Dean at Hazard Community & Technical College, then directed Berea College Student Craft until retiring in 2018; he now serves as Vice President of the KCHEA board.",high,confirmed,https://www.kchea.org/boardmembers | https://libraryguides.berea.edu/glotzbachtim | https://art.eku.edu/jewelry-and-metals | https://magazine.berea.edu/winter-2016/passing-on-a-tradition-of-making/,2026-05-29
181,crafts/metalsdirectorypage/p66.html,MARTHA GLOWACKI,person,,1952,?,University of Wisconsin - Madison since ?,http://www.temple.edu/crafts/metalsdirectorypage/s246.html,,,http://www.temple.edu/crafts/metalsdirectorypage/biographies/b66.html,http://www.temple.edu/crafts/metalsdirectorypage/p66.html,,yes,no,,"Co-director / curator and exhibition designer, James Watrous Gallery, Wisconsin Academy of Sciences, Arts & Letters (Madison, WI). Sculptor/metalsmith with an active independent studio practice near Sauk City, WI.",no,https://www.marthaglowackiartist.com/,"Martha Glowacki is alive and active; she is a sculptor/metalsmith and co-director of the James Watrous Gallery at the Wisconsin Academy of Sciences, Arts & Letters. She is no longer in a UW-Madison teaching role (she was formerly a metalsmithing lecturer there); the directory's ""currently teaching at UW-Madison"" status is outdated.",high,confirmed,https://www.marthaglowackiartist.com/node/2 | https://www.marthaglowackiartist.com/node/3 | https://madisonlocallysourced.com/martha-glowacki/ | https://art.wisc.edu/2023/01/11/visiting-artist-colloquium-martha-glowacki/ | https://www.mmoca.org/artist/martha-glowacki/ | https://www.jmkac.org/artist/glowacki-martha/,2026-05-29
182,crafts/metalsdirectorypage/p67.html,MYRA MIMLITSCH GRAY,person,Mantlepiece,1962,"Camden, New Jersey",State University of New York - New Paltz,http://www.temple.edu/crafts/metalsdirectorypage/s188.html,,1993,,http://www.temple.edu/crafts/metalsdirectorypage/p67.html,,yes,no,Myra Mimlitsch-Gray,"Professor and Director/Head of the Metal Program, State University of New York at New Paltz",yes,https://en.wikipedia.org/wiki/Myra_Mimlitsch-Gray,"Myra Mimlitsch-Gray (b. 1962) is alive and still a Professor heading the Metal Program at SUNY New Paltz, the same job recorded in the archive. She is an American Craft Council Fellow (2016) and a Metal Museum Master Metalsmith.",high,not-needed,https://en.wikipedia.org/wiki/Myra_Mimlitsch-Gray | https://webapps.newpaltz.edu/directory/profile/myramimlitschgray | https://www.mimlitschgray.com/bio | https://sites.newpaltz.edu/news/2022/11/myra-mimlitsch-gray-yale-art-gallery-symposium/ | https://www.aaa.si.edu/collections/interviews/oral-history-interview-myra-mimlitschgray-15893,2026-05-29
183,crafts/metalsdirectorypage/p69.html,ARCH GREGORY,person,Untitled,1941,"Chattanooga, Indiana",Haywood Community College,http://www.temple.edu/crafts/metalsdirectorypage/s74.html,,1986,,http://www.temple.edu/crafts/metalsdirectorypage/p69.html,,unknown,no,,"Retired jewelry/metalsmithing instructor, Haywood Community College Professional Crafts Program (retired 2002); member, Southern Highland Craft Guild (jewelry), Waynesville, NC",retired-emeritus,https://southernhighlandguild.org/member/archgregory/,"Arch Gregory was a founding jewelry faculty member at Haywood Community College who retired in 2002 (succeeded by Robert Blanton); he remains a listed (Approved) jewelry member of the Southern Highland Craft Guild in Waynesville, NC. No obituary or name change was found.",medium,not-needed,https://www.themountaineer.com/life/hcc-jewelry-program-cultivates-artistic-vision/article_c714b234-9023-11ec-9f71-53b1785d7112.html | https://southernhighlandguild.org/member/archgregory/ | https://www.haywood.edu/programs/professional-crafts-jewelry.php,2026-05-29
184,crafts/metalsdirectorypage/p7.html,JOHN BALTRUSHUNAS,person,,1948,"Boston, Massachusetts",Maryville University,,,1992,,http://www.temple.edu/crafts/metalsdirectorypage/p7.html,,yes,no,,"Associate Professor of Art and Director of the Studio Art Program (and May Gallery director), Maryville University, St. Louis, MO — last clearly documented role",unknown,https://www.maryville.edu/mpress/maryville-presents-2017-outstanding-faculty-awards/,"John Baltrushunas spent his career as a metalsmith/jeweler and Associate Professor of Art at Maryville University (St. Louis), where he directed the studio art program and the May Gallery, matching the archived ""Maryville since 1992"" record. He appears alive and was active as recently as a 2017 Maryville Outstanding Faculty Award and ongoing Midwest Metalsmiths involvement; he is no longer on the current Design & Visual Art faculty page, suggesting recent retirement or departure (status unconfirmed).",medium,not-needed,https://www.maryville.edu/mpress/maryville-presents-2017-outstanding-faculty-awards/ | https://www.maryville.edu/society-of-midwest-metalsmithing-provides-scholarship/ | https://www.stltoday.com/lifestyles/home-and-garden/made-in-st-louis-metalsmith-s-love-of-outdoors-can/article_322e70ba-e7fb-5b6d-81c9-bd9ccc89a4f2.html | https://www.ganoksin.com/article/metalsmith-91-spring-exhibition-reviews/ | https://www.maryville.edu/as/art-design/faculty-listing/ | https://www.linkauctiongalleries.com/auction-lot/john-baltrushunas-st.-louis-two-piece-mid-centu_0E247A8921,2026-05-29
185,crafts/metalsdirectorypage/p70.html,GARY GRIFFIN,person,For Amber Waves of Grain,1945,"Wichita Falls, Texas",Cranbrook Academy of Art,http://www.temple.edu/crafts/metalsdirectorypage/s42.html,,1984,,http://www.temple.edu/crafts/metalsdirectorypage/p70.html,,likely-deceased,no,,"Retired Artist-in-Residence and Head of Metalsmithing, Cranbrook Academy of Art (1984–2006); practicing metalsmith in El Rito, New Mexico",retired-emeritus,https://snagmetalsmith.org/2013/08/2013-snag-lifetime-achievement-award-gary-griffin/,"Gary S. Griffin (b. 1945, Wichita Falls, TX) is the metalsmith in this record — Cal State Long Beach BA, Tyler MFA, and Head of Metalsmithing at Cranbrook. He retired from Cranbrook in 2006 after 32 years of teaching and has since worked as an independent metalsmith in El Rito, New Mexico. No obituary was found; alive status is unconfirmed given his age.",medium,disputed,https://snagmetalsmith.org/2013/08/2013-snag-lifetime-achievement-award-gary-griffin/ | https://www.jmkac.org/artist/griffin-gary/ | https://www.aaa.si.edu/collections/interviews/oral-history-interview-gary-griffin-12630 | https://www.craftcouncil.org/recognition/gary-griffin | https://cranbrookart.edu/caalibrary/research/griffin.htm,2026-05-29
186,crafts/metalsdirectorypage/p71.html,BRUCE GIUWITS,person,,1939,"Aberdeen, Washington",Blue Mountain Community College,http://www.temple.edu/crafts/metalsdirectorypage/s11.html,,1970,,http://www.temple.edu/crafts/metalsdirectorypage/p71.html,,unknown,no,,,unknown,,"Could not identify or verify this person under the name ""Bruce Giuwits."" The surname returns zero web matches and appears to be a garbled/OCR-corrupted transcription; no current trace was found at Blue Mountain Community College, in obituaries, or in metals-arts databases. Born 1939, he would be ~87 in 2026 if living, so likely retired/emeritus or deceased — but neither could be confirmed.",low,disputed,https://bluecc.edu/staff-directory/ | https://www.wikitree.com/genealogy/GUIWITZ | https://walkerart.org/collections/artists/bruce-witsiepe | https://www.legacy.com/us/obituaries/local/oregon/pendleton,2026-05-29
187,crafts/metalsdirectorypage/p72.html,LEE HAGEMAN,person,Penny for Your Thoughts,1935,"Clay Center, Kansas",Northwest Missouri State University from 1967 to 1998,http://www.temple.edu/crafts/metalsdirectorypage/s134.html,,,http://www.temple.edu/crafts/metalsdirectorypage/biographies/b72.html,http://www.temple.edu/crafts/metalsdirectorypage/p72.html,,no,no,Charles Lee Hageman,"Retired (1998) Professor of Jewelry and Silversmithing and former Art Department Chair (1978-1998), Northwest Missouri State University; deceased 2016",retired-emeritus,https://www.bramfuneralhome.com/obituaries/4028622,"Lee Hageman (full name Charles Lee Hageman), the metalsmith/jeweler who taught Jewelry and Silversmithing at Northwest Missouri State University, retired in 1998 and died December 1, 2016, in Maryville, MO, at age 81.",high,confirmed,https://www.bramfuneralhome.com/obituaries/4028622 | https://www.ganoksin.com/article/legacy-american-metalworking/,2026-05-29
188,crafts/metalsdirectorypage/p73.html,WILLIAM HARPER,person,,1944,"Buyrus, Ohio",Florida State University from 1974 to present,http://www.temple.edu/crafts/metalsdirectorypage/s198.html,,,http://www.temple.edu/crafts/metalsdirectorypage/biographies/b73.html,http://www.temple.edu/crafts/metalsdirectorypage/p73.html,,yes,no,,NYC-based independent jewelry artist / enamelist; formerly Professor at Florida State University (taught there 1973–1992),no,https://en.wikipedia.org/wiki/William_Claude_Harper,"William Harper, the cloisonné-enamel art jeweler (b. 1944, Bucyrus, Ohio), is alive and active in New York City. He left Florida State University in 1992 and works as an independent artist; a major monograph (Bizarre Beauty, 2024) and 2025 exhibitions/events confirm ongoing activity.",high,confirmed,https://en.wikipedia.org/wiki/William_Claude_Harper | https://www.enamelarts.org/william-harper/ | https://americanart.si.edu/artist/william-harper-2083 | https://www.wellbeaudiary.com/event/a-conversation-with-william-harper-at-nyc-jewelry-week-2025/ | https://klimt02.net/events/exhibitions/precious-grotesqueries-jewels-william-harper-les-enluminures | https://arnoldsche.com/en/product/bizarre-beauty/,2026-05-29
189,crafts/metalsdirectorypage/p74.html,SUSAN HAMLET,person,Elements of Escape II,"May 12, 1954","Evanston, Illinois",University of Massachusetts - Darmouth,http://www.temple.edu/crafts/metalsdirectorypage/s230.html,,1988,http://www.temple.edu/crafts/metalsdirectorypage/biographies/b74.html,http://www.temple.edu/crafts/metalsdirectorypage/p74.html,,yes,no,,"Professor of Artisanry (Jewelry/Metals), University of Massachusetts Dartmouth",yes,https://emuseum.mfah.org/people/19809/susan-hamlet,"Susan Hamlet remains a Professor of Artisanry (Jewelry/Metals) at UMass Dartmouth, the same position recorded in the archive; the official faculty catalog confirms she joined in 1988 with a BA 1976 from Mount Holyoke and MFA 1978 from RIT, matching the archived record exactly. No name change and no obituary for this person.",high,not-needed,https://catalog.umassd.edu/content.php?catoid=12&navoid=663 | https://emuseum.mfah.org/people/19809/susan-hamlet | https://www.ganoksin.com/article/susan-hamlet-culture-materials/ | https://www.zoominfo.com/p/Susan-Hamlet/276634297 | https://www.ratemyprofessors.com/ShowRatings.jsp?tid=699290,2026-05-29
190,crafts/metalsdirectorypage/p75.html,HAROLD HASSELSCHWERT,person,,1930,Ohio,,,,,,http://www.temple.edu/crafts/metalsdirectorypage/p75.html,,no,no,,Headed the Jewelry/Enamels program at Bowling Green State University for ~30 years (Professor of Art); designed BGSU's ceremonial mace. Last-known/career institution: Bowling Green State University.,no,https://www.ganoksin.com/article/harold-hasselschwert-materialization/,"Harold ""Hal"" Hasselschwert (1930–1990) was a jeweler/enamelist who headed the Jewelry/Enamels program at Bowling Green State University for about 30 years; he died June 3, 1990. The archived record's birth year (1930) and education path (Cleveland Institute of Art, then BGSU BS/MA) match exactly.",high,confirmed,https://www.ganoksin.com/article/harold-hasselschwert-materialization/ | https://ancestors.familysearch.org/en/9HGD-8BY/harold-leonard-hasselschwert-1930-1990 | https://collection.arkmfa.org/people/5721/harold-hasselschwert | https://www.facebook.com/ToledoFederationofArtSocieties/photos/harold-l-hal-hasselschwert-1930-1990-was-an-assistant-professor-of-art-at-bowlin/1689659501051384/,2026-05-29
191,crafts/metalsdirectorypage/p76.html,JON HAVENER,person,Departure,1950,Florida,University of Kansas - Lawerence,http://www.temple.edu/crafts/metalsdirectorypage/s228.html,,1977,,http://www.temple.edu/crafts/metalsdirectorypage/p76.html,,unknown,no,,"Professor of Metalsmithing, Emeritus, University of Kansas, Department of Visual Art (Lawrence, KS)",retired-emeritus,https://art.ku.edu/people/jon-havener,"Jon (Jon Robert) Havener taught metalsmithing/jewelry at the University of Kansas from 1977 and is now listed on the KU faculty page as Professor of Metalsmithing, Emeritus — same institution as the archived record, now retired. No obituary found; presumed living.",high,not-needed,https://art.ku.edu/people/jon-havener | https://jonhavener.com/ | https://www.artun.ee/en/calendar/jewellery-and-blacksmithing-open-lecture-jon-robert-havener-nov-16th/ | https://archive.org/details/MSB0833,2026-05-29
192,crafts/metalsdirectorypage/p77.html,TODD R. HAWKINSON,person,Pendant,1955,"St. Paul, Minnesota",Minneapolis Technical College,http://www.temple.edu/crafts/metalsdirectorypage/s112.html,,1985,,http://www.temple.edu/crafts/metalsdirectorypage/p77.html,,yes,no,,"Owner/founder/maker, T.R. Hawkinson, Ltd. (historic jewelry, antique restoration/replication), St. Paul, MN; jewelry instructor at North House Folk School. Retired from the MnSCU system where he was head of the Jewelry Manufacturing & Repair Program at Minneapolis Community & Technical College (and most recently Southeast Technical College, Red Wing, MN).",retired-emeritus,https://www.trhltd.com/,"Todd R. Hawkinson is alive and active. The archived ""Minneapolis Technical College"" job is now Minneapolis Community & Technical College, where he headed the Jewelry/Jewelry Manufacturing & Repair Program but has since retired from teaching in the Minnesota State system; he now runs his own historic-jewelry business T.R. Hawkinson, Ltd. in St. Paul and teaches at North House Folk School.",high,not-needed,https://www.trhltd.com/ | https://northhouse.org/instructors/todd-hawkinson | https://www.linkedin.com/in/todd-hawkinson-5777933b/ | https://orchid.ganoksin.com/t/todd-r-hawkinson-jewelry-gallery/51965 | https://africanvioletsocietyofamerica.org/2025-convention-salesroom-vendors/2025-convention-salesroom-vendors-t-r-hawkinson-ltd/,2026-05-29
193,crafts/metalsdirectorypage/p78.html,MYRL L. HEIN,person,,1952,Minneapolis,Minneapolis Minnesota Technical College,http://www.temple.edu/crafts/metalsdirectorypage/s112.html,,1982,,http://www.temple.edu/crafts/metalsdirectorypage/p78.html,,unknown,no,,,unknown,,"No verifiable current information found. Myrl L. Hein (b. 1952), archived as a jewelry instructor at Minneapolis Technical College (now Minneapolis Community & Technical College / Minneapolis College) since 1982, has effectively no traceable public web footprint; alive/retired/moved status is undetermined.",low,disputed,https://snagmetalsmith.org/member-directory/ | https://minneapolis.edu/ | https://obituaries.startribune.com/ | https://www.facebook.com/p/Amazing-Myrl-Gemstone-Jeweler-61550967396741/,2026-05-29
194,crafts/metalsdirectorypage/p79.html,RICHARD HELZER,person,Peace Table,1943,Nebraska,Montana State University,http://www.temple.edu/crafts/metalsdirectorypage/s118.html,,1970,,http://www.temple.edu/crafts/metalsdirectorypage/p79.html,,unknown,no,,"Retired Professor of Art (metalsmithing) and former Director of the School of Art, Montana State University, Bozeman",retired-emeritus,https://mona.unk.edu/mona/richard-helzer/,"Richard Helzer, the jeweler/metalsmith who taught metalworking at Montana State University since c.1970, is now retired from MSU (listed among retired Professors of Art). No obituary was found for him; a Legacy.com obituary under the same name is a different person (Richard Henry Helzer of Portland).",medium,not-needed,https://mona.unk.edu/mona/richard-helzer/ | https://www.montana.edu/news/5039/from-montana-to-the-mediterranean-helzer-s-gate-links-two-worlds | https://art.montana.edu/areas-of-study/metalsmithing.html | https://www.askart.com/bio/Richard_Helzer/11165582/Richard_Helzer | https://www.legacy.com/obituaries/name/richard-helzer-obituary?pid=18372147,2026-05-29
195,crafts/metalsdirectorypage/p8.html,THOMAS BAMBAS,person,,1938,"Ann Arbor, Michigan",,,,,,http://www.temple.edu/crafts/metalsdirectorypage/p8.html,,no,no,,"Retired Professor of Metalsmithing/Design, Central Michigan University (Mt. Pleasant, MI), where he taught ~30 years; earlier taught at Interlochen, MI and in Wichita, KS. Now deceased.",no,https://www.legacy.com/us/obituaries/manisteenews/name/thomas-bambas-obituary?id=52737663,"Thomas Reese Bambas, metalsmith and metals-arts educator (BFA & MFA, Cranbrook Academy of Art), known for titanium punch bowls and church communion sets, died August 15, 2023, at age 85. He had been a professor of metalsmithing/design at Central Michigan University for about thirty years.",high,confirmed,https://www.legacy.com/us/obituaries/manisteenews/name/thomas-bambas-obituary?id=52737663 | https://www.legacy.com/obituaries/name/thomas-bambas-obituary?pid=205131516 | https://www.herbertfh.com/obituary/thomas-bambas,2026-05-29
196,crafts/metalsdirectorypage/p80.html,MATTHEW HOLLERN,person,The Art of the State,1964,"Madison, Wisconsin",Cleveland Institute of Art,http://www.temple.edu/crafts/metalsdirectorypage/s30.html,,1989,,http://www.temple.edu/crafts/metalsdirectorypage/p80.html,,yes,no,,"Independent designer craftsman (jeweler/metalsmith) in Cleveland Heights, OH; until 2024 was Professor of Jewelry + Metals at Cleveland Institute of Art (completed a 35-year career there)",no,https://artjewelryforum.org/author/matthew-hollern/,"Matthew Hollern is alive and active as a designer craftsman in Cleveland Heights, OH. He taught jewelry + metals at the Cleveland Institute of Art for 35 years (1989–2024) and ended that role in 2024, so he is no longer in the archived teaching position.",high,confirmed,https://artjewelryforum.org/author/matthew-hollern/ | https://m.cia.edu/academics/jewelry-metals/faculty/matthew-hollern | https://americanart.si.edu/artist/matthew-hollern-27847 | https://www.change.org/p/petition-to-keep-kathy-buszkiewicz-and-matthew-hollern-at-cia,2026-05-29
197,crafts/metalsdirectorypage/p81.html,HOLLIS HOWARD,person,,1942,"Fletcher, Oklahoma",University of Science and Arts - Oklahoma,http://www.temple.edu/crafts/metalsdirectorypage/s238.html,,1978,,http://www.temple.edu/crafts/metalsdirectorypage/p81.html,,unknown,no,,"Former Professor of Art (Jewelry/Metals), University of Science and Arts of Oklahoma (Chickasha); no longer in the current faculty directory — almost certainly retired",retired-emeritus,https://www.ratemyprofessors.com/professor/266494,"Hollis Howard taught jewelry/metals in the Fine Arts department at the University of Science and Arts of Oklahoma; student reviews span 2003-2010 and he is no longer listed in USAO's current faculty directory, indicating he has retired/departed. No obituary or name change was found, so his living status is unknown.",low,confirmed,https://www.ratemyprofessors.com/professor/266494 | https://usao.edu/directory/index.html | https://usao.edu/academics/majors-and-minors/art/index.html | https://chisholmtrailarts.com/events/meet-the-artist-hollis-howard/ | https://www.macdowell.org/artists/hollis-howard,2026-05-29
198,crafts/metalsdirectorypage/p82.html,MARY LEE HU,person,Choker,1943,"Lakewood, Ohio",University of Washington,http://www.temple.edu/crafts/metalsdirectorypage/s242.html,,1980,http://www.temple.edu/crafts/metalsdirectorypage/biographies/b82.html,http://www.temple.edu/crafts/metalsdirectorypage/p82.html,,yes,no,,"Professor Emeritus of Metal Arts, University of Washington (taught there 1980-2006, retired 2006)",retired-emeritus,https://en.wikipedia.org/wiki/Mary_Lee_Hu,"Mary Lee Hu (b. 1943), renowned woven-wire jeweler/metalsmith, retired from the University of Washington as Professor Emeritus in 2006. She is alive and was present in person to receive the 2024 SNAG Lifetime Achievement Award at the SNAG conference in San Diego in June 2024. No name change.",high,not-needed,https://en.wikipedia.org/wiki/Mary_Lee_Hu | https://snagmetalsmith.org/2024/02/2024-snag-lifetime-achievement-award-mary-lee-hu/ | https://americanart.si.edu/artist/mary-lee-hu-2332 | https://www.craftinamerica.org/artist/mary-lee-hu/,2026-05-29
199,crafts/metalsdirectorypage/p83.html,LYNNE HULL,person,,1956,"Fort Carson, Colorado",North Seattle Community College,,,1989,,http://www.temple.edu/crafts/metalsdirectorypage/p83.html,,yes,no,,"Retired/emeritus art instructor (Metalsmithing & Jewelry), North Seattle College; proprietor of Lynne Hull Studio, Seattle",retired-emeritus,https://lynnehull.com/,Lynne Hull is the same Seattle metalsmith/jeweler from the archive: she taught metalsmithing and jewelry at North Seattle College for ~30 years and has since retired (listed as emeritus/retired). She remains an active studio artist with her own website; no name change and no obituary found.,high,not-needed,https://lynnehull.com/ | https://lynnehull.com/resume/ | http://lynnehull.com/about-lynne/ | https://people.northseattle.edu/users/lhull | https://people.seattlecolleges.edu/users/lynne.hull | https://www.ganoksin.com/article/beneath-surface-form/,2026-05-29
200,crafts/metalsdirectorypage/p84.html,MICHAEL JOHN JERRY,person,,1937,"Grand Rapids, Michigan",Syracuse University,http://www.temple.edu/crafts/metalsdirectorypage/s194.html,,1970,http://www.temple.edu/crafts/metalsdirectorypage/biographies/b84.html,http://www.temple.edu/crafts/metalsdirectorypage/p84.html,,unknown,no,,"Professor Emeritus, School of Art and Design, Syracuse University (retired after ~30 years); studio metalsmith based in Santa Fe, New Mexico",retired-emeritus,https://www.aaa.si.edu/collections/interviews/oral-history-interview-michael-john-jerry-12052,"Michael John Jerry (b. Aug 18, 1937) taught metalsmithing/jewelry at Syracuse University for ~30 years and is now professor emeritus; he subsequently relocated to Santa Fe, NM as a working studio metalsmith. No name change and no obituary found, so his current living status is unconfirmed.",medium,not-needed,"https://www.aaa.si.edu/collections/interviews/oral-history-interview-michael-john-jerry-12052 | https://www.memphisdailynews.com/editorial/ArticleEmail.aspx?id=53061 | https://www.ganoksin.com/article/off-centerline/ | https://metalmuseum.pastperfectonline.com/bycreator?keyword=Jerry,+Michael | http://vpa.syr.edu/academics/art/undergraduate/studio-arts-bfa/about-jewelry-metalsmithing",2026-05-29
201,crafts/metalsdirectorypage/p85.html,KLAUS KALLENBERGER,person,Necklace,1939,"Hanan a/m, Germany",Middle Tennessee State University,http://www.temple.edu/crafts/metalsdirectorypage/s105.html,,1966,http://www.temple.edu/crafts/metalsdirectorypage/biographies/b85.html,http://www.temple.edu/crafts/metalsdirectorypage/p85.html,,unknown,no,,"Retired Professor of Art (jewelry/silversmithing), Middle Tennessee State University (taught 1966–2002); practicing craftsman in Murfreesboro, TN",retired-emeritus,https://tnartscommission.org/permanentcollection/klaus-kallenberger/,"Klaus Kallenberger (b. 1939), the jeweler/silversmith from the archived record, taught metals/jewelry at MTSU from 1966 and retired in 2002 after 36 years; he was living in Murfreesboro, TN as of his wife's 2011 obituary and a c.2020 Tennessee Arts Commission profile. No obituary for him was found, so his current living status (he would be ~87) is unknown.",high,not-needed,https://tnartscommission.org/permanentcollection/klaus-kallenberger/ | https://murfreesborofuneralhome.com/tribute/details/55/Ingrid-Kallenberger/obituary.html | https://artjewelryforum.org/schools/university-of-kansas/,2026-05-29
202,crafts/metalsdirectorypage/p86.html,KATHLEEN MALEC KAMAL,person,Taj Mahal Tea Set,1968,"Summit, New Jersey",College of DuPage,http://www.temple.edu/crafts/metalsdirectorypage/s32.html,,1994,,http://www.temple.edu/crafts/metalsdirectorypage/p86.html,,likely-deceased,yes,Kathleen Kamal Baum,"Professor of Studio Art (metalsmithing and jewelry design), College of DuPage, Glen Ellyn, IL",yes,https://www.kathleenkamalbaum.com/,"The archived ""Kathleen Malec Kamal"" is now professionally known as Kathleen Kamal Baum, a metalsmith/silversmith who continues to teach metalsmithing and jewelry design at College of DuPage (her own site cites ~25 years there, consistent with the archived ""since 1994""). Education matches exactly: Miami University BFA, Indiana University MFA.",high,disputed,https://www.kathleenkamalbaum.com/ | https://www.cod.edu/faculty/websites/kamalk/index.aspx | https://www.cod.edu/faculty/websites/kamalk/about.aspx | https://www.ratemyprofessors.com/professor/372317 | https://gortoncenter.org/event/rendezvous-art-series-encore/,2026-05-29
203,crafts/metalsdirectorypage/p87.html,DAVID KEENS,person,Belt: Too Tight?,1949,"Ventura, California",University of Texas - Arlington,http://www.temple.edu/crafts/metalsdirectorypage/s241.html,,1974,http://www.temple.edu/crafts/metalsdirectorypage/biographies/b87.html,http://www.temple.edu/crafts/metalsdirectorypage/p87.html,,unknown,no,,"Retired Professor of Art (founder/head of the Glass Program), Department of Art & Art History, University of Texas at Arlington; retired September 2013 after 39 years (since 1974)",retired-emeritus,https://davidkeens.com/news.html,"David Keens is the correct person — he joined UT Arlington in 1974 (matching the archived record) as a metals/craftsman artist (NEA Individual Craftsman Fellowship) and later founded and headed its glass program. He retired in September 2013 after 39 years; named 2007 Texas State Artist in 3D Media. No obituary found, so living status is unknown.",high,not-needed,"https://utalibartsnews.wordpress.com/2013/09/24/arts-keens-retires-leaves-glass-legacy/ | https://davidkeens.com/news.html | https://mavmatrix.uta.edu/specialcollections_davidkeenspapers/ | https://archives.library.uta.edu/agents/people/2139 | https://news.cision.com/university-of-texas-at-arlington/i/david-keens--ut-arlington-art-professor,g100761",2026-05-29
204,crafts/metalsdirectorypage/p88.html,DANIELLA KERNER,person,The Seperation,1952,"Tel-Aviv, Israel",Tyler School of Art - Temple University,http://www.temple.edu/crafts/metalsdirectorypage/s218.html,,1977,http://www.temple.edu/crafts/metalsdirectorypage/biographies/b88.html,http://www.temple.edu/crafts/metalsdirectorypage/p88.html,,yes,no,,"Executive Director, Long Beach Island Foundation of the Arts and Sciences (Loveladies, NJ); retired from Tyler School of Art, Temple University in 2018 after ~40 years teaching metals/jewelry/CAD-CAM",retired-emeritus,https://www.lbifoundation.org/,"Daniella Kerner (b. 1952, Tel Aviv) taught metals/jewelry at Tyler School of Art, Temple University for ~40 years, pioneering CAD-CAM jewelry with Stanley Lechtzin, and retired in 2018. She now serves as Executive Director of the Long Beach Island Foundation of the Arts and Sciences in New Jersey. No name change; no evidence of death.",high,not-needed,https://tyler.temple.edu/blog/origins-tyler-metalsjewelrycad-cam | https://prabook.com/web/daniella.kerner/781770 | https://emuseum.mfah.org/people/19771/daniella-kerner | https://www.bay-magazine.com/single-post/2018/07/01/Long-Beach-Island-Foundation-for-the-Arts-Sciences-70th-Anniversary | https://www.lbifoundation.org/,2026-05-29
205,crafts/metalsdirectorypage/p89.html,L. BRENT KINGTON,person,,1934,"Topeka, Kansas",,,,,http://www.temple.edu/crafts/metalsdirectorypage/biographies/b89.html,http://www.temple.edu/crafts/metalsdirectorypage/p89.html,,no,no,,"Professor of Art (Metalsmithing/Blacksmithing), Southern Illinois University Carbondale, 1961–1997 (retired); founding first president of the Society of North American Goldsmiths (SNAG), 1969",retired-emeritus,https://en.wikipedia.org/wiki/L._Brent_Kington,"L. Brent Kington, pioneer of the American art-blacksmithing revival and founding president of SNAG, taught at Southern Illinois University Carbondale from 1961 until his 1997 retirement and died February 7, 2013 at age 78.",high,confirmed,https://en.wikipedia.org/wiki/L._Brent_Kington | https://snagmetalsmith.org/2011/06/2011-snag-lifetime-achievement-award-l-brent-kington/ | https://www.meredithfh.com/obituaries/l-brent-kington | https://www.findagrave.com/memorial/184303423/l.-brent-kington | https://www.metalmuseum.org/post/inside-the-collection-l-brent-kington | https://www.aaa.si.edu/collections/interviews/oral-history-interview-l-brent-kington-13103,2026-05-29
206,crafts/metalsdirectorypage/p9.html,JULIA M. BARELLO,person,,1957,"Kirkland, Washington",New Mexico State University,http://www.temple.edu/crafts/metalsdirectorypage/s125.html,,1992,,http://www.temple.edu/crafts/metalsdirectorypage/p9.html,,yes,no,,"Professor Emerita (retired Regents Professor of Art and former Department Head), Department of Art, New Mexico State University",retired-emeritus,https://newsroom.nmsu.edu/news/nmsu-professor-emerita-to-receive-governor-s-award-for-excellence-in-art/s/428cf771-fc1a-4f6e-9c3d-ad6d293241e7,"Julia M. Barello taught metalsmithing/jewelry at NMSU from 1992; she retired in July 2022 as a Regents Professor of Art and former Department Head and is now Professor Emerita. She is alive and active, and received a 2022 New Mexico Governor's Award for Excellence in the Arts.",high,not-needed,https://newsroom.nmsu.edu/news/nmsu-professor-emerita-to-receive-governor-s-award-for-excellence-in-art/s/428cf771-fc1a-4f6e-9c3d-ad6d293241e7 | https://artjewelryforum.org/articles/julia-barello-2/ | https://www.radicaljewelrymakeover.org/julia-barello | https://www.utep.edu/rubin/exhibitions/past/julia-barello-swirl.html,2026-05-29
207,crafts/metalsdirectorypage/p90.html,ROBIN KRAFT,person,,1955,"Chicago, Illinois",Purdue University,http://www.temple.edu/crafts/metalsdirectorypage/s149.html,,1994,,http://www.temple.edu/crafts/metalsdirectorypage/p90.html,,no,no,,"Professor of Jewelry and Metalsmithing, Purdue University (1994–2019, retired); deceased Sept 7, 2020",retired-emeritus,https://snagmetalsmith.org/2020/09/in-remembrance-robin-kraft/,"Robin Kraft was Professor of Jewelry and Metalsmithing at Purdue University from 1994 until retiring in 2019; she died September 7, 2020.",high,confirmed,https://snagmetalsmith.org/2020/09/in-remembrance-robin-kraft/ | https://www.youtube.com/watch?v=0S4UOOY7H4A,2026-05-29
208,crafts/metalsdirectorypage/p91.html,CAROL KUMATA,person,,1949,"Iowa City, Iowa",Carnegie Mellon University since ?,http://www.temple.edu/crafts/metalsdirectorypage/s23.html,,,,http://www.temple.edu/crafts/metalsdirectorypage/p91.html,,yes,no,,"Professor Emerita of Art, School of Art, Carnegie Mellon University (retired 2021; taught there since 1979)",retired-emeritus,https://art.cmu.edu/people/carol-kumata/,"Carol Kumata, the metalsmith/jeweler, retired from Carnegie Mellon University's School of Art in 2021 after 42 years (joined 1979) and is now Professor Emerita of Art; she remains an active artist (Micro Macro Part 2, 2024). No name change and no obituary found.",high,not-needed,https://art.cmu.edu/people/carol-kumata/ | http://www.art.cmu.edu/news/faculty/carol-kumata-retirement/ | https://www.wikidata.org/wiki/Q112758816 | https://emuseum.mfah.org/people/19542/carol-kumata/objects | https://petrichorpittsburgh.com/2024/11/07/beauty-and-ephemerality-at-contemporary-craft/,2026-05-29
209,crafts/metalsdirectorypage/p92.html,MICHAEL LACKTMAN,person,,1938,"Philadelphia, Pennsylvania",University of Wisconsin - Milwaukee,http://www.temple.edu/crafts/metalsdirectorypage/s209.html,,1972,http://www.temple.edu/crafts/metalsdirectorypage/biographies/b92.html,http://www.temple.edu/crafts/metalsdirectorypage/p92.html,,likely-deceased,no,,"Former Professor of Jewelry & Metalsmithing, University of Wisconsin–Milwaukee (joined 1972); now memorialized via the ""Michael Lacktman Memorial Scholarship"" in the UWM J&M program",no,https://www.metmuseum.org/art/collection/search/486022,"Michael Lacktman (b. 1938), American metalsmith/jeweler, long a professor of jewelry & metalsmithing at UW–Milwaukee (from 1972). He is no longer active there; the program now awards a ""Michael Lacktman Memorial Scholarship,"" indicating he is most likely deceased, though no obituary or death year was found.",medium,confirmed,https://www.metmuseum.org/art/collection/search/486022 | https://collection.cooperhewitt.org/people/18045133/objects/designer | https://wisconsinart.org/archives/artist/michael-lacktman/exhibitions-4274.aspx | https://uwm.academicworks.com/opportunities/15067 | https://sites.uwm.edu/metals-exhibition/,2026-05-29
210,crafts/metalsdirectorypage/p93.html,CURTIS K. LaFOLLETTE,person,,1939,"Butler, Missouri",Rhode Island College,http://www.temple.edu/crafts/metalsdirectorypage/s152.html,,1972,http://www.temple.edu/crafts/metalsdirectorypage/biographies/b93.html,http://www.temple.edu/crafts/metalsdirectorypage/p93.html,,unknown,no,,"Independent studio metalsmith/jeweler in Cherryfield, Maine (left/retired from Rhode Island College teaching); known as a ""master metalsmith""",no,https://www.ganoksin.com/article/curtis-lafollette-exhibition/,"Curtis K. LaFollette, the Cranbrook-trained metalsmith/jeweler who taught at Rhode Island College, later relocated to Cherryfield, Maine, where he has worked as an independent ""master metalsmith"" and mentored apprentices (e.g., Cara Romano); he was still active there as of ~2016. No reliable obituary for the artist was found, so his current living status is uncertain.",medium,confirmed,https://www.ganoksin.com/article/curtis-lafollette-exhibition/ | https://www.ellsworthamerican.com/lifestyle/arts/local-jeweler-cara-romano-wins-fellowship/article_0554c60a-de91-5b66-af59-50a0c21072a2.html | https://mainearts.maine.gov/Pages/funding/Fellows-Archive-2016 | https://metalmuseum.pastperfectonline.com/webobject/C48176DC-EB57-495A-905A-299808402554 | https://www.artic.edu/artists/43433/curtis-lafollette | https://www.resthavenmort.com/obituary/Curtis-LaFollette,2026-05-29
211,crafts/metalsdirectorypage/p94.html,DAVID La PLANTZ,person,Windows,1944,"Toledo, Ohio",Humboldt State University,http://www.temple.edu/crafts/metalsdirectorypage/s76.html,,1971,,http://www.temple.edu/crafts/metalsdirectorypage/p94.html,,likely-deceased,yes,David LaPlantz,"Independent studio jeweler/metalsmith and sculptor (Santa Fe / La Cienega, New Mexico); formerly Professor of jewelry & metalsmithing at Humboldt State University for ~36 years, now retired from teaching",no,https://americanart.si.edu/artist/david-laplantz-2797,"David LaPlantz (born 1944, Toledo, Ohio; BS Bowling Green State, MFA Cranbrook 1969) taught jewelry/metalsmithing at Humboldt State University for roughly 36 years; he later left academia and relocated to the Santa Fe / La Cienega, New Mexico area, where he works as an independent art jeweler and sculptor known for painted-aluminum brooches.",medium,confirmed,https://americanart.si.edu/artist/david-laplantz-2797 | https://facerejewelryart.com/pages/david-laplantz | https://www.ornamentmagazine.org/david-laplantz/ | https://artnersgallery.com/david-laplantz/ | https://www.linkedin.com/in/david-laplantz-0a972718/,2026-05-29
212,crafts/metalsdirectorypage/p95.html,ANGUS KENT LAMAR,person,Carmen,1947,"Chickasha, Oklahoma",University of Science and Arts of Oklahoma,http://www.temple.edu/crafts/metalsdirectorypage/s238.html,,1975,,http://www.temple.edu/crafts/metalsdirectorypage/p95.html,,unknown,no,Kent Lamar,"Professor / former chair, Art Department, University of Science and Arts of Oklahoma (Chickasha) — last documented active; no longer in current faculty directory",unknown,https://usao.edu/alumni/hof-individual-biographies/lamar-kent-2002.html,"Confirmed as the correct person: a USAO art faculty member since 1975 (MFA Instituto Allende 1970, BA at the predecessor of USAO 1969) who works in metal and wood sculpture and goes professionally by ""Kent Lamar."" He served ~23 years as art-department chair; he no longer appears in the current USAO faculty/staff directory (suggesting retirement), and no obituary was found.",medium,not-needed,https://usao.edu/alumni/hof-individual-biographies/lamar-kent-2002.html | https://usao.edu/news/art-exhibit-reveals-professors-perspectives.html | https://www.ratemyprofessors.com/professor/714008 | https://usao.edu/directory/index.html | https://www.linkedin.com/in/kent-lamar-3974205/,2026-05-29
213,crafts/metalsdirectorypage/p96.html,WILLIAM LATTIMER,person,,1930,"Massena, New York",Florida Atlantic University,http://www.temple.edu/crafts/metalsdirectorypage/s59.html,,1965,,http://www.temple.edu/crafts/metalsdirectorypage/p96.html,,unknown,no,,"Former art instructor (crafts, jewelry, sculpture), Department of Art, Florida Atlantic University — no longer teaching; longtime tenure described retrospectively.",no,https://www.fau.edu/artsandletters/galleries/public-art/boca-campus/admin-stairs/,"William Lattimer taught crafts, jewelry, and sculpture in FAU's Department of Art for more than twenty years; FAU's public-art page now describes him retrospectively (his sculpture ""Bird Forms"" was gifted to the university), indicating he is no longer on faculty. No obituary or death record was found, and no name change.",medium,confirmed,https://www.fau.edu/artsandletters/galleries/public-art/boca-campus/admin-stairs/,2026-05-29
214,crafts/metalsdirectorypage/p97.html,STANLEY LECHTZIN,person,Torque,1936,"Detroit, Michigan",Tyler School of Art - Temple University,http://www.temple.edu/crafts/metalsdirectorypage/s218.html,,1962,http://www.temple.edu/crafts/metalsdirectorypage/biographies/b97.html,http://www.temple.edu/crafts/metalsdirectorypage/p97.html,,yes,no,,"Professor Emeritus, Metals/Jewelry/CAD-CAM, Tyler School of Art and Architecture, Temple University (founded the program in 1962; retired 2018)",retired-emeritus,https://en.wikipedia.org/wiki/Stanley_Lechtzin,"Stanley Lechtzin (b. 1936), the jeweler/metalsmith who founded Tyler School of Art's Jewelry/Metals/CAD-CAM program in 1962, retired in 2018 and is now professor emeritus. He is still living; no obituary found.",high,not-needed,https://en.wikipedia.org/wiki/Stanley_Lechtzin | https://news.temple.edu/news/2018-10-23/new-vision-tyler-metalsjewelrycad-cam | https://tyler.temple.edu/blog/origins-tyler-metalsjewelrycad-cam | https://snagmetalsmith.org/2009/06/2009-snag-lifetime-achievement-award-stanley-lechtzin/ | https://americanart.si.edu/artist/stanley-lechtzin-6194,2026-05-29
215,crafts/metalsdirectorypage/p98.html,LESLIE LEUPP,person,,1944,"Archbold, Ohio",Penn State University,http://www.temple.edu/crafts/metalsdirectorypage/s146.html,,1988,,http://www.temple.edu/crafts/metalsdirectorypage/p98.html,,no,no,,"Retired head of Metals Arts, School of Visual Arts, Penn State University (held 1988 until 2006 retirement); deceased 2011",no,https://lancasteronline.com/obituaries/leslie-leupp/article_d762f76e-ebcb-558d-bb8c-50fb3b016218.html,"Leslie Leupp, the metalsmith/jeweler who headed Metals Arts at Penn State from 1988, retired in 2006 and died unexpectedly on February 4, 2011 in Thailand at age 66.",high,confirmed,https://lancasteronline.com/obituaries/leslie-leupp/article_d762f76e-ebcb-558d-bb8c-50fb3b016218.html | https://www.psu.edu/news/faculty-and-staff/news-record/memoriam | https://www.ganoksin.com/article/leslie-leupp-exploring-possibilities/ | https://www.mutualart.com/Artist/Leslie-Leupp/DAC6F4E9C473D239/Biography,2026-05-29
216,crafts/metalsdirectorypage/p99.html,KEITH A. LEWIS,person,,1959,"Beffefonte, Pennsylvania",Central Washington University,http://www.temple.edu/crafts/metalsdirectorypage/s26.html,,1993,,http://www.temple.edu/crafts/metalsdirectorypage/p99.html,,yes,no,,"CWU Distinguished Professor of Jewelry, Metals, and Design, Central Washington University (active as of 2024)",yes,https://www.cwu.edu/about/directory/dept-of-art-design/keith-lewis.php,"Keith Lewis is alive and still teaching at Central Washington University, where he is now a CWU Distinguished Professor of Jewelry, Metals, and Design and steward of Washington state's only four-year jewelry degree. He continues to exhibit nationally (2024 solo show, monograph, ACC Fellow in 2022).",high,not-needed,https://www.cwu.edu/about/directory/dept-of-art-design/keith-lewis.php | https://www.cwu.edu/about/media-resources/news/2024/8/survival-change-and-the-art%20of-keith-lewis.php | https://www.cwu.edu/about/media-resources/news/2024/11/cwu-professor-of-jewelry-metals-design-joins-nyc-jewelry-week-panel.php | https://galleryloupe.com/artists/keith-lewis/,2026-05-29
217,crafts/metalsdirectorypage/s272.html,PHIL CARRIZZI,person,Squeeze,1974,"Pontiac, Michigan","Kendall College of Art and Design - Assistant Professor, Chair Jewelry/Metals",http://www.temple.edu/crafts/metalsdirectorypage/s273.html,,2002,,http://www.temple.edu/crafts/metalsdirectorypage/s272.html,,yes,yes,Phil Renato (Phillip Renato),"Professor and founding Chair, Allesee Metals/Jewelry Design Program, Kendall College of Art and Design of Ferris State University (KCAD), Grand Rapids, MI",yes,https://www.ferris.edu/art-design/programs/faculty/renato-phillip.htm,"Phil Carrizzi changed his professional name to Phil Renato. He remains a Professor and founding Chair of the Allesee Metals/Jewelry Design program at Kendall College of Art and Design (Ferris State University), the same institution and role he held in the archived record since 2002.",high,confirmed,https://www.ferris.edu/art-design/programs/faculty/renato-phillip.htm | https://www.kcad.edu/programs/faculty/renato-phillip/ | https://medium.com/cultured-gr/616-presents-phil-renato-finds-discipline-in-jewelry-making-and-design-63775797d6a2 | https://www.philrenato.com/ | https://www.artprize.org/phil-renato,2026-05-29
218,crafts/public_html/mjcc/local/history/p101.html,VAL J. LINK,person,Tea. V. Tube,1940,"Shreveport, Louisiana",University of Houston,http://www.temple.edu/crafts/public_html/mjcc/local/history/s224.html,,1970,,http://www.temple.edu/crafts/public_html/mjcc/local/history/p101.html,,,,,,,,,,,,
219,crafts/public_html/mjcc/local/history/p115.html,RICHARD MAWDSLEY,person,Water Tower #2,1945,"Winfield, Kansas",Southern Illinois University - Carbondale,http://www.temple.edu/crafts/public_html/mjcc/local/history/s175.html,,1978,http://www.temple.edu/crafts/public_html/mjcc/local/history/biographies/b115.html,http://www.temple.edu/crafts/public_html/mjcc/local/history/p115.html,,,,,,,,,,,,
220,crafts/public_html/mjcc/local/history/p118.html,TIM McCREIGHT,person,Fibula,1951,"Philadelphia, Pennsylvania",Maine College of Art since ? to ?,http://www.temple.edu/crafts/public_html/mjcc/local/history/s96.html,,,,http://www.temple.edu/crafts/public_html/mjcc/local/history/p118.html,,,,,,,,,,,,
221,crafts/public_html/mjcc/local/history/p121.html,BRUCE METCALF,person,Wood Pin #103,1949,"Amherst, Massachusetts",The University of the Arts -part time,http://www.temple.edu/crafts/public_html/mjcc/local/history/s208.html,,1994,,http://www.temple.edu/crafts/public_html/mjcc/local/history/p121.html,,,,,,,,,,,,
222,crafts/public_html/mjcc/local/history/p128.html,ELEANOR MOTY,person,Floater Brooch,1945,"Glen Ellyn, Illinois",University of Wisconsin - Madison,http://www.temple.edu/crafts/public_html/mjcc/local/history/s246.html,,1972,http://www.temple.edu/crafts/public_html/mjcc/local/history/biographies/b128.html,http://www.temple.edu/crafts/public_html/mjcc/local/history/p128.html,,,,,,,,,,,,
223,crafts/public_html/mjcc/local/history/p167.html,MARY ANN SCHERR,person,Neckpiece,between 1900 and 2000,"Akron, Ohio",Duke University,,,1989,http://www.temple.edu/crafts/public_html/mjcc/local/history/biographies/b167.html,http://www.temple.edu/crafts/public_html/mjcc/local/history/p167.html,,,,,,,,,,,,
224,crafts/public_html/mjcc/local/history/p178.html,CARLYLE SMITH,person,,?,?,,,,,,http://www.temple.edu/crafts/public_html/mjcc/local/history/p178.html,,no,no,,"Founding professor of metalsmithing/jewelry, University of Kansas (1947–1977, retired); deceased",retired-emeritus,https://americanart.si.edu/artist/carlyle-h-smith-4491,"Carlyle H. Smith was the RISD-trained pioneer metalsmith who founded the first U.S. public-university jewelry/silversmithing program at the University of Kansas (1947–1977); he died Nov. 11, 2004 at age 93. KU's metalsmithing studio is named in his honor.",high,confirmed,https://americanart.si.edu/artist/carlyle-h-smith-4491 | http://www2.ljworld.com/news/2004/nov/13/pioneer_silversmith_left/ | https://www.ganoksin.com/article/legacy-american-metalworking/ | https://www.aaa.si.edu/collections/interviews/oral-history-interview-carlyle-h-smith-13056 | https://art.ku.edu/metalsmithingjewelry,2026-05-29
225,crafts/public_html/mjcc/local/history/p187.html,RACHELLE THIEWES,person,Silent Dance,1952,"Owatonna, MN",University of Texas - El Paso,http://www.temple.edu/crafts/public_html/mjcc/local/history/s206.html,,1976,,http://www.temple.edu/crafts/public_html/mjcc/local/history/p187.html,,,,,,,,,,,,
226,crafts/public_html/mjcc/local/history/p47.html,CHUCK EVANS,person,Sake Server #6,,"Raleigh, North Carolina",Iowa State University from 1978 to 2001,http://www.temple.edu/crafts/public_html/mjcc/local/history/s85.html,,,http://www.temple.edu/crafts/public_html/mjcc/local/history/biographies/b47.html,http://www.temple.edu/crafts/public_html/mjcc/local/history/p47.html,,,,,,,,,,,,
227,crafts/public_html/mjcc/local/history/p49.html,FRED FENSTER,person,,1934,"New York, New York",University of Wisconsin - Madison,http://www.temple.edu/crafts/public_html/mjcc/local/history/s246.html,,1962,,http://www.temple.edu/crafts/public_html/mjcc/local/history/p49.html,,,,,,,,,,,,
228,crafts/public_html/mjcc/local/history/p52.html,ARLINE M. FISCH,person,Black & White Herringbone Twill,1931,"Brooklyn, New York",San Diego State University,http://www.temple.edu/crafts/public_html/mjcc/local/history/s160.html,,1961,http://www.temple.edu/crafts/public_html/mjcc/local/history/biographies/b52.html,http://www.temple.edu/crafts/public_html/mjcc/local/history/p52.html,,,,,,,,,,,,
229,crafts/public_html/mjcc/local/history/p75.html,HAROLD HASSELSCHWERT,person,,1930,Ohio,,,,,,http://www.temple.edu/crafts/public_html/mjcc/local/history/p75.html,,,,,,,,,,,,
230,crafts/public_html/mjcc/local/history/p89.html,L. BRENT KINGTON,person,,1934,"Topeka, Kansas",,,,,http://www.temple.edu/crafts/public_html/mjcc/local/history/biographies/b89.html,http://www.temple.edu/crafts/public_html/mjcc/local/history/p89.html,,,,,,,,,,,,
231,crafts/public_html/mjcc/local/history/P68.html,ALFRED E. (BUD) GREEN,person,Untitled,1933,"Glendale, California",Texas Woman's University,http://www.temple.edu:80/crafts/public_html/mjcc/local/history/s197.html,,1969,http://www.temple.edu:80/crafts/public_html/mjcc/local/history/biographies/b68.html,http://www.temple.edu:80/crafts/public_html/mjcc/local/history/P68.html,,,,,,,,,,,,
232,crafts/public_html/mjcc/local/history/p1.html,LYNDA WATSON-ABBOTT,person,Japan-Motifs #2,1940,"Orange, California",,,,,,http://www.temple.edu:80/crafts/public_html/mjcc/local/history/p1.html,,,,,,,,,,,,
233,crafts/public_html/mjcc/local/history/p10.html,KENNETH BATES,person,,1904,"North Scituate, Massachusetts",,,,,,http://www.temple.edu:80/crafts/public_html/mjcc/local/history/p10.html,,,,,,,,,,,,
234,crafts/public_html/mjcc/local/history/p100.html,MARCIA LEWIS,person,,October 7,"Washington, DC",Long Beach City College,http://www.temple.edu:80/crafts/public_html/mjcc/local/history/s93.html,,1978,http://www.temple.edu:80/crafts/public_html/mjcc/local/history/biographies/b100.html,http://www.temple.edu:80/crafts/public_html/mjcc/local/history/p100.html,,,,,,,,,,,,
235,crafts/public_html/mjcc/local/history/p102.html,PAMELA E. LINS,person,Desire,1957,"Chicago, Illinois",Fashion Institute of Technology,http://www.temple.edu:80/crafts/public_html/mjcc/local/history/s57.html,,1990,,http://www.temple.edu:80/crafts/public_html/mjcc/local/history/p102.html,,,,,,,,,,,,
236,crafts/public_html/mjcc/local/history/p103.html,LISA LOCKMAN,person,,1963,"Terre Haute, Indiana",Nebraska Wesl e yan University,http://www.temple.edu:80/crafts/public_html/mjcc/local/history/s124.html,,1990,,http://www.temple.edu:80/crafts/public_html/mjcc/local/history/p103.html,,,,,,,,,,,,
237,crafts/public_html/mjcc/local/history/p104.html,DAVID GEORGE LOGAN,person,Untitled,1937,"Milwaukee, Wisconsin",East Tennesse State University,http://www.temple.edu:80/crafts/public_html/mjcc/local/history/s48.html,,1979,http://www.temple.edu:80/crafts/public_html/mjcc/local/history/biographies/b104.html,http://www.temple.edu:80/crafts/public_html/mjcc/local/history/p104.html,,,,,,,,,,,,
238,crafts/public_html/mjcc/local/history/p105.html,CHARLES LOLOMA,person,,1921,"Hotevilla on Third Mesa, Arizona",,,,,http://www.temple.edu:80/crafts/public_html/mjcc/local/history/biographies/b105.html,http://www.temple.edu:80/crafts/public_html/mjcc/local/history/p105.html,,,,,,,,,,,,
239,crafts/public_html/mjcc/local/history/p106.html,RANDY J. LONG,person,,1951,"Natrona Heights, Pennsylvania",Indiana University,http://www.temple.edu:80/crafts/public_html/mjcc/local/history/s80.html,,1983,,http://www.temple.edu:80/crafts/public_html/mjcc/local/history/p106.html,,,,,,,,,,,,
240,crafts/public_html/mjcc/local/history/p107.html,LEON LUGASSY,person,,?,?,,,,,,http://www.temple.edu:80/crafts/public_html/mjcc/local/history/p107.html,,,,,,,,,,,,
241,crafts/public_html/mjcc/local/history/p108.html,ANTHONY JAMES LUGO,person,,January 4th,"Los Angeles, California",Palomar College,http://www.temple.edu:80/crafts/public_html/mjcc/local/history/s142.html,,1974,,http://www.temple.edu:80/crafts/public_html/mjcc/local/history/p108.html,,,,,,,,,,,,
242,crafts/public_html/mjcc/local/history/p109.html,RICHARD MAFONG,person,,1942,"Tijuana, Mexico",Georgia State University since ?,http://www.temple.edu:80/crafts/public_html/mjcc/local/history/s67.html,,,,http://www.temple.edu:80/crafts/public_html/mjcc/local/history/p109.html,,,,,,,,,,,,
243,crafts/public_html/mjcc/local/history/p11.html,JAMIE BENNETT,person,,1948,"Barrington, Pennsylvania",State University of New York - New Paltz,http://www.temple.edu:80/crafts/public_html/mjcc/local/history/s188.html,,1985,http://www.temple.edu:80/crafts/public_html/mjcc/local/history/biographies/b11.html,http://www.temple.edu:80/crafts/public_html/mjcc/local/history/p11.html,,,,,,,,,,,,
244,crafts/public_html/mjcc/local/history/p110.html,THOMAS S. MADDEN,person,,1958,"Wichita, Kansas",Center for Creative Studies,http://www.temple.edu:80/crafts/public_html/mjcc/local/history/s25.html,,1992,,http://www.temple.edu:80/crafts/public_html/mjcc/local/history/p110.html,,,,,,,,,,,,
245,crafts/public_html/mjcc/local/history/p111.html,JAMES MALENDA,person,I Station,1946,"Kingston, Pennsylvania",Kutztown University,http://www.temple.edu:80/crafts/public_html/mjcc/local/history/s91.html,,1987,,http://www.temple.edu:80/crafts/public_html/mjcc/local/history/p111.html,,,,,,,,,,,,
246,crafts/public_html/mjcc/local/history/p112.html,THOMAS R. MARKUSEN,person,The White House Collection,1940,"Chicago, Illinois",State University of New York - Brockport,http://www.temple.edu:80/crafts/public_html/mjcc/local/history/s186.html,,1968,,http://www.temple.edu:80/crafts/public_html/mjcc/local/history/p112.html,,,,,,,,,,,,
247,crafts/public_html/mjcc/local/history/p113.html,JOHN MARSHALL,person,,1936,"Pittsburgh, Pennsylvania",University of Washington,http://www.temple.edu:80/crafts/public_html/mjcc/local/history/s242.html,,1975,http://www.temple.edu:80/crafts/public_html/mjcc/local/history/biographies/b113.html,http://www.temple.edu:80/crafts/public_html/mjcc/local/history/p113.html,,,,,,,,,,,,
248,crafts/public_html/mjcc/local/history/p114.html,KURT MATZDORF,person,,1922,"Stadtoldendorf, Germany",,,,,http://www.temple.edu:80/crafts/public_html/mjcc/local/history/biographies/b114.html,http://www.temple.edu:80/crafts/public_html/mjcc/local/history/p114.html,,,,,,,,,,,,
249,crafts/public_html/mjcc/local/history/p116.html,TOM McCARTHY,person,,1960,"Cheyenne, Wyoming",Florida Gulf Coast Art Center,http://www.temple.edu:80/crafts/public_html/mjcc/local/history/s65.html,,1990,,http://www.temple.edu:80/crafts/public_html/mjcc/local/history/p116.html,,,,,,,,,,,,
250,crafts/public_html/mjcc/local/history/p117.html,ROD McCORMICK,person,Nantes,1952,"Battle Creek, Michigan",The Philadelphia College of Art and Design,http://www.temple.edu:80/crafts/public_html/mjcc/local/history/s208.html,,1981,,http://www.temple.edu:80/crafts/public_html/mjcc/local/history/p117.html,,,,,,,,,,,,
251,crafts/public_html/mjcc/local/history/p119.html,VITRICE McMURRY,person,,1947,"Jackson, Mississippi",Metairie Park County Day School,http://www.temple.edu:80/crafts/public_html/mjcc/local/history/s102.html,,1983,,http://www.temple.edu:80/crafts/public_html/mjcc/local/history/p119.html,,,,,,,,,,,,
252,crafts/public_html/mjcc/local/history/p12.html,BERNARD BERNSTEIN,person,Memorial Lamp,1928,New York,92nd. Street Y. N.Y.,,,1987,http://www.temple.edu:80/crafts/public_html/mjcc/local/history/biographies/b12.html,http://www.temple.edu:80/crafts/public_html/mjcc/local/history/p12.html,,,,,,,,,,,,
253,crafts/public_html/mjcc/local/history/p120.html,BRIAN MEEK,person,Emerald Lies,1970,Ohio,,,,,,http://www.temple.edu:80/crafts/public_html/mjcc/local/history/p120.html,,,,,,,,,,,,
254,crafts/public_html/mjcc/local/history/p122.html,ALAN T. METTE,person,Enamel Brooch,1951,"Detroit, Michigan",University of Illinois - Urbana,http://www.temple.edu:80/crafts/public_html/mjcc/local/history/s225.html,,1981,,http://www.temple.edu:80/crafts/public_html/mjcc/local/history/p122.html,,,,,,,,,,,,
255,crafts/public_html/mjcc/local/history/p123.html,FREDERICK MILLER,person,,1913,"Akron, Ohio",,,,,http://www.temple.edu:80/crafts/public_html/mjcc/local/history/biographies/b123.htm,http://www.temple.edu:80/crafts/public_html/mjcc/local/history/p123.html,,,,,,,,,,,,
256,crafts/public_html/mjcc/local/history/p124.html,JOHN PAUL MILLER,person,,1918,"Huntington, Pennsylvania",,,,,http://www.temple.edu:80/crafts/public_html/mjcc/local/history/biographies/b124.html,http://www.temple.edu:80/crafts/public_html/mjcc/local/history/p124.html,,,,,,,,,,,,
257,crafts/public_html/mjcc/local/history/p125.html,BOB MITCHELL,person,,1942,"Decatur, Illinois",,,,,,http://www.temple.edu:80/crafts/public_html/mjcc/local/history/p125.html,,,,,,,,,,,,
258,crafts/public_html/mjcc/local/history/p126.html,ROBERT MONTGOMERY,person,,?,?,,,,,,http://www.temple.edu:80/crafts/public_html/mjcc/local/history/p126.html,,,,,,,,,,,,
259,crafts/public_html/mjcc/local/history/p127.html,PHILIP MORTON,person,,?,?,,,,,http://www.temple.edu:80/crafts/public_html/mjcc/local/history/biographies/b127.html,http://www.temple.edu:80/crafts/public_html/mjcc/local/history/p127.html,,,,,,,,,,,,
260,crafts/public_html/mjcc/local/history/p129.html,NANCY MOYER,person,Torso with Two Souls Escaping,1938,"Los Angeles, California",University of Texas - Pan American,http://www.temple.edu:80/crafts/public_html/mjcc/local/history/s207.html,,1969,,http://www.temple.edu:80/crafts/public_html/mjcc/local/history/p129.html,,,,,,,,,,,,
261,crafts/public_html/mjcc/local/history/p13.html,HARRY BERTOIA,person,,1915,"San Lorenzo, Italy",,,,,http://www.temple.edu:80/crafts/public_html/mjcc/local/history/biographies/b13.html,http://www.temple.edu:80/crafts/public_html/mjcc/local/history/p13.html,,,,,,,,,,,,
262,crafts/public_html/mjcc/local/history/p130.html,LOUIS MUELLER,person,,1943,"Paterson, New Jersey",,,,,,http://www.temple.edu:80/crafts/public_html/mjcc/local/history/p130.html,,,,,,,,,,,,
263,crafts/public_html/mjcc/local/history/p131.html,DIETER K. MUELLER-STACH,person,,1935,"Munich, Germany",California State University - Long Beach,http://www.temple.edu:80/crafts/public_html/mjcc/local/history/s20.html,,1968,,http://www.temple.edu:80/crafts/public_html/mjcc/local/history/p131.html,,,,,,,,,,,,
264,crafts/public_html/mjcc/local/history/p132.html,THOMAS P. MUIR,person,Tazza,1956,"Atlanta, Georgia",Bowling Green State University,http://www.temple.edu:80/crafts/public_html/mjcc/local/history/s12.html,,1991,,http://www.temple.edu:80/crafts/public_html/mjcc/local/history/p132.html,,,,,,,,,,,,
265,crafts/public_html/mjcc/local/history/p133.html,KARL G. NACKE,person,,?,?,,,,,,http://www.temple.edu:80/crafts/public_html/mjcc/local/history/p133.html,,,,,,,,,,,,
266,crafts/public_html/mjcc/local/history/p134.html,DAWN E. NAKANISHI,person,Future Oasis,1957,"Long Beach, California",San Francisco State University,http://www.temple.edu:80/crafts/public_html/mjcc/local/history/s162.html,,1985,,http://www.temple.edu:80/crafts/public_html/mjcc/local/history/p134.html,,,,,,,,,,,,
267,crafts/public_html/mjcc/local/history/p135.html,CHARLOTTE NICHOLAS,person,,1949,"St. Joseph, MO",Adams State College,http://www.temple.edu:80/crafts/public_html/mjcc/local/history/s3.html,,1985,,http://www.temple.edu:80/crafts/public_html/mjcc/local/history/p135.html,,,,,,,,,,,,
268,crafts/public_html/mjcc/local/history/p136.html,BARBARA NILAUSEN-K,person,A Prayer for Transcendence,1946,"Iowa City, Iowa",,,,,,http://www.temple.edu:80/crafts/public_html/mjcc/local/history/p136.html,,,,,,,,,,,,
269,crafts/public_html/mjcc/local/history/p137.html,LISA NORTON,person,Product with the Influence of Custom,1962,"Cleveland, Ohio",The School of the Art Institute of Chicago,http://www.temple.edu:80/crafts/public_html/mjcc/local/history/s199.html,,1992,,http://www.temple.edu:80/crafts/public_html/mjcc/local/history/p137.html,,,,,,,,,,,,
270,crafts/public_html/mjcc/local/history/p138.html,HAROLD O'CONNER,person,Japanese River rock,1941,"Utica, New York","Dunconor Workshops, Salida Colorado",http://www.temple.edu:80/crafts/public_html/mjcc/local/history/s45.html,,1993,http://www.temple.edu:80/crafts/public_html/mjcc/local/history/biographies/b138.html,http://www.temple.edu:80/crafts/public_html/mjcc/local/history/p138.html,,,,,,,,,,,,
271,crafts/public_html/mjcc/local/history/p139.html,BRIGID O'HANRAHAN,person,,?,"San Francisco, California",Millersville University,http://www.temple.edu:80/crafts/public_html/mjcc/local/history/s107.html,,1982,,http://www.temple.edu:80/crafts/public_html/mjcc/local/history/p139.html,,,,,,,,,,,,
272,crafts/public_html/mjcc/local/history/p14.html,HELEN BONZELAAR,person,,1939,United States,Calvin College,http://www.temple.edu:80/crafts/public_html/mjcc/local/history/s22.html,,1967,,http://www.temple.edu:80/crafts/public_html/mjcc/local/history/p14.html,,,,,,,,,,,,
273,crafts/public_html/mjcc/local/history/p140.html,STEVEN C. ORTIZ,person,Richthofen,1962,"Kansas City, Kansas",,,,,,http://www.temple.edu:80/crafts/public_html/mjcc/local/history/p140.html,,,,,,,,,,,,
274,crafts/public_html/mjcc/local/history/p141.html,ALBERT PALEY,person,,1944,"Philadelphia, Pennsylvania",,,,,http://www.temple.edu:80/crafts/public_html/mjcc/local/history/biographies/b141.html,http://www.temple.edu:80/crafts/public_html/mjcc/local/history/p141.html,,,,,,,,,,,,
275,crafts/public_html/mjcc/local/history/p142.html,EARL PARDON,person,,1926,"Memphis, Tennessee",,,,,http://www.temple.edu:80/crafts/public_html/mjcc/local/history/biographies/b142.html,http://www.temple.edu:80/crafts/public_html/mjcc/local/history/p142.html,,,,,,,,,,,,
276,crafts/public_html/mjcc/local/history/p143.html,RONALD HAYES PEARSON,person,,1924,"New York, New York",,,,,http://www.temple.edu:80/crafts/public_html/mjcc/local/history/biographies/b143.html,http://www.temple.edu:80/crafts/public_html/mjcc/local/history/p143.html,,,,,,,,,,,,
277,crafts/public_html/mjcc/local/history/p144.html,BEVERLY PENN,person,Stalagmite,1955,"Baltimore, Maryland",Southwest Texas University,http://www.temple.edu:80/crafts/public_html/mjcc/local/history/s181.html,,1990,,http://www.temple.edu:80/crafts/public_html/mjcc/local/history/p144.html,,,,,,,,,,,,
278,crafts/public_html/mjcc/local/history/p145.html,ALAN PERRY,person,Watering Can,1955,"Manchester, NH",Maine College of Art,http://www.temple.edu:80/crafts/public_html/mjcc/local/history/s96.html,,1987,,http://www.temple.edu:80/crafts/public_html/mjcc/local/history/p145.html,,,,,,,,,,,,
279,crafts/public_html/mjcc/local/history/p146.html,MARY ANNA PETRICK,person,Brooch,1941,"Shreveport, Louisiana",Milwaukee Area Technical College,http://www.temple.edu:80/crafts/public_html/mjcc/local/history/s108.html,,1972,,http://www.temple.edu:80/crafts/public_html/mjcc/local/history/p146.html,,,,,,,,,,,,
280,crafts/public_html/mjcc/local/history/p147.html,CLAIRE PFLEGER,person,,?,"Milwaukee, Wisconsin",Cardinal Stritch College,,,1977,,http://www.temple.edu:80/crafts/public_html/mjcc/local/history/p147.html,,,,,,,,,,,,
281,crafts/public_html/mjcc/local/history/p148.html,GENE MICHAEL PIJANOWSKI,person,,1938,"Detroit, Michigan",The University of Michigan - Ann Arbor,http://www.temple.edu:80/crafts/public_html/mjcc/local/history/s203.html,,1991,http://www.temple.edu:80/crafts/public_html/mjcc/local/history/biographies/b148.html,http://www.temple.edu:80/crafts/public_html/mjcc/local/history/p148.html,,,,,,,,,,,,
282,crafts/public_html/mjcc/local/history/p149.html,HIROKO PIJANOWSKI,person,,1942,"Toyko, Japan",The University of Michigan - Ann Arbor,http://www.temple.edu:80/crafts/public_html/mjcc/local/history/s203.html,,1986,http://www.temple.edu:80/crafts/public_html/mjcc/local/history/biographies/b149.html,http://www.temple.edu:80/crafts/public_html/mjcc/local/history/p149.html,,,,,,,,,,,,
283,crafts/public_html/mjcc/local/history/p15.html,KARMIEN C. BOWMAN,person,,1946,Dallas,Tarrant County Junior Colleg e NE Campus from ? to ?,http://www.temple.edu:80/crafts/public_html/mjcc/local/history/s195.html,,,,http://www.temple.edu:80/crafts/public_html/mjcc/local/history/p15.html,,,,,,,,,,,,
284,crafts/public_html/mjcc/local/history/p150.html,RICHARD PRILLAMAN,person,,1942,"Danville, Illinois",Memphis College of Art since ?,http://www.temple.edu:80/crafts/public_html/mjcc/local/history/s101.html,,,,http://www.temple.edu:80/crafts/public_html/mjcc/local/history/p150.html,,,,,,,,,,,,
285,crafts/public_html/mjcc/local/history/p151.html,DAVID PIMENTEL,person,Pushing it Further,1943 - 2004,"Plymouth, Massachusetts",Arizona State University,http://www.temple.edu:80/crafts/public_html/mjcc/local/history/s6.html,,1973,,http://www.temple.edu:80/crafts/public_html/mjcc/local/history/p151.html,,,,,,,,,,,,
286,crafts/public_html/mjcc/local/history/p152.html,ALVIN A. PINE,person,Neckpiece,1933,"Bronx, New York",,,,,http://www.temple.edu:80/crafts/public_html/mjcc/local/history/biographies/b152.html,http://www.temple.edu:80/crafts/public_html/mjcc/local/history/p152.html,,,,,,,,,,,,
287,crafts/public_html/mjcc/local/history/p153.html,JOHN PRIP,person,,1922,"New York, New York",,,,,http://www.temple.edu:80/crafts/public_html/mjcc/local/history/biographies/b153.html,http://www.temple.edu:80/crafts/public_html/mjcc/local/history/p153.html,,,,,,,,,,,,
288,crafts/public_html/mjcc/local/history/p154.html,ELLIOT PUJOL,person,,1943,"Memphis, Tennessee",Kansas State University,http://www.temple.edu:80/crafts/public_html/mjcc/local/history/s89.html,,1973,,http://www.temple.edu:80/crafts/public_html/mjcc/local/history/p154.html,,,,,,,,,,,,
289,crafts/public_html/mjcc/local/history/p155.html,ARTHUR PULOS,person,,1917,"Vandergrift, Pennsylvania",,,,,,http://www.temple.edu:80/crafts/public_html/mjcc/local/history/p155.html,,,,,,,,,,,,
290,crafts/public_html/mjcc/local/history/p156.html,ROBERT J. (BOB) PUM,person,Pendant,1936,"Milwaukee, Wisconsin",University of Wisconin - Green Bay,http://www.temple.edu:80/crafts/public_html/mjcc/local/history/s247.html,,1969,,http://www.temple.edu:80/crafts/public_html/mjcc/local/history/p156.html,,,,,,,,,,,,
291,crafts/public_html/mjcc/local/history/p157.html,ROBIN QUIGLEY,person,,1947,"New York, New York",Rhode Island School of Design since ?,http://www.temple.edu:80/crafts/public_html/mjcc/local/history/s153.html,,,,http://www.temple.edu:80/crafts/public_html/mjcc/local/history/p157.html,,,,,,,,,,,,
292,crafts/public_html/mjcc/local/history/p158.html,SVETOZAR RADAKOVICH,person,,1918,"Belgrade, Yugoslavia",,,,,http://www.temple.edu:80/crafts/public_html/mjcc/local/history/biographies/b300.html,http://www.temple.edu:80/crafts/public_html/mjcc/local/history/p158.html,,,,,,,,,,,,
293,crafts/public_html/mjcc/local/history/p159.html,CHRIS RAMSAY,person,Wall Piece,1961,"Iowa City, Iowa",Oklahoma State University,http://www.temple.edu:80/crafts/public_html/mjcc/local/history/s135.html,,1990,,http://www.temple.edu:80/crafts/public_html/mjcc/local/history/p159.html,,,,,,,,,,,,
294,crafts/public_html/mjcc/local/history/p16.html,MICHAEL J. BRANDT,person,,1922,"Kohler, Wisconsin",,,,,,http://www.temple.edu:80/crafts/public_html/mjcc/local/history/p16.html,,,,,,,,,,,,
295,crafts/public_html/mjcc/local/history/p160.html,CAMILLE RENDAL,person,Immobilized Departure,1955,"San Jose, California",,,,,http://www.temple.edu:80/crafts/public_html/mjcc/local/history/biographies/b160.html,http://www.temple.edu:80/crafts/public_html/mjcc/local/history/p160.html,,,,,,,,,,,,
296,crafts/public_html/mjcc/local/history/p161.html,MERRY RENK,person,,1921,"Trenton, New Jersey",,,,,,http://www.temple.edu:80/crafts/public_html/mjcc/local/history/p161.html,,,,,,,,,,,,
297,crafts/public_html/mjcc/local/history/p162.html,RICHARD REINHARDT,person,,1921,"Philadelphia, Pennsylvania",,,,,http://www.temple.edu:80/crafts/public_html/mjcc/local/history/biographies/b162.html,http://www.temple.edu:80/crafts/public_html/mjcc/local/history/p162.html,,,,,,,,,,,,
298,crafts/public_html/mjcc/local/history/p163.html,ALAN REVERE,person,Confetti,1947,"New York, New York",Revere Academy of Jewelry Arts,http://www.temple.edu:80/crafts/public_html/mjcc/local/history/s151.html,,1979,http://www.temple.edu:80/crafts/public_html/mjcc/local/history/biographies/b163.html,http://www.temple.edu:80/crafts/public_html/mjcc/local/history/p163.html,,,,,,,,,,,,
299,crafts/public_html/mjcc/local/history/p164.html,LINDA L. RYAN,person,,1952,"Bartlesville, Oklahoma",Casper College,http://www.temple.edu:80/crafts/public_html/mjcc/local/history/s24.html,,1982,,http://www.temple.edu:80/crafts/public_html/mjcc/local/history/p164.html,,,,,,,,,,,,
300,crafts/public_html/mjcc/local/history/p165.html,GINNA SADLER,person,"Thanks, Georgia",1948,"Austin, Texas",Abilene Christian University,http://www.temple.edu:80/crafts/public_html/mjcc/local/history/s1.html,,1980,,http://www.temple.edu:80/crafts/public_html/mjcc/local/history/p165.html,,,,,,,,,,,,
301,crafts/public_html/mjcc/local/history/p166.html,JOHN E. SATTERFIELD,person,,1931,"Clearwater, Florida",East Carolina University 1967 to 2000,http://www.temple.edu:80/crafts/public_html/mjcc/local/history/s46.html,,,,http://www.temple.edu:80/crafts/public_html/mjcc/local/history/p166.html,,,,,,,,,,,,
302,crafts/public_html/mjcc/local/history/p168.html,MAJORIE SCHICK,person,,1941,"Taylorville, Illinois",Pittsburg State University,http://www.temple.edu:80/crafts/public_html/mjcc/local/history/s147.html,,1967,,http://www.temple.edu:80/crafts/public_html/mjcc/local/history/p168.html,,,,,,,,,,,,
303,crafts/public_html/mjcc/local/history/p169.html,MICHELLE MILNER SCOTT,person,Try Cycle,1952,"Ft. Worth, Texas",Eastfield College,http://www.temple.edu:80/crafts/public_html/mjcc/local/history/s54.html,,1995,,http://www.temple.edu:80/crafts/public_html/mjcc/local/history/p169.html,,,,,,,,,,,,
304,crafts/public_html/mjcc/local/history/p17.html,CANDACE GERBERS BREY,person,Icons of Human Form,1957,"Green Bay, Wisconsin",Northeast Wisconsin Technical College,,,1993,,http://www.temple.edu:80/crafts/public_html/mjcc/local/history/p17.html,,,,,,,,,,,,
305,crafts/public_html/mjcc/local/history/p170.html,VICKIE SEDMAN,person,Brooch,1949,"Detroit, Michigan",Tyler School of Art - Temple University,http://www.temple.edu:80/crafts/public_html/mjcc/local/history/s218.html,,1974,http://www.temple.edu:80/crafts/public_html/mjcc/local/history/biographies/b170.html,http://www.temple.edu:80/crafts/public_html/mjcc/local/history/p170.html,,,,,,,,,,,,
306,crafts/public_html/mjcc/local/history/p171.html,GREGORY P. SENN,person,Porcupine,1956,"Racine, Wisconsin",Eastern New Mexico University,http://www.temple.edu:80/crafts/public_html/mjcc/local/history/s53.html,,1986,http://www.temple.edu:80/crafts/public_html/mjcc/local/history/biographies/b301.html,http://www.temple.edu:80/crafts/public_html/mjcc/local/history/p171.html,,,,,,,,,,,,
307,crafts/public_html/mjcc/local/history/p172.html,HEIKKA SEPPA,person,,1927,"Vijpuri, Finland",,,,,http://www.temple.edu:80/crafts/public_html/mjcc/local/history/biographies/b172.html,http://www.temple.edu:80/crafts/public_html/mjcc/local/history/p172.html,,,,,,,,,,,,
308,crafts/public_html/mjcc/local/history/p173.html,REBECKA SEXTON,person,The Transformation of Memory: Wall Flowers,1964,"Hagerstown, MD",The School of the Art Institute of Chicago,http://www.temple.edu:80/crafts/public_html/mjcc/local/history/s199.html,,1995,,http://www.temple.edu:80/crafts/public_html/mjcc/local/history/p173.html,,,,,,,,,,,,
309,crafts/public_html/mjcc/local/history/p174.html,HELEN SHIRK,person,Schering-Plough Commission,1942,"Buffalo, New York",San Diego State Universtiy,http://www.temple.edu:80/crafts/public_html/mjcc/local/history/s160.html,,1975,http://www.temple.edu:80/crafts/public_html/mjcc/local/history/biographies/b174.html,http://www.temple.edu:80/crafts/public_html/mjcc/local/history/p174.html,,,,,,,,,,,,
310,crafts/public_html/mjcc/local/history/p175.html,JIN-HWAN SHU,person,,1956,"Seoul, Korea",Seoul National Polytechnical University,,,1990,,http://www.temple.edu:80/crafts/public_html/mjcc/local/history/p175.html,,,,,,,,,,,,
311,crafts/public_html/mjcc/local/history/p176.html,ZAVEN ZEE SIPANTZI,person,,1929,"Los Angeles, California",,,,,,http://www.temple.edu:80/crafts/public_html/mjcc/local/history/p176.html,,,,,,,,,,,,
312,crafts/public_html/mjcc/local/history/p177.html,OLAF SKOOGFORS,person,,1930,Sweden,,,,,http://www.temple.edu:80/crafts/public_html/mjcc/local/history/biographies/b177.html,http://www.temple.edu:80/crafts/public_html/mjcc/local/history/p177.html,,,,,,,,,,,,
313,crafts/public_html/mjcc/local/history/p179.html,ROMONA SOLBERG,person,,1921,"Watertown, South Dakota",,,,,http://www.temple.edu:80/crafts/public_html/mjcc/local/history/biographies/b179.html,http://www.temple.edu:80/crafts/public_html/mjcc/local/history/p179.html,,,,,,,,,,,,
314,crafts/public_html/mjcc/local/history/p18.html,BARNEY P. BRIENZA,person,,1942,"Newark, New Jersey",Western Montana College,http://www.temple.edu:80/crafts/public_html/mjcc/local/history/s258.html,,1971,,http://www.temple.edu:80/crafts/public_html/mjcc/local/history/p18.html,,,,,,,,,,,,
315,crafts/public_html/mjcc/local/history/p180.html,BARRY STERN,person,,1948,"New York, New York",Long Island University,http://www.temple.edu:80/crafts/public_html/mjcc/local/history/s94.html,,1985,,http://www.temple.edu:80/crafts/public_html/mjcc/local/history/p180.html,,,,,,,,,,,,
316,crafts/public_html/mjcc/local/history/p181.html,SARA SLOAN STINE,person,,1963,"Kearney, Nebraska",Sawtooth Center for Visual Art,http://www.temple.edu:80/crafts/public_html/mjcc/local/history/s163.html,,1987,,http://www.temple.edu:80/crafts/public_html/mjcc/local/history/p181.html,,,,,,,,,,,,
317,crafts/public_html/mjcc/local/history/p182.html,MARTIN STREICH,person,,1926,"San Francisco, California",California College of Arts and Crafts,http://www.temple.edu:80/crafts/public_html/mjcc/local/history/s16.html,,1959,,http://www.temple.edu:80/crafts/public_html/mjcc/local/history/p182.html,,,,,,,,,,,,
318,crafts/public_html/mjcc/local/history/p183.html,ROBERT STREPPONE,person,,1950,New York City,"Studio Jewelers, Ltd",http://www.temple.edu:80/crafts/public_html/mjcc/local/history/s190.html,,1979,,http://www.temple.edu:80/crafts/public_html/mjcc/local/history/p183.html,,,,,,,,,,,,
319,crafts/public_html/mjcc/local/history/p184.html,DONALD P. TAYLOR,person,,1944,"Green Bay, Wisconsin",St. Norbert College,http://www.temple.edu:80/crafts/public_html/mjcc/local/history/s183.html,,1984,,http://www.temple.edu:80/crafts/public_html/mjcc/local/history/p184.html,,,,,,,,,,,,
320,crafts/public_html/mjcc/local/history/p185.html,PAT TAYLOR,person,Neckpiece,1937,"Portland, Oregon",Miami Jewelry Institute,http://www.temple.edu:80/crafts/public_html/mjcc/local/history/s103.html,,1985,http://www.temple.edu:80/crafts/public_html/mjcc/local/history/biographies/b185.html,http://www.temple.edu:80/crafts/public_html/mjcc/local/history/p185.html,,,,,,,,,,,,
321,crafts/public_html/mjcc/local/history/p186.html,BILLIE JEAN THEIDE,person,Butte #EF-2,1956,"Des Moines, Iowa",University of Illinois - Urbana,http://www.temple.edu:80/crafts/public_html/mjcc/local/history/s225.html,,1985,http://www.temple.edu:80/crafts/public_html/mjcc/local/history/biographies/b186.html,http://www.temple.edu:80/crafts/public_html/mjcc/local/history/p186.html,,,,,,,,,,,,
322,crafts/public_html/mjcc/local/history/p188.html,RICHARD THOMAS,person,,1917,"Marion, Pennsylvania",,,,,http://www.temple.edu:80/crafts/public_html/mjcc/local/history/biographies/b188.html,http://www.temple.edu:80/crafts/public_html/mjcc/local/history/p188.html,,,,,,,,,,,,
323,crafts/public_html/mjcc/local/history/p189.html,NANCY KUNKLE THOMPSON,person,,1941,"Marion, Indiana",Virginia Commonwealth University,http://www.temple.edu:80/crafts/public_html/mjcc/local/history/s251.html,,1969,,http://www.temple.edu:80/crafts/public_html/mjcc/local/history/p189.html,,,,,,,,,,,,
324,crafts/public_html/mjcc/local/history/p19.html,KATHY BUSZKIEWICZ,person,Bracelet,1953,"South Bend, IN",Cleveland Institute of Art,http://www.temple.edu:80/crafts/public_html/mjcc/local/history/s30.html,,1983,,http://www.temple.edu:80/crafts/public_html/mjcc/local/history/p19.html,,,,,,,,,,,,
325,crafts/public_html/mjcc/local/history/p190.html,LORIN S. THUNELL,person,Topaz,1953,"Salt Lake City, Utah",Brighton High School,,,1988,,http://www.temple.edu:80/crafts/public_html/mjcc/local/history/p190.html,,,,,,,,,,,,
326,crafts/public_html/mjcc/local/history/p191.html,ENZO TORCOLETTI,person,,1943,"Fano, Italy",Flager College,http://www.temple.edu:80/crafts/public_html/mjcc/local/history/s58.html,,1971,,http://www.temple.edu:80/crafts/public_html/mjcc/local/history/p191.html,,,,,,,,,,,,
327,crafts/public_html/mjcc/local/history/p192.html,OLLI PETER VALANNE,person,Raised Goblets,1928,"Helesinki, Finland",retired,,,1993,,http://www.temple.edu:80/crafts/public_html/mjcc/local/history/p192.html,,,,,,,,,,,,
328,crafts/public_html/mjcc/local/history/p193.html,GEORGE PAUL VAN DUINWYK,person,,1941,"New York, New York",,,,,,http://www.temple.edu:80/crafts/public_html/mjcc/local/history/p193.html,,,,,,,,,,,,
329,crafts/public_html/mjcc/local/history/p194.html,DR. GERALDINE VELASQUEZ,person,,?,"New York, New York",Georgian Court College,http://www.temple.edu:80/crafts/public_html/mjcc/local/history/s68.html,,1980,,http://www.temple.edu:80/crafts/public_html/mjcc/local/history/p194.html,,,,,,,,,,,,
330,crafts/public_html/mjcc/local/history/p195.html,ARTHUR VIERTHALER,person,,1916,"Milwaukee, Wisconsin",,,,,http://www.temple.edu:80/crafts/public_html/mjcc/local/history/biographies/b195.html,http://www.temple.edu:80/crafts/public_html/mjcc/local/history/p195.html,,,,,,,,,,,,
331,crafts/public_html/mjcc/local/history/p196.html,ROBERT Von NEUMANN,person,,1923,?,,,,,,http://www.temple.edu:80/crafts/public_html/mjcc/local/history/p196.html,,,,,,,,,,,,
332,crafts/public_html/mjcc/local/history/p197.html,KATE WAGLE,person,,1949,"Redding, California",University of Oregon,http://www.temple.edu:80/crafts/public_html/mjcc/local/history/s237.html,,1994,,http://www.temple.edu:80/crafts/public_html/mjcc/local/history/p197.html,,,,,,,,,,,,
333,crafts/public_html/mjcc/local/history/p198.html,DALE WEDIG,person,,1955,"Milwaukee, Wisconsin",Northern Michigan University,http://www.temple.edu:80/crafts/public_html/mjcc/local/history/s133.html,,1983,http://www.temple.edu:80/crafts/public_html/mjcc/local/history/biographies/b198.html,http://www.temple.edu:80/crafts/public_html/mjcc/local/history/p198.html,,,,,,,,,,,,
334,crafts/public_html/mjcc/local/history/p199.html,BOB WINSTON,person,,1915,"Long Beach, California",,,,,http://www.temple.edu:80/crafts/public_html/mjcc/local/history/biographies/b199.html,http://www.temple.edu:80/crafts/public_html/mjcc/local/history/p199.html,,,,,,,,,,,,
335,crafts/public_html/mjcc/local/history/p2.html,CLARENCE PRESTON-ANDRADE,person,,?,?,,,,,,http://www.temple.edu:80/crafts/public_html/mjcc/local/history/p2.html,,,,,,,,,,,,
336,crafts/public_html/mjcc/local/history/p20.html,HARLAN BUTT,person,,1950,"Princeton, New Jersey",North Texas State University,http://www.temple.edu:80/crafts/public_html/mjcc/local/history/s236.html,,1976,http://www.temple.edu:80/crafts/public_html/mjcc/local/history/biographies/b20.html,http://www.temple.edu:80/crafts/public_html/mjcc/local/history/p20.html,,,,,,,,,,,,
337,crafts/public_html/mjcc/local/history/p200.html,JOHN WITTERSHEIM,person,Plumb Bob #525,1953,"Dearborn, Michigan http://www.sienahts.edu/~art/alumni/wittersheim/",Siena Heights University,http://www.temple.edu:80/crafts/public_html/mjcc/local/history/s170.html,,1979,,http://www.temple.edu:80/crafts/public_html/mjcc/local/history/p200.html,,,,,,,,,,,,
338,crafts/public_html/mjcc/local/history/p201.html,FRED WOELL,person,,1934,"Evergreen Park, Illinois",,,,,http://www.temple.edu:80/crafts/public_html/mjcc/local/history/biographies/b201.htm,http://www.temple.edu:80/crafts/public_html/mjcc/local/history/p201.html,,,,,,,,,,,,
339,crafts/public_html/mjcc/local/history/p202.html,JOE WOOD,person,,1954,"New York, New York",Massachusetts College of Art,http://www.temple.edu:80/crafts/public_html/mjcc/local/history/s99.html,,1986,,http://www.temple.edu:80/crafts/public_html/mjcc/local/history/p202.html,,,,,,,,,,,,
340,crafts/public_html/mjcc/local/history/p203.html,RONALD WYANCKO,person,Untitled,1938,"Kansas City, MO",,,,,,http://www.temple.edu:80/crafts/public_html/mjcc/local/history/p203.html,,,,,,,,,,,,
341,crafts/public_html/mjcc/local/history/p204.html,SAMUEL YELLIN,person,,1885,"Galicia, Poland",,,,,http://www.temple.edu:80/crafts/public_html/mjcc/local/history/biographies/b204.htm,http://www.temple.edu:80/crafts/public_html/mjcc/local/history/p204.html,,,,,,,,,,,,
342,crafts/public_html/mjcc/local/history/p205.html,NORMA YOUNG LATTA,person,,1942,"Raleigh, North Carolina",Oral Roberts University,http://www.temple.edu:80/crafts/public_html/mjcc/local/history/s140.html,,1986,,http://www.temple.edu:80/crafts/public_html/mjcc/local/history/p205.html,,,,,,,,,,,,
343,crafts/public_html/mjcc/local/history/p206.html,CLAUS BURY,person,,?,?,,,,,http://www.temple.edu:80/crafts/public_html/mjcc/local/history/biographies/b206.html,http://www.temple.edu:80/crafts/public_html/mjcc/local/history/p206.html,,,,,,,,,,,,
344,crafts/public_html/mjcc/local/history/p207.html,EARL KRENTZIN,person,,1929,"Detroit, Michigan",,,,,http://www.temple.edu:80/crafts/public_html/mjcc/local/history/biographies/b207.html,http://www.temple.edu:80/crafts/public_html/mjcc/local/history/p207.html,,,,,,,,,,,,
345,crafts/public_html/mjcc/local/history/p208.html,KOMELIA OKIM,person,,1939,?,Montgomery College since ?,http://www.temple.edu:80/crafts/public_html/mjcc/local/history/s119.html,,,,http://www.temple.edu:80/crafts/public_html/mjcc/local/history/p208.html,,,,,,,,,,,,
346,crafts/public_html/mjcc/local/history/p209.html,LINDA THREADGILL,person,,1947,"Corpus Christi, Texas",University of Wisconsin - Whitewater since ?,http://www.temple.edu:80/crafts/public_html/mjcc/local/history/s250.html,,,,http://www.temple.edu:80/crafts/public_html/mjcc/local/history/p209.html,,,,,,,,,,,,
347,crafts/public_html/mjcc/local/history/p21.html,PATRICE CASE,person,Balance,1951,Indiana,State University of New York - Geneseo since ?,http://www.temple.edu:80/crafts/public_html/mjcc/local/history/s187.html,,,,http://www.temple.edu:80/crafts/public_html/mjcc/local/history/p21.html,,,,,,,,,,,,
348,crafts/public_html/mjcc/local/history/p210.html,RUTH PENNINGTON,person,,1905,"Springs, Colorado",,,,,,http://www.temple.edu:80/crafts/public_html/mjcc/local/history/p210.html,,,,,,,,,,,,
349,crafts/public_html/mjcc/local/history/p211.html,DONALD DUNCAN,person,,,,"Capital University, Columbus, Ohio.",,,,,http://www.temple.edu:80/crafts/public_html/mjcc/local/history/p211.html,,,,,,,,,,,,
350,crafts/public_html/mjcc/local/history/p212.html,Veda Beetler,person,,,,,,,,,http://www.temple.edu:80/crafts/public_html/mjcc/local/history/p212.html,,,,,,,,,,,,
351,crafts/public_html/mjcc/local/history/p213.html,Jennifer Sholtis,person,,02/27/79,"Fayetteville, NC",Stephen F. Austin State University,,,,,http://www.temple.edu:80/crafts/public_html/mjcc/local/history/p213.html,,,,,,,,,,,,
352,crafts/public_html/mjcc/local/history/p214.htm,ALAN BURTON THOMPSON,person,Taught at:,1956,,,,,,http://www.temple.edu:80/crafts/public_html/mjcc/local/history/biographies/b214.htm,http://www.temple.edu:80/crafts/public_html/mjcc/local/history/p214.htm,,,,,,,,,,,,
353,crafts/public_html/mjcc/local/history/p22.html,YU-JIN CHO,person,Untitled,1957,"Jin Hae, Korea",,,,,,http://www.temple.edu:80/crafts/public_html/mjcc/local/history/p22.html,,,,,,,,,,,,
354,crafts/public_html/mjcc/local/history/p23.html,CHUNGHI CHOO,person,,1938,"Inchon, Korea",University of Iowa,http://www.temple.edu:80/crafts/public_html/mjcc/local/history/s227.html,,1968,http://www.temple.edu:80/crafts/public_html/mjcc/local/history/biographies/b23.html,http://www.temple.edu:80/crafts/public_html/mjcc/local/history/p23.html,,,,,,,,,,,,
355,crafts/public_html/mjcc/local/history/p24.html,JOHN M. CHURCH,person,,1938,"Midland, MI",Interlochen Arts Academy,http://www.temple.edu:80/crafts/public_html/mjcc/local/history/s84.html,,1970,http://www.temple.edu:80/crafts/public_html/mjcc/local/history/biographies/b24.html,http://www.temple.edu:80/crafts/public_html/mjcc/local/history/p24.html,,,,,,,,,,,,
356,crafts/public_html/mjcc/local/history/p25.html,SHARON CHURCH,person,Beaded Collar,1948,"Richland, Washington",The Philadelphia College of Art and Design,http://www.temple.edu:80/crafts/public_html/mjcc/local/history/s208.html,,1979,,http://www.temple.edu:80/crafts/public_html/mjcc/local/history/p25.html,,,,,,,,,,,,
357,crafts/public_html/mjcc/local/history/p26.html,HANS CHRISTENSEN,person,,1924,"Copenhagen, Denmark",,,,,http://www.temple.edu:80/crafts/public_html/mjcc/local/history/biographies/b26.html,http://www.temple.edu:80/crafts/public_html/mjcc/local/history/p26.html,,,,,,,,,,,,
358,crafts/public_html/mjcc/local/history/p27.html,ANTONIO CIRONO,person,,?,?,,,,,,http://www.temple.edu:80/crafts/public_html/mjcc/local/history/p27.html,,,,,,,,,,,,
359,crafts/public_html/mjcc/local/history/p275.html,KENNETH C. MacBAIN,person,,1963,"Westwood, NJ",Jersey City State College,http://www.temple.edu:80/crafts/public_html/mjcc/local/history/s87.html,,1994,,http://www.temple.edu:80/crafts/public_html/mjcc/local/history/p275.html,,,,,,,,,,,,
360,crafts/public_html/mjcc/local/history/p28.html,CHRISTINE CLARK,person,,1958,"Chicago, Illinois",Oregon School of Arts and Crafts,http://www.temple.edu:80/crafts/public_html/mjcc/local/history/s141.html,,1984,,http://www.temple.edu:80/crafts/public_html/mjcc/local/history/p28.html,,,,,,,,,,,,
361,crafts/public_html/mjcc/local/history/p29.html,THELMA COLES,person,Alliance,1952,Virginia,University of Texas - Austin,http://www.temple.edu:80/crafts/public_html/mjcc/local/history/s205.html,,1978,,http://www.temple.edu:80/crafts/public_html/mjcc/local/history/p29.html,,,,,,,,,,,,
362,crafts/public_html/mjcc/local/history/p3.html,JOE REYES APODACA,person,,1942,"Tuscon, Arizona",,,,,,http://www.temple.edu:80/crafts/public_html/mjcc/local/history/p3.html,,,,,,,,,,,,
363,crafts/public_html/mjcc/local/history/p30.html,ROBERT COOGAN,person,Pegasus,1952,California,Appalachian Center for Crafts,http://www.temple.edu:80/crafts/public_html/mjcc/local/history/s5.html,,1981,,http://www.temple.edu:80/crafts/public_html/mjcc/local/history/p30.html,,,,,,,,,,,,
364,crafts/public_html/mjcc/local/history/p31.html,JOE EDWARD CORNETT,person,,1948,"Ray, Arizona",Northern Arizona University,http://www.temple.edu:80/crafts/public_html/mjcc/local/history/s131.html,,1980,,http://www.temple.edu:80/crafts/public_html/mjcc/local/history/p31.html,,,,,,,,,,,,
365,crafts/public_html/mjcc/local/history/p32.html,LANE COULTER,person,,1944,"Chelsea, Massachusetts",Institute of American Indian Arts,http://www.temple.edu:80/crafts/public_html/mjcc/local/history/s82.html,,1989,,http://www.temple.edu:80/crafts/public_html/mjcc/local/history/p32.html,,,,,,,,,,,,
366,crafts/public_html/mjcc/local/history/p33.html,NANCY MEGAN CORWIN,person,,1951,New Jersey,Pratt Fine Arts Center,,,1992,,http://www.temple.edu:80/crafts/public_html/mjcc/local/history/p33.html,,,,,,,,,,,,
367,crafts/public_html/mjcc/local/history/p34.html,KEY CORY,person,,1943,"Kirkland, Washington",,,,,,http://www.temple.edu:80/crafts/public_html/mjcc/local/history/p34.html,,,,,,,,,,,,
368,crafts/public_html/mjcc/local/history/p35.html,MARGARET CRAVER,person,,1907,?,,,,,http://www.temple.edu:80/crafts/public_html/mjcc/local/history/biographies/b35.html,http://www.temple.edu:80/crafts/public_html/mjcc/local/history/p35.html,,,,,,,,,,,,
369,crafts/public_html/mjcc/local/history/p36.html,MICHAEL CROFT,person,Fileback,1941,"Minneapolis, Minnosota",University of Arizona,http://www.temple.edu:80/crafts/public_html/mjcc/local/history/s222.html,,1972,http://www.temple.edu:80/crafts/public_html/mjcc/local/history/biographies/b36.html,http://www.temple.edu:80/crafts/public_html/mjcc/local/history/p36.html,,,,,,,,,,,,
370,crafts/public_html/mjcc/local/history/p37.html,VIRGINIA WIREMAN CUTE,person,,?,?,,,,,,http://www.temple.edu:80/crafts/public_html/mjcc/local/history/p37.html,,,,,,,,,,,,
371,crafts/public_html/mjcc/local/history/p39.html,MARILYN DaSILVA,person,,?,?,California College of Arts and Crafts since ?,http://www.temple.edu:80/crafts/public_html/mjcc/local/history/s16.html,,,,http://www.temple.edu:80/crafts/public_html/mjcc/local/history/p39.html,,,,,,,,,,,,
372,crafts/public_html/mjcc/local/history/p4.html,ELLEN ROSE-AUYONG,person,Chambered Vessel #160,1934,"Moberly, MO",University of North Dakota,http://www.temple.edu:80/crafts/public_html/mjcc/local/history/s235.html,,1972,,http://www.temple.edu:80/crafts/public_html/mjcc/local/history/p4.html,,,,,,,,,,,,
373,crafts/public_html/mjcc/local/history/p40.html,BEVERLY DECMAN,person,,1945,"Joliet, Illinois",Joliet Junior College,http://www.temple.edu:80/crafts/public_html/mjcc/local/history/s88.html,,1983,,http://www.temple.edu:80/crafts/public_html/mjcc/local/history/p40.html,,,,,,,,,,,,
374,crafts/public_html/mjcc/local/history/p41.html,WILLIAM R. DERREVERE,person,Untitled,1944,"Baltimore, Maryland",Tulsa Community College,http://www.temple.edu:80/crafts/public_html/mjcc/local/history/s215.html,,1971,http://www.temple.edu:80/crafts/public_html/mjcc/local/history/biographies/b41.html,http://www.temple.edu:80/crafts/public_html/mjcc/local/history/p41.html,,,,,,,,,,,,
375,crafts/public_html/mjcc/local/history/p42.html,GAIL DIAL,person,,1947,"Tulsa, Oklahoma",Idaho State University,http://www.temple.edu:80/crafts/public_html/mjcc/local/history/s77.html,,1974,,http://www.temple.edu:80/crafts/public_html/mjcc/local/history/p42.html,,,,,,,,,,,,
376,crafts/public_html/mjcc/local/history/p43.html,LYNN DUGGAN,person,,1954,"Louisville, Kentucky",Nazareth College,http://www.temple.edu:80/crafts/public_html/mjcc/local/history/s123.html,,1978,http://www.temple.edu:80/crafts/public_html/mjcc/local/history/biographies/b43.html,http://www.temple.edu:80/crafts/public_html/mjcc/local/history/p43.html,,,,,,,,,,,,
377,crafts/public_html/mjcc/local/history/p44.html,BOB EBENDORF,person,,1938,"Topeka, Kansas",,,,,http://www.temple.edu:80/crafts/public_html/mjcc/local/history/biographies/b47.html,http://www.temple.edu:80/crafts/public_html/mjcc/local/history/p44.html,,,,,,,,,,,,
378,crafts/public_html/mjcc/local/history/p45.html,ALMA EIKERMAN,person,,1908,"Pratt, Kansas",,,,,http://www.temple.edu:80/crafts/public_html/mjcc/local/history/biographies/b45.html,http://www.temple.edu:80/crafts/public_html/mjcc/local/history/p45.html,,,,,,,,,,,,
379,crafts/public_html/mjcc/local/history/p46.html,HELEN WILLIAMS DRUTT ENGLISH,person,,1930,"Winthrop, Massachusetts",,,,,http://www.temple.edu:80/crafts/public_html/mjcc/local/history/biographies/b46.html,http://www.temple.edu:80/crafts/public_html/mjcc/local/history/p46.html,,,,,,,,,,,,
380,crafts/public_html/mjcc/local/history/p48.html,SUSAN EWING,person,Aaron's Big-boy Rattle,1955,"Lawrenceville, Illinois",Miami University,http://www.temple.edu:80/crafts/public_html/mjcc/local/history/s104.html,,1981,,http://www.temple.edu:80/crafts/public_html/mjcc/local/history/p48.html,,,,,,,,,,,,
381,crafts/public_html/mjcc/local/history/p5.html,EUGENE KENT BAHLING,person,,1942,"Huntington Park, California",Edinboro University,http://www.temple.edu:80/crafts/public_html/mjcc/local/history/s55.html,,1969,,http://www.temple.edu:80/crafts/public_html/mjcc/local/history/p5.html,,,,,,,,,,,,
382,crafts/public_html/mjcc/local/history/p50.html,PHILIP FIKE,person,,1927,"Reedburg Baraboo, Wisconsin",Wayne State University,http://www.temple.edu:80/crafts/public_html/mjcc/local/history/s254.html,,1953,http://www.temple.edu:80/crafts/public_html/mjcc/local/history/biographies/b50.html,http://www.temple.edu:80/crafts/public_html/mjcc/local/history/p50.html,,,,,,,,,,,,
383,crafts/public_html/mjcc/local/history/p51.html,JOSEFA FILOSKY,person,,1933,"Westmoreland City, Pennsylvania",,,,,,http://www.temple.edu:80/crafts/public_html/mjcc/local/history/p51.html,,,,,,,,,,,,
384,crafts/public_html/mjcc/local/history/p53.html,ALLAN C. FISHER,person,,1945,"Philadelphia, Pennsylvania",Dakota State University,http://www.temple.edu:80/crafts/public_html/mjcc/local/history/s43.html,,1990,http://www.temple.edu:80/crafts/public_html/mjcc/local/history/biographies/b53.html,http://www.temple.edu:80/crafts/public_html/mjcc/local/history/p53.html,,,,,,,,,,,,
385,crafts/public_html/mjcc/local/history/p54.html,ROBERT C. FISHER,person,,1945,"Newark, New Jersey",Birmingham Bloomfield Art Association,http://www.temple.edu:80/crafts/public_html/mjcc/local/history/s10.html,,1975,,http://www.temple.edu:80/crafts/public_html/mjcc/local/history/p54.html,,,,,,,,,,,,
386,crafts/public_html/mjcc/local/history/p55.html,JOHN T. FIX,person,Confectioners Compote,1941,"Mayfield, Kentucky",Towson State University,http://www.temple.edu:80/crafts/public_html/mjcc/local/history/s210.html,,1967,,http://www.temple.edu:80/crafts/public_html/mjcc/local/history/p55.html,,,,,,,,,,,,
387,crafts/public_html/mjcc/local/history/p56.html,DR. ELAINE E. FOSTER,person,,1934,"Lawerence, Massachusetts",,,,,,http://www.temple.edu:80/crafts/public_html/mjcc/local/history/p56.html,,,,,,,,,,,,
388,crafts/public_html/mjcc/local/history/p57.html,JEM FREYAULDEHOVEN,person,,1948,"Jonesboro, Arizona",,,,,,http://www.temple.edu:80/crafts/public_html/mjcc/local/history/p57.html,,,,,,,,,,,,
389,crafts/public_html/mjcc/local/history/p58.html,DANIEL J. FRYE,person,Implied Freedom,1955,"Chambersburg, Pennsylvania",University of Missouri - Columbia,,,1990,,http://www.temple.edu:80/crafts/public_html/mjcc/local/history/p58.html,,,,,,,,,,,,
390,crafts/public_html/mjcc/local/history/p59.html,GAY GARDNER,person,Torn,1957,"Milwaukee, Wisconsin",Spokane Art School,,,1990,,http://www.temple.edu:80/crafts/public_html/mjcc/local/history/p59.html,,,,,,,,,,,,
391,crafts/public_html/mjcc/local/history/p6.html,MARK BALDRIDGE,person,,1946,"Lyons, New York",Longwood College,http://www.temple.edu:80/crafts/public_html/mjcc/local/history/s95.html,,1972,,http://www.temple.edu:80/crafts/public_html/mjcc/local/history/p6.html,,,,,,,,,,,,
392,crafts/public_html/mjcc/local/history/p60.html,JEFF GEORGANTES,person,Agamemnon & Klaitemnesta,1956,"Oakland, California",College of the Redwoods,http://www.temple.edu:80/crafts/public_html/mjcc/local/history/s34.html,,1987,,http://www.temple.edu:80/crafts/public_html/mjcc/local/history/p60.html,,,,,,,,,,,,
393,crafts/public_html/mjcc/local/history/p61.html,NILDA GETTY,person,,1936,"Buenos Aires, Argentina",Colorado State University,http://www.temple.edu:80/crafts/public_html/mjcc/local/history/s33.html,,1970,,http://www.temple.edu:80/crafts/public_html/mjcc/local/history/p61.html,,,,,,,,,,,,
394,crafts/public_html/mjcc/local/history/p62.html,IMOGENE GIELING,person,,1923,"Corsicana, Texas",,,,,,http://www.temple.edu:80/crafts/public_html/mjcc/local/history/p62.html,,,,,,,,,,,,
395,crafts/public_html/mjcc/local/history/p63.html,DOUGLAS GILCHRIST,person,,?,?,,,,,,http://www.temple.edu:80/crafts/public_html/mjcc/local/history/p63.html,,,,,,,,,,,,
396,crafts/public_html/mjcc/local/history/p64.html,JOHN BENJAMIN GILLIAM,person,Edged Work,1968,"Johnson City, Tennessee",Rowan College of New Jersey,http://www.temple.edu:80/crafts/public_html/mjcc/local/history/s158.html,,1993,,http://www.temple.edu:80/crafts/public_html/mjcc/local/history/p64.html,,,,,,,,,,,,
397,crafts/public_html/mjcc/local/history/p65.html,TIMOTHY M. GLOTZBACH,person,Untitled,1952,"Corydon, Indiana",Eastern Kentucky University,http://www.temple.edu:80/crafts/public_html/mjcc/local/history/s51.html,,1980,,http://www.temple.edu:80/crafts/public_html/mjcc/local/history/p65.html,,,,,,,,,,,,
398,crafts/public_html/mjcc/local/history/p66.html,MARTHA GLOWACKI,person,,1952,?,University of Wisconsin - Madison since ?,http://www.temple.edu:80/crafts/public_html/mjcc/local/history/s246.html,,,http://www.temple.edu:80/crafts/public_html/mjcc/local/history/biographies/b66.html,http://www.temple.edu:80/crafts/public_html/mjcc/local/history/p66.html,,,,,,,,,,,,
399,crafts/public_html/mjcc/local/history/p67.html,MYRA MIMLITSCH GRAY,person,Mantlepiece,1962,"Camden, New Jersey",State University of New York - New Paltz,http://www.temple.edu:80/crafts/public_html/mjcc/local/history/s188.html,,1993,,http://www.temple.edu:80/crafts/public_html/mjcc/local/history/p67.html,,,,,,,,,,,,
400,crafts/public_html/mjcc/local/history/p69.html,ARCH GREGORY,person,Untitled,1941,"Chattanooga, Indiana",Haywood Community College,http://www.temple.edu:80/crafts/public_html/mjcc/local/history/s74.html,,1986,,http://www.temple.edu:80/crafts/public_html/mjcc/local/history/p69.html,,,,,,,,,,,,
401,crafts/public_html/mjcc/local/history/p7.html,JOHN BALTRUSHUNAS,person,,1948,"Boston, Massachusetts",Maryville University,,,1992,,http://www.temple.edu:80/crafts/public_html/mjcc/local/history/p7.html,,,,,,,,,,,,
402,crafts/public_html/mjcc/local/history/p70.html,GARY GRIFFIN,person,For Amber Waves of Grain,1945,"Wichita Falls, Texas",Cranbrook Academy of Art,http://www.temple.edu:80/crafts/public_html/mjcc/local/history/s42.html,,1984,,http://www.temple.edu:80/crafts/public_html/mjcc/local/history/p70.html,,,,,,,,,,,,
403,crafts/public_html/mjcc/local/history/p71.html,BRUCE GIUWITS,person,,1939,"Aberdeen, Washington",Blue Mountain Community College,http://www.temple.edu:80/crafts/public_html/mjcc/local/history/s11.html,,1970,,http://www.temple.edu:80/crafts/public_html/mjcc/local/history/p71.html,,,,,,,,,,,,
404,crafts/public_html/mjcc/local/history/p72.html,LEE HAGEMAN,person,Penny for Your Thoughts,1935,"Clay Center, Kansas",Northwest Missouri State University,http://www.temple.edu:80/crafts/public_html/mjcc/local/history/s134.html,,1967,,http://www.temple.edu:80/crafts/public_html/mjcc/local/history/p72.html,,,,,,,,,,,,
405,crafts/public_html/mjcc/local/history/p73.html,WILLIAM HARPER,person,,1944,"Buyrus, Ohio",Florida State University from 1974 to present,http://www.temple.edu:80/crafts/public_html/mjcc/local/history/s198.html,,,http://www.temple.edu:80/crafts/public_html/mjcc/local/history/biographies/b73.html,http://www.temple.edu:80/crafts/public_html/mjcc/local/history/p73.html,,,,,,,,,,,,
406,crafts/public_html/mjcc/local/history/p74.html,SUSAN HAMLET,person,Elements of Escape II,"May 12, 1954","Evanston, Illinois",University of Massachusetts - Darmouth,http://www.temple.edu:80/crafts/public_html/mjcc/local/history/s230.html,,1988,http://www.temple.edu:80/crafts/public_html/mjcc/local/history/biographies/b74.html,http://www.temple.edu:80/crafts/public_html/mjcc/local/history/p74.html,,,,,,,,,,,,
407,crafts/public_html/mjcc/local/history/p76.html,JON HAVENER,person,Departure,1950,Florida,University of Kansas - Lawerence,http://www.temple.edu:80/crafts/public_html/mjcc/local/history/s228.html,,1977,,http://www.temple.edu:80/crafts/public_html/mjcc/local/history/p76.html,,,,,,,,,,,,
408,crafts/public_html/mjcc/local/history/p77.html,TODD R. HAWKINSON,person,Pendant,1955,"St. Paul, Minnesota",Minneapolis Technical College,http://www.temple.edu:80/crafts/public_html/mjcc/local/history/s112.html,,1985,,http://www.temple.edu:80/crafts/public_html/mjcc/local/history/p77.html,,,,,,,,,,,,
409,crafts/public_html/mjcc/local/history/p78.html,MYRL L. HEIN,person,,1952,Minneapolis,Minneapolis Minnesota Technical College,http://www.temple.edu:80/crafts/public_html/mjcc/local/history/s112.html,,1982,,http://www.temple.edu:80/crafts/public_html/mjcc/local/history/p78.html,,,,,,,,,,,,
410,crafts/public_html/mjcc/local/history/p79.html,RICHARD HELZER,person,Peace Table,1943,Nebraska,Montana State University,http://www.temple.edu:80/crafts/public_html/mjcc/local/history/s118.html,,1970,,http://www.temple.edu:80/crafts/public_html/mjcc/local/history/p79.html,,,,,,,,,,,,
411,crafts/public_html/mjcc/local/history/p8.html,THOMAS BAMBAS,person,,1938,"Ann Arbor, Michigan",,,,,,http://www.temple.edu:80/crafts/public_html/mjcc/local/history/p8.html,,,,,,,,,,,,
412,crafts/public_html/mjcc/local/history/p80.html,MATTHEW HOLLERN,person,The Art of the State,1964,"Madison, Wisconsin",Cleveland Institute of Art,http://www.temple.edu:80/crafts/public_html/mjcc/local/history/s30.html,,1989,,http://www.temple.edu:80/crafts/public_html/mjcc/local/history/p80.html,,,,,,,,,,,,
413,crafts/public_html/mjcc/local/history/p81.html,HOLLIS HOWARD,person,,1942,"Fletcher, Oklahoma",University of Science and Arts - Oklahoma,http://www.temple.edu:80/crafts/public_html/mjcc/local/history/s238.html,,1978,,http://www.temple.edu:80/crafts/public_html/mjcc/local/history/p81.html,,,,,,,,,,,,
414,crafts/public_html/mjcc/local/history/p82.html,MARY LEE HU,person,Choker,1943,"Lakewood, Ohio",University of Washington,http://www.temple.edu:80/crafts/public_html/mjcc/local/history/s242.html,,1980,http://www.temple.edu:80/crafts/public_html/mjcc/local/history/biographies/b82.html,http://www.temple.edu:80/crafts/public_html/mjcc/local/history/p82.html,,,,,,,,,,,,
415,crafts/public_html/mjcc/local/history/p83.html,LYNNE HULL,person,,1956,"Fort Carson, Colorado",North Seattle Community College,,,1989,,http://www.temple.edu:80/crafts/public_html/mjcc/local/history/p83.html,,,,,,,,,,,,
416,crafts/public_html/mjcc/local/history/p84.html,MICHAEL JOHN JERRY,person,,1937,"Grand Rapids, Michigan",Syracuse University,http://www.temple.edu:80/crafts/public_html/mjcc/local/history/s194.html,,1970,http://www.temple.edu:80/crafts/public_html/mjcc/local/history/biographies/b84.html,http://www.temple.edu:80/crafts/public_html/mjcc/local/history/p84.html,,,,,,,,,,,,
417,crafts/public_html/mjcc/local/history/p85.html,KLAUS KALLENBERGER,person,Necklace,1939,"Hanan a/m, Germany",Middle Tennessee State University,http://www.temple.edu:80/crafts/public_html/mjcc/local/history/s105.html,,1966,http://www.temple.edu:80/crafts/public_html/mjcc/local/history/biographies/b85.html,http://www.temple.edu:80/crafts/public_html/mjcc/local/history/p85.html,,,,,,,,,,,,
418,crafts/public_html/mjcc/local/history/p86.html,KATHLEEN MALEC KAMAL,person,Taj Mahal Tea Set,1968,"Summit, New Jersey",College of DuPage,http://www.temple.edu:80/crafts/public_html/mjcc/local/history/s32.html,,1994,,http://www.temple.edu:80/crafts/public_html/mjcc/local/history/p86.html,,,,,,,,,,,,
419,crafts/public_html/mjcc/local/history/p87.html,DAVID KEENS,person,Belt: Too Tight?,1949,"Ventura, California",University of Texas - Arlington,http://www.temple.edu:80/crafts/public_html/mjcc/local/history/s241.html,,1974,http://www.temple.edu:80/crafts/public_html/mjcc/local/history/biographies/b87.html,http://www.temple.edu:80/crafts/public_html/mjcc/local/history/p87.html,,,,,,,,,,,,
420,crafts/public_html/mjcc/local/history/p88.html,DANIELLA KERNER,person,The Seperation,1952,"Tel-Aviv, Israel",Tyler School of Art - Temple University,http://www.temple.edu:80/crafts/public_html/mjcc/local/history/s218.html,,1977,http://www.temple.edu:80/crafts/public_html/mjcc/local/history/biographies/b88.html,http://www.temple.edu:80/crafts/public_html/mjcc/local/history/p88.html,,,,,,,,,,,,
421,crafts/public_html/mjcc/local/history/p9.html,JULIA M. BARELLO,person,,1957,"Kirkland, Washington",New Mexico State University,http://www.temple.edu:80/crafts/public_html/mjcc/local/history/s125.html,,1992,,http://www.temple.edu:80/crafts/public_html/mjcc/local/history/p9.html,,,,,,,,,,,,
422,crafts/public_html/mjcc/local/history/p90.html,ROBIN KRAFT,person,,1955,"Chicago, Illinois",Purdue University,http://www.temple.edu:80/crafts/public_html/mjcc/local/history/s149.html,,1994,,http://www.temple.edu:80/crafts/public_html/mjcc/local/history/p90.html,,,,,,,,,,,,
423,crafts/public_html/mjcc/local/history/p91.html,CAROL KUMATA,person,,1949,"Iowa City, Iowa",Carnegie Mellon University since ?,http://www.temple.edu:80/crafts/public_html/mjcc/local/history/s23.html,,,,http://www.temple.edu:80/crafts/public_html/mjcc/local/history/p91.html,,,,,,,,,,,,
424,crafts/public_html/mjcc/local/history/p92.html,MICHAEL LACKTMAN,person,,1938,"Philadelphia, Pennsylvania",University of Wisconsin - Milwaukee,http://www.temple.edu:80/crafts/public_html/mjcc/local/history/s209.html,,1972,http://www.temple.edu:80/crafts/public_html/mjcc/local/history/biographies/b92.html,http://www.temple.edu:80/crafts/public_html/mjcc/local/history/p92.html,,,,,,,,,,,,
425,crafts/public_html/mjcc/local/history/p93.html,CURTIS K. LaFOLLETTE,person,,1939,"Butler, Missouri",Rhode Island College,http://www.temple.edu:80/crafts/public_html/mjcc/local/history/s152.html,,1972,http://www.temple.edu:80/crafts/public_html/mjcc/local/history/biographies/b93.html,http://www.temple.edu:80/crafts/public_html/mjcc/local/history/p93.html,,,,,,,,,,,,
426,crafts/public_html/mjcc/local/history/p94.html,DAVID La PLANTZ,person,Windows,1944,"Toledo, Ohio",Humboldt State University,http://www.temple.edu:80/crafts/public_html/mjcc/local/history/s76.html,,1971,,http://www.temple.edu:80/crafts/public_html/mjcc/local/history/p94.html,,,,,,,,,,,,
427,crafts/public_html/mjcc/local/history/p95.html,ANGUS KENT LAMAR,person,Carmen,1947,"Chickasha, Oklahoma",University of Science and Arts of Oklahoma,http://www.temple.edu:80/crafts/public_html/mjcc/local/history/s238.html,,1975,,http://www.temple.edu:80/crafts/public_html/mjcc/local/history/p95.html,,,,,,,,,,,,
428,crafts/public_html/mjcc/local/history/p96.html,WILLIAM LATTIMER,person,,1930,"Massena, New York",Florida Atlantic University,http://www.temple.edu:80/crafts/public_html/mjcc/local/history/s59.html,,1965,,http://www.temple.edu:80/crafts/public_html/mjcc/local/history/p96.html,,,,,,,,,,,,
429,crafts/public_html/mjcc/local/history/p97.html,STANLEY LECHTZIN,person,Torque,1936,"Detroit, Michigan",Tyler School of Art - Temple University,http://www.temple.edu:80/crafts/public_html/mjcc/local/history/s218.html,,1962,http://www.temple.edu:80/crafts/public_html/mjcc/local/history/biographies/b97.html,http://www.temple.edu:80/crafts/public_html/mjcc/local/history/p97.html,,,,,,,,,,,,
430,crafts/public_html/mjcc/local/history/p98.html,LESLIE LEUPP,person,,1944,"Archbold, Ohio",Penn State University,http://www.temple.edu:80/crafts/public_html/mjcc/local/history/s146.html,,1988,,http://www.temple.edu:80/crafts/public_html/mjcc/local/history/p98.html,,,,,,,,,,,,
431,crafts/public_html/mjcc/local/history/p99.html,KEITH A. LEWIS,person,,1959,"Beffefonte, Pennsylvania",Central Washington University,http://www.temple.edu:80/crafts/public_html/mjcc/local/history/s26.html,,1993,,http://www.temple.edu:80/crafts/public_html/mjcc/local/history/p99.html,,,,,,,,,,,,
432,crafts/public_html/mjcc/local/history/s272.html,PHIL CARRIZZI,person,Squeeze,1974,"Pontiac, Michigan","Kendall College of Art and Design - Assistant Professor, Chair Jewelry/Metals",http://www.temple.edu:80/crafts/public_html/mjcc/local/history/s273.html,,2002,,http://www.temple.edu:80/crafts/public_html/mjcc/local/history/s272.html,,,,,,,,,,,,
433,gap/anne-mondro,Anne Mondro,person-gap-addition,,,,University of Michigan (Stamps School of Art & Design),,,2003,,GAP ADDITION — not in archived directory,,yes,no,,"Professor of Art & Design (jewelry/metalsmithing, 3D design, community engagement), U-M Stamps School — promoted to full Professor May 21, 2026; at U-M since 2003",yes,https://stamps.umich.edu/people/anne-mondro,"Current U-M jewelry/metals professor; succeeded the Pijanowski lineage. Not in the archived directory (joined 2003). BFA College for Creative Studies, MFA Kent State.",high,added-by-phil,https://stamps.umich.edu/people/anne-mondro | https://stamps.umich.edu/news/anne-mondro-promoted-to-full-professor,2026-05-30
434,gap/robin-servo,Robin Servo,person-gap-addition,,,,Birmingham Bloomfield Art Association,,,,,succession re-scan: Birmingham Bloomfield Art Association,,yes,,,Head of the Jewelry/Metals Department,yes,https://bbartcenter.org/bbac-faculty/,,high,succession-scan,https://bbartcenter.org/bbac-faculty/ | https://bbartcenter.org/about-education-programs/jewelrymetals-studio-renovation/,2026-05-30
435,gap/dr-samanthessa-r-jacob-phd,"Dr. Samanthessa R. Jacob, PhD",person-gap-addition,,,,Miami Jewelry Institute,,,,,succession re-scan: Miami Jewelry Institute,,yes,,,"Executive Director and Instructor (Master Jeweler, Metal Fabrication)",yes,https://www.miamijewelryinstitute.com/meet-our-team.html,,high,succession-scan,https://www.miamijewelryinstitute.com/meet-our-team.html | https://www.miamijewelryinstitute.com/about-us.html,2026-05-30
436,gap/cynthia-zambrano,Cynthia Zambrano,person-gap-addition,,,,Miami Jewelry Institute,,,,,succession re-scan: Miami Jewelry Institute,,yes,,,"Instructor (GIA Certified Jeweler, Metal Fabrication)",yes,https://www.miamijewelryinstitute.com/meet-our-team.html,,high,succession-scan,https://www.miamijewelryinstitute.com/meet-our-team.html | https://www.miamijewelryinstitute.com/about-us.html,2026-05-30
437,gap/natasha-miller,Natasha Miller,person-gap-addition,,,,Miami Jewelry Institute,,,,,succession re-scan: Miami Jewelry Institute,,yes,,,"Instructor (Master Jeweler, Metal Smithing / Sculptural Jewelry)",yes,https://www.miamijewelryinstitute.com/meet-our-team.html,,high,succession-scan,https://www.miamijewelryinstitute.com/meet-our-team.html | https://www.miamijewelryinstitute.com/about-us.html,2026-05-30
438,gap/geoff-riggle,Geoff Riggle,person-gap-addition,,,,Miami University,,,,,succession re-scan: Miami University,,yes,,,Associate Teaching Professor of Studio Art (jewelry design and metalsmithing),yes,https://miamioh.edu/profiles/cca/geoff-riggle.html,,high,succession-scan,https://miamioh.edu/profiles/cca/geoff-riggle.html | https://miamioh.edu/cca/academics/departments/art/academics/majors/studio-art/metals/index.html | https://miamioh.edu/academic-affairs/awards-professorships/spotlights/ewing-susan.html | https://www.crainsdetroit.com/nonprofit/cranbrook-academy-art-names-susan-ewing-new-director | https://miamioh.edu/academics/majors-minors/minors/jewelry-design-metals.html,2026-05-30
439,gap/suguru-hiraide,Suguru Hiraide,person-gap-addition,,,,Midwestern State University,,,,,succession re-scan: Midwestern State University,,yes,,,"Professor, Sculpture and Metals",yes,https://directory.msutexas.edu/users/suguruhiraide,,high,succession-scan,https://msutexas.edu/academics/finearts/art/faculty.php | https://msutexas.edu/academics/finearts/art/metalsmith.php | https://directory.msutexas.edu/users/suguruhiraide,2026-05-30
440,gap/becky-mcdonah,Becky McDonah,person-gap-addition,,,,Millersville University,,,,,succession re-scan: Millersville University,,yes,,,Professor in Fine Art Metals,yes,https://www.millersville.edu/art/faculty-and-staff/tenured/mcdonah-b.php,,high,succession-scan,https://www.millersville.edu/art/faculty-and-staff/ | https://www.millersville.edu/art/faculty-and-staff/tenured/mcdonah-b.php | https://www.millersville.edu/programs/fine-art-metals.php | https://artjewelryforum.org/interviews/geologica-brigid-ohanrahan/,2026-05-30
441,gap/victoria-burchill,Victoria Burchill,person-gap-addition,,,,Montana State University,,,,,succession re-scan: Montana State University,,yes,,,"Instructor, Metalsmithing",yes,https://art.montana.edu/directory_2/index.html,,high,succession-scan,https://art.montana.edu/directory_2/index.html | https://art.montana.edu/areas-of-study/metalsmithing.html | https://art.montana.edu/MSU-Metalsmithing-50th-Anniversary-Call-for-Entry.html,2026-05-30
442,gap/lucy-louise-derickson,Lucy Louise Derickson,person-gap-addition,,,,Montgomery College,,,,,succession re-scan: Montgomery College,,yes,,,"Associate Professor & Coordinator of Jewelry and Metalsmithing/Crafts Area (MFA, Virginia Commonwealth University)",yes,https://www.montgomerycollege.edu/academics/departments/art-rockville/faculty-staff.html,,high,succession-scan,https://www.montgomerycollege.edu/academics/departments/art-rockville/faculty-staff.html | https://www.montgomerycollege.edu/academics/departments/art-rockville/student-artwork/jewelry-and-metalsmithing.html | https://lucyderickson.com/bio/ | https://www.linkedin.com/in/lucy-derickson-53603976/ | http://www.wanjinkim.com/cv | https://msac.org/directory/artists/katja-toporski | https://www.montgomerycollege.edu/workforce-development-continuing-education/community-arts/faculty-staff.html,2026-05-30
443,gap/katja-toporski,Katja Toporski,person-gap-addition,,,,Montgomery College,,,,,succession re-scan: Montgomery College,,yes,,,"Faculty, Jewelry / 3D Art (MFA, Towson University)",yes,https://www.montgomerycollege.edu/academics/departments/art-rockville/faculty-staff.html,,high,succession-scan,https://www.montgomerycollege.edu/academics/departments/art-rockville/faculty-staff.html | https://www.montgomerycollege.edu/academics/departments/art-rockville/student-artwork/jewelry-and-metalsmithing.html | https://lucyderickson.com/bio/ | https://www.linkedin.com/in/lucy-derickson-53603976/ | http://www.wanjinkim.com/cv | https://msac.org/directory/artists/katja-toporski | https://www.montgomerycollege.edu/workforce-development-continuing-education/community-arts/faculty-staff.html,2026-05-30
444,gap/wanjin-kim,Wanjin Kim,person-gap-addition,,,,Montgomery College,,,,,succession re-scan: Montgomery College,,yes,,,"Instructor, Jewelry & Metalsmithing / Crafts (MFA Metalsmithing, Cranbrook Academy of Art), teaching at MC since 2003",yes,https://www.montgomerycollege.edu/workforce-development-continuing-education/community-arts/faculty-staff.html,,high,succession-scan,https://www.montgomerycollege.edu/academics/departments/art-rockville/faculty-staff.html | https://www.montgomerycollege.edu/academics/departments/art-rockville/student-artwork/jewelry-and-metalsmithing.html | https://lucyderickson.com/bio/ | https://www.linkedin.com/in/lucy-derickson-53603976/ | http://www.wanjinkim.com/cv | https://msac.org/directory/artists/katja-toporski | https://www.montgomerycollege.edu/workforce-development-continuing-education/community-arts/faculty-staff.html,2026-05-30
445,gap/marissa-saneholtz,Marissa Saneholtz,person-gap-addition,,,,Bowling Green State University,,,,,succession re-scan: Bowling Green State University,,yes,,,"Associate Teaching Professor, Jewelry & Metals (BGSU since 2016)",yes,https://www.bgsu.edu/arts-and-sciences/school-of-art/faculty-staff/marissa-saneholtz.html,,high,succession-scan,https://www.bgsu.edu/arts-and-sciences/school-of-art/faculty-staff.html | https://www.bgsu.edu/arts-and-sciences/school-of-art/faculty-staff/tom-muir.html | https://www.bgsu.edu/arts-and-sciences/school-of-art/faculty-staff/marissa-saneholtz.html | https://www.bgsu.edu/arts-and-sciences/school-of-art/graduate-programs/three-dimensional-studies/graduate-jewelry-and-metals.html | https://www.bgsu.edu/arts-and-sciences/school-of-art/faculty-staff/andrew-kuebeck/,2026-05-30
446,gap/holland-houdek,Holland Houdek,person-gap-addition,,,,Nazareth College,,,,,succession re-scan: Nazareth College,,yes,,,Associate Professor in Professional Practice (Jewelry & Metalsmithing); Director of the Studio Art Undergraduate Program; Art Gallery Director,yes,https://www2.naz.edu/dept/art-design/faculty-staff/holland-houdek/,,high,succession-scan,https://www2.naz.edu/news/archive/2017/September/364/nazareth-welcomes-new-metalsmithing-professor-and-art-gallery-director-holland-houdek/ | https://www2.naz.edu/dept/art-design/faculty-staff/holland-houdek/ | https://www2.naz.edu/connections/past-issues/spring-summer-2016/lynn-duggan-trajectory | https://hollandhoudek.com/biography/ | https://www2.naz.edu/dept/art-design/,2026-05-30
447,gap/motoko-furuhashi,Motoko Furuhashi,person-gap-addition,,,,New Mexico State University,,,,,succession re-scan: New Mexico State University,,yes,,,"Professor, Metalsmithing & Jewelry",yes,https://artdepartment.nmsu.edu/pages/about-us/facultyandstaffbiopages/motokofuruhashi.html,,high,succession-scan,https://artdepartment.nmsu.edu/pages/about-us/facultyandstaff.html | https://artdepartment.nmsu.edu/pages/about-us/facilitiespages/metals.html | https://artdepartment.nmsu.edu/pages/about-us/facultyandstaffbiopages/motokofuruhashi.html,2026-05-30
448,gap/klaus-burgel,Klaus Burgel,person-gap-addition,,,,New York University,,,,,succession re-scan: New York University,,yes,,,"Adjunct Instructor, Studio Art (Metalsmithing / Jewelry), NYU Steinhardt; also RISD Jewelry+Metalsmithing faculty",yes,https://steinhardt.nyu.edu/programs/studio-art/studio-art-faculty,,high,succession-scan,https://steinhardt.nyu.edu/programs/studio-art/studio-art-faculty | https://steinhardt.nyu.edu/courses/metalsmithing | https://steinhardt.nyu.edu/courses/introduction-metalsmithing | https://www.coursicle.com/nyu/courses/ARTUE/501/ | https://www.coursicle.com/nyu/professors/Klaus+Burgel/ | https://www.risd.edu/people/klaus-burgel/ | https://www.bibaschutz.com/583544494043 | https://en.wikipedia.org/wiki/Pam_Lins,2026-05-30
449,gap/biba-schutz,Biba Schutz,person-gap-addition,,,,New York University,,,,,succession re-scan: New York University,,yes,,,"Adjunct Instructor, Studio Art (Metalsmithing / Jewelry), NYU Steinhardt; NYC studio jeweler/metalsmith",yes,https://steinhardt.nyu.edu/programs/studio-art/studio-art-faculty,,high,succession-scan,https://steinhardt.nyu.edu/programs/studio-art/studio-art-faculty | https://steinhardt.nyu.edu/courses/metalsmithing | https://steinhardt.nyu.edu/courses/introduction-metalsmithing | https://www.coursicle.com/nyu/courses/ARTUE/501/ | https://www.coursicle.com/nyu/professors/Klaus+Burgel/ | https://www.risd.edu/people/klaus-burgel/ | https://www.bibaschutz.com/583544494043 | https://en.wikipedia.org/wiki/Pam_Lins,2026-05-30
450,gap/tracey-jenkins-darji,Tracey Jenkins Darji,person-gap-addition,,,,North Bennet Street School,,,,,succession re-scan: North Bennet Street School,,yes,,,"Department Head & Instructor, Jewelry Making & Repair",yes,https://nbss.edu/about/people/,,high,succession-scan,https://nbss.edu/full-time-programs/jewelry-making-repair/ | https://nbss.edu/about/people/,2026-05-30
451,gap/haley-filamond,Haley Filamond,person-gap-addition,,,,North Bennet Street School,,,,,succession re-scan: North Bennet Street School,,yes,,,"Instructor, Jewelry Making & Repair",yes,https://nbss.edu/about/people/,,high,succession-scan,https://nbss.edu/full-time-programs/jewelry-making-repair/ | https://nbss.edu/about/people/,2026-05-30
452,gap/isabelle-schmit,Isabelle Schmit,person-gap-addition,,,,North Bennet Street School,,,,,succession re-scan: North Bennet Street School,,yes,,,"Teaching Assistant, Jewelry Making & Repair",yes,https://nbss.edu/full-time-programs/jewelry-making-repair/,,high,succession-scan,https://nbss.edu/full-time-programs/jewelry-making-repair/ | https://nbss.edu/about/people/,2026-05-30
453,gap/jamie-obermeier,Jamie Obermeier,person-gap-addition,,,,Northern Illinois University,,,,,succession re-scan: Northern Illinois University,,yes,,,"Associate Professor, Head of the Division of Studio Art (Metals, Jewelry, and Digital Fabrication)",yes,https://www.niu.edu/art/about/faculty-staff/jamie-obermeier.shtml,,high,succession-scan,https://www.niu.edu/art/about/faculty-staff/index.shtml | https://www.niu.edu/art/about/faculty-staff/jamie-obermeier.shtml | https://www.niu.edu/art/undergraduate-programs/bfa-studio-art/metal.shtml,2026-05-30
454,gap/cloris-yuchen-ding,Cloris (Yuchen) Ding,person-gap-addition,,,,Oklahoma State University,,,,,succession re-scan: Oklahoma State University,,yes,,,Visiting Assistant Professor in Jewelry & Metalsmithing (Studio Art),yes,https://cas.okstate.edu/art/about_us/faculty/old_bios/cloris_ding,,medium,succession-scan,https://www.linkedin.com/in/cloris-ding/ | https://cas.okstate.edu/art/about_us/faculty/old_bios/cloris_ding | https://publications.risdmuseum.org/grad-show-2024-jewelry-metalsmithing/cloris-ding | https://cas.okstate.edu/art/about_us/faculty/old_bios/chris_ramsay | https://www.ramsayart.com/bio-and-statement | https://cas.okstate.edu/department_of_art/about_us/faculty/,2026-05-30
455,gap/emily-culver,Emily Culver,person-gap-addition,,,,Old Dominion University,,,,,succession re-scan: Old Dominion University,,yes,,,Assistant Professor of Jewelry and Metalsmithing,yes,https://www.odu.edu/directory/emily-culver,,high,succession-scan,https://www.odu.edu/art/directory | https://www.odu.edu/art/academics/3d-media-materials-studies | https://www.odu.edu/directory/emily-culver | https://www.emily-culver.com/about,2026-05-30
456,gap/yvonne-escalante,Yvonne Escalante,person-gap-addition,,,,Cabrillo College,,,,,succession re-scan: Cabrillo College,,yes,,,"Instructor, Art Studio (metalsmithing/jewelry)",yes,https://www.cabrillo.edu/directory/yvonne-escalante/,,high,succession-scan,https://www.cabrillo.edu/art-studio/art-studio-faculty-and-staff/ | https://www.coursicle.com/cabrillo/courses/ART/8A/ | http://www.yvonneescalante.com/about | https://art.uiowa.edu/graduate/jewelry-metal-arts,2026-05-30
457,gap/leeyeon-yoo,Leeyeon Yoo,person-gap-addition,,,,Cabrillo College,,,,,succession re-scan: Cabrillo College,,yes,,,"Associate Faculty, Art Studio (MFA Jewelry & Metal Arts, Univ. of Iowa)",yes,https://www.cabrillo.edu/directory/153514/,,high,succession-scan,https://www.cabrillo.edu/art-studio/art-studio-faculty-and-staff/ | https://www.coursicle.com/cabrillo/courses/ART/8A/ | http://www.yvonneescalante.com/about | https://art.uiowa.edu/graduate/jewelry-metal-arts,2026-05-30
458,gap/payson-mcnett,Payson McNett,person-gap-addition,,,,Cabrillo College,,,,,succession re-scan: Cabrillo College,,yes,,,Art Studio Instructor (also teaches ART 8A Metal/Jewelry Fabrication),yes,https://www.cabrillo.edu/directory/payson-foster-mcnett/,,high,succession-scan,https://www.cabrillo.edu/art-studio/art-studio-faculty-and-staff/ | https://www.coursicle.com/cabrillo/courses/ART/8A/ | http://www.yvonneescalante.com/about | https://art.uiowa.edu/graduate/jewelry-metal-arts,2026-05-30
459,gap/lisa-slovis-mandel,Lisa Slovis Mandel,person-gap-addition,,,,Palomar College,,,,,succession re-scan: Palomar College,,yes,,,"Metalsmithing/Jewelry instructor (adjunct); MFA Metalsmithing, UW-Madison; also teaches Southwestern College",yes,https://www.lisaslovis.com/about,,medium,succession-scan,https://www.palomar.edu/art/faculty-and-staff/ | https://www.palomar.edu/art/explore-programs/ | https://www.palomar.edu/art/degrees/ | https://www.palomar.edu/catalog/2024-2025-catalog/ | https://www.lisaslovis.com/about | https://www.coursicle.com/palomar/courses/ART/150/ | https://www.ratemyprofessors.com/professor/382688,2026-05-30
460,gap/melisa-selvius,Melisa Selvius,person-gap-addition,,,,Palomar College,,,,,succession re-scan: Palomar College,,yes,,,Jewelry & Metalsmithing instructor (recent ART 150),yes,https://www.coursicle.com/palomar/courses/ART/150/,,medium,succession-scan,https://www.palomar.edu/art/faculty-and-staff/ | https://www.palomar.edu/art/explore-programs/ | https://www.palomar.edu/art/degrees/ | https://www.palomar.edu/catalog/2024-2025-catalog/ | https://www.lisaslovis.com/about | https://www.coursicle.com/palomar/courses/ART/150/ | https://www.ratemyprofessors.com/professor/382688,2026-05-30
461,gap/jillian-thompson,Jillian Thompson,person-gap-addition,,,,Palomar College,,,,,succession re-scan: Palomar College,,yes,,,Jewelry & Metalsmithing instructor (recent ART 150),yes,https://www.coursicle.com/palomar/courses/ART/150/,,medium,succession-scan,https://www.palomar.edu/art/faculty-and-staff/ | https://www.palomar.edu/art/explore-programs/ | https://www.palomar.edu/art/degrees/ | https://www.palomar.edu/catalog/2024-2025-catalog/ | https://www.lisaslovis.com/about | https://www.coursicle.com/palomar/courses/ART/150/ | https://www.ratemyprofessors.com/professor/382688,2026-05-30
462,gap/brice-garrett,Brice Garrett,person-gap-addition,,,,Parsons School of Design,,,,,succession re-scan: Parsons School of Design,,yes,,,Part-time Assistant Professor,yes,https://www.newschool.edu/parsons/faculty/brice-garrett/,,medium,succession-scan,https://www.newschool.edu/parsons/faculty/brice-garrett/ | https://www.newschool.edu/parsons/faculty/sterling-king/ | https://courses.newschool.edu/courses/PSOF2040 | https://www.newschool.edu/parsons/making-center-metal-shop/ | https://www.newschool.edu/parsons/faculty/rosena-sammi/,2026-05-30
463,gap/sterling-king,Sterling King,person-gap-addition,,,,Parsons School of Design,,,,,succession re-scan: Parsons School of Design,,yes,,,Part-time Lecturer,yes,https://www.newschool.edu/parsons/faculty/sterling-king/,,medium,succession-scan,https://www.newschool.edu/parsons/faculty/brice-garrett/ | https://www.newschool.edu/parsons/faculty/sterling-king/ | https://courses.newschool.edu/courses/PSOF2040 | https://www.newschool.edu/parsons/making-center-metal-shop/ | https://www.newschool.edu/parsons/faculty/rosena-sammi/,2026-05-30
464,gap/april-kawaoka,April Kawaoka,person-gap-addition,,,,Pasadena City College,,,,,succession re-scan: Pasadena City College,,yes,,,"Assistant Professor, Art (Jewelry/Metal Fabrication), Division of Visual Arts & Media Studies",yes,https://aprilkawaoka.com/about/,,high,succession-scan,https://pasadena.edu/academics/degrees-and-certificates/certificates-of-achievement/jewelry-metalworking.php | https://curriculum.pasadena.edu/academic-programs/design-studies/jewelrymetalworking-as-cert-achievement/ | https://pasadena.edu/academics/divisions/visual-arts-and-media-studies/faculty.php | https://www.ratemyprofessors.com/professor/2216020 | https://www.coursicle.com/pasadena/courses/ART/036A/ | https://aprilkawaoka.com/about/,2026-05-30
465,gap/janet-lewis,Janet Lewis,person-gap-addition,,,,Pittsburg State University,,,,,succession re-scan: Pittsburg State University,,yes,,,Associate Instructional Professor (possible metals/jewelry-adjacent successor; unconfirmed teaching assignment),yes,https://www.pittstate.edu/art/faculty-and-staff/index.html,,medium,succession-scan,https://www.pittstate.edu/art/faculty-and-staff/index.html | https://psuapps-lb.pittstate.edu/UniversityDirectory/Directory/Query?DepartmentCode=ART | https://www.pittstate.edu/art/studios-and-facilities.html | https://pittstate.edu/news/2017/12/schick-remembered-for-her-innovative-and-enduring-art-style.html | https://en.wikipedia.org/wiki/Marjorie_Schick | https://www.artforms-gallery.com/lewis | https://www.newstalkkzrg.com/2026/02/13/faculty-art-exhibit-on-display-at-pitt-state/,2026-05-30
466,gap/sharon-portelance,Sharon Portelance,person-gap-addition,,,,Portland School of Art,,,,,succession re-scan: Portland School of Art,,yes,,,Professor & Chair of Metalsmithing & Jewelry,yes,https://meca.edu/people/sharon-portelance/,,high,succession-scan,https://meca.edu/people/ | https://meca.edu/people/sharon-portelance/ | https://meca.edu/people/kyle-patnaude/ | https://meca.edu/about/about-history-and-timeline/ | https://en.wikipedia.org/wiki/Portland_School_of_Art,2026-05-30
467,gap/kyle-patnaude,Kyle Patnaude,person-gap-addition,,,,Portland School of Art,,,,,succession re-scan: Portland School of Art,,yes,,,Associate Professor of Metalsmithing & Jewelry and MFA in Studio Art,yes,https://meca.edu/people/kyle-patnaude/,,high,succession-scan,https://meca.edu/people/ | https://meca.edu/people/sharon-portelance/ | https://meca.edu/people/kyle-patnaude/ | https://meca.edu/about/about-history-and-timeline/ | https://en.wikipedia.org/wiki/Portland_School_of_Art,2026-05-30
468,gap/wyatt-nestor-pasicznyk,Wyatt Nestor-Pasicznyk,person-gap-addition,,,,Portland School of Art,,,,,succession re-scan: Portland School of Art,,yes,,,Metalsmithing & Jewelry Studio Technician,yes,https://meca.edu/people/wyatt-nestor-pasicznyk/,,high,succession-scan,https://meca.edu/people/ | https://meca.edu/people/sharon-portelance/ | https://meca.edu/people/kyle-patnaude/ | https://meca.edu/about/about-history-and-timeline/ | https://en.wikipedia.org/wiki/Portland_School_of_Art,2026-05-30
469,gap/jessica-mohl,Jessica Mohl,person-gap-addition,,,,Purdue University,,,,,succession re-scan: Purdue University,,yes,,,Assistant Professor of Practice in Jewelry and Metalsmithing (Craft and Materials),yes,https://www.cla.purdue.edu/directory/profiles/jessica-mohl.html,,high,succession-scan,https://www.cla.purdue.edu/academic/rueffschool/ad/studioarts/Faculty.html | https://www.cla.purdue.edu/directory/profiles/jessica-mohl.html | https://www.cla.purdue.edu/academic/rueffschool/ad/finearts/jewelrymetal.html | https://www.cla.purdue.edu/academic/rueffschool/ad/isa/p_CraftMaterial_Overview.html,2026-05-30
470,gap/dianne-m-reilly,Dianne M. Reilly,person-gap-addition,,,,Rhode Island College,,,,,succession re-scan: Rhode Island College,,yes,,,"Professor and Department Chair, Department of Art (metals and jewelry)",yes,https://our.ric.edu/people-directory/dianne-reilly,,high,succession-scan,https://our.ric.edu/department-directory/department-art | https://our.ric.edu/people-directory/dianne-reilly | https://www.ric.edu/academics/undergraduate-degree-programs/art-studio-art-ba-bfa/metalsmithing-and-jewelry-concentration | https://www.coursicle.com/ric/courses/ART/221/,2026-05-30
471,gap/timothy-veske-mcmahon,Timothy Veske-McMahon,person-gap-addition,,,,Rhode Island School of Design,,,,,succession re-scan: Rhode Island School of Design,,yes,,,"Associate Professor, Department Head",yes,https://www.risd.edu/academics/jewelry-metalsmithing/faculty/timothy-veske-mcmahon,,high,succession-scan,https://www.risd.edu/academics/jewelry-metalsmithing/faculty | https://www.risd.edu/people/robin-quigley/ | https://collegiateteachinginartanddesign.com/teaching-reflections-robin-quigley-department-head-of-jewelry-and-metalsmithing/ | https://www.risd.edu/academics/jewelry-metalsmithing/faculty/seth-papac | https://www.risd.edu/academics/jewelry-metalsmithing/faculty/tracy-steepy,2026-05-30
472,gap/seth-papac,Seth Papac,person-gap-addition,,,,Rhode Island School of Design,,,,,succession re-scan: Rhode Island School of Design,,yes,,,"Associate Professor, Graduate Program Director",yes,https://www.risd.edu/academics/jewelry-metalsmithing/faculty/seth-papac,,high,succession-scan,https://www.risd.edu/academics/jewelry-metalsmithing/faculty | https://www.risd.edu/people/robin-quigley/ | https://collegiateteachinginartanddesign.com/teaching-reflections-robin-quigley-department-head-of-jewelry-and-metalsmithing/ | https://www.risd.edu/academics/jewelry-metalsmithing/faculty/seth-papac | https://www.risd.edu/academics/jewelry-metalsmithing/faculty/tracy-steepy,2026-05-30
473,gap/tracy-steepy,Tracy Steepy,person-gap-addition,,,,Rhode Island School of Design,,,,,succession re-scan: Rhode Island School of Design,,yes,,,Professor,yes,https://www.risd.edu/academics/jewelry-metalsmithing/faculty/tracy-steepy,,high,succession-scan,https://www.risd.edu/academics/jewelry-metalsmithing/faculty | https://www.risd.edu/people/robin-quigley/ | https://collegiateteachinginartanddesign.com/teaching-reflections-robin-quigley-department-head-of-jewelry-and-metalsmithing/ | https://www.risd.edu/academics/jewelry-metalsmithing/faculty/seth-papac | https://www.risd.edu/academics/jewelry-metalsmithing/faculty/tracy-steepy,2026-05-30
474,gap/brian-bergeron,Brian Bergeron,person-gap-addition,,,,Rhode Island School of Design,,,,,succession re-scan: Rhode Island School of Design,,yes,,,Faculty / Technical Assistant,yes,https://www.risd.edu/academics/jewelry-metalsmithing/faculty/brian-bergeron,,high,succession-scan,https://www.risd.edu/academics/jewelry-metalsmithing/faculty | https://www.risd.edu/people/robin-quigley/ | https://collegiateteachinginartanddesign.com/teaching-reflections-robin-quigley-department-head-of-jewelry-and-metalsmithing/ | https://www.risd.edu/academics/jewelry-metalsmithing/faculty/seth-papac | https://www.risd.edu/academics/jewelry-metalsmithing/faculty/tracy-steepy,2026-05-30
475,gap/donna-bilak,Donna Bilak,person-gap-addition,,,,Rhode Island School of Design,,,,,succession re-scan: Rhode Island School of Design,,yes,,,Faculty,yes,https://www.risd.edu/academics/jewelry-metalsmithing/faculty/donna-bilak,,high,succession-scan,https://www.risd.edu/academics/jewelry-metalsmithing/faculty | https://www.risd.edu/people/robin-quigley/ | https://collegiateteachinginartanddesign.com/teaching-reflections-robin-quigley-department-head-of-jewelry-and-metalsmithing/ | https://www.risd.edu/academics/jewelry-metalsmithing/faculty/seth-papac | https://www.risd.edu/academics/jewelry-metalsmithing/faculty/tracy-steepy,2026-05-30
476,gap/tzu-ju-chen,Tzu-Ju Chen,person-gap-addition,,,,Rhode Island School of Design,,,,,succession re-scan: Rhode Island School of Design,,yes,,,Faculty,yes,,,high,succession-scan,https://www.risd.edu/academics/jewelry-metalsmithing/faculty | https://www.risd.edu/people/robin-quigley/ | https://collegiateteachinginartanddesign.com/teaching-reflections-robin-quigley-department-head-of-jewelry-and-metalsmithing/ | https://www.risd.edu/academics/jewelry-metalsmithing/faculty/seth-papac | https://www.risd.edu/academics/jewelry-metalsmithing/faculty/tracy-steepy,2026-05-30
477,gap/funlola-coker,Funlola Coker,person-gap-addition,,,,Rhode Island School of Design,,,,,succession re-scan: Rhode Island School of Design,,yes,,,Faculty,yes,,,high,succession-scan,https://www.risd.edu/academics/jewelry-metalsmithing/faculty | https://www.risd.edu/people/robin-quigley/ | https://collegiateteachinginartanddesign.com/teaching-reflections-robin-quigley-department-head-of-jewelry-and-metalsmithing/ | https://www.risd.edu/academics/jewelry-metalsmithing/faculty/seth-papac | https://www.risd.edu/academics/jewelry-metalsmithing/faculty/tracy-steepy,2026-05-30
478,gap/dominik-cunningham,Dominik Cunningham,person-gap-addition,,,,Rhode Island School of Design,,,,,succession re-scan: Rhode Island School of Design,,yes,,,Faculty,yes,,,high,succession-scan,https://www.risd.edu/academics/jewelry-metalsmithing/faculty | https://www.risd.edu/people/robin-quigley/ | https://collegiateteachinginartanddesign.com/teaching-reflections-robin-quigley-department-head-of-jewelry-and-metalsmithing/ | https://www.risd.edu/academics/jewelry-metalsmithing/faculty/seth-papac | https://www.risd.edu/academics/jewelry-metalsmithing/faculty/tracy-steepy,2026-05-30
479,gap/noam-elyashiv,Noam Elyashiv,person-gap-addition,,,,Rhode Island School of Design,,,,,succession re-scan: Rhode Island School of Design,,yes,,,Senior Critic,yes,,,high,succession-scan,https://www.risd.edu/academics/jewelry-metalsmithing/faculty | https://www.risd.edu/people/robin-quigley/ | https://collegiateteachinginartanddesign.com/teaching-reflections-robin-quigley-department-head-of-jewelry-and-metalsmithing/ | https://www.risd.edu/academics/jewelry-metalsmithing/faculty/seth-papac | https://www.risd.edu/academics/jewelry-metalsmithing/faculty/tracy-steepy,2026-05-30
480,gap/lauren-fensterstock,Lauren Fensterstock,person-gap-addition,,,,Rhode Island School of Design,,,,,succession re-scan: Rhode Island School of Design,,yes,,,Faculty,yes,,,high,succession-scan,https://www.risd.edu/academics/jewelry-metalsmithing/faculty | https://www.risd.edu/people/robin-quigley/ | https://collegiateteachinginartanddesign.com/teaching-reflections-robin-quigley-department-head-of-jewelry-and-metalsmithing/ | https://www.risd.edu/academics/jewelry-metalsmithing/faculty/seth-papac | https://www.risd.edu/academics/jewelry-metalsmithing/faculty/tracy-steepy,2026-05-30
481,gap/joff,JOFF,person-gap-addition,,,,Rhode Island School of Design,,,,,succession re-scan: Rhode Island School of Design,,yes,,,Faculty,yes,,,high,succession-scan,https://www.risd.edu/academics/jewelry-metalsmithing/faculty | https://www.risd.edu/people/robin-quigley/ | https://collegiateteachinginartanddesign.com/teaching-reflections-robin-quigley-department-head-of-jewelry-and-metalsmithing/ | https://www.risd.edu/academics/jewelry-metalsmithing/faculty/seth-papac | https://www.risd.edu/academics/jewelry-metalsmithing/faculty/tracy-steepy,2026-05-30
482,gap/suzanne-pugh,Suzanne Pugh,person-gap-addition,,,,Rhode Island School of Design,,,,,succession re-scan: Rhode Island School of Design,,yes,,,Faculty,yes,,,high,succession-scan,https://www.risd.edu/academics/jewelry-metalsmithing/faculty | https://www.risd.edu/people/robin-quigley/ | https://collegiateteachinginartanddesign.com/teaching-reflections-robin-quigley-department-head-of-jewelry-and-metalsmithing/ | https://www.risd.edu/academics/jewelry-metalsmithing/faculty/seth-papac | https://www.risd.edu/academics/jewelry-metalsmithing/faculty/tracy-steepy,2026-05-30
483,gap/sarah-turner,Sarah Turner,person-gap-addition,,,,Rhode Island School of Design,,,,,succession re-scan: Rhode Island School of Design,,yes,,,Faculty,yes,,,high,succession-scan,https://www.risd.edu/academics/jewelry-metalsmithing/faculty | https://www.risd.edu/people/robin-quigley/ | https://collegiateteachinginartanddesign.com/teaching-reflections-robin-quigley-department-head-of-jewelry-and-metalsmithing/ | https://www.risd.edu/academics/jewelry-metalsmithing/faculty/seth-papac | https://www.risd.edu/academics/jewelry-metalsmithing/faculty/tracy-steepy,2026-05-30
484,gap/johan-van-aswegen,Johan Van Aswegen,person-gap-addition,,,,Rhode Island School of Design,,,,,succession re-scan: Rhode Island School of Design,,yes,,,Faculty,yes,,,high,succession-scan,https://www.risd.edu/academics/jewelry-metalsmithing/faculty | https://www.risd.edu/people/robin-quigley/ | https://collegiateteachinginartanddesign.com/teaching-reflections-robin-quigley-department-head-of-jewelry-and-metalsmithing/ | https://www.risd.edu/academics/jewelry-metalsmithing/faculty/seth-papac | https://www.risd.edu/academics/jewelry-metalsmithing/faculty/tracy-steepy,2026-05-30
485,gap/barbara-seidenath,Barbara Seidenath,person-gap-addition,,,,Rhode Island School of Design,,,,,succession re-scan: Rhode Island School of Design,,yes,,,Senior Critic,yes,,,high,succession-scan,https://www.risd.edu/academics/jewelry-metalsmithing/faculty | https://www.risd.edu/people/robin-quigley/ | https://collegiateteachinginartanddesign.com/teaching-reflections-robin-quigley-department-head-of-jewelry-and-metalsmithing/ | https://www.risd.edu/academics/jewelry-metalsmithing/faculty/seth-papac | https://www.risd.edu/academics/jewelry-metalsmithing/faculty/tracy-steepy,2026-05-30
486,gap/juan-carlos-caballero-perez,Juan Carlos Caballero-Perez,person-gap-addition,,,,Rochester Institute of Technology,,,,,succession re-scan: Rochester Institute of Technology,,yes,,,"Professor, Metals and Jewelry Design",yes,https://www.rit.edu/directory/jcc2390-juan-carlos-caballero-perez,,high,succession-scan,https://www.rit.edu/program-directory/6860364 | https://www.rit.edu/program-directory/6860319 | https://www.rit.edu/artdesign/school-american-crafts | https://www.rit.edu/directory/jcc2390-juan-carlos-caballero-perez | https://www.rit.edu/directory/lnffaa-laurel-fulton | https://www.rit.edu/news/new-school-design-director-faculty-hires-ready-2023-24-academic-year,2026-05-30
487,gap/laurel-fulton,Laurel Fulton,person-gap-addition,,,,Rochester Institute of Technology,,,,,succession re-scan: Rochester Institute of Technology,,yes,,,"Assistant Professor, Metals and Jewelry Design",yes,https://www.rit.edu/directory/lnffaa-laurel-fulton,,high,succession-scan,https://www.rit.edu/program-directory/6860364 | https://www.rit.edu/program-directory/6860319 | https://www.rit.edu/artdesign/school-american-crafts | https://www.rit.edu/directory/jcc2390-juan-carlos-caballero-perez | https://www.rit.edu/directory/lnffaa-laurel-fulton | https://www.rit.edu/news/new-school-design-director-faculty-hires-ready-2023-24-academic-year,2026-05-30
488,gap/maureen-duffy,Maureen Duffy,person-gap-addition,,,,Rowan University,,,,,succession re-scan: Rowan University,,yes,,,Instructor / Professor of Jewelry and Metalsmithing (3/4 time),yes,https://www.rowan.edu/arts/art/programs/jewelry.html,,high,succession-scan,https://www.rowan.edu/arts/art/programs/jewelry.html | https://ccca.rowan.edu/ccca-facultybios/maureen-duffy.html | https://ccca.rowan.edu/departments/art/facultystaff/ | https://www.ratemyprofessors.com/professor/2702721 | https://catalog.rowan.edu/preview_course_nopop.php?catoid=9&coid=30596 | http://www.maureenduffyjewelry.com/pagecv,2026-05-30
489,gap/curtis-arima,Curtis Arima,person-gap-addition,,,,California College of Arts and Crafts,,,,,succession re-scan: California College of Arts and Crafts,,yes,,,"Dean of Fine Arts; Professor, Jewelry and Metal Arts Program",yes,https://portal.cca.edu/learning/academic-programs/jewelry-metal-arts-bfa/faculty-staff/,,high,succession-scan,https://portal.cca.edu/learning/academic-programs/jewelry-metal-arts-bfa/faculty-staff/ | https://www.cca.edu/fine-arts/jewelry-metalarts/ | https://portal.cca.edu/learning/academic-programs/jewelry-metal-arts-bfa/,2026-05-30
490,gap/david-cole,David Cole,person-gap-addition,,,,California College of Arts and Crafts,,,,,succession re-scan: California College of Arts and Crafts,,yes,,,"Senior Adjunct Professor, Jewelry and Metal Arts Program",yes,https://portal.cca.edu/learning/academic-programs/jewelry-metal-arts-bfa/faculty-staff/,,high,succession-scan,https://portal.cca.edu/learning/academic-programs/jewelry-metal-arts-bfa/faculty-staff/ | https://www.cca.edu/fine-arts/jewelry-metalarts/ | https://portal.cca.edu/learning/academic-programs/jewelry-metal-arts-bfa/,2026-05-30
491,gap/jo-ann-maggiora-donivan,Jo-Ann Maggiora Donivan,person-gap-addition,,,,California College of Arts and Crafts,,,,,succession re-scan: California College of Arts and Crafts,,yes,,,"Adjunct II Professor, Jewelry and Metal Arts Program",yes,https://portal.cca.edu/learning/academic-programs/jewelry-metal-arts-bfa/faculty-staff/,,high,succession-scan,https://portal.cca.edu/learning/academic-programs/jewelry-metal-arts-bfa/faculty-staff/ | https://www.cca.edu/fine-arts/jewelry-metalarts/ | https://portal.cca.edu/learning/academic-programs/jewelry-metal-arts-bfa/,2026-05-30
492,gap/deborah-lozier,Deborah Lozier,person-gap-addition,,,,California College of Arts and Crafts,,,,,succession re-scan: California College of Arts and Crafts,,yes,,,"Senior Adjunct Professor, Jewelry and Metal Arts Program",yes,https://portal.cca.edu/learning/academic-programs/jewelry-metal-arts-bfa/faculty-staff/,,high,succession-scan,https://portal.cca.edu/learning/academic-programs/jewelry-metal-arts-bfa/faculty-staff/ | https://www.cca.edu/fine-arts/jewelry-metalarts/ | https://portal.cca.edu/learning/academic-programs/jewelry-metal-arts-bfa/,2026-05-30
493,gap/olivia-s-shih,Olivia S. Shih,person-gap-addition,,,,California College of Arts and Crafts,,,,,succession re-scan: California College of Arts and Crafts,,yes,,,"Adjunct II, Jewelry and Metal Arts Program",yes,https://portal.cca.edu/learning/academic-programs/jewelry-metal-arts-bfa/faculty-staff/,,high,succession-scan,https://portal.cca.edu/learning/academic-programs/jewelry-metal-arts-bfa/faculty-staff/ | https://www.cca.edu/fine-arts/jewelry-metalarts/ | https://portal.cca.edu/learning/academic-programs/jewelry-metal-arts-bfa/,2026-05-30
494,gap/amy-tavern,Amy Tavern,person-gap-addition,,,,California College of Arts and Crafts,,,,,succession re-scan: California College of Arts and Crafts,,yes,,,"Adjunct II Professor, Jewelry and Metal Arts Program",yes,https://portal.cca.edu/learning/academic-programs/jewelry-metal-arts-bfa/faculty-staff/,,high,succession-scan,https://portal.cca.edu/learning/academic-programs/jewelry-metal-arts-bfa/faculty-staff/ | https://www.cca.edu/fine-arts/jewelry-metalarts/ | https://portal.cca.edu/learning/academic-programs/jewelry-metal-arts-bfa/,2026-05-30
495,gap/corey-wolffs,Corey Wolffs,person-gap-addition,,,,California College of Arts and Crafts,,,,,succession re-scan: California College of Arts and Crafts,,yes,,,"Adjunct II Professor, Jewelry and Metal Arts Program",yes,https://portal.cca.edu/learning/academic-programs/jewelry-metal-arts-bfa/faculty-staff/,,high,succession-scan,https://portal.cca.edu/learning/academic-programs/jewelry-metal-arts-bfa/faculty-staff/ | https://www.cca.edu/fine-arts/jewelry-metalarts/ | https://portal.cca.edu/learning/academic-programs/jewelry-metal-arts-bfa/,2026-05-30
496,gap/aaron-gach,Aaron Gach,person-gap-addition,,,,California College of Arts and Crafts,,,,,succession re-scan: California College of Arts and Crafts,,yes,,,"Co-Chair, Jewelry and Metal Arts; Assistant Professor, Fine Arts",yes,https://www.cca.edu/fine-arts/jewelry-metalarts/,,high,succession-scan,https://portal.cca.edu/learning/academic-programs/jewelry-metal-arts-bfa/faculty-staff/ | https://www.cca.edu/fine-arts/jewelry-metalarts/ | https://portal.cca.edu/learning/academic-programs/jewelry-metal-arts-bfa/,2026-05-30
497,gap/katherine-lam,Katherine Lam,person-gap-addition,,,,California College of Arts and Crafts,,,,,succession re-scan: California College of Arts and Crafts,,yes,,,"Co-Chair, Jewelry and Metal Arts; Associate Professor (Furniture Program)",yes,https://www.cca.edu/fine-arts/jewelry-metalarts/,,high,succession-scan,https://portal.cca.edu/learning/academic-programs/jewelry-metal-arts-bfa/faculty-staff/ | https://www.cca.edu/fine-arts/jewelry-metalarts/ | https://portal.cca.edu/learning/academic-programs/jewelry-metal-arts-bfa/,2026-05-30
498,gap/sondra-sherman,Sondra Sherman,person-gap-addition,,,,San Diego State University,,,,,succession re-scan: San Diego State University,,yes,,,Professor; Head of Jewelry and Metalwork Program (since 2010); Graduate Program Advisor and Coordinator,yes,https://art.sdsu.edu/faculty-staff/sherman-sondra,,high,succession-scan,https://art.sdsu.edu/faculty-staff | https://art.sdsu.edu/faculty-staff/sherman-sondra | https://art.sdsu.edu/faculty-staff/quick-kerianne | https://art.sdsu.edu/faculty-staff/fagan-reed | https://psfa.sdsu.edu/news/2026/what-changes-in-sdsu-art-and-design-degrees-mean-for-students | https://psfa.sdsu.edu/news/2024/in-memoriam-arline-fisch,2026-05-30
499,gap/kerianne-quick,Kerianne Quick,person-gap-addition,,,,San Diego State University,,,,,succession re-scan: San Diego State University,,yes,,,"Associate Professor / Associate Director, Jewelry and Metalwork",yes,https://art.sdsu.edu/faculty-staff/quick-kerianne,,high,succession-scan,https://art.sdsu.edu/faculty-staff | https://art.sdsu.edu/faculty-staff/sherman-sondra | https://art.sdsu.edu/faculty-staff/quick-kerianne | https://art.sdsu.edu/faculty-staff/fagan-reed | https://psfa.sdsu.edu/news/2026/what-changes-in-sdsu-art-and-design-degrees-mean-for-students | https://psfa.sdsu.edu/news/2024/in-memoriam-arline-fisch,2026-05-30
500,gap/reed-fagan,Reed Fagan,person-gap-addition,,,,San Diego State University,,,,,succession re-scan: San Diego State University,,yes,,,"Lecturer, Jewelry and Metalwork; Instructional Support Technician, Digital Fabrication Lab",yes,https://art.sdsu.edu/faculty-staff/fagan-reed,,high,succession-scan,https://art.sdsu.edu/faculty-staff | https://art.sdsu.edu/faculty-staff/sherman-sondra | https://art.sdsu.edu/faculty-staff/quick-kerianne | https://art.sdsu.edu/faculty-staff/fagan-reed | https://psfa.sdsu.edu/news/2026/what-changes-in-sdsu-art-and-design-degrees-mean-for-students | https://psfa.sdsu.edu/news/2024/in-memoriam-arline-fisch,2026-05-30
501,gap/tanya-crane,Tanya Crane,person-gap-addition,,,,School of the Museum of Fine Arts,,,,,succession re-scan: School of the Museum of Fine Arts,,yes,,,Professor of the Practice in Metals,yes,https://smfa.tufts.edu/directory/tanya-crane,,high,succession-scan,https://smfa.tufts.edu/areas-of-study/metals | https://smfa.tufts.edu/faculty | https://smfa.tufts.edu/directory/tanya-crane | https://smfa.tufts.edu/directory/kendall-reiss | https://smfa.tufts.edu/directory/tzu-ju-chen | https://smfa.tufts.edu/directory/hannah-oatman | https://smfa.tufts.edu/directory/erica-bello | https://smfa.tufts.edu/student-experience/studio-resources/metals-studio,2026-05-30
502,gap/kendall-reiss,Kendall Reiss,person-gap-addition,,,,School of the Museum of Fine Arts,,,,,succession re-scan: School of the Museum of Fine Arts,,yes,,,Professor of the Practice in Metals,yes,https://smfa.tufts.edu/directory/kendall-reiss,,high,succession-scan,https://smfa.tufts.edu/areas-of-study/metals | https://smfa.tufts.edu/faculty | https://smfa.tufts.edu/directory/tanya-crane | https://smfa.tufts.edu/directory/kendall-reiss | https://smfa.tufts.edu/directory/tzu-ju-chen | https://smfa.tufts.edu/directory/hannah-oatman | https://smfa.tufts.edu/directory/erica-bello | https://smfa.tufts.edu/student-experience/studio-resources/metals-studio,2026-05-30
503,gap/hannah-oatman,Hannah Oatman,person-gap-addition,,,,School of the Museum of Fine Arts,,,,,succession re-scan: School of the Museum of Fine Arts,,yes,,,Part-Time Lecturer in Metals,yes,https://smfa.tufts.edu/directory/hannah-oatman,,high,succession-scan,https://smfa.tufts.edu/areas-of-study/metals | https://smfa.tufts.edu/faculty | https://smfa.tufts.edu/directory/tanya-crane | https://smfa.tufts.edu/directory/kendall-reiss | https://smfa.tufts.edu/directory/tzu-ju-chen | https://smfa.tufts.edu/directory/hannah-oatman | https://smfa.tufts.edu/directory/erica-bello | https://smfa.tufts.edu/student-experience/studio-resources/metals-studio,2026-05-30
504,gap/erica-bello,Erica Bello,person-gap-addition,,,,School of the Museum of Fine Arts,,,,,succession re-scan: School of the Museum of Fine Arts,,yes,,,Part-Time Lecturer in Metals,yes,https://smfa.tufts.edu/directory/erica-bello,,high,succession-scan,https://smfa.tufts.edu/areas-of-study/metals | https://smfa.tufts.edu/faculty | https://smfa.tufts.edu/directory/tanya-crane | https://smfa.tufts.edu/directory/kendall-reiss | https://smfa.tufts.edu/directory/tzu-ju-chen | https://smfa.tufts.edu/directory/hannah-oatman | https://smfa.tufts.edu/directory/erica-bello | https://smfa.tufts.edu/student-experience/studio-resources/metals-studio,2026-05-30
505,gap/brian-ferrell,Brian Ferrell,person-gap-addition,,,,Seton Hill College,,,,,succession re-scan: Seton Hill College,,yes,,,"Associate Professor of Art, Jewelry/Metals (M.F.A. UMass-Dartmouth 2004; SNAG Board 2014-2020, President 2019)",yes,https://www.setonhill.edu/academics/faculty/profiles/humanities/brian-ferrell.html,,high,succession-scan,https://www.setonhill.edu/academics/faculty/profiles/humanities/brian-ferrell.html | https://www.setonhill.edu/academics/schools/visual-performing-arts/art-design/index.html | https://www.setonhill.edu/academics/degrees-programs/undergraduate-programs/art-fine-art-studio-bfa.html | https://test-shualumni.setonhill.edu/alumni-archive-pages/scholarship/honor-a-mentor/josefa-filkosky.html,2026-05-30
506,gap/david-peterson,David Peterson,person-gap-addition,,,,Skidmore College,,,,,succession re-scan: Skidmore College,,yes,,,Professor (Jewelry and Metals),yes,https://www.skidmore.edu/art/faculty/peterson-david.php,,high,succession-scan,https://www.skidmore.edu/art/faculty/index.php | https://www.skidmore.edu/art/faculty/peterson-david.php | https://www.skidmore.edu/art/faculty/pillari.php | https://www.skidmore.edu/art/studios/metals/index.php | https://catalog.skidmore.edu/departments-programs/art/ | https://www.facebook.com/groups/Skidmore1992/posts/10162824982381325/ | https://www.facebook.com/groups/Skidmore1992/posts/10162786253001325/,2026-05-30
507,gap/joe-pillari,Joe Pillari,person-gap-addition,,,,Skidmore College,,,,,succession re-scan: Skidmore College,,yes,,,Visiting Assistant Professor (Jewelry and Metals),yes,https://www.skidmore.edu/art/faculty/pillari.php,,high,succession-scan,https://www.skidmore.edu/art/faculty/index.php | https://www.skidmore.edu/art/faculty/peterson-david.php | https://www.skidmore.edu/art/faculty/pillari.php | https://www.skidmore.edu/art/studios/metals/index.php | https://catalog.skidmore.edu/departments-programs/art/ | https://www.facebook.com/groups/Skidmore1992/posts/10162824982381325/ | https://www.facebook.com/groups/Skidmore1992/posts/10162786253001325/,2026-05-30
508,gap/sean-macmillan,Sean Macmillan,person-gap-addition,,,,Slippery Rock University,,,,,succession re-scan: Slippery Rock University,,yes,,,"Professor of Metalsmithing; Chairperson, Art Department",yes,https://www.sru.edu/academics/colleges-and-departments/cla/departments/art/faculty,,high,succession-scan,https://www.sru.edu/academics/colleges-and-departments/cla/departments/art/faculty | https://www.sru.edu/academics/majors-and-minors/art-bfa-concentration-in-metalsmithing,2026-05-30
509,gap/terrence-lavin,Terrence Lavin,person-gap-addition,,,,Southern Connecticut State University,,,,,succession re-scan: Southern Connecticut State University,,yes,,,"Professor of Jewelry/Metals (and Chair, Department of Art and Design)",yes,https://inside.southernct.edu/art/faculty,,high,succession-scan,https://inside.southernct.edu/art/faculty | https://news.southernct.edu/2023/07/11/creative-pursuits-jewelry-and-metals/ | https://catalog.southernct.edu/undergraduate/programs-and-degrees/art-and-design-bs-concentration-jewelry-metals.html | http://www.terrencelavin.com/,2026-05-30
510,gap/rick-smith,Rick Smith,person-gap-addition,,,,Southern Illinois University Carbondale,,,,,succession re-scan: Southern Illinois University Carbondale,,yes,,,Professor (blacksmithing & metalsmithing),yes,https://faculty.siu.edu/profiles/q-s/smith-rick.php,,high,succession-scan,https://academics.siu.edu/design/art/program-tracks/metalsmithing.php | https://faculty.siu.edu/profiles/q-s/smith-rick.php | https://faculty.siu.edu/profiles/j-l/kyoung-kim-sun.php,2026-05-30
511,gap/sun-kyoung-kim,Sun Kyoung Kim,person-gap-addition,,,,Southern Illinois University Carbondale,,,,,succession re-scan: Southern Illinois University Carbondale,,yes,,,Associate Professor (metalsmithing & jewelry),yes,https://faculty.siu.edu/profiles/j-l/kyoung-kim-sun.php,,high,succession-scan,https://academics.siu.edu/design/art/program-tracks/metalsmithing.php | https://faculty.siu.edu/profiles/q-s/smith-rick.php | https://faculty.siu.edu/profiles/j-l/kyoung-kim-sun.php,2026-05-30
512,gap/jillian-jill-sortore,Jillian (Jill) Sortore,person-gap-addition,,,,Southwest School of Art and Craft,,,,,succession re-scan: Southwest School of Art and Craft,,yes,,,"Professor of Instruction (Sculpture and Metals), UTSA School of Art — lead/advanced metals faculty",yes,https://colfa.utsa.edu/faculty/profiles/sortore-jillian.html,,high,succession-scan,https://colfa.utsa.edu/faculty/profiles/sortore-jillian.html | https://www.utsa.edu/today/2021/08/story/utsa-ssa-collaboration-2021.html | https://www.utsa.edu/pace/community-art/adult/jewelry.html | https://www.utsa.edu/pace/documents/Community%20Art%20Catalog%20-%20Spring%202026.pdf | https://www.jewelers.org/jewelry-careers/jewelry-schools-directory/southwest-school-of-art-and-the-university-of-texas-at-san-antonio,2026-05-30
513,gap/sulo-bee,Sulo Bee,person-gap-addition,,,,Southwest School of Art and Craft,,,,,succession re-scan: Southwest School of Art and Craft,,yes,,,"Metals/jewelry community-art instructor (metalsmith, MFA SUNY New Paltz)",yes,https://www.utsa.edu/pace/community-art/adult/jewelry.html,,high,succession-scan,https://colfa.utsa.edu/faculty/profiles/sortore-jillian.html | https://www.utsa.edu/today/2021/08/story/utsa-ssa-collaboration-2021.html | https://www.utsa.edu/pace/community-art/adult/jewelry.html | https://www.utsa.edu/pace/documents/Community%20Art%20Catalog%20-%20Spring%202026.pdf | https://www.jewelers.org/jewelry-careers/jewelry-schools-directory/southwest-school-of-art-and-the-university-of-texas-at-san-antonio,2026-05-30
514,gap/denise-mccoy,Denise McCoy,person-gap-addition,,,,Southwest School of Art and Craft,,,,,succession re-scan: Southwest School of Art and Craft,,yes,,,Advanced Metals instructor — UTSA Community Art,yes,https://www.utsa.edu/pace/community-art/adult/jewelry.html,,high,succession-scan,https://colfa.utsa.edu/faculty/profiles/sortore-jillian.html | https://www.utsa.edu/today/2021/08/story/utsa-ssa-collaboration-2021.html | https://www.utsa.edu/pace/community-art/adult/jewelry.html | https://www.utsa.edu/pace/documents/Community%20Art%20Catalog%20-%20Spring%202026.pdf | https://www.jewelers.org/jewelry-careers/jewelry-schools-directory/southwest-school-of-art-and-the-university-of-texas-at-san-antonio,2026-05-30
515,gap/tobin-nieto,Tobin Nieto,person-gap-addition,,,,Southwest School of Art and Craft,,,,,succession re-scan: Southwest School of Art and Craft,,yes,,,Jewelry & Metals instructor — UTSA Community Art,yes,https://www.utsa.edu/pace/community-art/adult/jewelry.html,,high,succession-scan,https://colfa.utsa.edu/faculty/profiles/sortore-jillian.html | https://www.utsa.edu/today/2021/08/story/utsa-ssa-collaboration-2021.html | https://www.utsa.edu/pace/community-art/adult/jewelry.html | https://www.utsa.edu/pace/documents/Community%20Art%20Catalog%20-%20Spring%202026.pdf | https://www.jewelers.org/jewelry-careers/jewelry-schools-directory/southwest-school-of-art-and-the-university-of-texas-at-san-antonio,2026-05-30
516,gap/alejandra-salinas-p-rez,Alejandra Salinas Pérez,person-gap-addition,,,,Southwest School of Art and Craft,,,,,succession re-scan: Southwest School of Art and Craft,,yes,,,Jewelry & Metals instructor — UTSA Community Art,yes,https://www.utsa.edu/pace/community-art/adult/jewelry.html,,high,succession-scan,https://colfa.utsa.edu/faculty/profiles/sortore-jillian.html | https://www.utsa.edu/today/2021/08/story/utsa-ssa-collaboration-2021.html | https://www.utsa.edu/pace/community-art/adult/jewelry.html | https://www.utsa.edu/pace/documents/Community%20Art%20Catalog%20-%20Spring%202026.pdf | https://www.jewelers.org/jewelry-careers/jewelry-schools-directory/southwest-school-of-art-and-the-university-of-texas-at-san-antonio,2026-05-30
517,gap/laura-qui-ones,Laura Quiñones,person-gap-addition,,,,Southwest School of Art and Craft,,,,,succession re-scan: Southwest School of Art and Craft,,yes,,,Jewelry-Making instructor — UTSA Community Art,yes,https://www.utsa.edu/pace/community-art/adult/jewelry.html,,high,succession-scan,https://colfa.utsa.edu/faculty/profiles/sortore-jillian.html | https://www.utsa.edu/today/2021/08/story/utsa-ssa-collaboration-2021.html | https://www.utsa.edu/pace/community-art/adult/jewelry.html | https://www.utsa.edu/pace/documents/Community%20Art%20Catalog%20-%20Spring%202026.pdf | https://www.jewelers.org/jewelry-careers/jewelry-schools-directory/southwest-school-of-art-and-the-university-of-texas-at-san-antonio,2026-05-30
518,gap/jin-a-seo,Jin A. Seo,person-gap-addition,,,,Southwest Missouri State University,,,,,succession re-scan: Southwest Missouri State University,,yes,,,Associate Professor (Metals & Jewelry),yes,https://art.missouristate.edu/profile.asp?p=JinASeo,,high,succession-scan,https://art.missouristate.edu/people.htm | https://art.missouristate.edu/profile.asp?p=JinASeo | https://art.missouristate.edu/Undergraduate/3d-studies-track.htm,2026-05-30
519,gap/adam-atkinson,Adam Atkinson,person-gap-addition,,,,Southwest Texas State University,,,,,succession re-scan: Southwest Texas State University,,yes,,,"Assistant Professor, Area Head – Studio Arts: Metals",yes,https://www.finearts.txst.edu/Art/faculty.html,,high,succession-scan,https://www.finearts.txst.edu/Art/faculty.html | https://www.finearts.txst.edu/Art/academics/undergraduate/studio-art/studio-areas.html | https://faculty.txst.edu/profile/1921500 | https://glasstire.com/2026/03/03/disturbance-loving-species-a-conversation-with-beverly-penn/ | https://faculty.txst.edu/profile/1921519,2026-05-30
520,gap/nicole-deschamps-benke,Nicole DesChamps-Benke,person-gap-addition,,,,Southwest Texas State University,,,,,succession re-scan: Southwest Texas State University,,yes,,,"Professor of Instruction, Studio Art: Metals; Fabrication Lab Manager",yes,https://faculty.txst.edu/profile/1921500,,high,succession-scan,https://www.finearts.txst.edu/Art/faculty.html | https://www.finearts.txst.edu/Art/academics/undergraduate/studio-art/studio-areas.html | https://faculty.txst.edu/profile/1921500 | https://glasstire.com/2026/03/03/disturbance-loving-species-a-conversation-with-beverly-penn/ | https://faculty.txst.edu/profile/1921519,2026-05-30
521,gap/laritza-garcia-janiga,Laritza Garcia Janiga,person-gap-addition,,,,Southwest Texas State University,,,,,succession re-scan: Southwest Texas State University,,yes,,,"Associate Professor of Instruction, Studio Art: Metals/3D Design",yes,https://www.finearts.txst.edu/Art/faculty.html,,high,succession-scan,https://www.finearts.txst.edu/Art/faculty.html | https://www.finearts.txst.edu/Art/academics/undergraduate/studio-art/studio-areas.html | https://faculty.txst.edu/profile/1921500 | https://glasstire.com/2026/03/03/disturbance-loving-species-a-conversation-with-beverly-penn/ | https://faculty.txst.edu/profile/1921519,2026-05-30
522,gap/tara-j-nahabetian,Tara J. Nahabetian,person-gap-addition,,,,State University College at Buffalo,,,,,succession re-scan: State University College at Buffalo,,yes,,,"Associate Professor and Program Coordinator, Metals/Jewelry",yes,https://artdesign.buffalostate.edu/directory/tara-j-nahabetian,,high,succession-scan,https://artdesign.buffalostate.edu/metalsjewelry | https://artdesign.buffalostate.edu/directory/tara-j-nahabetian | https://artdesign.buffalostate.edu/directory/stephen-f-saracino | https://artdesign.buffalostate.edu/faculty-staff,2026-05-30
523,gap/stephen-f-saracino,Stephen F. Saracino,person-gap-addition,,,,State University College at Buffalo,,,,,succession re-scan: State University College at Buffalo,,yes,,,"Professor, Metals/Jewelry",yes,https://artdesign.buffalostate.edu/directory/stephen-f-saracino,,high,succession-scan,https://artdesign.buffalostate.edu/metalsjewelry | https://artdesign.buffalostate.edu/directory/tara-j-nahabetian | https://artdesign.buffalostate.edu/directory/stephen-f-saracino | https://artdesign.buffalostate.edu/faculty-staff,2026-05-30
524,gap/lynn-batchelder,Lynn Batchelder,person-gap-addition,,,,State University of New York at New Paltz,,,,,succession re-scan: State University of New York at New Paltz,,yes,,,Assistant/Associate Professor of Metal (also Chair of Dept. of Art),yes,https://webapps.newpaltz.edu/directory/profile/lynnbatchelder,,high,succession-scan,https://www.newpaltz.edu/fpa/art/metal/ | https://www.newpaltzmetal.com/faculty | https://www.newpaltzmetal.com/about | https://artjewelryforum.org/schools/state-university-of-new-york-at-new-paltz/ | https://webapps.newpaltz.edu/directory/profile/lynnbatchelder,2026-05-30
525,gap/adam-mastropaolo,Adam Mastropaolo,person-gap-addition,,,,State University of New York at New Paltz,,,,,succession re-scan: State University of New York at New Paltz,,yes,,,Instructional Support Technician,yes,https://www.newpaltzmetal.com/faculty,,high,succession-scan,https://www.newpaltz.edu/fpa/art/metal/ | https://www.newpaltzmetal.com/faculty | https://www.newpaltzmetal.com/about | https://artjewelryforum.org/schools/state-university-of-new-york-at-new-paltz/ | https://webapps.newpaltz.edu/directory/profile/lynnbatchelder,2026-05-30
526,gap/amelia-toelke,Amelia Toelke,person-gap-addition,,,,State University of New York at New Paltz,,,,,succession re-scan: State University of New York at New Paltz,,yes,,,Visiting Faculty,yes,https://www.newpaltzmetal.com/amelia,,high,succession-scan,https://www.newpaltz.edu/fpa/art/metal/ | https://www.newpaltzmetal.com/faculty | https://www.newpaltzmetal.com/about | https://artjewelryforum.org/schools/state-university-of-new-york-at-new-paltz/ | https://webapps.newpaltz.edu/directory/profile/lynnbatchelder,2026-05-30
527,gap/christina-smith,Christina Smith,person-gap-addition,,,,California State University - Fullerton,,,,,succession re-scan: California State University - Fullerton,,yes,,,"Professor of Art; Area Coordinator, Jewelry and Metals",yes,https://www.fullerton.edu/arts/art/about/faculty-staff.html,,high,succession-scan,https://www.fullerton.edu/arts/art/about/faculty-staff.html | https://catalog.fullerton.edu/preview_program.php?catoid=61&poid=28520 | https://catalog.fullerton.edu/preview_program.php?catoid=61&poid=28536 | https://www.linkedin.com/in/christina-y-smith-84770755/ | https://www.craftinamerica.org/artist/christina-smith/,2026-05-30
528,gap/hiroko-m-streppone,Hiroko M. Streppone,person-gap-addition,,,,"Studio Jewelers, Ltd.",,,,,"succession re-scan: Studio Jewelers, Ltd.",,yes,,,Instructor,yes,https://studiojewelersltd.com/faculty/,,high,succession-scan,https://studiojewelersltd.com/faculty/ | https://studiojewelersltd.com/ | https://studiojewelersltd.com/courses/,2026-05-30
529,gap/michiyo-fujiwara,Michiyo Fujiwara,person-gap-addition,,,,"Studio Jewelers, Ltd.",,,,,"succession re-scan: Studio Jewelers, Ltd.",,yes,,,Instructor,yes,https://studiojewelersltd.com/faculty/,,high,succession-scan,https://studiojewelersltd.com/faculty/ | https://studiojewelersltd.com/ | https://studiojewelersltd.com/courses/,2026-05-30
530,gap/boris-goynatsky,Boris Goynatsky,person-gap-addition,,,,"Studio Jewelers, Ltd.",,,,,"succession re-scan: Studio Jewelers, Ltd.",,yes,,,Instructor,yes,https://studiojewelersltd.com/faculty/,,high,succession-scan,https://studiojewelersltd.com/faculty/ | https://studiojewelersltd.com/ | https://studiojewelersltd.com/courses/,2026-05-30
531,gap/robly-a-glover,Robly A. Glover,person-gap-addition,,,,Texas Tech University,,,,,succession re-scan: Texas Tech University,,yes,,,"Professor, Jewelry Design and Metalsmithing",yes,https://www.depts.ttu.edu/art/about/our-people/faculty/glover-robly.php,,high,succession-scan,https://www.depts.ttu.edu/art/about/our-people/faculty/ | https://www.depts.ttu.edu/art/about/our-people/faculty/glover-robly.php | https://www.depts.ttu.edu/art/about/our-people/faculty/slagle-nancy.php | https://www.depts.ttu.edu/art/programs/undergraduate/studio-art-bfa/jewelry-design-metalsmithing/index.php | https://www.depts.ttu.edu/art/programs/graduate/studio-arts-mfa/jewelry-design-metalsmithing/index.php | https://www.metalsclub.org/distinguished-faculty | https://www.arts.texas.gov/jobs/assistant-professor-jewelry/,2026-05-30
532,gap/nancy-slagle,Nancy Slagle,person-gap-addition,,,,Texas Tech University,,,,,succession re-scan: Texas Tech University,,yes,,,"Associate Professor, Jewelry Design and Metalsmithing; Associate Director, School of Art",yes,https://www.depts.ttu.edu/art/about/our-people/faculty/slagle-nancy.php,,high,succession-scan,https://www.depts.ttu.edu/art/about/our-people/faculty/ | https://www.depts.ttu.edu/art/about/our-people/faculty/glover-robly.php | https://www.depts.ttu.edu/art/about/our-people/faculty/slagle-nancy.php | https://www.depts.ttu.edu/art/programs/undergraduate/studio-art-bfa/jewelry-design-metalsmithing/index.php | https://www.depts.ttu.edu/art/programs/graduate/studio-arts-mfa/jewelry-design-metalsmithing/index.php | https://www.metalsclub.org/distinguished-faculty | https://www.arts.texas.gov/jobs/assistant-professor-jewelry/,2026-05-30
533,gap/charlene-modena,Charlene Modena,person-gap-addition,,,,Academy of Art College,,,,,succession re-scan: Academy of Art College,,yes,,,"Director, School of Jewelry & Metal Arts",yes,https://www.academyart.edu/academics/jewelry-metal-arts/faculty/,,high,succession-scan,https://www.academyart.edu/academics/jewelry-metal-arts/faculty/ | https://www.academyart.edu/academics/jewelry-metal-arts/,2026-05-30
534,gap/lindsey-eason,Lindsey Eason,person-gap-addition,,,,Academy of Art College,,,,,succession re-scan: Academy of Art College,,yes,,,Part-Time Faculty,yes,https://www.academyart.edu/academics/jewelry-metal-arts/faculty/,,high,succession-scan,https://www.academyart.edu/academics/jewelry-metal-arts/faculty/ | https://www.academyart.edu/academics/jewelry-metal-arts/,2026-05-30
535,gap/justin-mcginnis,Justin McGinnis,person-gap-addition,,,,Academy of Art College,,,,,succession re-scan: Academy of Art College,,yes,,,Part-Time Faculty,yes,https://www.academyart.edu/academics/jewelry-metal-arts/faculty/,,high,succession-scan,https://www.academyart.edu/academics/jewelry-metal-arts/faculty/ | https://www.academyart.edu/academics/jewelry-metal-arts/,2026-05-30
536,gap/chrystal-sunshine,Chrystal Sunshine,person-gap-addition,,,,Academy of Art College,,,,,succession re-scan: Academy of Art College,,yes,,,Part-Time Faculty,yes,https://www.academyart.edu/academics/jewelry-metal-arts/faculty/,,high,succession-scan,https://www.academyart.edu/academics/jewelry-metal-arts/faculty/ | https://www.academyart.edu/academics/jewelry-metal-arts/,2026-05-30
537,gap/susanna-ali,Susanna Ali,person-gap-addition,,,,California State University at Long Beach,,,,,succession re-scan: California State University at Long Beach,,yes,,,"Professor & Program Head, Metals & Jewelry",yes,https://www.csulb.edu/school-of-art/page/susanna-ali,,high,succession-scan,https://www.csulb.edu/school-of-art/metals-jewelry | https://www.csulb.edu/school-of-art/page/susanna-ali | https://www.csulb.edu/school-of-art/faculty-and-staff | https://rachelshimpock.com/page-cv | https://www.ratemyprofessors.com/professor/2057599,2026-05-30
538,gap/rachel-shimpock,Rachel Shimpock,person-gap-addition,,,,California State University at Long Beach,,,,,succession re-scan: California State University at Long Beach,,yes,,,"Adjunct / Lecturer, Metals & Jewelry",yes,https://rachelshimpock.com/page-cv,,high,succession-scan,https://www.csulb.edu/school-of-art/metals-jewelry | https://www.csulb.edu/school-of-art/page/susanna-ali | https://www.csulb.edu/school-of-art/faculty-and-staff | https://rachelshimpock.com/page-cv | https://www.ratemyprofessors.com/professor/2057599,2026-05-30
539,gap/sherry-simms,Sherry Simms,person-gap-addition,,,,The University of Akron,,,,,succession re-scan: The University of Akron,,yes,,,Associate Professor of Art; Metalsmithing & Jewelry Area Coordinator,yes,https://www.uakron.edu/art/our-people/bio-detail.dot?u=ssimms,,high,succession-scan,https://www.uakron.edu/art/academics/metalsmithing.dot | https://www.uakron.edu/art/our-people/bio-detail.dot?u=ssimms | https://www.uakron.edu/art/our-people/faculty/ | https://bulletin.uakron.edu/undergraduate/colleges-programs/arts-sciences/art/jewelry-metalsmithing-bfa/,2026-05-30
540,gap/hershall-seals,Hershall Seals,person-gap-addition,,,,The University of Mary Hardin-Baylor,,,,,succession re-scan: The University of Mary Hardin-Baylor,,yes,,,"Adjunct Faculty, Art Metals",yes,https://www.umhb.edu/visual-performing-arts/art/faculty-staff-listing,,medium,succession-scan,https://www.umhb.edu/visual-performing-arts/art/faculty-staff-listing | https://events.umhb.edu/hseals_524 | https://www.umhb.edu/resources/hr/directory/mr-hershall-seals,2026-05-30
541,gap/rebecca-strzelec,Rebecca Strzelec,person-gap-addition,,,,The University of Michigan,,,,,succession re-scan: The University of Michigan,,yes,,,Professor and Associate Dean for Academic Programs (Metals/Jewelry/CAD-CAM),yes,https://stamps.umich.edu/people/rebecca-strzelec,,medium,succession-scan,https://stamps.umich.edu/people/faculty | https://stamps.umich.edu/people/rebecca-strzelec | https://stamps.umich.edu/news/rebecca-strzelec-named-associate-dean-of-academic-programs | https://stamps.umich.edu/people/mike-vitale | https://stamps.umich.edu/courses/7828 | https://stamps.umich.edu/courses/8134 | https://eskenazi.indiana.edu/faculty/directory/jacquard-nicole.html | https://stamps.umich.edu/people/susan-crowell,2026-05-30
542,gap/mike-vitale,Mike Vitale,person-gap-addition,,,,The University of Michigan,,,,,succession re-scan: The University of Michigan,,yes,,,3D Studios Supervisor / Materials Fabrication Studio Coordinator (Jewelry/Metalsmithing studio),yes,https://stamps.umich.edu/people/mike-vitale,,medium,succession-scan,https://stamps.umich.edu/people/faculty | https://stamps.umich.edu/people/rebecca-strzelec | https://stamps.umich.edu/news/rebecca-strzelec-named-associate-dean-of-academic-programs | https://stamps.umich.edu/people/mike-vitale | https://stamps.umich.edu/courses/7828 | https://stamps.umich.edu/courses/8134 | https://eskenazi.indiana.edu/faculty/directory/jacquard-nicole.html | https://stamps.umich.edu/people/susan-crowell,2026-05-30
543,gap/jessica-l-tolbert,Jessica L. Tolbert,person-gap-addition,,,,The University of Texas at El Paso,,,,,succession re-scan: The University of Texas at El Paso,,yes,,,Associate Professor of Art; Head of the Jewelry + Metals program,yes,https://www.utep.edu/liberalarts/art/academic-programs/undergraduate/metals/metals-faculty.html,,high,succession-scan,https://www.utep.edu/liberalarts/art/academic-programs/undergraduate/metals/metals-faculty.html | https://hb2504.utep.edu/Home/Profile?username=jltolbert | https://www.utep.edu/liberalarts/art/people/faculty-staff.html | http://news.utep.edu/light-movement-chaos-the-art-of-rachelle-thiewes/,2026-05-30
544,gap/alejandra-carrillo-estrada,Alejandra Carrillo-Estrada,person-gap-addition,,,,The University of Texas at El Paso,,,,,succession re-scan: The University of Texas at El Paso,,yes,,,"Lecturer, Foundations / Metals",yes,https://www.utep.edu/liberalarts/art/academic-programs/undergraduate/metals/metals-faculty.html,,high,succession-scan,https://www.utep.edu/liberalarts/art/academic-programs/undergraduate/metals/metals-faculty.html | https://hb2504.utep.edu/Home/Profile?username=jltolbert | https://www.utep.edu/liberalarts/art/people/faculty-staff.html | http://news.utep.edu/light-movement-chaos-the-art-of-rachelle-thiewes/,2026-05-30
545,gap/guadalupe-navarro,Guadalupe Navarro,person-gap-addition,,,,The University of Texas Pan American,,,,,succession re-scan: The University of Texas Pan American,,yes,,,"Lecturer in Sculpture, Metalsmithing, and 3D Design",yes,https://www.guadalupenavarroart.com/curriculumvitae,,medium,succession-scan,https://www.utrgv.edu/cofa/schools-and-departments/school-of-art-and-design/art-and-design-faculty-directory/index.htm | https://www.guadalupenavarroart.com/curriculumvitae | https://www.interlochen.org/person/guadalupe-navarro | https://www.ratemyprofessors.com/professor/2767876 | https://nancymoyerstudio.com/about/,2026-05-30
546,gap/yevgeniya-kaganovich,Yevgeniya Kaganovich,person-gap-addition,,,,The University of Wisconsin -Milwaukee,,,,,succession re-scan: The University of Wisconsin -Milwaukee,,yes,,,"Professor & Area Head, Jewelry & Metalsmithing",yes,https://uwm.edu/arts/directory/kaganovich-yevgeniya/,,high,succession-scan,https://uwm.edu/arts/people-category/art-design/studio-arts/jewelry-metalsmiting/ | https://uwm.edu/arts/directory/kaganovich-yevgeniya/ | https://uwm.edu/arts/directory/meier-erica/ | https://uwm.edu/arts/students/art-design-studios/jewelry-metalsmithing/,2026-05-30
547,gap/jim-charles,Jim Charles,person-gap-addition,,,,The University of Wisconsin -Milwaukee,,,,,succession re-scan: The University of Wisconsin -Milwaukee,,yes,,,"Teaching Faculty II, Jewelry & Metalsmithing; Program Coordinator",yes,https://uwm.edu/arts/directory/charles-jim/,,high,succession-scan,https://uwm.edu/arts/people-category/art-design/studio-arts/jewelry-metalsmiting/ | https://uwm.edu/arts/directory/kaganovich-yevgeniya/ | https://uwm.edu/arts/directory/meier-erica/ | https://uwm.edu/arts/students/art-design-studios/jewelry-metalsmithing/,2026-05-30
548,gap/erica-a-meier,Erica A. Meier,person-gap-addition,,,,The University of Wisconsin -Milwaukee,,,,,succession re-scan: The University of Wisconsin -Milwaukee,,yes,,,"Teaching Faculty II, Jewelry & Metalsmithing; Studio Technician",yes,https://uwm.edu/arts/directory/meier-erica/,,high,succession-scan,https://uwm.edu/arts/people-category/art-design/studio-arts/jewelry-metalsmiting/ | https://uwm.edu/arts/directory/kaganovich-yevgeniya/ | https://uwm.edu/arts/directory/meier-erica/ | https://uwm.edu/arts/students/art-design-studios/jewelry-metalsmithing/,2026-05-30
549,gap/ryan-send,Ryan Send,person-gap-addition,,,,The University of Wisconsin -Milwaukee,,,,,succession re-scan: The University of Wisconsin -Milwaukee,,yes,,,"Lecturer, Jewelry & Metalsmithing",yes,https://uwm.edu/arts/directory/send-ryan/,,high,succession-scan,https://uwm.edu/arts/people-category/art-design/studio-arts/jewelry-metalsmiting/ | https://uwm.edu/arts/directory/kaganovich-yevgeniya/ | https://uwm.edu/arts/directory/meier-erica/ | https://uwm.edu/arts/students/art-design-studios/jewelry-metalsmithing/,2026-05-30
550,gap/luci-jockel,Luci Jockel,person-gap-addition,,,,Towson University,,,,,succession re-scan: Towson University,,yes,,,"Assistant Teaching Professor / Lecturer — Area Coordinator, Metalsmithing & Jewelry",yes,https://www.towson.edu/cofac/departments/art/facultystaff/luci-jockel.html,,high,succession-scan,https://www.towson.edu/cofac/departments/art/facultystaff/ | https://www.towson.edu/cofac/departments/art/undergrad/artdesign/metalsmith.html | https://www.towson.edu/cofac/departments/art/facultystaff/luci-jockel.html | https://www.towson.edu/cofac/departments/art/facultystaff/jdemonte.html,2026-05-30
551,gap/joshua-demonte,Joshua DeMonte,person-gap-addition,,,,Towson University,,,,,succession re-scan: Towson University,,yes,,,"Associate Professor — Area Coordinator, Interdisciplinary Object Design (Jewelry/Metalsmithing, 3D Design)",yes,https://www.towson.edu/cofac/departments/art/facultystaff/jdemonte.html,,high,succession-scan,https://www.towson.edu/cofac/departments/art/facultystaff/ | https://www.towson.edu/cofac/departments/art/undergrad/artdesign/metalsmith.html | https://www.towson.edu/cofac/departments/art/facultystaff/luci-jockel.html | https://www.towson.edu/cofac/departments/art/facultystaff/jdemonte.html,2026-05-30
552,gap/andrew-andy-lowrie,Andrew (Andy) Lowrie,person-gap-addition,,,,Towson University,,,,,succession re-scan: Towson University,,yes,,,Adjunct Faculty — Jewelry + Metalsmithing,yes,https://www.towson.edu/cofac/departments/art/facultystaff/,,high,succession-scan,https://www.towson.edu/cofac/departments/art/facultystaff/ | https://www.towson.edu/cofac/departments/art/undergrad/artdesign/metalsmith.html | https://www.towson.edu/cofac/departments/art/facultystaff/luci-jockel.html | https://www.towson.edu/cofac/departments/art/facultystaff/jdemonte.html,2026-05-30
553,gap/doug-bucci,Doug Bucci,person-gap-addition,,,,Tyler School of Art/Temple University,,,,,succession re-scan: Tyler School of Art/Temple University,,yes,,,Assistant Professor and Program Head of Metals/Jewelry/CAD-CAM,yes,https://tyler.temple.edu/directory/doug-bucci,,high,succession-scan,https://tyler.temple.edu/academics/art/metals-jewelry-cad-cam/faculty | https://grad.temple.edu/news/2018/10/new-vision-tyler-metalsjewelrycad-cam | https://artjewelryforum.org/schools/tyler-school-of-art-and-architecture/,2026-05-30
554,gap/mallory-weston,Mallory Weston,person-gap-addition,,,,Tyler School of Art/Temple University,,,,,succession re-scan: Tyler School of Art/Temple University,,yes,,,Associate Professor,yes,https://tyler.temple.edu/directory/mallory-weston,,high,succession-scan,https://tyler.temple.edu/academics/art/metals-jewelry-cad-cam/faculty | https://grad.temple.edu/news/2018/10/new-vision-tyler-metalsjewelrycad-cam | https://artjewelryforum.org/schools/tyler-school-of-art-and-architecture/,2026-05-30
555,gap/barb-baur,Barb Baur,person-gap-addition,,,,Tyler School of Art/Temple University,,,,,succession re-scan: Tyler School of Art/Temple University,,yes,,,Adjunct Faculty,yes,https://tyler.temple.edu/directory/barb-baur,,high,succession-scan,https://tyler.temple.edu/academics/art/metals-jewelry-cad-cam/faculty | https://grad.temple.edu/news/2018/10/new-vision-tyler-metalsjewelrycad-cam | https://artjewelryforum.org/schools/tyler-school-of-art-and-architecture/,2026-05-30
556,gap/james-betts,James Betts,person-gap-addition,,,,Tyler School of Art/Temple University,,,,,succession re-scan: Tyler School of Art/Temple University,,yes,,,Adjunct Faculty,yes,https://tyler.temple.edu/directory/james-betts,,high,succession-scan,https://tyler.temple.edu/academics/art/metals-jewelry-cad-cam/faculty | https://grad.temple.edu/news/2018/10/new-vision-tyler-metalsjewelrycad-cam | https://artjewelryforum.org/schools/tyler-school-of-art-and-architecture/,2026-05-30
557,gap/valerie-james,Valerie James,person-gap-addition,,,,Tyler School of Art/Temple University,,,,,succession re-scan: Tyler School of Art/Temple University,,yes,,,Adjunct Faculty,yes,https://tyler.temple.edu/directory/valerie-james,,high,succession-scan,https://tyler.temple.edu/academics/art/metals-jewelry-cad-cam/faculty | https://grad.temple.edu/news/2018/10/new-vision-tyler-metalsjewelrycad-cam | https://artjewelryforum.org/schools/tyler-school-of-art-and-architecture/,2026-05-30
558,gap/sarah-montagnoli,Sarah Montagnoli,person-gap-addition,,,,Tyler School of Art/Temple University,,,,,succession re-scan: Tyler School of Art/Temple University,,yes,,,Adjunct Faculty,yes,https://tyler.temple.edu/directory/sarah-montagnoli,,high,succession-scan,https://tyler.temple.edu/academics/art/metals-jewelry-cad-cam/faculty | https://grad.temple.edu/news/2018/10/new-vision-tyler-metalsjewelrycad-cam | https://artjewelryforum.org/schools/tyler-school-of-art-and-architecture/,2026-05-30
559,gap/sharon-stampfer,Sharon Stampfer,person-gap-addition,,,,Tyler School of Art/Temple University,,,,,succession re-scan: Tyler School of Art/Temple University,,yes,,,Adjunct Faculty,yes,https://tyler.temple.edu/directory/sharon-stampfer,,high,succession-scan,https://tyler.temple.edu/academics/art/metals-jewelry-cad-cam/faculty | https://grad.temple.edu/news/2018/10/new-vision-tyler-metalsjewelrycad-cam | https://artjewelryforum.org/schools/tyler-school-of-art-and-architecture/,2026-05-30
560,gap/steve-mcguire,Steve McGuire,person-gap-addition,,,,University of Iowa,,,,,succession re-scan: University of Iowa,,yes,,,"Professor and Area Head, Jewelry and Metal Arts",yes,https://art.uiowa.edu/people/steve-mcguire,,high,succession-scan,https://art.uiowa.edu/research/studio-art/jewelry-metal-arts | https://art.uiowa.edu/people/steve-mcguire | https://art.uiowa.edu/people/lonna-huisingh-keller | https://art.uiowa.edu/people/kee-ho-yuen | https://art.uiowa.edu/people/chunghi-choo,2026-05-30
561,gap/lonna-huisingh-keller,Lonna Huisingh (Keller),person-gap-addition,,,,University of Iowa,,,,,succession re-scan: University of Iowa,,yes,,,"Visiting Assistant Professor, Jewelry and Metal Arts",yes,https://art.uiowa.edu/people/lonna-huisingh-keller,,high,succession-scan,https://art.uiowa.edu/research/studio-art/jewelry-metal-arts | https://art.uiowa.edu/people/steve-mcguire | https://art.uiowa.edu/people/lonna-huisingh-keller | https://art.uiowa.edu/people/kee-ho-yuen | https://art.uiowa.edu/people/chunghi-choo,2026-05-30
562,gap/sunyoung-cheong,Sunyoung Cheong,person-gap-addition,,,,University of Kansas,,,,,succession re-scan: University of Kansas,,yes,,,"Assistant Professor, Mary Fischer Traver Metalsmithing & Jewelry Professorship",yes,https://art.ku.edu/people/sunyoung-cheong,,high,succession-scan,https://art.ku.edu/metalsmithingjewelry | https://art.ku.edu/faculty-and-staff | https://art.ku.edu/people/sunyoung-cheong | https://art.ku.edu/people/gina-westergard | https://art.ku.edu/people/erick-morales-scholz | https://art.ku.edu/people/jon-havener | https://art.ku.edu/people/tom-tivol | https://www.linstanionis.com/about,2026-05-30
563,gap/gina-westergard,Gina Westergard,person-gap-addition,,,,University of Kansas,,,,,succession re-scan: University of Kansas,,yes,,,Professor of Visual Art in Metalsmithing/Jewelry,yes,https://art.ku.edu/people/gina-westergard,,high,succession-scan,https://art.ku.edu/metalsmithingjewelry | https://art.ku.edu/faculty-and-staff | https://art.ku.edu/people/sunyoung-cheong | https://art.ku.edu/people/gina-westergard | https://art.ku.edu/people/erick-morales-scholz | https://art.ku.edu/people/jon-havener | https://art.ku.edu/people/tom-tivol | https://www.linstanionis.com/about,2026-05-30
564,gap/erick-morales-scholz,Erick Morales Scholz,person-gap-addition,,,,University of Kansas,,,,,succession re-scan: University of Kansas,,yes,,,Lecturer of Metalsmithing/Jewelry; Area Lab Coordinator,yes,https://art.ku.edu/people/erick-morales-scholz,,high,succession-scan,https://art.ku.edu/metalsmithingjewelry | https://art.ku.edu/faculty-and-staff | https://art.ku.edu/people/sunyoung-cheong | https://art.ku.edu/people/gina-westergard | https://art.ku.edu/people/erick-morales-scholz | https://art.ku.edu/people/jon-havener | https://art.ku.edu/people/tom-tivol | https://www.linstanionis.com/about,2026-05-30
565,gap/tom-tivol,Tom Tivol,person-gap-addition,,,,University of Kansas,,,,,succession re-scan: University of Kansas,,yes,,,"Adjunct Lecturer, Metalsmithing and Jewelry (gemological method)",yes,https://art.ku.edu/people/tom-tivol,,high,succession-scan,https://art.ku.edu/metalsmithingjewelry | https://art.ku.edu/faculty-and-staff | https://art.ku.edu/people/sunyoung-cheong | https://art.ku.edu/people/gina-westergard | https://art.ku.edu/people/erick-morales-scholz | https://art.ku.edu/people/jon-havener | https://art.ku.edu/people/tom-tivol | https://www.linstanionis.com/about,2026-05-30
566,gap/donovan-widmer,Donovan Widmer,person-gap-addition,,,,University of North Dakota,,,,,succession re-scan: University of North Dakota,,yes,,,"Associate Professor & Associate Chair, Jewelry/Metalsmithing",yes,https://campus.und.edu/directory/donovan.widmer,,high,succession-scan,https://arts-sciences.und.edu/academics/art-design/faculty.html | https://campus.und.edu/directory/donovan.widmer | https://libguides.und.edu/art/metal,2026-05-30
567,gap/james-thurman,James Thurman,person-gap-addition,,,,University of North Texas,,,,,succession re-scan: University of North Texas,,yes,,,"Professor, Studio Art: Metalsmithing and Jewelry; Program Coordinator of Metalsmithing and Jewelry",yes,https://cvad.unt.edu/people/thurman-james.html,,high,succession-scan,https://cvad.unt.edu/studioart/metalsmithingjewelry.html | https://cvad.unt.edu/people/thurman-james.html | https://cvad.unt.edu/people/lopez-ana.html | https://vpaa.unt.edu/fs/recognition/emeritus-info/emeritus-2018.html,2026-05-30
568,gap/ana-m-lopez,Ana M. Lopez,person-gap-addition,,,,University of North Texas,,,,,succession re-scan: University of North Texas,,yes,,,"Professor, Studio Art: Metalsmithing and Jewelry",yes,https://cvad.unt.edu/people/lopez-ana.html,,high,succession-scan,https://cvad.unt.edu/studioart/metalsmithingjewelry.html | https://cvad.unt.edu/people/thurman-james.html | https://cvad.unt.edu/people/lopez-ana.html | https://vpaa.unt.edu/fs/recognition/emeritus-info/emeritus-2018.html,2026-05-30
569,gap/anya-kivarkis,Anya Kivarkis,person-gap-addition,,,,University of Oregon,,,,,succession re-scan: University of Oregon,,yes,,,Professor; Department Head; Jewelry & Metalsmithing Coordinator (Area Head),yes,https://artdesign.uoregon.edu/directory/art-faculty/all/anya,,high,succession-scan,https://artdesign.uoregon.edu/directory/art-faculty | https://artdesign.uoregon.edu/directory/art-faculty/all/anya | https://artdesign.uoregon.edu/directory/art-emeritus-faculty/all/kwagle | https://careers.uoregon.edu/en-us/job/535662/jewelry-metalsmithing-visiting-artist-assistant-professor | https://www.oiyingvalerieho.com/ | https://catalog.uoregon.edu/courses/crs-artm/,2026-05-30
570,gap/valerie-ho-oi-ying-valerie-ho,Valerie Ho (Oi Ying Valerie Ho),person-gap-addition,,,,University of Oregon,,,,,succession re-scan: University of Oregon,,yes,,,Jewelry & Metalsmithing Visiting Artist Assistant Professor,yes,https://www.oiyingvalerieho.com/,,high,succession-scan,https://artdesign.uoregon.edu/directory/art-faculty | https://artdesign.uoregon.edu/directory/art-faculty/all/anya | https://artdesign.uoregon.edu/directory/art-emeritus-faculty/all/kwagle | https://careers.uoregon.edu/en-us/job/535662/jewelry-metalsmithing-visiting-artist-assistant-professor | https://www.oiyingvalerieho.com/ | https://catalog.uoregon.edu/courses/crs-artm/,2026-05-30
571,gap/jacquelyn-knapp,Jacquelyn Knapp,person-gap-addition,,,,University of Science & Arts of Oklahoma,,,,,succession re-scan: University of Science & Arts of Oklahoma,,yes,,,"Professor of Art and Coordinator of the Art Department (Jewelry, Sculpture, Drawing, Design)",yes,https://usao.edu/directory/jacquelyn-knapp.html,,medium,succession-scan,https://usao.edu/directory/index.html | https://usao.edu/academics/majors-and-minors/art/index.html | https://usao.edu/directory/jacquelyn-knapp.html | https://usao.edu/alumni/hof-individual-biographies/lamar-kent-2002.html,2026-05-30
572,gap/carli-holcomb,Carli Holcomb,person-gap-addition,,,,Casper College,,,,,succession re-scan: Casper College,,yes,,,Visual Arts Instructor (head of sculpture and metalsmithing concentration),yes,https://www.caspercollege.edu/directory/carli-holcomb/,,high,succession-scan,https://www.caspercollege.edu/program/visual-arts-department/ | https://www.caspercollege.edu/directory/carli-holcomb/ | https://www.caspercollege.edu/about/emeriti/ | https://www.caspercollege.edu/news/2021/03/seven-instructors-receive-tenure/ | https://oilcity.news/community/arts/2021/02/09/artist-carli-holcombs-confluence-on-display-at-casper-college/,2026-05-30
573,gap/thomas-bosse,Thomas Bosse,person-gap-addition,,,,University of South Carolina,,,,,succession re-scan: University of South Carolina,,yes,,,"Instructor, Studio Art (Jewelry & Metalsmithing)",yes,https://sc.edu/study/colleges_schools/artsandsciences/visual_art_and_design/our_people/directory/bosse_thomas.php,,high,succession-scan,https://sc.edu/study/colleges_schools/artsandsciences/visual_art_and_design/our_people/directory/bosse_thomas.php | https://sc.edu/study/colleges_schools/artsandsciences/visual_art_and_design/our_people/directory/ | https://academicbulletins.sc.edu/undergraduate/course-descriptions/arts/,2026-05-30
574,gap/bradley-nichols,Bradley Nichols,person-gap-addition,,,,University of Wisconsin-La Crosse,,,,,succession re-scan: University of Wisconsin-La Crosse,,yes,,,Professor (Metalsmithing and Blacksmithing),yes,https://www.uwlax.edu/profile/bnichols/,,high,succession-scan,https://www.uwlax.edu/academics/department/art/our-people/ | https://www.uwlax.edu/profile/bnichols/ | https://catalog.uwlax.edu/undergraduate/art/ | https://www.uwlax.edu/academics/department/art/studios--facilities/,2026-05-30
575,gap/jaydan-moore,Jaydan Moore,person-gap-addition,,,,University of Wisconsin-Madison,,,,,succession re-scan: University of Wisconsin-Madison,,yes,,,Assistant Professor of Art Metals,yes,https://art.wisc.edu/2025/05/15/announcing-the-new-assistant-faculty-of-art-metals-jaydan-moore/,,high,succession-scan,https://art.wisc.edu/people/faculty/ | https://art.wisc.edu/2025/05/15/announcing-the-new-assistant-faculty-of-art-metals-jaydan-moore/ | https://art.wisc.edu/2024/09/18/the-university-of-wisconsin-madison-art-department-is-hiring-apply-now-for-our-art-metals-faculty-position/,2026-05-30
576,gap/matthew-mauk,Matthew Mauk,person-gap-addition,,,,University of Wisconsin-Madison,,,,,succession re-scan: University of Wisconsin-Madison,,yes,,,"Teaching faculty, Art Metals (Ring Making)",yes,https://art.wisc.edu/people/faculty/,,high,succession-scan,https://art.wisc.edu/people/faculty/ | https://art.wisc.edu/2025/05/15/announcing-the-new-assistant-faculty-of-art-metals-jaydan-moore/ | https://art.wisc.edu/2024/09/18/the-university-of-wisconsin-madison-art-department-is-hiring-apply-now-for-our-art-metals-faculty-position/,2026-05-30
577,gap/michael-wartgow,Michael Wartgow,person-gap-addition,,,,University of Wisconsin - Green Bay,,,,,succession re-scan: University of Wisconsin - Green Bay,,yes,,,Lecturer (Metals/3D/Photo),yes,https://www.uwgb.edu/art/contact/michael-wartgow/,,medium,succession-scan,https://www.uwgb.edu/art/studio-areas/jewelry-metals/ | https://www.uwgb.edu/art/contact/ | https://www.uwgb.edu/art/contact/michael-wartgow/ | https://www.uwgb.edu/directory/people/alison-gates/ | https://www.newpaltz.edu/ocm/admins/jennifer-mokren/,2026-05-30
578,gap/masako-onodera,Masako Onodera,person-gap-addition,,,,University of Wisconsin-Stout,,,,,succession re-scan: University of Wisconsin-Stout,,yes,,,"Professor, Metals and Contemporary Art Jewelry",yes,https://www.uwstout.edu/directory/onoderam,,high,succession-scan,https://www.uwstout.edu/directory/onoderam | https://bulletin.uwstout.edu/preview_program.php?catoid=26&poid=6071 | https://www.uwstout.edu/programs/bfa-studio-art | https://www.uwstout.edu/about-us/news-center/art-class-students-take-old-jewelry-and-make-it-new-again-1 | https://www.uwstout.edu/directory?search=Pontillo,2026-05-30
579,gap/aaron-deshields,Aaron Deshields,person-gap-addition,,,,Center for Creative Studies,,,,,succession re-scan: Center for Creative Studies,,yes,,,"Adjunct Professor, Metalsmithing & Jewelry / Blacksmithing",yes,https://www.ccsdetroit.edu/person/aaron-deshields/,,high,succession-scan,https://www.ccsdetroit.edu/academics/undergraduate-programs/crafts/faculty/ | https://www.ccsdetroit.edu/person/thomas-madden/ | https://www.ccsdetroit.edu/person/aaron-deshields/ | https://www.collegeforcreativestudies.edu/academics/undergraduate-programs/crafts/metalsmithing-jewelry/ | https://www.ccsdetroit.edu/news/ccs-crafts-becomes-craft-and-material-studies/,2026-05-30
580,gap/teresa-faris,Teresa Faris,person-gap-addition,,,,University of Wisconsin-Whitewater,,,,,succession re-scan: University of Wisconsin-Whitewater,,yes,,,"Professor of Art & Design; Area Head, Jewelry and Metalsmithing",yes,https://www.uww.edu/coac/about-us/directory?x524015-dept=CCH008419&x524015-letter=all&x524015-page=1,,high,succession-scan,https://www.uww.edu/coac/about-us/directory?x524015-dept=CCH008419&x524015-letter=all&x524015-page=1 | https://www.uww.edu/coac/academics/art-design | https://www.uww.edu/umc/why-i-teach/teresa-faris | https://www.uww.edu/news/archive/2026-4-international-recognition,2026-05-30
581,gap/susie-ganch,Susie Ganch,person-gap-addition,,,,Virginia Commonwealth University,,,,,succession re-scan: Virginia Commonwealth University,,yes,,,"Associate Professor - Metals; Graduate Program Director, Department of Craft/Material Studies",yes,https://arts.vcu.edu/community/vcuarts-faculty-and-staff/directory/susie-ganch/,,high,succession-scan,https://arts.vcu.edu/academics/departments/craft-material-studies/areas-of-study/metal/ | https://arts.vcu.edu/directory/?department%5B%5D=craft-material-studies | https://arts.vcu.edu/community/vcuarts-faculty-and-staff/directory/susie-ganch/ | https://bulletin.vcu.edu/graduate/school-arts/craft-material-studies/fine-arts--mfa-concentration-jewelrymetalworking/,2026-05-30
582,gap/evan-larson-voltz,Evan Larson-Voltz,person-gap-addition,,,,Wayne State University,,,,,succession re-scan: Wayne State University,,yes,,,Associate Professor of Metalsmithing (Metalsmithing area coordinator),yes,https://cfpca.wayne.edu/art/faculty-staff/index.php?concentration=1681,,high,succession-scan,https://cfpca.wayne.edu/art/fine-arts/metalsmithing | https://cfpca.wayne.edu/art/faculty-staff/index.php?concentration=1681 | https://cfpca.wayne.edu/art/faculty-staff,2026-05-30
583,gap/katie-macdonald,Katie MacDonald,person-gap-addition,,,,Wayne State University,,,,,succession re-scan: Wayne State University,,yes,,,"Associate Professor of Teaching, Sculpture and Metalsmithing",yes,https://cfpca.wayne.edu/art/faculty-staff/index.php?concentration=1681,,high,succession-scan,https://cfpca.wayne.edu/art/fine-arts/metalsmithing | https://cfpca.wayne.edu/art/faculty-staff/index.php?concentration=1681 | https://cfpca.wayne.edu/art/faculty-staff,2026-05-30
584,gap/mayela-cardenas-surillo,Mayela Cardenas Surillo,person-gap-addition,,,,Western State College of Colorado,,,,,succession re-scan: Western State College of Colorado,,yes,,,Professor of Art (BFA RIT; MFA University of Oregon) - jewelry/metals,yes,https://western.edu/people/mayela-cardenas/,,medium,succession-scan,https://western.edu/program/jewelry/ | https://catalog.western.edu/personnel/ | https://western.edu/people/mayela-cardenas/ | https://western.edu/people/tina-butterfield-mfa/ | https://western.edu/department/undergraduate/art-program/ | https://western.edu/people/s-chase-hutchison-mfa/,2026-05-30
585,gap/lori-martin-price,Lori Martin Price,person-gap-addition,,,,Wichita Center for the Arts,,,,,succession re-scan: Wichita Center for the Arts,,yes,,,Jewelry Making & Metalsmithing Instructor,yes,https://markartsks.com/instructors/,,high,succession-scan,https://markartsks.com/instructors/ | https://markartsks.com/about/history/,2026-05-30
586,gap/ernst-kind,Ernst Kind,person-gap-addition,,,,Wichita Center for the Arts,,,,,succession re-scan: Wichita Center for the Arts,,yes,,,Enameling Instructor,yes,https://markartsks.com/instructors/,,high,succession-scan,https://markartsks.com/instructors/ | https://markartsks.com/about/history/,2026-05-30
587,gap/anne-fiala,Anne Fiala,person-gap-addition,,,,Winthrop College,,,,,succession re-scan: Winthrop College,,yes,,,Assistant Professor of Fine Arts (Metalsmithing & Jewelry Design); MFA Program Coordinator,yes,https://www.winthrop.edu/cvpa/faculty-staff/fine-arts-faculty.aspx,,high,succession-scan,https://www.winthrop.edu/cvpa/faculty-staff/fine-arts-faculty.aspx | https://www.winthrop.edu/cvpa/fine-arts/ | https://www.winthrop.edu/studentorgs/guild-of-emerging-metalsmiths.aspx | http://www.annemfiala.com/about | https://www.coastal.edu/academics/facultyprofiles/humanities/visualarts/loganwoodle/,2026-05-30
588,gap/chelsea-stone,Chelsea Stone,person-gap-addition,,,,Yavapai College,,,,,succession re-scan: Yavapai College,,yes,,,"Jewelry/Metalsmithing Instructor (BFA Metals, NAU; MFA Jewelry, Texas Tech)",yes,https://www.ycarts.org/chelsea-stone,,high,succession-scan,https://www.ycarts.org/chelsea-stone | https://www.ycarts.org/jami-conroy | https://www.yc.edu/v6/instructional-support/docs/faculty-list.pdf | https://www.facebook.com/ycvisualarts/posts/discover-the-art-of-jewelry-making-at-yavapai-collegejoin-instructor-jami-conroy/1238516611630817/ | https://catalog.yc.edu/preview_course_nopop.php?catoid=19&coid=35528 | https://yc.libguides.com/emeritus/richard-marcusen,2026-05-30
589,gap/jami-conroy,Jami Conroy,person-gap-addition,,,,Yavapai College,,,,,succession re-scan: Yavapai College,,yes,,,Jewelry & Lapidary Arts Instructor (GIA Applied Jewelry Professional),yes,https://www.ycarts.org/jami-conroy,,high,succession-scan,https://www.ycarts.org/chelsea-stone | https://www.ycarts.org/jami-conroy | https://www.yc.edu/v6/instructional-support/docs/faculty-list.pdf | https://www.facebook.com/ycvisualarts/posts/discover-the-art-of-jewelry-making-at-yavapai-collegejoin-instructor-jami-conroy/1238516611630817/ | https://catalog.yc.edu/preview_course_nopop.php?catoid=19&coid=35528 | https://yc.libguides.com/emeritus/richard-marcusen,2026-05-30
590,gap/marthe-roberts-shea,Marthe Roberts/Shea,person-gap-addition,,,,Cheltenham Center for the Arts,,,,,succession re-scan: Cheltenham Center for the Arts,,yes,,,"Jewelry / Metalsmithing Instructor (Fibers, Metals, Paper, and More)",yes,https://cheltenhamarts.org/about-us/staff-faculty/marthe-robertsshea,,high,succession-scan,https://www.cheltenhamarts.org/about-us/staff-faculty | https://cheltenhamarts.org/about-us/staff-faculty/marthe-robertsshea | https://cheltenhamarts.org/classes | https://www.jewelrybymars.com/,2026-05-30
591,gap/phillip-renato,Phillip Renato,person-gap-addition,,,,Kendall College of Art and Design,,,,,succession re-scan: Kendall College of Art and Design,,yes,,,"Professor, M.F.A. (metals/jewelry, now within the interdisciplinary Product Design program)",yes,https://www.ferris.edu/redirects/kcad/programs/faculty/renato-phillip.html,,high,succession-scan,https://www.ferris.edu/redirects/kcad/programs/faculty/renato-phillip.html | https://www.ferris.edu/art-design/profiles/product-design/index.html | https://www.ferris.edu/news/archive/2024/january/renato.htm | https://www.ferris.edu/art-design/career-professional-development/for-students/metals-and-jewelry-design-careers.htm | https://en.wikipedia.org/wiki/Kendall_College_of_Art_and_Design,2026-05-30
592,gap/lauren-selden,Lauren Selden,person-gap-addition,,,,Stephen F. Austin State University,,,,,succession re-scan: Stephen F. Austin State University,,yes,,,"Professor of Art (Metalworking, Jewelry, and Sculpture)",yes,https://facultyshowcase.sfasu.edu/en/persons/lauren-selden/,,high,succession-scan,https://www.sfasu.edu/art/academics/metal-jewelry | https://www.sfasu.edu/art/about/faculty-staff | https://facultyshowcase.sfasu.edu/en/persons/lauren-selden/ | https://www.sfasu.edu/about-sfa/newsroom/2024/sfa-art-professor-selden-brings-back-new-ideas-techniques-perspectives | https://art.sfasu.edu/metals,2026-05-30
593,gap/jay-h-song,Jay H. Song,person-gap-addition,,,,Savannah College of Art and Design,,,,,succession re-scan: Savannah College of Art and Design,,yes,,,Professor and Chair of Jewelry,yes,https://www.scad.edu/academics/faculty/jay-h-song,,high,succession-scan,https://www.scad.edu/academics/programs/jewelry/faculty | https://artjewelryforum.org/schools/savannah-college-of-art-and-design/ | https://www.scad.edu/academics/faculty/jay-h-song | https://www.scad.edu/academics/faculty/pei-jung-pj-chen,2026-05-30
594,gap/adam-grinovich,Adam Grinovich,person-gap-addition,,,,Savannah College of Art and Design,,,,,succession re-scan: Savannah College of Art and Design,,yes,,,Professor of Jewelry,yes,https://www.scad.edu/academics/programs/jewelry/faculty,,high,succession-scan,https://www.scad.edu/academics/programs/jewelry/faculty | https://artjewelryforum.org/schools/savannah-college-of-art-and-design/ | https://www.scad.edu/academics/faculty/jay-h-song | https://www.scad.edu/academics/faculty/pei-jung-pj-chen,2026-05-30
595,gap/lanelle-keyes,Lanelle Keyes,person-gap-addition,,,,Savannah College of Art and Design,,,,,succession re-scan: Savannah College of Art and Design,,yes,,,Professor of Jewelry,yes,https://www.scad.edu/academics/programs/jewelry/faculty,,high,succession-scan,https://www.scad.edu/academics/programs/jewelry/faculty | https://artjewelryforum.org/schools/savannah-college-of-art-and-design/ | https://www.scad.edu/academics/faculty/jay-h-song | https://www.scad.edu/academics/faculty/pei-jung-pj-chen,2026-05-30
596,gap/hongsock-lee,Hongsock Lee,person-gap-addition,,,,Savannah College of Art and Design,,,,,succession re-scan: Savannah College of Art and Design,,yes,,,Professor of Jewelry,yes,https://www.scad.edu/academics/programs/jewelry/faculty,,high,succession-scan,https://www.scad.edu/academics/programs/jewelry/faculty | https://artjewelryforum.org/schools/savannah-college-of-art-and-design/ | https://www.scad.edu/academics/faculty/jay-h-song | https://www.scad.edu/academics/faculty/pei-jung-pj-chen,2026-05-30
597,gap/annika-pettersson,Annika Pettersson,person-gap-addition,,,,Savannah College of Art and Design,,,,,succession re-scan: Savannah College of Art and Design,,yes,,,Professor of Jewelry,yes,https://www.scad.edu/academics/programs/jewelry/faculty,,high,succession-scan,https://www.scad.edu/academics/programs/jewelry/faculty | https://artjewelryforum.org/schools/savannah-college-of-art-and-design/ | https://www.scad.edu/academics/faculty/jay-h-song | https://www.scad.edu/academics/faculty/pei-jung-pj-chen,2026-05-30
598,gap/allison-syes,Allison Syes,person-gap-addition,,,,Clark College,,,,,succession re-scan: Clark College,,yes,,,Metal Arts Instructor (Fine Arts),yes,https://www.clark.edu/news-and-media/24-7/news-posts/2025-clark-employee-awards.php,,medium,succession-scan,https://www.clark.edu/news-and-media/24-7/news-posts/2025-clark-employee-awards.php | https://catalog.clark.edu/course-descriptions/art/ | https://catalog.clark.edu/faculty-administration/faculty/ | https://www.clark.edu/academics/programs/creative-and-communication-arts/fine-arts/ | https://www.archergallery.space/colin-kippen,2026-05-30
599,gap/rachel-suzanne-smith,Rachel Suzanne Smith,person-gap-addition,,,,Cleveland Institute of Art,,,,,succession re-scan: Cleveland Institute of Art,,yes,,,"Professor of Practice, Craft + Design and Foundations (metalsmith); full-time from Fall 2025",yes,https://rachelsuzannesmith.com/about/,,medium,succession-scan,https://www.change.org/p/petition-to-keep-kathy-buszkiewicz-and-matthew-hollern-at-cia | https://rachelsuzannesmith.com/about/ | https://rachelsuzannesmith.com/research-and-portfolios/ | https://www.cia.edu/wp-content/uploads/2024/09/cv12.pdf | https://www.cia.edu/wp-content/uploads/2025/08/2025_2026-College-Catalog_Final.pdf | https://artjewelryforum.org/reviews/harpers-bizarre-beauty_artist-william-harper_auth-matthew-hollern_natls-usa_10-13-2025/ | https://www.cia.edu/majors/craft-design/,2026-05-30
600,gap/jill-gower-jill-baker-gower,Jill Gower (Jill Baker Gower),person-gap-addition,,,,College of DuPage,,,,,succession re-scan: College of DuPage,,yes,,,"Assistant Professor of Art - Jewelry/Metals (MFA in metals, Arizona State University)",yes,https://cod.edu/academics/divisions/art-comm-hospitality/faculty.html,,high,succession-scan,https://cod.edu/academics/divisions/art-comm-hospitality/faculty.html | https://www.kathleenkamalbaum.com/ | https://cvad.unt.edu/sites/default/files/gower-jill-cv-2022.pdf | https://catalog.cod.edu/courses-a-z/art/ | https://codjewelry.wordpress.com/jewelry-classes-at-college-of-dupage/,2026-05-30
601,gap/haley-bates,Haley Bates,person-gap-addition,,,,Colorado State University,,,,,succession re-scan: Colorado State University,,yes,,,Professor of Metalsmithing; Metalsmithing & Jewelry Area Coordinator and Graduate Program Coordinator,yes,https://art.colostate.edu/people/haleyb/,,high,succession-scan,https://art.colostate.edu/people/ | https://www.libarts.colostate.edu/people/haleyb/ | https://art.colostate.edu/master-of-fine-arts/mfa-metalsmithing/ | https://art.colostate.edu/degrees-and-programs/studio-bfa/bfa-metalsmithing-and-jewelry/,2026-05-30
602,gap/tova-lund,Tova Lund,person-gap-addition,,,,College of the Redwoods,,,,,succession re-scan: College of the Redwoods,,yes,,,"Associate Faculty, Jewelry and Metalsmithing",yes,https://www.redwoods.edu/academics/art-faculty.php,,high,succession-scan,https://www.redwoods.edu/academics/art-faculty.php | https://www.redwoods.edu/news/2025/Faculty%20Staff%20Exhibition%202025.php | https://www.redwoods.edu/fs/syllabi/art/2021F-ART60-E1821-Lund.pdf | https://www.ratemyprofessors.com/professor/2126311 | https://www.craftcouncil.org/post/tova-lunds-industrial-and-natural-metal-jewelry | https://employment.redwoods.edu/postings/4324,2026-05-30
603,gap/iris-eichenberg,Iris Eichenberg,person-gap-addition,,,,Cranbrook Academy of Art,,,,,succession re-scan: Cranbrook Academy of Art,,yes,,,"Artist-in-Residence, Head of Metalsmithing Department",yes,https://cranbrookart.edu/programs/metalsmithing/,,high,succession-scan,https://cranbrookart.edu/programs/metalsmithing/ | https://cranbrookartmuseum.org/exhibition/iris-eichenberg-bend/ | https://artjewelryforum.org/schools/cranbrook-academy-of-art/,2026-05-30
604,gap/mi-sook-hur,Mi-Sook Hur,person-gap-addition,,,,East Carolina University,,,,,succession re-scan: East Carolina University,,yes,,,"Professor, Metal Design (first-year)",yes,https://art.ecu.edu/faculty-staff/mi-sook-hur/,,high,succession-scan,https://art.ecu.edu/faculty-staff/directory/ | https://art.ecu.edu/mfa/graduate-faculty/ | https://art.ecu.edu/ug20/mtd/ | https://art.ecu.edu/linda-darty/,2026-05-30
605,gap/tim-lazure,Tim Lazure,person-gap-addition,,,,East Carolina University,,,,,succession re-scan: East Carolina University,,yes,,,"Professor, Metal Design",yes,https://art.ecu.edu/faculty-staff/tim-lazure/,,high,succession-scan,https://art.ecu.edu/faculty-staff/directory/ | https://art.ecu.edu/mfa/graduate-faculty/ | https://art.ecu.edu/ug20/mtd/ | https://art.ecu.edu/linda-darty/,2026-05-30
606,gap/mindy-herrin-lewis,Mindy Herrin-Lewis,person-gap-addition,,,,East Tennessee State University,,,,,succession re-scan: East Tennessee State University,,yes,,,Professor of Jewelry & Metals,yes,https://www.etsu.edu/cas/art/faculty-staff.php,,high,succession-scan,https://www.etsu.edu/cas/art/areas_of_study/jewelrydesign.php | https://www.etsu.edu/cas/art/faculty-staff.php | https://www.mindyherrin.com/ | https://dc.etsu.edu/etsu-news/5846/,2026-05-30
607,gap/daniel-randall,Daniel Randall,person-gap-addition,,,,"Appalachian Center for Crafts, T.T.U.",,,,,"succession re-scan: Appalachian Center for Crafts, T.T.U.",,yes,,,"Associate Professor, School of Art, Craft and Design (metalsmithing/blacksmithing)",yes,https://www.tntech.edu/directory/fine-arts/art/daniel-randall.php,,high,succession-scan,https://www.tntech.edu/fine-arts/craftcenter/staff.php | https://www.tntech.edu/directory/fine-arts/art/daniel-randall.php | https://www.metalmuseum.org/post/2018/02/20/inside-the-collection-robert-coogan | https://www.tntech.edu/fine-arts/craftcenter/about.php,2026-05-30
608,gap/talia-tax,Talia Tax,person-gap-addition,,,,"Appalachian Center for Crafts, T.T.U.",,,,,"succession re-scan: Appalachian Center for Crafts, T.T.U.",,yes,,,Metals Artist in Residence,yes,https://www.tntech.edu/fine-arts/craftcenter/staff.php,,high,succession-scan,https://www.tntech.edu/fine-arts/craftcenter/staff.php | https://www.tntech.edu/directory/fine-arts/art/daniel-randall.php | https://www.metalmuseum.org/post/2018/02/20/inside-the-collection-robert-coogan | https://www.tntech.edu/fine-arts/craftcenter/about.php,2026-05-30
609,gap/erin-m-rice,Erin M. Rice,person-gap-addition,,,,Eastern Illinois University,,,,,succession re-scan: Eastern Illinois University,,yes,,,Instructor of Metalsmithing,yes,https://www.eiu.edu/art/personnel.php,,high,succession-scan,https://www.eiu.edu/art/personnel.php,2026-05-30
610,gap/felicia-szorad,Felicia Szorad,person-gap-addition,,,,Eastern Kentucky University,,,,,succession re-scan: Eastern Kentucky University,,yes,,,"Professor of Art, Metals Program Coordinator",yes,https://www.eku.edu/personnel/felicia-szorad/,,high,succession-scan,https://art.eku.edu/jewelry-and-metals | https://www.eku.edu/personnel/felicia-szorad/ | https://feliciaszorad.com/news.html | https://careers.eku.edu/jobs/jewelry-and-metals-studio-technician-richmond-campus-kentucky-united-states | https://www.easternprogress.com/lifestyles/giles-gallery-hosts-three-solo-exhibits/article_762906e6-5178-11ee-b194-07847a77a7f6.html | https://libraryguides.berea.edu/glotzbachtim,2026-05-30
611,gap/eric-okon,Eric Okon,person-gap-addition,,,,Eastern Michigan University,,,,,succession re-scan: Eastern Michigan University,,yes,,,Part Time Lecturer (Metalsmithing/Jewelry),yes,https://www.emich.edu/art/faculty-staff/e_okon.php,,medium,succession-scan,http://web.archive.org/web/20250712033328/https://www.emich.edu/art/areas-of-study/metalsmithing/index.php | https://www.emich.edu/art/areas-of-study/metalsmithing/index.php | https://www.emich.edu/art/faculty-staff/e_okon.php | https://eometals.com/ | https://www.misilversmith.org/about-us,2026-05-30
612,gap/cappy-counard,Cappy Counard,person-gap-addition,,,,Edinboro University of Pennsylvania,,,,,succession re-scan: Edinboro University of Pennsylvania,,yes,,,Professor of Jewelry and Metals,yes,https://www.pennwest.edu/about/directory/ccounard.php,,high,succession-scan,https://www.pennwest.edu/about/directory/ccounard.php | https://www.pennwest.edu/academics/programs/studio-arts/jewelry-metals.php | https://www.pennwest.edu/academics/programs/studio-art-grad/jewelry-metalsmithing.php | https://www.waynestategalleries.org/metals-2022/edinboro-university | https://www.facebook.com/pennwedinboro/posts/565309965629689,2026-05-30
613,gap/kim-nelson,Kim Nelson,person-gap-addition,,,,Fashion Institute of Technology,,,,,succession re-scan: Fashion Institute of Technology,,yes,,,"Assistant Professor and Assistant Chair of the Department, Fashion–Jewelry",yes,https://www.fitnyc.edu/creative-nexus/faculty/directory/nelson-kim.php,,high,succession-scan,https://catalog.fitnyc.edu/undergraduate/directories/faculty/ | https://www.fitnyc.edu/creative-nexus/faculty/directory/nelson-kim.php | https://www.fitnyc.edu/jewelry-design/faculty.php | https://www.fitnyc.edu/jewelry-design/index.php | https://www.jewelers.org/jewelry-careers/jewelry-schools-directory/fashion-institute-of-technology-fit,2026-05-30
614,gap/karen-bachmann,Karen Bachmann,person-gap-addition,,,,Fashion Institute of Technology,,,,,succession re-scan: Fashion Institute of Technology,,yes,,,"Adjunct Assistant Professor, Fashion–Jewelry",yes,https://catalog.fitnyc.edu/undergraduate/directories/faculty/,,high,succession-scan,https://catalog.fitnyc.edu/undergraduate/directories/faculty/ | https://www.fitnyc.edu/creative-nexus/faculty/directory/nelson-kim.php | https://www.fitnyc.edu/jewelry-design/faculty.php | https://www.fitnyc.edu/jewelry-design/index.php | https://www.jewelers.org/jewelry-careers/jewelry-schools-directory/fashion-institute-of-technology-fit,2026-05-30
615,gap/richard-a-barth,Richard A. Barth,person-gap-addition,,,,Fashion Institute of Technology,,,,,succession re-scan: Fashion Institute of Technology,,yes,,,"Adjunct Assistant Professor, Fashion–Jewelry",yes,https://catalog.fitnyc.edu/undergraduate/directories/faculty/,,high,succession-scan,https://catalog.fitnyc.edu/undergraduate/directories/faculty/ | https://www.fitnyc.edu/creative-nexus/faculty/directory/nelson-kim.php | https://www.fitnyc.edu/jewelry-design/faculty.php | https://www.fitnyc.edu/jewelry-design/index.php | https://www.jewelers.org/jewelry-careers/jewelry-schools-directory/fashion-institute-of-technology-fit,2026-05-30
616,gap/dana-buscaglia,Dana Buscaglia,person-gap-addition,,,,Fashion Institute of Technology,,,,,succession re-scan: Fashion Institute of Technology,,yes,,,"Adjunct Instructor, Fashion–Jewelry",yes,https://catalog.fitnyc.edu/undergraduate/directories/faculty/,,high,succession-scan,https://catalog.fitnyc.edu/undergraduate/directories/faculty/ | https://www.fitnyc.edu/creative-nexus/faculty/directory/nelson-kim.php | https://www.fitnyc.edu/jewelry-design/faculty.php | https://www.fitnyc.edu/jewelry-design/index.php | https://www.jewelers.org/jewelry-careers/jewelry-schools-directory/fashion-institute-of-technology-fit,2026-05-30
617,gap/frank-fraley,Frank Fraley,person-gap-addition,,,,Fashion Institute of Technology,,,,,succession re-scan: Fashion Institute of Technology,,yes,,,"Adjunct Instructor, Fashion–Jewelry",yes,https://catalog.fitnyc.edu/undergraduate/directories/faculty/,,high,succession-scan,https://catalog.fitnyc.edu/undergraduate/directories/faculty/ | https://www.fitnyc.edu/creative-nexus/faculty/directory/nelson-kim.php | https://www.fitnyc.edu/jewelry-design/faculty.php | https://www.fitnyc.edu/jewelry-design/index.php | https://www.jewelers.org/jewelry-careers/jewelry-schools-directory/fashion-institute-of-technology-fit,2026-05-30
618,gap/lisa-linhardt,Lisa Linhardt,person-gap-addition,,,,Fashion Institute of Technology,,,,,succession re-scan: Fashion Institute of Technology,,yes,,,"Adjunct Instructor, Fashion–Jewelry",yes,https://catalog.fitnyc.edu/undergraduate/directories/faculty/,,high,succession-scan,https://catalog.fitnyc.edu/undergraduate/directories/faculty/ | https://www.fitnyc.edu/creative-nexus/faculty/directory/nelson-kim.php | https://www.fitnyc.edu/jewelry-design/faculty.php | https://www.fitnyc.edu/jewelry-design/index.php | https://www.jewelers.org/jewelry-careers/jewelry-schools-directory/fashion-institute-of-technology-fit,2026-05-30
619,gap/akiyo-matsuoka,Akiyo Matsuoka,person-gap-addition,,,,Fashion Institute of Technology,,,,,succession re-scan: Fashion Institute of Technology,,yes,,,"Adjunct Instructor, Fashion–Jewelry",yes,https://catalog.fitnyc.edu/undergraduate/directories/faculty/,,high,succession-scan,https://catalog.fitnyc.edu/undergraduate/directories/faculty/ | https://www.fitnyc.edu/creative-nexus/faculty/directory/nelson-kim.php | https://www.fitnyc.edu/jewelry-design/faculty.php | https://www.fitnyc.edu/jewelry-design/index.php | https://www.jewelers.org/jewelry-careers/jewelry-schools-directory/fashion-institute-of-technology-fit,2026-05-30
620,gap/steven-parker,Steven Parker,person-gap-addition,,,,Fashion Institute of Technology,,,,,succession re-scan: Fashion Institute of Technology,,yes,,,"Adjunct Assistant Professor, Fashion–Jewelry",yes,https://catalog.fitnyc.edu/undergraduate/directories/faculty/,,high,succession-scan,https://catalog.fitnyc.edu/undergraduate/directories/faculty/ | https://www.fitnyc.edu/creative-nexus/faculty/directory/nelson-kim.php | https://www.fitnyc.edu/jewelry-design/faculty.php | https://www.fitnyc.edu/jewelry-design/index.php | https://www.jewelers.org/jewelry-careers/jewelry-schools-directory/fashion-institute-of-technology-fit,2026-05-30
621,gap/wanesia-spry-misquadace,Wanesia Spry Misquadace,person-gap-addition,,,,Arizona State University,,,,,succession re-scan: Arizona State University,,yes,,,"Associate Professor (Metals; head of the Metals program), School of Art",yes,https://search.asu.edu/profile/3041212,,high,succession-scan,https://search.asu.edu/profile/3041212 | https://art.asu.edu/degree-programs/sculpture-metals-woods | https://art.asu.edu/about/people/faculty | https://news.asu.edu/20230807-american-indian-students-engage-arts-design-asu-inspire-program | https://www.millersville.edu/art/faculty-and-staff/tenured/mcdonah-b.php | https://news.asu.edu/content/metals-students-create-works-beauty-endurance,2026-05-30
622,gap/jill-baker-gower,Jill Baker Gower,person-gap-addition,,,,Glassboro State College,,,,,succession re-scan: Glassboro State College,,yes,,,Associate Professor of Art (Jewelry/Metals),yes,https://www.rowan.edu/arts/departments/art/facultystaff/gower.html,,high,succession-scan,https://www.rowan.edu/arts/departments/art/facultystaff/gower.html | https://www.rowan.edu/arts/departments/art/programs/jewelry.html | https://petersvalley.org/instructors/maureen-duffy/ | https://www.coursicle.com/rowan/courses/ART/09210/,2026-05-30
623,gap/jessica-calderwood,Jessica Calderwood,person-gap-addition,,,,Ball State University,,,,,succession re-scan: Ball State University,,yes,,,"Associate Professor of Art, Metals and Jewelry",yes,https://www.bsu.edu/academics/collegesanddepartments/art/about-us/faculty-and-staff/faculty/calderwoodjessica,,high,succession-scan,https://www.bsu.edu/academics/collegesanddepartments/art/about-us/faculty-and-staff/faculty/calderwoodjessica | https://www.bsu.edu/academics/collegesanddepartments/art/areas-of-study/graduate/metals | https://www.bsu.edu/academics/collegesanddepartments/art/about-us/faculty-and-staff/faculty | https://www.gordyframing.com/2023/03/legacies-pat-nelson-and-the-ball-state-metals-jewelry-program/ | https://www.ballstatedaily.com/article/2023/04/ball-state-metals-students-prepare-to-graduate-and-showcase-their-theses-gallery-concentration-major-art-seniors | https://sgfmuseum.org/CivicAlerts.aspx?AID=182,2026-05-30
624,gap/sandie-zilker,Sandie Zilker,person-gap-addition,,,,Glassell School of Art / The Museum of Fine Arts,,,,,succession re-scan: Glassell School of Art / The Museum of Fine Arts,,yes,,,"Head, Jewelry and Enamel Department",yes,https://www.mfah.org/learn/glassell-studio-school/faculty,,high,succession-scan,https://www.mfah.org/learn/glassell-studio-school/faculty | https://crafthouston.org/exhibition/course-of-action/ | https://www.mfah.org/learn/glassell-studio-school | https://static.mfah.com/documents/glassell-studio-school-fall-25-catalog.4434550632532160672.pdf,2026-05-30
625,gap/jan-arthur-harrell,Jan Arthur Harrell,person-gap-addition,,,,Glassell School of Art / The Museum of Fine Arts,,,,,succession re-scan: Glassell School of Art / The Museum of Fine Arts,,yes,,,"Faculty, Enameling / Metalsmithing",yes,https://www.mfah.org/learn/glassell-studio-school/faculty,,high,succession-scan,https://www.mfah.org/learn/glassell-studio-school/faculty | https://crafthouston.org/exhibition/course-of-action/ | https://www.mfah.org/learn/glassell-studio-school | https://static.mfah.com/documents/glassell-studio-school-fall-25-catalog.4434550632532160672.pdf,2026-05-30
626,gap/nathan-dube,Nathan Dube,person-gap-addition,,,,Glassell School of Art / The Museum of Fine Arts,,,,,succession re-scan: Glassell School of Art / The Museum of Fine Arts,,yes,,,"Faculty, Metalsmithing / Jewelry",yes,https://www.mfah.org/learn/glassell-studio-school/faculty,,high,succession-scan,https://www.mfah.org/learn/glassell-studio-school/faculty | https://crafthouston.org/exhibition/course-of-action/ | https://www.mfah.org/learn/glassell-studio-school | https://static.mfah.com/documents/glassell-studio-school-fall-25-catalog.4434550632532160672.pdf,2026-05-30
627,gap/angela-bubash,Angela Bubash,person-gap-addition,,,,Haywood Community College,,,,,succession re-scan: Haywood Community College,,yes,,,Instructor - Jewelry (Professional Crafts Jewelry program lead),yes,https://www.haywood.edu/programs/professional-crafts-jewelry.php,,high,succession-scan,https://www.haywood.edu/programs/professional-crafts-jewelry.php | https://southernhighlandguild.org/news-stories/haywood-2025/ | https://www.radicaljewelrymakeover.org/angela-bubash | https://www.themountaineer.com/life/hcc-jewelry-program-cultivates-artistic-vision/article_c714b234-9023-11ec-9f71-53b1785d7112.html,2026-05-30
628,gap/marilyn-koch,Marilyn Koch,person-gap-addition,,,,Humboldt State University,,,,,succession re-scan: Humboldt State University,,yes,,,"Visiting Faculty, Jewelry & Small Metals",yes,https://www.humboldt.edu/art-film/marilyn-koch,,high,succession-scan,https://www.humboldt.edu/art-film/jewelry-small-metals | https://www.humboldt.edu/art-film/faculty-staff | https://www.humboldt.edu/art-film/marilyn-koch | https://thelumberjack.org/2022/09/21/reese-bullen-gallery-features-faculty-artwork/,2026-05-30
629,gap/kristina-glick,Kristina Glick,person-gap-addition,,,,Idaho State University,,,,,succession re-scan: Idaho State University,,yes,,,"Associate Lecturer, Metals and Jewelry (MFA East Carolina University, 2007)",yes,https://kristinaglick.com/bio-cv,,high,succession-scan,https://www.isu.edu/art/curriculum/metals/ | https://www.isu.edu/art/about/faculty-and-gtas/ | https://www.isu.edu/art/about/faculty-and-gtas/staffdirectoryentries/ | https://kristinaglick.com/bio-cv | https://coursecat.isu.edu/undergraduate/allcourses/art/,2026-05-30
630,gap/nicole-jacquard,Nicole Jacquard,person-gap-addition,,,,Indiana University,,,,,succession re-scan: Indiana University,,yes,,,"Professor and Area Head, Metalsmithing + Jewelry Design",yes,https://eskenazi.indiana.edu/faculty/directory/jacquard-nicole.html,,high,succession-scan,https://eskenazi.indiana.edu/about/areas-programs/metals/index.html | https://eskenazi.indiana.edu/faculty/directory/jacquard-nicole.html | https://eskenazi.indiana.edu/faculty/directory/caldwell-angela.html | https://eskenazi.indiana.edu/faculty/directory/index.html,2026-05-30
631,gap/angela-caldwell,Angela Caldwell,person-gap-addition,,,,Indiana University,,,,,succession re-scan: Indiana University,,yes,,,"Lecturer, Metalsmithing and Jewelry Design",yes,https://eskenazi.indiana.edu/faculty/directory/caldwell-angela.html,,high,succession-scan,https://eskenazi.indiana.edu/about/areas-programs/metals/index.html | https://eskenazi.indiana.edu/faculty/directory/jacquard-nicole.html | https://eskenazi.indiana.edu/faculty/directory/caldwell-angela.html | https://eskenazi.indiana.edu/faculty/directory/index.html,2026-05-30
632,gap/sharon-massey,Sharon Massey,person-gap-addition,,,,Indiana University of Pennsylvania,,,,,succession re-scan: Indiana University of Pennsylvania,,yes,,,"Professor, Jewelry and Metals, Computer-Aided Design + Digital Fabrication; Department Chairperson",yes,https://www.iup.edu/art/faculty/massey-sharon/index.html,,high,succession-scan,https://www.iup.edu/art/faculty/index.html | https://www.iup.edu/art/faculty/massey-sharon/index.html | https://www.iup.edu/art/undergrad/studio/jewelry-and-metals.html,2026-05-30
633,gap/brian-fleetwood,Brian Fleetwood,person-gap-addition,,,,Institute of American Indian Arts,,,,,succession re-scan: Institute of American Indian Arts,,yes,,,"Assistant Professor, Studio Arts (jewelry and metals)",yes,https://iaia.edu/faculty-spotlight-brian-fleetwood/,,high,succession-scan,https://iaia.edu/faculty-spotlight-brian-fleetwood/ | https://iaia.edu/explore-programs/studio-arts/ | https://www.facebook.com/InstituteofAmericanIndianArts/posts/iaia-assistant-professor-in-studio-arts-brian-fleetwood-mvskoke-creek-is-a-multi/1233172972185393/ | https://www.linkedin.com/in/brian-fleetwood-a529ab80/ | https://www.santafenewmexican.com/news/local_news/conversations-different-contemporary-indigenous-jewelry-spotlighted-in-the-stories-we-carry-exhibit/article_a2cbd9f0-e000-11ee-b561-53a04bef3212.html,2026-05-30
634,gap/patty-smith,Patty Smith,person-gap-addition,,,,Interlochen Center for the Visual Arts,,,,,succession re-scan: Interlochen Center for the Visual Arts,,yes,,,Director of Visual Arts; Instructor of metalsmithing and sculpture,yes,https://www.interlochen.org/person/patty-smith,,high,succession-scan,https://www.interlochen.org/person/patty-smith | https://www.interlochen.org/news/interlochen-mourns-passing-longtime-faculty-member-john-church | https://www.interlochen.org/arts-areas/visual-arts,2026-05-30
635,gap/katie-duval-mihelich,Katie DuVal Mihelich,person-gap-addition,,,,Iowa State University,,,,,succession re-scan: Iowa State University,,yes,,,"Interim Lecturer, Jewelry and Metalsmithing",yes,https://www.design.iastate.edu/profiles/kaduval/,,medium,succession-scan,https://www.design.iastate.edu/academics/departments/art-visual-culture/avc-art-studios/metals/ | https://www.design.iastate.edu/news/joe-muench-lessons-learned-explorations-in-metal-exhibition/ | https://www.design.iastate.edu/profiles/kaduval/ | https://isu.wd1.myworkdayjobs.com/en-US/IowaStateJobs/job/Assistant-Professor-in-Metals_R17039 | https://www.design.iastate.edu/academics/departments/art-visual-culture/,2026-05-30
636,gap/joe-muench,Joe Muench,person-gap-addition,,,,Iowa State University,,,,,succession re-scan: Iowa State University,,yes,,,"Professor Emeritus, Metalsmithing (joined 2001, retired 2025)",yes,https://www.design.iastate.edu/news/joe-muench-lessons-learned-explorations-in-metal-exhibition/,,medium,succession-scan,https://www.design.iastate.edu/academics/departments/art-visual-culture/avc-art-studios/metals/ | https://www.design.iastate.edu/news/joe-muench-lessons-learned-explorations-in-metal-exhibition/ | https://www.design.iastate.edu/profiles/kaduval/ | https://isu.wd1.myworkdayjobs.com/en-US/IowaStateJobs/job/Assistant-Professor-in-Metals_R17039 | https://www.design.iastate.edu/academics/departments/art-visual-culture/,2026-05-30
637,gap/mark-rooker,Mark Rooker,person-gap-addition,,,,James Madison University,,,,,succession re-scan: James Madison University,,yes,,,Professor of Art; Metals Area Head; Studio Art Program Coordinator,yes,https://www.jmu.edu/sadah/faculty-and-staff/faculty/rooker-mark.shtml,,high,succession-scan,https://www.jmu.edu/sadah/programs/undergraduate/metals.shtml | https://www.jmu.edu/artandarthistory/faculty-and-staff/index.shtml | https://www.jmu.edu/sadah/faculty-and-staff/faculty/rooker-mark.shtml | https://www.jmu.edu/sadah/faculty-and-staff/facultyemeriti/wyancko-ronald.shtml,2026-05-30
638,gap/dukno-yoon,Dukno Yoon,person-gap-addition,,,,Kansas State University,,,,,succession re-scan: Kansas State University,,yes,,,"Associate Professor & Area Coordinator, Metalsmithing & Jewelry",yes,https://art.ksu.edu/about/people/faculty/yoon.html,,high,succession-scan,https://art.ksu.edu/academics/undergrad/studioart/metalsmithing.html | https://art.ksu.edu/about/people/faculty/yoon.html | https://art.ksu.edu/about/people/faculty/,2026-05-30
639,gap/heather-bayless,Heather Bayless,person-gap-addition,,,,Kansas State University,,,,,succession re-scan: Kansas State University,,yes,,,"Instructor, Metalsmithing & Jewelry",yes,https://art.ksu.edu/about/people/instructors/bayless.html,,high,succession-scan,https://art.ksu.edu/academics/undergrad/studioart/metalsmithing.html | https://art.ksu.edu/about/people/faculty/yoon.html | https://art.ksu.edu/about/people/faculty/,2026-05-30
640,gap/karen-e-misher,Karen E. Misher,person-gap-addition,,,,Beaver College,,,,,succession re-scan: Beaver College,,yes,,,"Department Chair, Associate Professor - Visual and Performing Arts (Metals & Jewelry)",yes,https://www.arcadia.edu/faculty-and-staff/karen-e-misher/,,high,succession-scan,https://www.arcadia.edu/about-arcadia/our-history/beaver-college-arcadia-university/ | https://www.arcadia.edu/majors-and-programs/studio-art-major/faculty/ | https://www.arcadia.edu/faculty-and-staff/karen-e-misher/ | https://www.arcadia.edu/profile/karen-misher | https://www.jewelers.org/jewelry-careers/jewelry-schools-directory/arcadia-university | https://www.arcadia.edu/majors-and-programs/art-bfa-major/ | https://webapps.newpaltz.edu/directory/profile/myramimlitschgray,2026-05-30
641,gap/andrew-kuebeck,Andrew Kuebeck,person-gap-addition,,,,Kent State University,,,,,succession re-scan: Kent State University,,yes,,,"Assistant Professor and Area Head, Jewelry/Metals/Enameling",yes,https://www.kent.edu/art/andrew-kuebeck,,high,succession-scan,https://www.kent.edu/art/jewelrymetals-enameling | https://www.kent.edu/art/andrew-kuebeck | https://www.kent.edu/art/graduate-program-jewelrymetalsenameling | https://www.kent.edu/galleries/news/tributary-students-and-kathleen-browne,2026-05-30
642,gap/sophia-park,Sophia Park,person-gap-addition,,,,Kutztown University of Pennsylvania,,,,,succession re-scan: Kutztown University of Pennsylvania,,yes,,,"Assistant Professor, Fine Metals/Jewelry & Metalsmithing (MFA in Jewelry and Metals, San Diego State University). Successor to James Malenda.",yes,https://petersvalley.org/instructors/sophia-park/,,high,succession-scan,https://www.kent.edu/alumni-and-giving/james-malenda-71-2025-professional-achievement-award-recipient | https://petersvalley.org/instructors/sophia-park/ | http://www3.kutztown.edu/arteducation/jung-am-park.html | https://www.kutztown.edu/academics/colleges-and-departments/visual-and-performing-arts/student-organizations.html | https://www.kutztown.edu/academics/colleges-and-departments/visual-and-performing-arts/majors-minors-and-certificates/art-education/faculty-and-staff.html,2026-05-30
643,gap/hosanna-rubio,Hosanna Rubio,person-gap-addition,,,,Long Beach City College,,,,,succession re-scan: Long Beach City College,,yes,,,"Adjunct Faculty, Jewelry & Metalsmithing",yes,https://www.lbcc.edu/jewelry-metalsmithing,,high,succession-scan,https://www.lbcc.edu/jewelry-metalsmithing | https://www.lbcc.edu/applied-design | https://www.lbcc.edu/contact/tanya-crane-1 | https://www.lbcc.edu/art,2026-05-30
644,gap/alexandra-dickinson,Alexandra Dickinson,person-gap-addition,,,,Long Beach City College,,,,,succession re-scan: Long Beach City College,,yes,,,"Instructional Associate, Jewelry & Metalsmithing",yes,https://www.lbcc.edu/jewelry-metalsmithing,,high,succession-scan,https://www.lbcc.edu/jewelry-metalsmithing | https://www.lbcc.edu/applied-design | https://www.lbcc.edu/contact/tanya-crane-1 | https://www.lbcc.edu/art,2026-05-30
645,gap/kristin-beeler,Kristin Beeler,person-gap-addition,,,,Long Beach City College,,,,,succession re-scan: Long Beach City College,,yes,,,"Professor of Art / Coordinator (Applied Design, jewelry/metalwork)",yes,https://www.lbcc.edu/applied-design,,high,succession-scan,https://www.lbcc.edu/jewelry-metalsmithing | https://www.lbcc.edu/applied-design | https://www.lbcc.edu/contact/tanya-crane-1 | https://www.lbcc.edu/art,2026-05-30
646,gap/kathleen-kennedy,Kathleen Kennedy,person-gap-addition,,,,Longwood College,,,,,succession re-scan: Longwood College,,yes,,,Assistant Professor of Art in Jewelry/Metalsmithing,yes,https://www.longwood.edu/directory/profile/kennedykwlongwoodedu/,,high,succession-scan,https://www.longwood.edu/art/about/faculty-staff/ | https://www.longwood.edu/directory/profile/kennedykwlongwoodedu/ | https://www.longwood.edu/news/2014/longwood-honors-five-retiring-faculty-members/ | https://kathleenwkennedy.com/about-1,2026-05-30
647,gap/jacquie-tull,Jacquie Tull,person-gap-addition,,,,"Maryland Art Institute, Jewelry Institute",,,,,"succession re-scan: Maryland Art Institute, Jewelry Institute",,yes,,,"Metalworking Instructor, Interdisciplinary Sculpture",yes,https://www.mica.edu/undergraduate-majors-minors/interdisciplinary-sculpture-major/jacquie-tull/,,medium,succession-scan,https://www.mica.edu/academics/undergraduate-majors-minors/interdisciplinary-sculpture-major/faculty/ | https://www.mica.edu/undergraduate-majors-minors/interdisciplinary-sculpture-major/jacquie-tull/ | https://www.mica.edu/academics/undergraduate-majors-minors/ | https://www.mica.edu/other-resources/faculty-staff-directory/ | https://americanart.si.edu/artist/harold-oconnor-6323,2026-05-30
648,gap/heather-white,Heather White,person-gap-addition,,,,Massachusetts College of Art,,,,,succession re-scan: Massachusetts College of Art,,yes,,,"Professor, Jewelry and Metalsmithing (also known as Heather White van Stolk); Metals Department Coordinator",yes,https://massart.edu/program/jewelry-and-metalsmithing/faculty/,,high,succession-scan,https://massart.edu/program/jewelry-and-metalsmithing/faculty/ | https://massart.edu/program/jewelry-and-metalsmithing/ | https://massart.edu/app/uploads/legacy-files/curriculum-vitae/HeatherWhiteResume.pdf | https://www.governmentjobs.com/careers/massart/jobs/newprint/2649476,2026-05-30
649,gap/emily-cobb,Emily Cobb,person-gap-addition,,,,Massachusetts College of Art,,,,,succession re-scan: Massachusetts College of Art,,yes,,,"Associate Professor, Jewelry and Metalsmithing",yes,https://massart.edu/program/jewelry-and-metalsmithing/faculty/,,high,succession-scan,https://massart.edu/program/jewelry-and-metalsmithing/faculty/ | https://massart.edu/program/jewelry-and-metalsmithing/ | https://massart.edu/app/uploads/legacy-files/curriculum-vitae/HeatherWhiteResume.pdf | https://www.governmentjobs.com/careers/massart/jobs/newprint/2649476,2026-05-30
650,gap/venetia-dale,Venetia Dale,person-gap-addition,,,,Massachusetts College of Art,,,,,succession re-scan: Massachusetts College of Art,,yes,,,"Visiting Lecturer, Jewelry and Metalsmithing",yes,https://massart.edu/program/jewelry-and-metalsmithing/faculty/,,high,succession-scan,https://massart.edu/program/jewelry-and-metalsmithing/faculty/ | https://massart.edu/program/jewelry-and-metalsmithing/ | https://massart.edu/app/uploads/legacy-files/curriculum-vitae/HeatherWhiteResume.pdf | https://www.governmentjobs.com/careers/massart/jobs/newprint/2649476,2026-05-30
651,gap/joyce-kutty,Joyce Kutty,person-gap-addition,,,,Massachusetts College of Art,,,,,succession re-scan: Massachusetts College of Art,,yes,,,"Visiting Lecturer, Jewelry and Metalsmithing",yes,https://massart.edu/program/jewelry-and-metalsmithing/faculty/,,high,succession-scan,https://massart.edu/program/jewelry-and-metalsmithing/faculty/ | https://massart.edu/program/jewelry-and-metalsmithing/ | https://massart.edu/app/uploads/legacy-files/curriculum-vitae/HeatherWhiteResume.pdf | https://www.governmentjobs.com/careers/massart/jobs/newprint/2649476,2026-05-30
