id,slug,name,program_started,degrees,source_url,source_ts,fc_still_exists,fc_current_name,fc_current_chair,fc_current_status,fc_what_happened,fc_current_link,fc_confidence,fc_verified,fc_sources,fc_checked,fc_succession_status,fc_current_faculty
1,crafts/metalsdirectorypage/s1.html,Abilene Christian University,,"BFA, BA",http://www.temple.edu/crafts/metalsdirectorypage/s1.html,,no,Department of Art and Design,"Robert Green (Professor; Department Chair and Program Director, Fine Art). Graphic Design directed by Ryan Feerer.","The Department of Art and Design (College of Arts and Sciences) is active and offers a BFA in Art with concentrations in Studio Art, Graphic Design, and All-Level Teaching, plus majors in Art Education, Art Therapy, Graphic Design, and Interior Architecture and Design. Studio Art concentration tracks are Ceramics, Painting, and Sculpture only. There is NO metals/jewelry/metalsmithing concentration, major, or listed ART course in the current catalog. The department still advertises facilities including ""a well-equipped metal casting foundry"" and metalworking pneumatic tools, but these now serve sculpture/foundry rather than a jewelry/silversmithing program.","The metals/jewelry/silversmithing program was effectively the personal program of Virginia ""Ginna"" Sadler, who taught at ACU from 1980 until her retirement in 2016 (36 years). She held an MFA in jewelry design and silversmithing from Indiana University (1974) and was a member of the Society of North American Goldsmiths (SNAG). After her 2016 retirement the dedicated metals/jewelry teaching was not continued — current Studio Art concentrations are Ceramics, Painting, and Sculpture, with no metals/jewelry courses or specialist faculty. Sadler was named professor emeritus and died March 12, 2023, at age 74. The archived directory entry (""Ginna Sadler 1980 to present"") reflects the pre-2016 state; the program did not survive her departure.",https://acu.edu/academics/arts-humanities-social-sciences/art-design/,high,confirmed,https://acu.edu/2023/03/20/acu-remembers-ginna-sadler/ | https://acu.edu/academics/arts-humanities-social-sciences/art-design/ | https://acu.edu/academics/arts-humanities-social-sciences/art-design/faculty/ | https://catalog.acu.edu/preview_entity.php?catoid=23&ent_oid=1247&returnto=1353 | https://www.dignitymemorial.com/obituaries/abilene-tx/virginia-sadler-11195418,2026-05-29,,
2,crafts/metalsdirectorypage/s10.html,Birmingham Bloomfield Art Association,,,http://www.temple.edu/crafts/metalsdirectorypage/s10.html,,merged-renamed,Birmingham Bloomfield Art Center (BBAC),"Robin Servo, head of the Jewelry/Metals Department (BFA Michigan State Univ., MFA Cranbrook Academy of Art)","Active non-degree community art center. Offers ongoing (non-credit) Jewelry/Metalsmithing classes and camps for all ages within its Jewelry/Metals Department/studio. No academic degrees — it is a community arts education nonprofit, not a college.","The ""Birmingham Bloomfield Art Association"" now operates as the Birmingham Bloomfield Art Center (BBAC) — a rename/rebrand of the same nonprofit (founded 1957) in Birmingham, MI. The jewelry/metals program continues uninterrupted: its studio was renovated and reopened in late September 2014 (funded by the Michigan Council for Arts and Cultural Affairs plus donors), enabling access for students with special needs. Classes run continuously through 2025–2026. Leadership of the Jewelry/Metals Department is now Robin Servo (20+ years at BBAC); the archived faculty member Robert C. Fisher is no longer listed anywhere. Other current metals instructors include Nancy Clark, Janice Degen, Darlene Earls, and Mary Kernahan.",https://bbartcenter.org/,high,confirmed,https://bbartcenter.org/about-education-programs/jewelrymetals-studio-renovation/ | https://bbartcenter.org/bbac-faculty/ | https://bbartcenter.org/birmingham-bloomfield-art-center/ | https://bbartcenter.org/ | https://bbartcenter.org/2025-current-student-works-show-results/,2026-05-29,active-with-dedicated-faculty,Robin Servo (Head of the Jewelry/Metals Department)
3,crafts/metalsdirectorypage/s100.html,"California State University, Northridge",,"B.F.A, M.A, M.F.A",http://www.temple.edu/crafts/metalsdirectorypage/s100.html,,unknown,"Department of Art & Design, California State University, Northridge",,"CSUN's Department of Art & Design (in the Mike Curb College of Arts, Media, and Communication) currently offers a BA in Art with eleven undergraduate concentrations (Animation, Art Education, Art History, Ceramics, Communication/Graphic Design, Drawing, Illustration, Painting, Photography/Video, Printmaking, Sculpture) plus MA and MFA degrees in Visual Arts. No metals, metalsmithing, or jewelry concentration is listed in current or archived (2014, 2018) catalogs.","No dedicated metals/jewelry program could be documented at CSUN. The archived directory record carried no start date or faculty for this entry, and the program may have been listed loosely or have predated CSUN's online catalogs (earliest available, 2014, already shows no metals/jewelry concentration). Across the 2014, 2018, and current (2025/26) Art catalogs, the concentration list has been stable and never includes metals or jewelry; only Sculpture/Ceramics relate to 3D making, and Graphic Design is the only concentration noted as suspended. If a metals/jewelry offering ever existed at CSUN it was discontinued before the online-catalog era (~2014); there is no current metals/jewelry program in the department.",https://www.csun.edu/mike-curb-arts-media-communication/art-design,low,confirmed,https://www.csun.edu/mike-curb-arts-media-communication/art-design | https://www.csun.edu/mike-curb-arts-media-communication/art-design/programs-overview/undergraduate-programs | https://catalog.csun.edu/archive/2018/academics/art/programs/mfa-art/index.html | https://csun.edu/catalog/archive/2014/academics/art/programs/mfa-art.html | https://catalog.csun.edu/academics/art/overview/,2026-05-29,,
4,crafts/metalsdirectorypage/s101.html,Memphis College of Art,,"B.F.A, M.F.A",http://www.temple.edu/crafts/metalsdirectorypage/s101.html,,no,,,"degrees offered now, dept it sits in","The metals/jewelry program closed when the entire institution shut down. Memphis College of Art (founded 1936) announced in October 2017 that it would stop recruiting new students due to mounting real estate debt, a small endowment, and declining enrollment (down ~35% that year). It operated on a teach-out plan and closed permanently at the end of the 2019-20 academic year, holding its final commencement on May 9, 2020 (conducted virtually due to COVID-19). Metalworking/jewelry was one of MCA's 16 fine-arts programs (11 undergraduate BFA + 5 graduate degrees). There is no successor academic metals program. Note: in May 2022 the unrelated Metal Museum signed a lease for MCA's former campus (Rust Hall in Overton Park) — this is a museum/exhibition institution, NOT a continuation of the degree-granting academic program.",,high,confirmed,https://en.wikipedia.org/wiki/Memphis_College_of_Art | https://hyperallergic.com/411640/memphis-college-art-closing/ | https://www.localmemphis.com/article/news/health/coronavirus/the-end-of-an-era-memphis-college-of-art-prepares-to-say-goodbye-during-coronavirus-pandemic/522-04086167-c621-42f8-bd00-597312eefafb | https://dailymemphian.com/article/7309/The-art-of-closing-MCA-takes-high-road-to-the-end,2026-05-29,,
5,crafts/metalsdirectorypage/s102.html,Metairie Park Country Day School,,Certificate,http://www.temple.edu/crafts/metalsdirectorypage/s102.html,,yes,Metairie Park Country Day School — Visual Arts (Metals),,"Not a degree-granting institution. This is a K-12 independent private school in Metairie, Louisiana. ""Metals"" continues to exist as a semester-long Upper School (grades 9-12) visual-arts elective within the Visual Arts program (alongside Ceramics, Woodworking, 2D Art, Photography); metalworking is also taught in Middle School. No college degrees are offered — credential is a high school diploma.","The metals/jewelry course continues as part of the school's Visual Arts curriculum. The archived directory's named faculty member, Vitrice McMurry (listed ""1983 to present""), is no longer in the current MPCDS faculty directory and is now described in external sources as a FORMER metals teacher at the school — i.e., a leadership/teacher change since ~2014. She taught metalworking two days a week to grades 6-12 from 1983 for many years; she remains active as an independent New Orleans jewelry designer (sold at Symmetry Jewelers, Ogden Museum, NOMA; former Jazz Fest crafts director). The current metals teacher is not publicly named on the school site. Note: the archived record's framing as an academic ""metals/jewelry PROGRAM"" overstates it — it was always a secondary-school art elective, never a collegiate metals/jewelry/CAD-CAM degree program.",https://www.mpcds.com/arts/visual-arts,high,not-needed,https://www.mpcds.com/arts/visual-arts | https://www.mpcds.com/about/directory | https://www.myneworleans.com/vitrice-mcmurry-2014-new-orleans-top-female-achievers/ | https://vitrice.indiemade.com/content/bio,2026-05-29,active-no-dedicated-metals-faculty,
6,crafts/metalsdirectorypage/s103.html,Miami Jewelry Institute,,Certificate,http://www.temple.edu/crafts/metalsdirectorypage/s103.html,,merged-renamed,Miami Jewelry Institute,,"Active, licensed vocational/trade jewelry school (not a degree-granting college). Offers a diploma program ""Advanced Jewelry Technology"" (500 clock hours) plus non-diploma/advanced hands-on bench-jeweler courses and corporate trainings. Not part of a university department; it is a standalone state-licensed institution (FL Commission for Independent Education, License No. 65, licensed since 1987).</current_status>
<parameter name=""current_chair"">Dr. Samanthessa R. Jacob, PhD — Executive Director (since Feb 2024). Earlier owner/director Marc Thurn (2006-2024); founder Philippe Moutardier (1986).","The institution has operated continuously and is currently active. It was founded in 1986 by Philippe Moutardier as the ""First Institute of Gemology and Jewelry School of Florida"" in Coral Gables (state-licensed since 1987). In 2006 leadership passed to Marc Thurn and it operated as the ""Miami Jewelry School."" As of February 2024, Dr. Samanthessa R. Jacob assumed leadership and it was rebranded ""Miami Jewelry Institute."" So since ~2014 it continued under Marc Thurn, then underwent a 2024 leadership change and rename. The program is alive at 777 NW 72nd Ave, Miami, FL.",https://www.miamijewelryinstitute.com/,high,confirmed,https://www.miamijewelryinstitute.com/ | https://www.miamijewelryinstitute.com/about-us.html | https://www.miamijewelryinstitute.com/meet-our-team.html | https://web02.fldoe.org/CIE/SearchSchools/SchoolSearchDetail.aspx?schoolID=65 | https://www.jewelers.org/jewelry-careers/jewelry-schools-directory/1-miami-jewelry-institute,2026-05-29,active-with-dedicated-faculty,"Dr. Samanthessa R. Jacob, PhD (Executive Director and Instructor (2nd Generation Master Jeweler; Metal Fabrication, Mass Production)); Cynthia Zambrano (Enrollment Specialist and Instructor (GIA Certified Jeweler; Custom Jewelry Designs, Grills, Metal Fabrication)); Natasha Miller (Student Account Specialist and Instructor (Master Jeweler; Sculptural Jewelry, Metal Smithing)); Ivonne Ingle (Teacher's Assistant / Jeweler (Designing)); Zannabe Blair (Teacher's Assistant / Jeweler (Beadwork))"
7,crafts/metalsdirectorypage/s104.html,Miami University,,,http://www.temple.edu/crafts/metalsdirectorypage/s104.html,,yes,"Jewelry Design & Metals — Department of Art, College of Creative Arts, Miami University (Oxford, Ohio)",,"Active as a metals concentration within the Studio Art major (BA in Studio Art and BFA in Studio Art), plus graduate study in metals (ART 664) and a standalone Jewelry Design & Metals minor. Sits in the Department of Art within the College of Creative Arts. Studio is equipped with metalsmithing workstations, acetylene torch stations with vented hoods, rolling mill, and buffer; course sequence runs Jewelry Design & Metals I–IV (ART 364 studio).","Continuation with a leadership/faculty transition. The archived record lists Susan Ewing as ""1981 to present"" — she served Miami University ~35 years (1981–2016, retiring as University Distinguished Professor / Professor Emerita of Art; she was also Associate/Senior Associate Dean of the College of Creative Arts 2008–2016). After leaving Miami she became Director of Cranbrook Academy of Art (interim Aug 2018, permanent Jan 2019). The metals/jewelry program itself was not closed, merged, or renamed: post-2014 it continues as an active concentration in the Studio Art BA/BFA, with graduate study and a Jewelry Design & Metals minor still offered as of 2025–26. I could not confirm by name the specific tenured metals faculty member who succeeded Ewing or the current Department of Art chair.",https://miamioh.edu/cca/academics/departments/art/academics/majors/studio-art/metals/index.html,high,not-needed,https://miamioh.edu/cca/academics/departments/art/academics/majors/studio-art/metals/index.html | https://bulletin.miamioh.edu/creative-arts/art/ | https://miamioh.edu/academics/majors-minors/minors/jewelry-design-metals.html | https://miamioh.edu/academic-affairs/awards-professorships/spotlights/ewing-susan.html | https://cranbrookart.edu/press-room/susan-r-ewing-named-director-of-cranbrook-academy-of-art/ | https://programs.miamioh.edu/programs/studio-art-bfa/,2026-05-29,active-with-dedicated-faculty,Geoff Riggle (Associate Teaching Professor of Studio Art (jewelry design and metalsmithing))
8,crafts/metalsdirectorypage/s105.html,Middle Tennessee State University,,B.F.A,http://www.temple.edu/crafts/metalsdirectorypage/s105.html,,no,"Department of Art and Design, Middle Tennessee State University","Jimmy Mumford (Chair, Department of Art and Design, as of 2025)","No metals/jewelry/metalsmithing concentration is offered today. The Department of Art and Design (College of Liberal Arts) offers a BFA in Studio Art with emphases in ceramics, painting, printmaking, or sculpture; plus BFA Graphic Design, BS/BA Visual Arts, BS/BA Art History, and BS Art Education. Metals/jewelry is not among current studio emphasis areas.","The archived ""Klaus Kallenberger 1966 to present"" record was already stale when the directory went offline. Kallenberger — the program's metals/jewelry/silversmithing professor (MFA jewelry & silversmithing, Univ. of Kansas; he designed MTSU's ceremonial maces and chain of office) — taught roughly 1966 to 2002 and RETIRED in 2002 after 36 years. There is no evidence the metals/jewelry teaching area continued under a successor. By the present-day Department of Art and Design, the studio BFA emphases are ceramics, painting, printmaking, and sculpture only; no metals/jewelry concentration exists. So the program effectively ended with Kallenberger's 2002 retirement rather than surviving as a degree path; it was not renamed or merged into a continuing metals concentration.",https://art.mtsu.edu/programs/,high,confirmed,https://tnartscommission.org/permanentcollection/klaus-kallenberger/ | https://art.mtsu.edu/programs/ | https://www.mtsu.edu/program/art-studio-concentration-b-f-a/ | https://art.mtsu.edu/about/,2026-05-29,,
9,crafts/metalsdirectorypage/s106.html,Midwestern State University,,"B.A, B.F.A",http://www.temple.edu/crafts/metalsdirectorypage/s106.html,,yes,"Midwestern State University (MSU Texas) — Metalsmithing area, Department of Art, Fain College of Fine Arts","Suguru Hiraide, Professor of Sculpture and Metals (teaching at MSU since 2003) appears to be the metals faculty. No separate Art Department chair name was confirmed on the public pages.","Active. Metalsmithing is one of 10 studio areas in the Department of Art (Fain College of Fine Arts). Offered as part of the BFA in Art, BA in Art, and BFA with Teacher Certification. Curriculum runs Metals I–V (jewelry/non-ferrous metalwork: casting, raising, enameling, soldering, die-forming, niobium anodizing). No CAD-CAM emphasis listed.","Continuation, no closure. The metalsmithing program remains an active studio area in the Department of Art. The biggest institutional change since 2014: on June 8, 2021 Gov. Abbott signed HB 1522 making Midwestern State University the fifth member of the Texas Tech University System, effective Sept 1, 2021 — an affiliation/system change, not a name change or program change. Metals faculty Suguru Hiraide has been continuous since 2003.",https://msutexas.edu/academics/finearts/art/metalsmith.php,high,not-needed,https://msutexas.edu/academics/finearts/art/metalsmith.php | https://msutexas.edu/academics/finearts/art/courses.php | https://msutexas.edu/academics/finearts/art/faculty.php | https://www.texastech.edu/stories/21-06-ttu-system-welcomes-msu-texas.php | https://news.msutexas.edu/2021/05/governor-signs-bill-making-midwestern-state-5th-member-of-ttu-system.php,2026-05-29,active-with-dedicated-faculty,"Suguru Hiraide (Professor, Sculpture and Metals)"
10,crafts/metalsdirectorypage/s107.html,Millersville University,,,http://www.temple.edu/crafts/metalsdirectorypage/s107.html,,yes,"Fine Art Metals (concentration/minor), Department of Art &amp; Design","Becky McDonah (Professor in Fine Art Metals, runs the metals program). Department of Art &amp; Design chair: Line Bruntse (Associate Professor in Sculpture).","Active. Fine Art Metals is offered as a concentration within the BA, BFA, and BSE (Art Education) degrees, plus a minor in Fine Art Metals. It sits in the Department of Art &amp; Design, College of Arts, Humanities &amp; Social Sciences. Dedicated metals studio (20 jewelers' benches) in Breidenstine Hall Rm 201.","Continuation with a leadership/faculty change. The archived faculty member, Brigid O'Hanrahan (listed ""1982 to present""), retired after teaching metals at Millersville for nearly 30 years (around 2011-2012, per an Art Jewelry Forum profile) and shifted to her own studio practice. The metals program continued and is now led by Becky McDonah, Professor in Fine Art Metals. No closure, merger, or renaming of the program; it remains a live concentration/minor in the Department of Art &amp; Design.",https://www.millersville.edu/programs/fine-art-metals.php,high,not-needed,https://www.millersville.edu/programs/fine-art-metals.php | https://www.millersville.edu/art/faculty-and-staff/ | https://www.millersville.edu/art/ | https://www.millersville.edu/art/programs-of-study/concentrations.php | https://artjewelryforum.org/articles/geologica-brigid-ohanrahan-2/,2026-05-29,active-with-dedicated-faculty,Becky McDonah (Professor in Fine Art Metals)
11,crafts/metalsdirectorypage/s108.html,Milwaukee Area Technical College,,Diploma,http://www.temple.edu/crafts/metalsdirectorypage/s108.html,,no,Milwaukee Area Technical College (MATC),,"No jewelry/metals/jewelry-repair program currently offered. MATC's current course catalog and program listings (Creative Arts, Design & Media pathway) contain no jewelry, jewelry repair/fabrication, metalsmithing, or gemology program; the student course-search portal returns no jewelry sections. MATC does have an unrelated ""Advanced Metal Fabrication"" welding program (Manufacturing pathway), which is NOT the jewelry/metalsmithing program in this record.","The historic ""Division of Jewelry Repair and Fabrication"" (technical diplomas + continuing-ed classes in jewelry repair/manufacturing and basic gemology, formerly at 700 W. State St.) appears to have been discontinued. It no longer appears in MATC's current academic catalog, program list, or course search, and the MATC cost-sheet URL that previously referenced jewelry now 404s. The institution itself is fully active and continues to operate; only the jewelry/metals program is gone.",https://www.matc.edu/course-catalog/,medium,confirmed,https://www.matc.edu/course-catalog/ | https://colss-prod.ec.matc.edu/Student/Courses/Search | https://www.jewelers.org/jewelry-careers/jewelry-schools-directory/milwaukee-area-technical-college | https://www.matc.edu/course-catalog/manufacturing-construction-transportation/advanced-metal-fabrication.html,2026-05-29,,
12,crafts/metalsdirectorypage/s11.html,Blue Mountain Community College,,,http://www.temple.edu/crafts/metalsdirectorypage/s11.html,,no,Blue Mountain Community College — Fine Arts / Art (general),,"No dedicated metals/jewelry/metalsmithing credit program. Art at BMCC (Pendleton, OR) exists only as general lower-division ART transfer courses within the Associate of Arts Oregon Transfer (AAOT) block degree, plus the Betty Feves Memorial Gallery (the art program's identity is ceramics/sculpture-leaning, after ceramicist Betty Feves). The only jewelry-related offering found is a non-credit ""beaded jewelry-making"" workshop in Community Education — not a degree program. The current catalog's ""Fine Arts"" category lists no standalone degree/certificate programs.","No findable evidence that a distinct metals/jewelry program ever existed at the credit level, nor that it continued, closed, merged, or was renamed in a documented way since ~2014. As of the current (2021-2022 and later) catalog, BMCC offers no metals/jewelry degree or certificate; art is delivered only as transfer-level courses under the AAOT. The college's art presence today centers on the Betty Feves Memorial Gallery (35th anniversary noted in 2025) rather than studio-craft degree programs.",https://bluecc.edu/academics/,medium,confirmed,https://bluecc.edu/academics/ | https://catalog.bluecc.edu/content.php?catoid=9&navoid=450 | https://bluecc.edu/community-education/ | https://catalog.bluecc.edu/preview_program.php?catoid=8&poid=964 | https://eastoregonian.com/2025/10/14/feves-gallery-celebrates-35th-anniversary-at-bmcc/ | https://bluecc.edu/staff-directory/,2026-05-29,,
13,crafts/metalsdirectorypage/s110.html,Milwaukee Area Technical College/ South,,,http://www.temple.edu/crafts/metalsdirectorypage/s110.html,,no,Milwaukee Area Technical College (MATC),,"No jewelry/metals/metalsmithing/gemology program currently exists. MATC's current course catalog (Creative Arts & Design pathway) lists Animation, Audio, Baking/Culinary, Computer Simulation & Gaming, Digital Content/Imaging, Graphic Design, Interior Design, and Front-End Web Developer — none jewelry-related. A site:matc.edu search returns no jewelry program page. The only metals-adjacent offerings are Welding, Advanced Metal Fabrication, and Bricklaying (manufacturing/construction trades, not art-jewelry).","The historical program was a ""Division of Jewelry Repair and Fabrication"" at MATC's downtown Milwaukee campus (700 W State St.), offering technical diplomas + continuing-education classes in jewelry repair/manufacturing and basic gemology — NOT an associate degree, and not at the South/Oak Creek campus per current records. It has since been discontinued: it appears in no current MATC catalog, program list, or site search. No press release or news article fixing an exact closure year was found, so the precise discontinuation date (sometime around/after the directory went offline ~2014-2019) is uncertain. The Jewelers of America schools directory still lists it, but that listing is stale and not corroborated by MATC's live site.",https://www.matc.edu/course-catalog/,medium,confirmed,https://www.jewelers.org/jewelry-careers/jewelry-schools-directory/milwaukee-area-technical-college | https://www.matc.edu/course-catalog/ | https://www.matc.edu/ | https://www.matc.edu/who-we-are/campuses-locations/oak-creek/index.html,2026-05-29,,
14,crafts/metalsdirectorypage/s111.html,Milwaukee Area Technical College/North,,,http://www.temple.edu/crafts/metalsdirectorypage/s111.html,,no,Milwaukee Area Technical College (MATC),,"No jewelry/metals/metalsmithing program in MATC's current (2025-26) catalog. The college's CRAFTS course subject still exists in the self-service portal but currently returns no active jewelry sections. Historically the program was the ""Division of Jewelry Repair and Fabrication"" (Jewelry Fabrication and Repair technical diploma + continuing-education jewelry/gemology classes) at the Downtown Milwaukee campus, 700 W State St. Closest current adjacent offerings sit under the Creative Arts, Design & Media pathway (none are jewelry/metals); Welding/Metal Fabrication exists under Manufacturing but is unrelated to jewelry/metalsmithing.","The jewelry/metalsmithing program appears to have been discontinued. It is not listed anywhere in MATC's 2025-26 academic catalog or current Creative Arts, Design & Media program list, and the live course-section search returns no active jewelry or jewelry-repair/fabrication courses. The only surviving public trace is a non-date-stamped legacy listing in the Jewelers of America jewelry-schools directory (""technical diplomas and continuing education classes in jewelry repair and manufacturing... Division of Jewelry Repair and Fabrication, 700 W State St.""), which appears to be stale/archival rather than a confirmation the program is currently running. Exact closure/phase-out date could not be pinned down from available sources. No current program head, leadership change, merge, or rename could be confirmed.",https://www.matc.edu/course-catalog/creative-arts-design-media/index.html,medium,verify-failed,https://www.matc.edu/course-catalog/creative-arts-design-media/index.html | https://www.matc.edu/course-catalog/ | https://colss-prod.ec.matc.edu/student/Courses/Search?subjects=CRAFTS | https://www.jewelers.org/jewelry-careers/jewelry-schools-directory/milwaukee-area-technical-college | https://www.wtcsystem.edu/colleges/milwaukee-area-technical-college/ | https://www.matc.edu/,2026-05-29,,
15,crafts/metalsdirectorypage/s112.html,Minneapolis Technical College,,,http://www.temple.edu/crafts/metalsdirectorypage/s112.html,,merged-renamed,Minneapolis College (formerly Minneapolis Community & Technical College / MCTC),"None for jewelry (program no longer listed). Todd Hawkinson is described in his industry bio as the former head of the Jewelry Manufacturing & Repair Program and (per an older bio) co-chair of the Jewelry & Gemology Department at MCTC; he now runs T.R.Hawkinson, Ltd. and teaches at North House Folk School.","The institution still exists (rebranded ""Minneapolis College"" in 2022), but the jewelry/metalsmithing/gemology program does NOT appear in the current Programs-Awards A–Z list. The only metal-related offerings now are ""Welding and Metal Fabrication"" and ""CNC Machinist"" — neither is a jewelry/gemology program. The dedicated Jewelry & Gemology program appears to have been discontinued.","The institution itself survived through multiple renamings/mergers but the metals/jewelry program was discontinued. Chronology: the archived record's ""Minneapolis Technical College"" (MTC, 1980s) merged in February 1996 with Minneapolis Community College to form Minneapolis Community & Technical College (MCTC); MCTC shortened its name to ""Minneapolis College"" in 2022. The jewelry program was already flagged for low enrollment as early as 1999 (Ganoksin forum). It still appears to have operated into the 2010s (referenced as a resale/program activity in a Jan-2019 college policy doc, and listed in jewelry-school directories with Todd Hawkinson as dept. chief), but it is absent from the current program catalog — indicating closure sometime after ~2019. Faculty Todd Hawkinson and Myrl Hein are no longer current program staff.",https://minneapolis.edu/programs-a-z,medium,confirmed,https://minneapolis.edu/programs-a-z | https://en.wikipedia.org/wiki/Minneapolis_College | https://www.silversmithing.com/schools.htm | https://northhouse.org/instructors/todd-hawkinson | https://www.trhltd.com/information/information&information_id=4 | https://minneapolis.edu/about-us/policies/policy-515,2026-05-29,lapsed-or-closed,
16,crafts/metalsdirectorypage/s117.html,Missouri Southern State College,,"B.A, B.S, B.S.",http://www.temple.edu/crafts/metalsdirectorypage/s117.html,,merged-renamed,Missouri Southern State University — Art and Design Department (Jewelry Design/Metalsmithing),"Frank A. Pishkur, Chair, Art & Design Department","The metals/jewelry curriculum continues as a ""Jewelry"" emphasis/option (12 hours) within the BFA in Studio Art, housed in the Art and Design Department, College of Arts and Sciences. Courses include ART 0205 Beginning Jewelry Design/Metalsmithing, ART 0330 Jewelry Design/Metalsmithing, and ART 0423/0443 Special Projects I & II in Jewelry/Metalsmithing. The department offers undergraduate degrees in art, graphic design, and art education.","The institution itself was renamed: ""Missouri Southern State College"" became ""Missouri Southern State University"" in 2003 (state legislation granting university status), which is why the archived directory name is outdated. The jewelry/metalsmithing instruction continues uninterrupted as a studio emphasis within the BFA Studio Art degree rather than as a standalone metals program — it is not a dedicated metals/jewelry major or degree. Course numbering and titles (ART 0205/0330/0423/0443) remain active in the current MSSU catalog. The Art & Design Department is currently chaired by Frank A. Pishkur. No closure, merger of the program, or discontinuation was found; this is a continuation under a renamed institution.",https://www.mssu.edu/academics/arts-sciences/art/index.php,high,confirmed,https://www.mssu.edu/academics/arts-sciences/art/index.php | https://catalog.mssu.edu/preview_program.php?catoid=12&poid=2820&returnto=810 | https://catalog.mssu.edu/preview_course_nopop.php?catoid=1&coid=70 | https://catalog.mssu.edu/preview_entity.php?catoid=17&ent_oid=1439&returnto=3316,2026-05-29,active-no-dedicated-metals-faculty,
17,crafts/metalsdirectorypage/s118.html,Montana State University,,"B.A, M.A, M.F.A",http://www.temple.edu/crafts/metalsdirectorypage/s118.html,,yes,"Jewelry & Metalsmithing, School of Art","Josh DeWeese is Director of the School of Art (Ceramics). Victoria (Tori) Burchill is the current Metalsmithing instructor. There is no separate metalsmithing-only ""chair""; the area sits under the School of Art director.","Active. Metalsmithing is one of seven areas of study in the School of Art (College of Arts and Architecture). Degrees: BA in Art (Liberal Arts Studio Option), BFA in Studio Arts, and MFA — all with metalsmithing as a concentration option.","The program continues and is thriving. It celebrated its 50th anniversary with an exhibition Sept 13 – Nov 27, 2024, indicating a founding around 1974. Richard Helzer (long-time metals professor named in the archived record, ""1970 to present"") has since retired and was featured as an alumnus/contributor in the 50th anniversary exhibition. Leadership of the School of Art is now Josh DeWeese; the metals area is currently taught by instructor Victoria Burchill. No closure, merger, or rename — the metals/jewelry area name and home (School of Art) are unchanged.",https://art.montana.edu/areas-of-study/metalsmithing.html,high,not-needed,https://art.montana.edu/areas-of-study/metalsmithing.html | https://art.montana.edu/directory_2/index.html | https://art.montana.edu/MSU-Metalsmithing-50th-Anniversary-Call-for-Entry.html | https://art.montana.edu/ | https://art.montana.edu/areas-of-study/index.html,2026-05-29,active-with-dedicated-faculty,"Victoria Burchill (Instructor, Metalsmithing (stone setting, fusing, soldering); MFA Montana State University 2019)"
18,crafts/metalsdirectorypage/s119.html,Montgomery College,,,http://www.temple.edu/crafts/metalsdirectorypage/s119.html,,yes,"Jewelry & Metalsmithing (Art Department, Rockville Campus)","Lucy Louise Derickson (MFA, Virginia Commonwealth University), Coordinator of the Jewelry and Metalsmithing/Crafts Area. Art Department Chair (Rockville & Germantown): Tendai Johnson (MFA, University of Georgia).","Active. Jewelry & Metalsmithing is taught as a course area (not a standalone degree) within the Art Department on the Rockville Campus. Courses: ARTT 245 Jewelry and Metalsmithing, ARTT 255G/256G Jewelry & Metalsmithing Practicum I/II, and ARTT 257G Individual Art Workshop. Students earn the general visual-arts AA or AFA degree; there is no dedicated jewelry/metals degree or certificate. Continuing-education (non-credit) Jewelry and Metalsmithing classes are also offered through Workforce Development & Continuing Education.","Continuation with leadership change. The archived faculty (Komelia H. Okim, who taught at Montgomery College from 1972 until her retirement, and Brian Meek, who started 1994) are no longer listed on the current Art Department faculty/staff page. The metals/jewelry area has continued under new leadership: Lucy Louise Derickson now serves as Coordinator of the Jewelry and Metalsmithing/Crafts Area, with Tendai Johnson as overall Art Department chair. The program remains active enough that Montgomery College continues to post for part-time Jewelry & Metalsmithing instructors and maintains a student-artwork gallery page for the area.",https://www.montgomerycollege.edu/academics/departments/art-rockville/student-artwork/jewelry-and-metalsmithing.html,high,not-needed,https://www.montgomerycollege.edu/academics/departments/art-rockville/student-artwork/jewelry-and-metalsmithing.html | https://www.montgomerycollege.edu/academics/departments/art-rockville/faculty-staff.html | https://catalog.montgomerycollege.edu/preview_course_nopop.php?catoid=8&coid=9432 | https://jobs.chronicle.com/job/37992336/part-time-faculty-jewelry-and-metalsmithing-instructor/ | https://www.montgomerycollege.edu/academics/departments/art-rockville/index.html | https://www.komeliaokim.com/bio,2026-05-29,active-with-dedicated-faculty,"Lucy Louise Derickson (Associate Professor & Coordinator of Jewelry and Metalsmithing/Crafts Area (MFA, Virginia Commonwealth University)); Katja Toporski (Faculty, Jewelry / 3D Art (MFA, Towson University)); Wanjin Kim (Instructor, Jewelry & Metalsmithing / Crafts (MFA Metalsmithing, Cranbrook Academy of Art); Community Arts / part-time since 2003)"
19,crafts/metalsdirectorypage/s12.html,Bowling Green State University,,"B.F.A, M.A, M.F.A",http://www.temple.edu/crafts/metalsdirectorypage/s12.html,,yes,"Jewelry and Metals (Jewelry and Metalsmithing area), School of Art, BGSU","Tom (Thomas P.) Muir — Distinguished Artist Professor and Area Head, Jewelry and Metalsmithing. (Marissa Saneholtz is also metals faculty.) The School of Art has its own Director, distinct from the area head.","Active. Jewelry & Metals is one of seven studio media areas in the School of Art (College of Arts and Sciences). Degrees: BFA in Studio Art (with a jewelry/metals concentration), BA in Art with studio specialization, and MFA in Art with a 3D studio art specialization (graduate jewelry and metals sits under Three-Dimensional Studies). 2,000 sq ft metals studio supporting casting, enameling, forging, electroforming; 3D Digital Media / CAD is now taught within the area.","Continuation with leadership continuity. Thomas Muir, listed in the archived record as ""1991 to present,"" is still the area head as of 2026, now also teaching 3D Digital Media/CAD. No closure, merger, or rename — the program has continued uninterrupted as the Jewelry and Metals area within the School of Art and College of Arts and Sciences. Notable since ~2014: Muir's work acquired by the Toledo Museum of Art (2017); a second metals faculty member, Marissa Saneholtz, is now on staff; graduate jewelry/metals organized under the Three-Dimensional Studies / 3D studio art track.",https://www.bgsu.edu/arts-and-sciences/school-of-art/undergraduate-programs/studio/jewelry-and-metals.html,high,not-needed,https://www.bgsu.edu/arts-and-sciences/school-of-art/undergraduate-programs/studio/jewelry-and-metals.html | https://www.bgsu.edu/arts-and-sciences/school-of-art/faculty-staff/tom-muir.html | https://www.bgsu.edu/academics/studio-art-bachelors-bgsu.html | https://www.bgsu.edu/academics/graduate/art-3d-studio-art-masters.html | https://www.bgsu.edu/news/2017/06/muir-vessel-acquired-by-toledo-museum-of-art.html | https://www.bgsu.edu/arts-and-sciences/school-of-art/faculty-staff/marissa-saneholtz.html,2026-05-29,active-with-dedicated-faculty,"Tom Muir (Distinguished Artist Professor, Area Head, Jewelry and Metals); Marissa Saneholtz (Associate Teaching Professor, Jewelry & Metals)"
20,crafts/metalsdirectorypage/s122.html,Mott Community College,,,http://www.temple.edu/crafts/metalsdirectorypage/s122.html,,merged-renamed,"Department of Art, Design & Photography (Fine Arts Program), Arts and Humanities Division","James Shurter, MFA — Professor and Department Chair of Art, Design & Photography","No dedicated jewelry/metals/metalsmithing program or credit courses exist in the current catalog. The metals/jewelry offering described in the archived directory has not survived as a distinct program; the nearest current home is the Associate in Fine Arts (Studio Art Option) and the 3D/Sculpture studio area. Other fine-arts credentials: AFA Studio Art Option, AFA Music Option, and certificates in Art & Design Foundation, Graphic Design (Foundation and Advanced), and Photography. One studio-art professor (Jjenna Hupp Andrews) holds a BFA in Metalsmithing/3D but teaches sculpture and foundations rather than a jewelry/metals program.","Since ~2014 the metals/jewelry listing has effectively disappeared as a standalone program. Mott Community College (Flint, MI) continues to operate a Fine Arts program, but it has consolidated into a Department of Art, Design & Photography offering Studio Art, Graphic Design, Photography, and Music. The current online catalog (2025-2026) returns zero results for ""jewelry"" and lists no metals/metalsmithing courses; facilities list a 3D/Sculpture studio but no metals/jewelry lab. A faculty member with a metalsmithing MFA remains on staff but teaches sculpture/foundations. Best interpretation: the metals/jewelry instruction the SNAG-era directory recorded was either a small studio offering or non-credit/continuing-ed class that has since been folded into general studio art/sculpture or discontinued. No press release or formal closure announcement was found.",https://www.mcc.edu/fass/finearts-degrees.shtml,medium,verify-failed,https://www.mcc.edu/fass/finearts-degrees.shtml | https://catalog.mcc.edu/content.php?catoid=18&navoid=546 | https://catalog.mcc.edu/preview_program.php?catoid=18&poid=2154 | https://www.mcc.edu/fass/fine-arts-faculty.shtml | https://www.mcc.edu/fass/fine-arts-facilities-resources.shtml | https://mcc.augusoft.net/index.cfm?method=ClassListing.ClassListingDisplay&int_category_id=7&int_sub_category_id=21&int_catalog_id=,2026-05-29,active-no-dedicated-metals-faculty,
21,crafts/metalsdirectorypage/s123.html,Nazareth College,1968,B.S,http://www.temple.edu/crafts/metalsdirectorypage/s123.html,,yes,"Nazareth University — Studio Art (jewelry & metals concentration), Department of Art & Design",Holland Houdek — Associate Professor of jewelry & metalsmithing and Director of the Studio Art undergraduate program / Art Gallery Director (program head for metals; not confirmed as overall department chair).,"Active. Jewelry and metals are listed concentrations within the Studio Art program, offered as both a BFA and a B.S. The program sits in the Department of Art & Design. The institution renamed from ""Nazareth College"" to ""Nazareth University"" in 2024.","Lynn Duggan (archived as ""1978 to present"") retired as faculty emerita in May 2016 after nearly 40 years, marked by a retrospective ""Lynn Duggan: Trajectory."" In 2017 Nazareth hired Holland Houdek (MFA Jewelry & Metalsmithing, Syracuse) as assistant professor of jewelry & metalsmithing and gallery director; she took over the metalsmithing course offerings. Houdek was promoted to associate professor and Studio Art undergraduate program director by 2023. The institution became Nazareth University in 2024. Despite well-publicized financial/budget pressures at Nazareth in 2024–2025, the Studio Art program with its jewelry and metals concentrations remains listed and active.",https://www2.naz.edu/academics/studio-fine-arts-degree-program/,high,not-needed,https://www2.naz.edu/academics/studio-fine-arts-degree-program/ | https://www2.naz.edu/news/archive/2017/September/364/nazareth-welcomes-new-metalsmithing-professor-and-art-gallery-director-holland-houdek/ | https://www2.naz.edu/connections/past-issues/spring-summer-2016/lynn-duggan-trajectory | https://www2.naz.edu/dept/art-design/faculty-staff/holland-houdek/ | https://hollandhoudek.com/curriculum-vitae/ | https://www2.naz.edu/dept/art-design/student-work/jewelry-and-metalsmith/,2026-05-29,active-with-dedicated-faculty,Holland Houdek (Associate Professor in Professional Practice (Jewelry & Metalsmithing); Director of the Studio Art Undergraduate Program; Art Gallery Director)
22,crafts/metalsdirectorypage/s124.html,Nebraska Wesl e yan University,,"B.A, B.F.A",http://www.temple.edu/crafts/metalsdirectorypage/s124.html,,yes,Nebraska Wesleyan University — Department of Art (metalsmithing/jewelry concentration within the Art B.A./B.F.A.),"No standalone metals program head. Lisa Lockman, MFA, is the Professor of Art who teaches metalsmithing (and ceramics / Intro to Creative Tech) and is the senior studio faculty member. Department contact via administrative assistant Kate Demoret.","Metalsmithing/jewelry is offered as a studio area within the Department of Art's Art B.A. and Art B.F.A. degrees (not a standalone metals/jewelry degree). It is taught alongside ceramics and sculpture; students also get access to the Nebraska Innovation Studio makerspace (3D printers, laser/CNC) in Lincoln.","Continuation with no closure or rename. Lisa Lockman, listed in the archived record as ""1990 to present,"" is still on faculty as Professor of Art teaching metalsmithing as of 2026, confirming uninterrupted operation of the metals/jewelry offering since the directory went offline. Metalsmithing remains embedded in the Art B.A./B.F.A. studio program. The only evolution is added digital-fabrication access via the Nebraska Innovation Studio makerspace.",https://www.nebrwesleyan.edu/academics/majors-and-minors/art/art-degrees,high,not-needed,https://www.nebrwesleyan.edu/campus-directory/lisa-lockman | https://www.nebrwesleyan.edu/academics/majors-and-minors/art/faculty-and-staff | https://www.nebrwesleyan.edu/academics/majors-and-minors/art/art-degrees | https://www.nebrwesleyan.edu/academics/majors-and-minors/art/studio-facilities,2026-05-29,active-with-dedicated-faculty,"Lisa Lockman (Professor of Art (teaches Ceramics, Metalsmithing, Intro to Creative Tech))"
23,crafts/metalsdirectorypage/s125.html,New Mexico State University,,"B.A, B.F.A, M.A, M.F.A",http://www.temple.edu/crafts/metalsdirectorypage/s125.html,,yes,"Jewelry and Metalsmithing area, Department of Art, New Mexico State University","Metals/jewelry area led by Motoko Furuhashi (Associate Professor of Jewelry & Metalsmithing; MFA in Metals, Univ. of Illinois Urbana-Champaign). She heads the area, not the full Department of Art; the overall department chair was not confirmed in this check.","Active. Jewelry/metalsmithing is one of the studio specialization areas within the NMSU Department of Art (College of Arts & Sciences), Las Cruces. Students can specialize in jewelry/metalsmithing through the BFA in Studio Art and the MFA in Studio Art (a 60-credit, 3-year terminal degree). The department also offers a BA in Art and an MA in Art History. The metals studio is housed in Devasthali Hall (Rm 118), a newer facility with 16 benches, casting/forming rooms, an outdoor courtyard with lapidary/powder-coating, and digital tools (3D printing with castable wax, laser cutting).","Continuation with a generational faculty turnover. The archived directory's listed faculty (Carlyle Smith guest 1962–79, Patrice Case, Kate Wagle 1982–88, Lisa Norton 1989–92, ""Julia Barrelo 1992–present"") no longer reflects current staffing — the named ""to present"" faculty member is not the current lead. Since ~2014 the program has been led in jewelry/metalsmithing by Motoko Furuhashi (an ""Artist in Residence in Metals and Jewelry"" posting appears on the department site dated June 2014). The program moved into the new Devasthali Hall art building (opened ~2020) with an upgraded metals studio. It runs a long-standing student Annual Jewelry Sale (42nd+ annual in recent years) and remains active through 2025. No closure, merger, or rename — the area persists within the Department of Art.",https://artdepartment.nmsu.edu/pages/about-us/facilitiespages/metals.html,high,not-needed,https://artdepartment.nmsu.edu/pages/about-us/facilitiespages/metals.html | https://artdepartment.nmsu.edu/pages/about-us/facultyandstaffbiopages/motokofuruhashi.html | https://artdepartment.nmsu.edu/2014/06/artist-in-residence-in-metals-and-jewelry/ | https://catalogs.nmsu.edu/nmsu/arts-sciences/art/ | https://newsroom.nmsu.edu/news/nmsu-s-42nd-annual-jewelry-sale-boosts-art-students--entrepreneurial-skills/s/68549164-0515-4005-8f79-ba246bbf15ad | https://artdepartment.nmsu.edu/,2026-05-29,active-with-dedicated-faculty,"Motoko Furuhashi (Professor, Metalsmithing & Jewelry)"
24,crafts/metalsdirectorypage/s126.html,New York University,,"B.S, M.A",http://www.temple.edu/crafts/metalsdirectorypage/s126.html,,yes,"Metalsmithing concentration within Studio Art (BFA/MFA), Department of Art and Art Professions, NYU Steinhardt","Nancy Deihl is the chair of the Department of Art and Art Professions (a fashion historian, not the metals-area head). No separately identified metalsmithing-area head was found.","Metalsmithing continues as an active studio medium/concentration within the BFA and MFA in Studio Art (it is not a standalone metals/jewelry degree). Housed in the Department of Art and Art Professions at NYU Steinhardt. Courses still offered include ART-UE 501 Metalsmithing I for Non-Majors (listed for Spring 2026) and ART-UE 1515 Metalsmithing (sculpture/small-metal construction). The metalsmithing studio (Barney Building) supports hollow ware, forging, inlay, forming, and coloring of metals. Degrees: BFA Studio Art, MFA Studio Art, Minor in Studio Art.","Metalsmithing was never a freestanding NYU degree program; it has long been one of the studio media offered within the Studio Art program. It continues as such through 2025-2026 with active course offerings, so there has been continuation rather than closure or rename. The archived faculty name ""Pamela E. Lins 1989 to present"" almost certainly refers to artist/sculptor Pam Lins, who is no longer at NYU; she now teaches at Cooper Union (adjunct), Princeton University (Lewis Center for the Arts), and Bard College MFA. Departmental leadership over the period is held by chair Nancy Deihl.",https://steinhardt.nyu.edu/programs/studio-art,high,not-needed,https://steinhardt.nyu.edu/programs/studio-art | https://steinhardt.nyu.edu/departments/art-and-art-professions | https://steinhardt.nyu.edu/courses/metalsmithing | https://steinhardt.nyu.edu/courses/metalsmithing-i-non-majors | https://www.coursicle.com/nyu/courses/ARTUE/501/ | https://steinhardt.nyu.edu/people/nancy-deihl | https://en.wikipedia.org/wiki/Pam_Lins | https://steinhardt.nyu.edu/departments/art-and-art-professions/facilities,2026-05-29,active-with-dedicated-faculty,"Klaus Burgel (Adjunct Instructor, Studio Art (Metalsmithing / Jewelry); teaches ARTUE 501 Metalsmithing I through Spring 2026); Biba Schutz (Adjunct Instructor, Studio Art (Metalsmithing / Jewelry); recent instructor of ARTUE 501 Metalsmithing)"
25,crafts/metalsdirectorypage/s127.html,North Bennet Street School,,,http://www.temple.edu/crafts/metalsdirectorypage/s127.html,,yes,Jewelry Making & Repair,"Tracey Jenkins Darji (JM '05) - Department Head and Instructor. Other faculty: Haley Filamond (JM '20), Instructor; Isabelle Schmit, Teaching Assistant.","Active and full. Offers a Diploma of Jewelry Making & Repair: a two-year (72-week / 2,340 class-hour), full-time career-training program. It is one of NBSS's eight full-time Career Training Programs (the school's own department category; NBSS is a non-degree-granting vocational/trade school, so it is a diploma program, not an academic degree). The school also runs short-term Community Education jewelry courses (e.g., Jewelry Making 101).","Continuation, with a leadership change. The Jewelry Making & Repair program has run continuously and remains one of NBSS's core full-time programs well past 2014. The most notable change since ~2014 is leadership: Tracey Jenkins Darji became Department Head in September 2023 (she had previously studied under longtime instructor Rosemary Trainor, JM '90). The program continues to teach traditional bench skills plus modern techniques (laser welding, wax model making, stone setting, fabrication in gold/platinum/silver).",https://nbss.edu/full-time-programs/jewelry-making-repair/,high,not-needed,https://nbss.edu/full-time-programs/jewelry-making-repair/ | https://nbss.edu/full-time-programs/jewelry-making-repair/curriculum/ | https://nbss.edu/about/people/tracey-jenkins-darji/ | https://nbss.edu/news-events/news-stories/meet-tracey-jenkins-darji-jewelry-department-head/ | https://en.wikipedia.org/wiki/North_Bennet_Street_School,2026-05-29,active-with-dedicated-faculty,"Tracey Jenkins Darji (Department Head & Instructor, Jewelry Making & Repair); Haley Filamond (Instructor, Jewelry Making & Repair); Isabelle Schmit (Teaching Assistant, Jewelry Making & Repair)"
26,crafts/metalsdirectorypage/s129.html,North Hennepin Community College,,,http://www.temple.edu/crafts/metalsdirectorypage/s129.html,,no,North Hennepin Community College,,"No metals/jewelry/metalsmithing program exists today. NHCC's art offerings are the Art Transfer Pathway AFA and Graphic Design AS, with studio courses in ceramics, painting, drawing, photography, and 3D design. The full ART course catalog contains zero jewelry, metals, metalsmithing, or metalwork courses. Art sits within the Creative Arts and Design area / Performing and Visual Arts.","The archived metals directory (offline since ~2014-2019) listed NHCC, almost certainly for a continuing-education / community-ed jewelry or metal-arts offering rather than a credit degree program — NHCC has never offered a metals/jewelry degree among its ~70 credit programs. As of 2026 there is no trace of any jewelry or metals course in the current ART catalog or program list. Whatever beading/jewelry community-ed class was once offered has been discontinued; the college's visual-arts focus is now ceramics, painting, photography, sculpture, and graphic design. No evidence of a rename or merge into another program — it simply no longer exists.",https://www.nhcc.edu/life-nhcc/performing-and-visual-arts/graphic-design-and-visual-art-nhcc,medium,confirmed,https://www.nhcc.edu/academics/explore-all-programs | https://www.nhcc.edu/academics/courses-registration/course-outlines-descriptions/ART | https://www.nhcc.edu/life-nhcc/performing-and-visual-arts/graphic-design-and-visual-art-nhcc | https://www.nhcc.edu/academics/degree-pathways/creative-arts-and-design-and-global-and-cultural-studies/art-transfer,2026-05-29,,
27,crafts/metalsdirectorypage/s13.html,Bradley University,,"B.S, B.A, B.F.A",http://www.temple.edu/crafts/metalsdirectorypage/s13.html,,no,Department of Art and Design (Slane College of Communications and Fine Arts),"Heather Ford (Kodrick), Chair of the Department of Art and Design; Associate Professor of Design","No metals/jewelry/metalsmithing program currently exists. The Department of Art and Design (NASAD-accredited) offers BFA/BA Studio Art with concentrations in Art Education, Drawing, Graphic Design, Painting, Photography, and Sculpture, plus majors in Art Education (K-12), Art History, and Graphic & User Experience Design, and an MFA. Metals/jewelry is not among current concentrations or faculty specialties.","The metals/jewelry area appears to have been discontinued well before the directory went offline. The archived faculty span (James Malenda 1976–1987, Candace Gerbers Brey 1991–1993) indicates a metals teaching line that ended in the early 1990s and was apparently not sustained thereafter. The current Department of Art and Design lists no metals/jewelry concentration or faculty, and the only studio ""object"" area is Sculpture. Department leadership has turned over recently — Gary Will stepped down as chair in summer 2024; Heather Ford is now chair. Bradley also undertook a broad program-cut review in 2023, but the metals/jewelry area was already long absent and was not one of those 2023 actions. No evidence the metals program was merged or renamed into a surviving track; it simply lapsed.",https://www.bradley.edu/academics/departments/art-and-design/,high,verify-failed,https://www.bradley.edu/academics/departments/art-and-design/ | https://catalog.bradley.edu/undergraduate/communications-fine-arts/art-design/ | https://www.bradley.edu/academic/departments/art/faculty/profile.dot?id=7b7ced71-a616-4967-9c76-ed01e692bbb3 | https://www.bradley.edu/academic/departments/art/faculty/ | https://www.enamelarts.org/james-malenda/ | https://www.25newsnow.com/2023/12/11/bradley-university-announces-finalized-cuts/,2026-05-29,,
28,crafts/metalsdirectorypage/s130.html,Northeastern Illinois University,,B.A,http://www.temple.edu/crafts/metalsdirectorypage/s130.html,,unknown,"Art + Design Department (Studio Art), Northeastern Illinois University",,"NEIU (Chicago) offers a BA in Art (Studio Art) with emphases in Drawing, Painting, Sculpture, Art + Technology, Ceramics, Photography, Printmaking; BA Art History; BA K-12 Art Education; and a BFA in Graphic Design. No metals/metalsmithing/jewelry/CAD-CAM emphasis or concentration is listed. (By contrast, NORTHERN Illinois University in DeKalb DOES have a named ""Metalwork, Jewelry Design and Digital Fabrication"" program within its BFA in Art Studio and Design.)","Likely a directory data error: the archived entry's ""Northeastern Illinois University"" appears to be a confusion with NORTHERN Illinois University (NIU, DeKalb), which is the Illinois public university that actually runs a dedicated metals/jewelry program (Metalwork, Jewelry Design and Digital Fabrication, School of Art and Design). Northeastern Illinois University (NEIU, Chicago) is a separate institution whose current and recent Studio Art curriculum shows no dedicated metals/jewelry concentration, and no record was found of NEIU ever having one or of such a program being closed/merged/renamed.",https://www.neiu.edu/academics/colleges-departments/arts-and-sciences/departments/art-design,medium,confirmed,https://www.neiu.edu/academics/colleges-departments/arts-and-sciences/departments/art-design | https://catalog.neiu.edu/arts-sciences/art/studio-art/ | https://www.niu.edu/art/undergraduate-programs/bfa-studio-art/metal.shtml,2026-05-29,,
29,crafts/metalsdirectorypage/s131.html,Northern Arizona University,,"B.F.A, M.A",http://www.temple.edu/crafts/metalsdirectorypage/s131.html,,no,"School of Art + Design (Studio Art BFA), Northern Arizona University",Not separately findable for a metals program (none exists). The unit is the School of Art + Design within the College of Arts and Letters; no current metals/jewelry program head exists. Archived faculty member Joseph Cornett is not listed in current NAU faculty/directory results.,"No metals/jewelry program. NAU's School of Art + Design (College of Arts and Letters) now offers a BFA in Studio Art with five emphases: Ceramics, New Media, Painting, Printmaking, and Sculpture (the Sculpture emphasis covers basic metalworking/welding but not jewelry/metalsmithing). Also BSED Art Education, BS Interior Design. The dedicated Jewelry & Metalsmithing degree no longer exists.","CLOSED. NAU historically offered a B.F.A. in Jewelry & Metalsmithing (an Extended Major in the Art department, documented in the 2006 and 2009 academic catalogs). The jewelry and metalsmithing program was eliminated and ran its final term in spring 2023, with a final group of six jewelry/metalsmithing BFA students showing work at the Beasley Gallery (reception April 13, 2023), per the Arizona Daily Sun (March 11, 2023). The current Studio Art BFA catalog (2024-25 and 2025-26) lists no jewelry/metals emphasis. The archived directory record's metals presence (Joseph Cornett ""1980 to present"") reflects the program's earlier, now-discontinued era; the program has been closed since spring 2023, not merged or renamed.",https://nau.edu/art/undergraduate-degrees/,high,verify-failed,https://nau.edu/art/undergraduate-degrees/ | https://catalog.nau.edu/Catalog/details?plan=STBFAX&catalogYear=2526 | https://azdailysun.com/entertainment/arts-and-theatre/nau-fine-arts-students-get-chance-to-shine/article_1dc8651a-8bb3-5bf6-a019-73d48b74e955.html | http://www7.nau.edu/academiccatalog/2009/Educational_Programs/Arts_and_Letters/Art/BFAJewelryMetalsmithing.htm | http://www7.nau.edu/academiccatalog/2006/Educational_Programs/Arts_and_Letters/Art/BFAJewelryMetalsmithing.htm,2026-05-29,,
30,crafts/metalsdirectorypage/s132.html,Northern Illinois University,,,http://www.temple.edu/crafts/metalsdirectorypage/s132.html,,yes,"Metalwork, Jewelry Design and Digital Fabrication (Metals specialization)","Jamie Obermeier — faculty in Metals, Jewelry, and Digital Fabrication (the metals area's resident faculty member; not a formal ""chair""). School of Art and Design is the administrative unit.","Active. Offered as a Metal specialization within the B.F.A. in Art Studio and Design (formerly Studio Art), plus graduate tracks (M.A. in Art: Studio Art / M.F.A. in Art and Design) where students can specialize in metals. Housed in the School of Art and Design, College of Visual and Performing Arts.","Continuation. The metals/jewelry program at NIU has continued without closure or merger since ~2014. It has been modernized and renamed/branded as ""Metalwork, Jewelry Design and Digital Fabrication,"" emphasizing digital fabrication alongside traditional metalsmithing (forging, raising, casting, electroforming). It remains part of the School of Art and Design (NASAD member since 1969), which also restructured the umbrella BFA from ""Studio Art"" to ""Art Studio and Design."" Current resident metals faculty member is Jamie Obermeier.",https://www.niu.edu/art/undergraduate-programs/bfa-studio-art/metal.shtml,high,not-needed,https://www.niu.edu/art/undergraduate-programs/bfa-studio-art/metal.shtml | https://www.niu.edu/art/about/faculty-staff/index.shtml | https://www.niu.edu/art/undergraduate-programs/index.shtml | https://www.niu.edu/art/graduate-programs/ma-mfa-art-design.shtml | https://www.niu.edu/art/about/index.shtml,2026-05-29,active-with-dedicated-faculty,"Jamie Obermeier (Associate Professor, Head of the Division of Studio Art (Metals, Jewelry, and Digital Fabrication))"
31,crafts/metalsdirectorypage/s133.html,Northern Michigan University,1970,B.F.A,http://www.temple.edu/crafts/metalsdirectorypage/s133.html,,yes,"Metalsmithing/Jewelry, NMU School of Art and Design","Dale Wedig (Professor, heads the Metalsmithing/Jewelry program; dwedig@nmu.edu). Jane Milkie is Associate Dean & Director of the School of Art and Design.","Active program offering BFA in Metalsmithing/Jewelry (professional studio degree) plus BA and BS options. Studio emphases include both ""Jewelry"" and ""Metalsmithing""; foundational course ARTD 223 Jewelry/Metalsmithing: Foundations. Housed in the NMU School of Art and Design (within the College of Arts & Sciences).","Continuation with no closure or merger. The metals/jewelry program continues uninterrupted under Dale Wedig (faculty since 1983), who is still listed as Professor and program head. Since ~2014 the main change is institutional restructuring: the former ""Department of Art and Design"" is now the ""School of Art and Design,"" and program/faculty pages migrated to the art.nmu.edu subdomain (old nmu.edu/artanddesign URLs 301-redirect there). No leadership change in the metals area found; School-level director is now Jane Milkie.",https://art.nmu.edu/metalsmithing-jewelry,high,not-needed,https://art.nmu.edu/metalsmithing-jewelry | https://art.nmu.edu/dale-wedig | https://nmu.edu/artanddesign/metalsmithing-and-sculpture-nmu | https://catalog.nmu.edu/preview_program.php?catoid=9&poid=1652 | https://art.nmu.edu/faculty-staff,2026-05-29,active-with-dedicated-faculty,"Dale Wedig (Professor, Metalsmithing/Jewelry)"
32,crafts/metalsdirectorypage/s134.html,Northwest Missouri State University,,"B.A, B.F.A, B.S",http://www.temple.edu/crafts/metalsdirectorypage/s134.html,,no,"Art Studio (B.F.A.), School of Fine and Performing Arts","Dr. Adam Zrust, Chair / Associate Professor, School of Fine and Performing Arts (a music/choral specialist; there is no separate metals area head because the program no longer exists). No art-area head listed.","No metals/jewelry program. The university's current Art Studio B.F.A. offers emphasis areas only in Ceramics, Drawing, Painting, Photography, Printmaking, and Sculpture. Art sits within the School of Fine and Performing Arts (a 2025-26 restructured ""School""), alongside majors in Art Education, Digital Media, and Graphic Design. No metals/metalsmithing/jewelry concentration and no faculty teaching it are listed.","The archived record listed Lee Hageman (""1967 to present"") as the metals/jewelry instructor. Hageman is documented as a former Northwest art faculty member in metals — in 1977 he, Robert Sunkel, and Philip Van Voorst created the University's Presidential Chain-of-Office (engraved walnut-mounted medallion). The metals/jewelry teaching program appears to have ended after his tenure (he is no longer faculty and is treated historically/as a retiree). The current Art Studio B.F.A. has no metals/jewelry emphasis among its six listed concentrations (Ceramics, Drawing, Painting, Photography, Printmaking, Sculpture), and the current Fine & Performing Arts faculty directory lists no metals/jewelry instructor. Since ~2014 the broader art offering continues but without metals; in 2025-26 the university restructured into ""Schools,"" placing art under the School of Fine and Performing Arts chaired by Dr. Adam Zrust. Net: the metals/jewelry program is discontinued; the general art program continues without it.",https://www.nwmissouri.edu/academics/undergraduate/majors/art-studio.htm,high,verify-failed,https://www.nwmissouri.edu/academics/undergraduate/majors/art-studio.htm | https://www.nwmissouri.edu/finearts/art/index.htm | https://www.nwmissouri.edu/finearts/directory/index.htm | https://www.maryvilleforum.com/news/northwest-names-five-new-department-chairs-for-2025-2026/article_e0de6ddf-6251-4cc0-b97a-8defb071d874.html | https://www.nwmissouri.edu/media/news/2023/05/05Regentsrecap.htm,2026-05-29,,
33,crafts/metalsdirectorypage/s135.html,Oklahoma State University,1978,"B.A, B.F.A",http://www.temple.edu/crafts/metalsdirectorypage/s135.html,,yes,"Jewelry/Metalsmithing area, Department of Art, Graphic Design and Art History","Department Head / Vaughn Vennerberg II Chair in Art: Louise Siddons (per recent listings; previously Chris Whittey, now Director of Cranbrook Academy of Art). Note: department head is administrative, not the metals-area head. Long-time metals professor Chris Ramsay retired in 2023 and is now Professor Emeritus; Cloris Yuchen Ding (Visiting Assistant Professor of Studio Art, from RISD Jewelry+Metalsmithing) has been teaching the metals/jewelry area.","Active. Jewelry/Metalsmithing is one of the studio concentration areas within the Studio Art BFA and Studio Art BA. No standalone metals degree; metals/jewelry is an emphasis/concentration inside the studio art degrees. Sits in the Department of Art, Graphic Design and Art History (College of Arts and Sciences), Stillwater campus.","The metals/jewelry program (started 1978) has continued without interruption. Chris Ramsay — the archived ""1990 to present"" faculty member — taught metals/jewelry/3D design at OSU from 1990 to 2023, also serving as Art Department Head (2008-2012 and 2020). He retired in 2023 and is now Professor Emeritus. After his retirement the metals/jewelry teaching has been carried by Cloris Yuchen Ding (Visiting Assistant Professor, RISD-trained metalsmith). The area remains a listed concentration within the Studio Art BFA/BA. The department itself underwent leadership changes over this period (Chris Whittey held the Vennerberg Chair/Head role before leaving to direct Cranbrook Academy of Art; the headship has since changed hands). No closure, merger, or renaming of the metals program; it is now branded under the broader ""Department of Art, Graphic Design and Art History.""",https://cas.okstate.edu/art/,high,not-needed,https://www.ramsayart.com/bio-and-statement | https://cas.okstate.edu/art/about_us/faculty/old_bios/chris_ramsay | https://cas.okstate.edu/art/about_us/faculty/old_bios/cloris_ding | https://go.okstate.edu/undergraduate-academics/majors/studio-art.html | https://catalog.okstate.edu/arts-sciences/art-graphic-design-art-history/art-studio-bfa/ | https://catalog.okstate.edu/arts-sciences/art-graphic-design-art-history/ | https://cas.okstate.edu/art/ | https://www.designhistorysociety.org/news/view/vacancy-art-department-head-vennerberg-chair-in-art-oklahoma-state-university,2026-05-29,active-with-dedicated-faculty,"Cloris (Yuchen) Ding (Visiting Assistant Professor in Jewelry & Metalsmithing (Studio Art)); Chris Ramsay (Professor Emeritus, Metals/Jewelry/3D Design (taught 1990-2023; now retired))"
34,crafts/metalsdirectorypage/s139.html,Old Dominion University,1977,"B.A, B.F.A, M.A, M.F.A",http://www.temple.edu/crafts/metalsdirectorypage/s139.html,,merged-renamed,Jewelry & Metalsmithing concentration within the 3D Media & Material Studies program (Department of Art),"John Roth (Associate Professor & Chair of the Department of Art). Jewelry/Metalsmithing area led by Emily Culver, Assistant Professor of Jewelry and Metalsmithing.","Active. Metalsmithing/jewelry is offered as a concentration area within the BFA in 3D Media and Material Studies (alongside Sculpture, Glass, Ceramics) in the Department of Art, College of Arts and Letters. Coursework includes ARTS 291 Introduction to Jewelry and Metalsmithing plus advanced jewelry/metalsmithing courses.","The standalone ""metals"" program (started 1977 per the archived record) continues but has been consolidated/rebranded into the broader ""3D Media & Material Studies"" umbrella within ODU's Department of Art. Rather than a separate metals/jewelry degree, metalsmithing now sits as a concentration/area within the BFA in 3D Media and Material Studies. Leadership: the area is taught by Emily Culver (MFA Cranbrook, BFA Tyler), Assistant Professor of Jewelry and Metalsmithing; the Department of Art chair is John Roth. The program remains active as of 2026 with current course offerings (e.g., ARTS 291).",https://www.odu.edu/art/academics/3d-media-materials-studies,high,verify-failed,https://www.odu.edu/art/academics/3d-media-materials-studies | https://catalog.odu.edu/undergraduate/arts-letters/art/fine-arts-3d-media-material-studies-bfa/ | https://www.odu.edu/art | https://www.odu.edu/directory/emily-culver | https://www.coursicle.com/odu/courses/ARTS/291/ | https://catalog.odu.edu/courses/arts/,2026-05-29,active-with-dedicated-faculty,Emily Culver (Assistant Professor of Jewelry and Metalsmithing)
35,crafts/metalsdirectorypage/s14.html,Cabrillo College,1970,,http://www.temple.edu/crafts/metalsdirectorypage/s14.html,,yes,Cabrillo College — Art Studio (Small Metal/Jewelry),"Claire Thorson (Instructor, Art Studio Department Chair). No metals-specific program head is separately listed on the public faculty page.","Small Metals/Jewelry continues as a concentration/course area within the Art Studio program (e.g., ART 8A Sm Metal/Jewelry Fabrication I), not a standalone metals degree. Degrees offered are the broader studio-art associate degrees: Associate in Arts for Studio Arts for Transfer (A.A.-T, for CSU transfer) and Associate in Arts for Studio Arts (A.A.). Art Studio sits within the School of Visual, Applied & Performing Arts (VAPA). Dedicated Small Scale Metals/Jewelry scholarships still exist, and Cabrillo Extension also runs jewelry/metalsmithing workshops.","Continuation. The metals/jewelry program founded in 1970 was not closed or renamed away — it persists as the Small Metal/Jewelry area inside Cabrillo's Art Studio program. Over time the standalone studio disciplines were consolidated under the School of Visual, Applied & Performing Arts (VAPA), and studio-art credentials are now the consolidated A.A./A.A.-T Studio Arts degrees rather than a discrete metals certificate. Courses (ART 8A et al.) remained active through at least Fall 2025, and Small Scale Metals/Jewelry scholarships are still awarded. The archived founding faculty (Lynda Watson-Abbott 1970–1995, Nancy Megan Corwin 1984–1989, Dawn E. Nakanishi) are historical; current Art Studio leadership is department chair Claire Thorson. I could not confirm from public pages exactly which current instructor teaches the metals courses.",https://www.cabrillo.edu/art-studio/,high,not-needed,https://www.cabrillo.edu/art-studio/ | https://www.cabrillo.edu/art-studio/art-studio-faculty-and-staff/ | https://www.coursicle.com/cabrillo/courses/ART/8A/ | https://www.cabrillo.edu/school-of-vapa/visual-arts-scholarships-and-awards/ | https://www.cabrillo.edu/school-of-vapa/ | https://extension.cabrillo.edu/classes/cabrilloarts/,2026-05-29,active-with-dedicated-faculty,"Yvonne Escalante (Instructor, Art Studio (metalsmithing/jewelry)); Leeyeon Yoo (Associate Faculty, Art Studio (MFA Jewelry & Metal Arts, Univ. of Iowa)); Payson McNett (Art Studio Instructor (Head of Sculpture/Digital Fabrication/Ceramics; also teaches ART 8A Metal/Jewelry Fabrication))"
36,crafts/metalsdirectorypage/s140.html,Oral Roberts University,,"B.A, B.S",http://www.temple.edu/crafts/metalsdirectorypage/s140.html,,merged-renamed,BFA/BA in Art (Studio Art specialization),"Not determinable. Nathan Opp is a Professor of Art (also directs the Honors program) and the most prominent named art faculty, but is not confirmed as art program chair/head. ORU did not publish a named art program chair on the pages reviewed.","Art is alive at ORU as a BA in Art and a BFA in Art, housed in the College of Arts & Cultural Studies (COACS). The BFA offers three concentrations: Studio Art, Graphic Design, and Game Design & Development. The Studio Art specialization covers painting, drawing, printmaking, mixed media, ceramics, and sculpture. No standalone metals / jewelry / metalsmithing program or concentration is listed today; if metalwork is taught at all it would be folded under sculpture/3D, not as its own directory-style program.","The art program continued and expanded rather than closing. ORU added a BFA in Art around 2012 and the offering now sits in the College of Arts & Cultural Studies with Studio Art, Graphic Design, and Game Design concentrations. The discrete ""metals/jewelry"" program recorded in the archived directory (faculty Norma Latta, 1986-to-present) no longer appears as a named program — it was effectively absorbed/renamed into the general Studio Art / sculpture track. The named archived faculty member (Norma Latta) could not be found in any current ORU faculty listing or external art-world source, consistent with a leadership/personnel turnover since the directory went offline (~2014-2019).",https://oru.edu/academics/coacs/undergraduate/bfa-in-art-studio-art-specialization.php,medium,verify-failed,https://oru.edu/academics/coacs/index.php | https://oru.edu/academics/coacs/undergraduate/bfa-in-art-studio-art-specialization.php | https://oru.edu/faculty/coacs/nathan-opp.php | https://oru.edu/faculty/index.php,2026-05-29,active-no-dedicated-metals-faculty,
37,crafts/metalsdirectorypage/s141.html,Oregon School of Arts & Crafts,,,http://www.temple.edu/crafts/metalsdirectorypage/s141.html,,no,Oregon College of Art and Craft (OCAC) — closed,None (institution closed). Christine Clark was Professor & Head of the Metals department; she stepped down as chair before the 2018–2019 year and taught part-time until closure.,"Defunct. No degrees offered. The school closed permanently at the end of spring 2019; the metals/metalsmithing & jewelry program ceased with it. While operating, metals sat within the BFA in Craft (with majors/concentrations) and contributed to the MFA in Craft.","The institution archived as ""Oregon School of Arts & Crafts"" (the name used 1978–1996) was renamed ""Oregon College of Art and Craft"" (OCAC) in 1996. OCAC began granting the BFA in 1994 and added an MFA in Craft by fall 2013. Facing severe financial difficulty, OCAC explored mergers in late 2018 / early 2019 with Pacific Northwest College of Art (PNCA) and then Portland State University; both fell through. The board voted to close, and OCAC held its final commencement on May 19, 2019, ending 112 years of operation. The renowned metalsmithing program — notably the only US program still requiring a functional hollowware teapot — closed along with the school. Christine Clark, who led the Metals department, had relinquished the chair role by 2018–2019 and continued teaching part-time through the closure.",https://en.wikipedia.org/wiki/Oregon_College_of_Art_and_Craft,high,verify-failed,https://en.wikipedia.org/wiki/Oregon_College_of_Art_and_Craft | https://www.opb.org/radio/programs/state-of-wonder/article/oregon-college-art-craft-closes-remembering/ | https://www.highereddive.com/news/oregon-college-of-art-and-craft-to-close-as-small-art-schools-struggle-to-s/548092/ | https://artjewelryforum.org/interviews/christine-clark/ | https://archiveswest.orbiscascade.org/ark:80444/xv785993,2026-05-29,,
38,crafts/metalsdirectorypage/s142.html,Palomar College,,,http://www.temple.edu/crafts/metalsdirectorypage/s142.html,,yes,"Jewelry and Metalsmithing (Three-Dimensional Arts), Art Department","Mark Hudelson (Art Department Chair, mhudelson@palomar.edu). Anthony Lugo remains the jewelry/metalsmithing instructor; no separate ""program head"" beyond the Art Department chair.","Active. Offered as an Associate in Arts (AA) Degree Major with an emphasis in Jewelry and Metalsmithing (42 units; core courses ART 150/151/270 plus ART 101, 102, 205, etc.) within the broader Three-Dimensional Arts area. Sits in the Art Department, San Marcos campus (C and D Buildings). Courses (ART 150 Jewelry and Metalsmithing Design I, ART 151 Design II, ART 270 Design III, plus enameling) are actively scheduled, appearing in the Spring 2026 class schedule.","Continuation. The metals/jewelry program at Palomar College has continued uninterrupted since the archived (~2014) record. The archived faculty member, Anthony Lugo (listed ""1974 to present""), is still the jewelry/metalsmithing instructor as of 2026 (appears in current Rate My Professors listing and the Spring 2026 class schedule). The program is now organized under the Art Department's ""Three-Dimensional Arts: Jewelry and Metalsmithing"" AA-degree emphasis. The main organizational change is structural/branding (folded into the Three-Dimensional Arts cluster with a standardized AA degree map), not a closure, merger, or rename of the discipline. Department chair is Mark Hudelson.",https://www.palomar.edu/art/degrees/,high,not-needed,https://www.palomar.edu/art/degrees/ | https://www.palomar.edu/art/explore-programs/ | https://www.coursicle.com/palomar/courses/ART/150/ | https://www.ratemyprofessors.com/professor/382688 | https://www3.palomar.edu/instruction-files/xml/SP/PALINSCHPRT.pdf | https://palomar.programmapper.ws/academics/interest-clusters/e5374361-6869-4373-90b5-cdcbb1a8f9ec/programs/4d5e743b-a2c9-c650-12b8-6648044d2302,2026-05-29,active-with-dedicated-faculty,"Lisa Slovis Mandel (Metalsmithing/Jewelry instructor (adjunct)); Melisa Selvius (Jewelry & Metalsmithing instructor (recent, per course records)); Jillian Thompson (Jewelry & Metalsmithing instructor (recent, per course records))"
39,crafts/metalsdirectorypage/s143.html,Parsons School of Design,,B.F.A,http://www.temple.edu/crafts/metalsdirectorypage/s143.html,,merged-renamed,Parsons School of Design (The New School),,"No standalone metals/jewelry/metalsmithing degree program currently exists. The historic crafts/metals degree department (the ""Crafts Department,"" later ""Department of Clay, Metal, Glass and Textiles"" that Mary Ann Scherr chaired) is gone. What remains: metal/jewelry SHOP facilities (E4 Shops: Wood, Metal, Non-Ferrous/Jewelry) within the Parsons Making Center supporting other majors; an academic elective ""Jewelry: Studio"" (course code PSOF2040); and non-credit jewelry courses through Continuing & Professional Education / School of Continuing Education. Jewelry/metalsmithing as a craft discipline is absorbed into Product Design, Fine Arts, and continuing-education offerings rather than offered as a dedicated degree.","The dedicated metals/jewelry degree program at Parsons did not survive to the present. Mary Ann Scherr chaired the Crafts Department (renamed Department of Clay, Metal, Glass and Textiles c.1980) from roughly 1979/1980 to 1989; William Harper was a 1979 visiting professor and Pamela Lins taught 1986–1991, consistent with the program being active into the early 1990s. By the time of the archived directory record (~2014) and as of 2026, Parsons' program finder lists no jewelry/metals/metalsmithing degree. The discipline persists only as shop facilities (Making Center E4 / Non-Ferrous-Jewelry shops), an elective studio course, and non-credit continuing-education classes. No specific closure date for the degree department was located; the transition appears to have happened sometime after the early 1990s, well before the directory went offline.",https://www.newschool.edu/parsons/program-finder/,medium,verify-failed,https://www.newschool.edu/parsons/program-finder/ | https://en.wikipedia.org/wiki/Mary_Ann_Scherr | https://sce.parsons.edu/blog/mary-ann-scherrs-legacy-in-metal-exhibition/ | https://makingcenter.parsons.edu/labs/e4-shops/ | https://courses.newschool.edu/courses/PSOF2040 | https://cpe.newschool.edu/adult-intensives-and-summer-programs/parsons-jewelry-design/,2026-05-29,active-with-dedicated-faculty,Brice Garrett (Part-time Assistant Professor); Sterling King (Part-time Lecturer)
40,crafts/metalsdirectorypage/s144.html,Pasadena City College,,,http://www.temple.edu/crafts/metalsdirectorypage/s144.html,,yes,Jewelry/Metalworking,Not officially confirmed. April Kawaoka appears as a jewelry/metalworking instructor (per RateMyProfessors and course listings); no formal program head/chair named on the catalog page.,"Active. Offers an Associate in Science (A.S.) degree and a Certificate of Achievement in Jewelry/Metalworking. Sits in the Design Studies program area within the Visual Arts & Media Studies division. Taught under the ART subject code (ART 036A/B/C Jewelry/Metal Fabrication and Casting, ART 135 Portfolio Development).","Continuation. The metals/jewelry program has remained active and is currently offered. Course schedule data shows active sections through the 2024-2025 academic year (term codes 202470, 202530, 202570). No evidence of closure, merger, or renaming since ~2014; the program continues to award both an A.S. degree and a Certificate of Achievement.",https://curriculum.pasadena.edu/academic-programs/design-studies/jewelrymetalworking-as-cert-achievement/,high,not-needed,https://curriculum.pasadena.edu/academic-programs/design-studies/jewelrymetalworking-as-cert-achievement/ | https://pasadena.edu/academics/degrees-and-certificates/certificates-of-achievement/jewelry-metalworking.php | https://curriculum.pasadena.edu/academic-programs/design-studies/ | https://ssb-prod.ec.pasadena.edu/PROD/pw_psearch_sched.p_course_popup?vsub=ART&vcrse=036B&vterm=202530&vcrn=30109 | https://ssb-prod.ec.pasadena.edu/PROD/pw_psearch_sched.p_course_popup?vsub=ART&vcrse=135&vterm=202570&vcrn=70216 | https://www.ratemyprofessors.com/professor/2216020,2026-05-29,active-with-dedicated-faculty,"April Kawaoka (Assistant Professor, Art (Jewelry/Metal Fabrication), Division of Visual Arts & Media Studies)"
41,crafts/metalsdirectorypage/s146.html,Pennsylvania State University,,"B.A, B.F.A, M.F.A",http://www.temple.edu/crafts/metalsdirectorypage/s146.html,,no,"School of Visual Arts, Penn State College of Arts & Architecture",,"No standalone metals/metalsmithing/jewelry degree concentration. The University Park School of Visual Arts BFA and MFA in Art now offer concentrations in Ceramics, Drawing & Painting, Graphic Design / Digital Arts & New Media, Photography, and Sculpture (per the Penn State Bulletin and arts.psu.edu, accessed 2026). Metalsmithing/jewelry survives only as non-degree continuing-education courses at regional campuses (e.g., Penn State DuBois, Lehigh Valley).</current_status>
<parameter name=""current_chair"">Not separately findable; there is no metals program head. The metals area had no successor after Leslie Leupp's 2006 retirement.","The degree-granting Metal Arts area in the School of Visual Arts at University Park was effectively discontinued. Leslie Leupp, who headed Metals Arts from 1988, retired in 2006 (he died Feb 2011). The program was not continued/replaced as a concentration; by the archived-directory era (~2014) and today, the SoVA BFA/MFA no longer list metals or jewelry as an area of study. Hands-on metalsmithing/jewelry instruction at Penn State today is limited to non-credit continuing-education/community courses at branch campuses.",https://arts.psu.edu/academics/school-of-visual-arts/,high,verify-failed,https://bulletins.psu.edu/graduate/programs/majors/art/ | https://arts.psu.edu/degrees/art-bfa | https://arts.psu.edu/academics/school-of-visual-arts/ | https://lancasteronline.com/obituaries/leslie-leupp/article_d762f76e-ebcb-558d-bb8c-50fb3b016218.html | https://continuinged.psu.edu/explore-programs/beginning-jewelry-making-and-metalsmithing/,2026-05-29,,
42,crafts/metalsdirectorypage/s147.html,Pittsburg State University,,"B.F.A, M.F.A",http://www.temple.edu/crafts/metalsdirectorypage/s147.html,,yes,"Department of Art, Pittsburg State University","James Oliver, Jr. (Professor/Chair, Department of Art). Janet Lewis — a former metalworking student of Marjorie Schick — is currently on the art faculty (Associate Instructional Professor).","Jewelry/metals continues as a studio area within the Bachelor of Fine Arts (BFA). The BFA now offers two emphases (Studio Practice and Art Education) plus an Art Minor and certificates; metals/jewelry is taught as a studio medium rather than a standalone named degree. The Department of Art sits in the College of Arts and Sciences, housed in Porter Hall. A jewelry/metalsmithing studio (soldering stations, hammers, anvils, forming stakes, plus a 3D printer) is on the third floor of Porter Hall and is actively maintained.","Continuation with a leadership/curriculum change. Marjorie Schick — the long-serving jewelry/metalsmithing professor named in the archived record (""1967 to present"") — taught at Pittsburg State for 50 years and died December 17, 2017 (complications of a stroke), ending her tenure. The metals/jewelry program was not closed; it continues as a jewelry/crafts studio area within the Art department's BFA. Since the archive went offline, the BFA emphasis structure was reorganized (an earlier 2D/3D/Illustration/Art-Education split is now consolidated into Studio Practice and Art Education emphases). The department is currently chaired by James Oliver, Jr., and the metalsmithing studio in Porter Hall remains equipped and in use.",https://www.pittstate.edu/art/,high,not-needed,https://www.pittstate.edu/art/ | https://www.pittstate.edu/art/studios-and-facilities.html | https://www.pittstate.edu/art/faculty-and-staff/index.html | https://www.pittstate.edu/academics/academic-programs/art/art-3d-degree-emphasis.html | https://pittstate.edu/news/2017/12/schick-remembered-for-her-innovative-and-enduring-art-style.html | https://en.wikipedia.org/wiki/Marjorie_Schick,2026-05-29,active-no-dedicated-metals-faculty,Janet Lewis (Associate Instructional Professor (alumna; works in metal sculpture/jewelry via her own studio; teaching area at PSU not confirmed as metals))
43,crafts/metalsdirectorypage/s148.html,Portland School of Art,,B.F.A,http://www.temple.edu/crafts/metalsdirectorypage/s148.html,,merged-renamed,Maine College of Art & Design (MECA&D) — Metalsmithing & Jewelry program,"Sharon Portelance ('82), Program Chair of Metalsmithing & Jewelry",Active. Offers a four-year BFA in Metalsmithing & Jewelry (one of MECA&D's BFA majors / Areas of Study). The institution is the renamed continuation of Portland School of Art.,"The institution (not the program) was renamed, not closed. ""Portland School of Art"" (Portland, Maine; founded 1882 as Portland Society of Art, became Portland School of Art in 1972) was renamed Maine College of Art (MECA) in 1992, then Maine College of Art & Design (MECA&D) in 2021. The archived directory used the old ""Portland School of Art"" name, which had already been retired in 1992. The Metalsmithing & Jewelry program continued uninterrupted through both renames and remains an active BFA major. Sharon Portelance — herself a 1982 Portland School of Art alumna — has taught since 1999 and is current program chair (also served as Acting Dean / VP of Academic Affairs).",https://meca.edu/academics/metalsmithing-jewelry/,high,verify-failed,https://en.wikipedia.org/wiki/Maine_College_of_Art_&_Design | https://meca.edu/about/about-history-and-timeline/ | https://meca.edu/academics/metalsmithing-jewelry/ | https://meca.edu/spotlight/faculty/sharon-portelance-82/ | https://www.prnewswire.com/news-releases/maine-college-of-art-unveils-new-name-creative-identity-and-the-envisioning-our-future-2027-strategic-plan-301361108.html,2026-05-29,active-with-dedicated-faculty,Sharon Portelance (Professor & Chair of Metalsmithing & Jewelry); Kyle Patnaude (Associate Professor of Metalsmithing & Jewelry and MFA in Studio Art); Wyatt Nestor-Pasicznyk (Metalsmithing & Jewelry Studio Technician)
44,crafts/metalsdirectorypage/s149.html,Purdue University,,"B.A, M.A",http://www.temple.edu/crafts/metalsdirectorypage/s149.html,,merged-renamed,"Jewelry and Metalsmithing (within Craft and Material Studies / Integrated Studio Arts), Department of Art and Design, Patti and Rusty Rueff School of Design, Art, and Performance","Jessica Mohl, Assistant Professor of Practice in Jewelry and Metalsmithing (current metals faculty lead; not a department head). The Rueff School / Art & Design leadership sits above her.","Program still active. Jewelry/metalsmithing is now taught as the ""Small Metals and Jewelry"" area within the Craft and Material Studies (CaMS) concentration of Integrated Studio Arts, in the Department of Art and Design, Patti and Rusty Rueff School of Design, Art, and Performance (College of Liberal Arts). The Department of Art and Design offers BFA, MA, MFA, and PhD degrees; CaMS itself is a BFA concentration, and jewelry/metalsmithing also exists as an undergraduate minor. Graduate-level metals coursework (AD 66100 Jewelry and Metalsmithing) is offered.","The metals program continued through the archival period and remains active, but the surrounding administrative structure was renamed/reorganized. Robin Kraft (in the archived record ""1994 to present"") taught Jewelry and Metalsmithing at Purdue from 1994 until her retirement in 2019; she passed away September 7, 2020 (age 65). After her retirement, Jessica Mohl (MFA, University of North Texas, 2007) became the Assistant Professor of Practice in Jewelry and Metalsmithing. The discipline was folded into the broader ""Craft and Material Studies"" (metals/ceramics/textiles/sculpture) concentration within Integrated Studio Arts. The former standalone ""Department of Visual and Performing Arts / Patti and Rusty Rueff School of Visual and Performing Arts"" was reorganized into the ""Patti and Rusty Rueff School of Design, Art, and Performance,"" with metals housed in its Department of Art and Design.",https://www.cla.purdue.edu/academic/rueffschool/ad/index.html,high,verify-failed,https://www.cla.purdue.edu/academic/rueffschool/ad/finearts/jewelrymetal.html | https://snagmetalsmith.org/2020/09/in-remembrance-robin-kraft/ | https://www.cla.purdue.edu/academic/rueffschool/ad/isa/p_CraftMaterial_Overview.html | https://www.cla.purdue.edu/directory/profiles/jessica-mohl.html | https://www.cla.purdue.edu/academic/rueffschool/ad/index.html | https://catalog.purdue.edu/preview_course_nopop.php?catoid=13&coid=131691,2026-05-29,active-with-dedicated-faculty,"Jessica Mohl (Assistant Professor of Practice in Jewelry and Metalsmithing (Craft and Materials), Department of Art and Design, Patti and Rusty Rueff School of Design, Art, and Performance)"
45,crafts/metalsdirectorypage/s150.html,Quincy College,,"B.S, B.A, B.F.A",http://www.temple.edu/crafts/metalsdirectorypage/s150.html,,unknown,Quincy College,Not findable. The Fine Arts: Visual Arts program page does not name a program head or chair.,"No dedicated metals/jewelry program. Quincy College (Quincy, MA) currently offers an Associate of Arts in Fine Arts: Visual Arts (painting, drawing, photography, design, art history, film) under the Fine Arts discipline. No metalsmithing, jewelry, or jewelry-design coursework appears in the current catalog or continuing/workforce-education listings.","No evidence found that Quincy College (Quincy, MA) ever operated a dedicated metals/jewelry program. The current institution offers only a general Fine Arts: Visual Arts AA with no metals component, and its workforce/continuing-education catalog shows no jewelry courses. Because the archived directory record carried no start date and no faculty, it cannot be confirmed whether a specific metals/jewelry course or non-credit offering existed circa 2014 and was discontinued, or whether the listing was an error. A plausible source of confusion: a separate well-known jewelry school exists in Quincy, ILLINOIS — Gem City College (gemcitycollege.com), which offers associate/diploma programs in jewelry design, repair, silversmithing, casting, and stone setting. That is a different institution from Quincy College, MA, and may have been conflated in the SNAG/metals directory. As of May 2026, whatever the original listing referred to is not reflected in any active Quincy College (MA) metals/jewelry offering.",https://quincycollege.edu/program/fine-arts-visual-arts/,low,verify-failed,https://quincycollege.edu/program/fine-arts-visual-arts/ | https://quincycollege.edu/academic-catalog-academic-catalog/areas-of-study/ | https://quincycollege.edu/academic-catalog-academic-catalog/courses/ | https://en.wikipedia.org/wiki/Quincy_College | http://www.gemcitycollege.com/jewelry-diamond-setting-and-design/,2026-05-29,,
46,crafts/metalsdirectorypage/s151.html,Revere Academy of Jewelry Arts,1979,Diploma,http://www.temple.edu/crafts/metalsdirectorypage/s151.html,,no,Revere Academy of Jewelry Arts (defunct),None. Founder/director Alan Revere retired upon the 2017 closure. No current head exists.,"Closed/defunct. No degrees or programs currently offered. The Revere Academy never granted academic degrees (it was a private vocational/trade school offering certificate intensives such as the Jewelry Technician Intensive, plus the International Masters Symposium). There is no current department or parent institution.","The Revere Academy of Jewelry Arts, a private (non-degree) jewelry/metals trade school founded by master goldsmith Alan Revere in San Francisco in 1979, closed permanently on December 15, 2017 with the graduation of its 34th Jewelry Technician Intensive class. Revere announced in 2017 that he was retiring and seeking a buyer for the business; no buyer took over the school, and it ceased operation after nearly 40 years (having trained ~10,000+ students). It was not merged into or absorbed by another institution. Founder Alan Revere subsequently retired from running a school but remained active in jewelry education — he runs the online ""Let's Make Professional Jewelry"" community and was later enlisted by GIA (Gemological Institute of America) to help revamp its Graduate Jeweler program in Carlsbad, CA — but that GIA program is a separate institution, not a continuation of the Revere Academy.",https://www.alanrevere.com/revere-academy,high,verify-failed,https://www.alanrevere.com/revere-academy | https://nationaljeweler.com/articles/3895-revere-academy-to-close | https://www.jckonline.com/editorial-article/revere-academy-close/ | https://www.ajdc.org/alan-revere-selling-jewelry-school/ | https://nationaljeweler.com/articles/11532-gia-has-enlisted-alan-revere-to-revamp-the-graduate-jeweler-program,2026-05-29,,
47,crafts/metalsdirectorypage/s152.html,Rhode Island College,,,http://www.temple.edu/crafts/metalsdirectorypage/s152.html,,yes,"Metalsmithing and Jewelry concentration (Studio Art), Department of Art, Rhode Island College","Dianne M. Reilly (Chair, Department of Art). No specific metals-area head identified by name.","Active. Offered as a Metalsmithing & Jewelry concentration within the Studio Art B.A. and B.F.A. degrees, in the Department of Art. Courses include ART 221 (Basic Fabrication/Forming) and ART 223 (Casting/Duplication Processes).","Continuation. The metals/jewelry offering remains active as a concentration within the Studio Art B.A./B.F.A. in the Department of Art (housed in ALEX AND ANI Hall). It was not closed, merged out, or renamed away — it is one of eight studio concentrations (Ceramics, Digital Media, Graphic Design, Metalsmithing & Jewelry, Painting, Photography, Printmaking, Sculpture). The archived faculty member Curtis K. LaFollette (""1972 to present"") is no longer the listed point of contact; current departmental leadership is Chair Dianne M. Reilly. LaFollette's specific departure/retirement/death date could not be confirmed from available sources.",https://www.ric.edu/department-directory/department-art/department-art-undergraduate-programs/studio-art-ba/metalsmithing-and-jewelry,high,not-needed,https://www.ric.edu/department-directory/department-art/department-art-undergraduate-programs/studio-art-ba/metalsmithing-and-jewelry | https://our.ric.edu/department-directory/department-art | https://www.ric.edu/department-directory/department-art/art-undergraduate-programs/studio-art-bfa | https://www.ric.edu/documents/rhode-map-art-bfa-metals-jewelry | https://www.coursicle.com/ric/courses/ART/221/ | https://www.ganoksin.com/article/curtis-lafollette-exhibition/,2026-05-29,active-with-dedicated-faculty,"Dianne M. Reilly (Professor and Department Chair, Department of Art (metals and jewelry; teaches ART 221 Metals & Jewelry: Fabrication & Forming))"
48,crafts/metalsdirectorypage/s153.html,Rhode Island School of Design,,,http://www.temple.edu/crafts/metalsdirectorypage/s153.html,,yes,Jewelry + Metalsmithing Department,"Timothy Veske-McMahon (Department Head, per RISD info/contact listings; tveskem@risd.edu). Department administrator: Linda Muller (Senior Academic Department Administrator).","Active and thriving. Offers a four-year BFA, a two-year MFA, and a one-year Post-Baccalaureate degree. Sits within RISD's Fine Arts division, as its own Department of Jewelry + Metalsmithing (Metcalf Building, 2nd Floor).","Continuation. RISD's Jewelry + Metalsmithing program is one of the oldest and most prominent metals/jewelry programs in the US and has continued uninterrupted well past the archived record. The archived faculty roster (Cirino, Prip, Van Duinwyk, Mueller, Quigley) reflects the program's earlier eras; Robin Quigley's tenure has since ended and leadership has passed to a current faculty cohort with Timothy Veske-McMahon listed as department head. The program remains fully accredited and continues to offer BFA, MFA, and Post-Bacc degrees, with active industry partnerships (Tiffany & Co., Platinum Guild International) as of 2025.",https://www.risd.edu/academics/jewelry-metalsmithing,high,not-needed,https://www.risd.edu/academics/jewelry-metalsmithing | https://www.risd.edu/academics/jewelry-metalsmithing/graduate-programs | https://www.risd.edu/academics/jewelry-metalsmithing/bachelors-program | https://www.risd.edu/academics/jewelry-metalsmithing/contact | https://info.risd.edu/jewelry-metalsmithing/,2026-05-29,active-with-dedicated-faculty,"Timothy Veske-McMahon (Associate Professor, Department Head); Seth Papac (Associate Professor, Graduate Program Director); Tracy Steepy (Professor (on sabbatical 2025-26)); Robin Quigley (Professor / Emerita Department Head (began 1981)); Brian Bergeron (Faculty / Technical Assistant); Donna Bilak (Faculty (goldsmith / historian)); Klaus Burgel (Faculty); Tzu-Ju Chen (Faculty); Funlola Coker (Faculty); Dominik Cunningham (Faculty); Noam Elyashiv (Senior Critic (part-time)); Lauren Fensterstock (Faculty); JOFF (Faculty); Suzanne Pugh (Faculty); Sarah Turner (Faculty); Johan Van Aswegen (Faculty); Barbara Seidenath (Senior Critic (part-time))"
49,crafts/metalsdirectorypage/s155.html,Roberts Wesleyan College,,"B.S, B.A",http://www.temple.edu/crafts/metalsdirectorypage/s155.html,,no,Roberts Wesleyan University — Department of Visual Arts (no metals/jewelry program),"Timothy Veske-McMahon (RISD Jewelry + Metalsmithing dept head) — note this is RISD, not Roberts Wesleyan","Roberts Wesleyan (now Roberts Wesleyan University) offers Studio Art (BA) and Art Education (BS) in its Department of Visual Arts, with focuses in Digital Media and Studio 2D/3D (drawing, painting, ceramics, sculpture, printmaking). There is NO jewelry/metals/metalsmithing concentration, and no evidence one ever existed there.","Archived-record misattribution. The two listed faculty — Louis Mueller (joined RISD 1977 to teach Light Metals; headed RISD Jewelry + Metalsmithing 1977–2003) and Robin Quigley (taught at RISD from 1981, now Department Head Emerita of Jewelry + Metalsmithing) — are both unambiguously Rhode Island School of Design (RISD) faculty, not Roberts Wesleyan. The metals program described in this directory entry is RISD's, which continues to operate. Roberts Wesleyan never had a metals/jewelry program. Since ~2014 Roberts Wesleyan changed its name from College to University (2023) but its visual arts offerings remain general studio art, not metals.",https://www.roberts.edu/departments/department-of-visual-arts/,high,verify-failed,https://www.roberts.edu/departments/department-of-visual-arts/ | https://www.roberts.edu/undergraduate/majors-and-programs/studio-2d3d-drawing-painting-ceramics-and-printmaking/ | https://www.risd.edu/academics/jewelry-metalsmithing/faculty | https://www.risd.edu/people/robin-quigley/ | https://collections.vam.ac.uk/item/O152433/ring-mueller-louis/,2026-05-29,,
50,crafts/metalsdirectorypage/s156.html,Rochester Institute of Technology,,"B.F.A, M.F.A",http://www.temple.edu/crafts/metalsdirectorypage/s156.html,,yes,"Metals and Jewelry Design (School for American Crafts, College of Art and Design)","Elizabeth Kronfield (Director, School for American Crafts / School of Art); Juan Carlos Caballero-Perez (Professor, lead faculty for Metals and Jewelry Design)","Active. Offers an MFA in Metals and Jewelry Design (2-year, thesis/Studio Residency) plus a Metals and Jewelry Design option within the Studio Arts BFA. Housed in the School for American Crafts (alongside ceramics, furniture design, and glass) within RIT's College of Art and Design.","Continuation. The metals/jewelry program — one of RIT's oldest craft programs, rooted in the School for American Crafts faculty lineage (Prip, Christensen, Paley, Griffin, etc.) — remains active through 2024-2025 with no closure, merger, or rename. It continues as both an MFA and a BFA option under the School for American Crafts in the College of Art and Design. Leadership: Elizabeth Kronfield serves as Director of the School for American Crafts and School of Art (active 2024-2025, including metals/iron arts work); Juan Carlos Caballero-Perez is the lead professor of Metals and Jewelry Design.",https://www.rit.edu/study/metals-and-jewelry-design-mfa,high,not-needed,https://www.rit.edu/study/metals-and-jewelry-design-mfa | https://www.rit.edu/artdesign/study/metals-and-jewelry-design-mfa | https://www.rit.edu/artdesign/school-american-crafts | https://www.rit.edu/study/studio-arts-bfa-metals-and-jewelry-design-option | https://www.rit.edu/directory/edkfaa-elizabeth-kronfield,2026-05-29,active-with-dedicated-faculty,"Juan Carlos Caballero-Perez (Professor, Metals and Jewelry Design (School for American Crafts)); Laurel Fulton (Assistant Professor, Metals and Jewelry Design (School for American Crafts))"
51,crafts/metalsdirectorypage/s158.html,Rowan University,,"B.A, B.F.A",http://www.temple.edu/crafts/metalsdirectorypage/s158.html,,yes,"Jewelry/Metals (Metals, Jewelry & Computer-Aided Design) — Department of Art","Donna Mason Sweigart — Associate Professor of Art; Coordinator of Metals, Jewelry, and Computer Aided Design; and Chair of the Department of Art. (Jill Baker Gower is also a tenured metals/jewelry professor, teaching the area since 2007.)","Active. Offered as a concentration/area of study in the Department of Art (College of the Arts / Edelman College of Communication & Creative Arts). Students take Introduction, Intermediate, and Advanced Metals & Jewelry within the B.A. in Art and the B.F.A. in Studio Art / B.F.A. in Art (with a Jewelry & Metals specialization). The program explicitly includes Computer-Aided Design alongside traditional metalsmithing/casting/enameling.","Continuation with growth. The metals/jewelry program remains an active studio area within Rowan's Department of Art and has not been closed, merged away, or renamed out of existence. Since ~2014 it has continued under metalsmith faculty Jill Baker Gower (teaching since 2007) and Donna Mason Sweigart, who now also serves as Department Chair. The area has notably expanded its digital/CAD-CAM dimension — Sweigart's specialty is CAD/CAM/rapid prototyping (MFA from Tyler School of Art), and the program is formally framed as ""Metals, Jewelry, and Computer Aided Design,"" directly matching the CAD-CAM scope of the archived directory. Departmental web pages migrated hosts (ccca.rowan.edu → www.rowan.edu/arts) but content persists.",https://www.rowan.edu/arts/art/programs/jewelry.html,high,not-needed,https://www.rowan.edu/arts/art/programs/jewelry.html | https://ccca.rowan.edu/departments/art/programs/bfa.html | https://ccca.rowan.edu/departments/art/programs/ | https://ccca.rowan.edu/ccca-facultybios/donna-sweigart.html | https://donnamasonsweigart.com/bio/ | https://ccca.rowan.edu/departments/art/facultystaff/gower.html | https://catalog.rowan.edu/preview_course_nopop.php?catoid=9&coid=30596,2026-05-29,active-with-dedicated-faculty,Maureen Duffy (Instructor / Professor of Jewelry and Metalsmithing (3/4 time))
52,crafts/metalsdirectorypage/s159.html,San Antonio College,,"B.A, M.A",http://www.temple.edu/crafts/metalsdirectorypage/s159.html,,yes,San Antonio College — Visual Arts (Department of Fine Arts) / Art Metals,"Dr. S. Seabrook Jones (Department Chair, Fine Arts; sjones290@alamo.edu). Visual Arts discipline coordinator: Alfonso Cantu (acantu20@alamo.edu).","No standalone metals/jewelry degree program. Metalsmithing is taught as studio courses (ARTS 2341 Art Metals I and ARTS 2342 Art Metals II) within the Visual Arts Program, in the Department of Fine Arts. The terminal credential is an Associate of Arts (concentration in Art), intended for transfer to a four-year BFA program. Listed studio disciplines emphasized on the program page are painting, sculpture, printmaking, photography, digital media, drawing, and design; metals exists as coursework rather than a named concentration.","San Antonio College (an Alamo Colleges community college, distinct from UTSA and the Southwest School of Art) continues to operate its Visual Arts program. Art Metals courses (ARTS 2341/2342) remain in the active 2025-2026 catalog, so metalwork instruction has continued through the period since ~2014 without closure. There is no evidence of a dedicated jewelry/metals ""program"" being established or shut down — metals has consistently been offered as transfer-level studio coursework under the Art/Visual Arts umbrella. Current departmental leadership: chair Dr. S. Seabrook Jones; visual arts coordinator Alfonso Cantu.",https://www.alamo.edu/sac/academics/program-index/arts/art/,high,not-needed,https://www.alamo.edu/sac/academics/program-index/arts/art/ | https://mysaccatalog.alamo.edu/content.php?catoid=4&navoid=665 | https://mysaccatalog.alamo.edu/preview_course_nopop.php?catoid=91&coid=25590 | https://mysaccatalog.alamo.edu/content.php?catoid=289&navoid=23553,2026-05-29,active-no-dedicated-metals-faculty,
53,crafts/metalsdirectorypage/s16.html,California College of Arts and Crafts,,"B.F.A, M.F.A",http://www.temple.edu/crafts/metalsdirectorypage/s16.html,,merged-renamed,"Jewelry + Metal Arts (BFA), California College of the Arts (CCA)","Program leadership listed as interim co-chairs Aaron Gach and Katherine Lam (under the Interdisciplinary 3D Fine Arts cluster). Curtis Arima is Dean of Fine Arts and a professor in the program. Marilyn da Silva (the archived ""DaSilva"") is now Professor Emeritus.","BFA in Jewelry & Metal Arts, within the Fine Arts Division (now organized under an ""Interdisciplinary 3D Fine Arts"" cluster). The program continues to teach as of 2026 but is in teach-out: CCA as an institution is winding down and will close by the end of the 2026-2027 academic year.","The institution was renamed: California College of Arts and Crafts (CCAC) became California College of the Arts (CCA) in 2003. The Jewelry/Metal Arts program (founded 1912; the program celebrated ""100 years"" c. 2012) continued strongly past 2014. Marilyn da Silva, who was the program/department head (since 1987) and is listed in the archived record as ""? to present,"" has since retired to Professor Emeritus status. Leadership moved to a co-chair / interdisciplinary-cluster structure (interim co-chairs Aaron Gach and Katherine Lam), with Curtis Arima now Dean of Fine Arts. The biggest change: on January 13, 2026, CCA announced it will wind down and close by the end of the 2026-2027 academic year under an agreement in which Vanderbilt University acquires the campus and will establish its own art/design programming for 2027-28. Students on track to graduate by end of 2026-27 finish at CCA; transfer/teach-out pathways are being arranged for others. So the metals program still operates now but is on a defined teach-out toward institutional closure.",https://www.cca.edu/fine-arts/jewelry-metalarts/,high,verify-failed,https://www.cca.edu/fine-arts/jewelry-metalarts/ | https://portal.cca.edu/learning/academic-programs/jewelry-metal-arts-bfa/faculty-staff/ | https://portal.cca.edu/learning/academic-programs/jewelry-metal-arts-bfa/ | https://snagmetalsmith.org/wp-content/uploads/2023/07/Reflection_100_Booklet_by_Jack_da_Silva.pdf | https://en.wikipedia.org/wiki/Marilyn_da_Silva | https://cca.edu/about/vanderbilt-agreement/ | https://www.highereddive.com/news/california-college-of-arts-closure-vanderbilt-deal-campus-expansion/809682/ | https://news.artnet.com/art-world/california-college-of-the-arts-closure-2737001,2026-05-29,active-with-dedicated-faculty,"Curtis Arima (Dean of Fine Arts; Professor, Jewelry and Metal Arts Program); David Cole (Senior Adjunct Professor, Jewelry and Metal Arts Program); Marilyn Da Silva (Professor Emeritus, Jewelry and Metal Arts Program); Jo-Ann Maggiora Donivan (Adjunct II Professor, Jewelry and Metal Arts Program); Deborah Lozier (Senior Adjunct Professor, Jewelry and Metal Arts Program); Olivia S. Shih (Adjunct II, Jewelry and Metal Arts Program); Amy Tavern (Adjunct II Professor, Jewelry and Metal Arts Program); Corey Wolffs (Adjunct II Professor, Jewelry and Metal Arts Program); Aaron Gach (Co-Chair, Jewelry and Metal Arts; Assistant Professor, Fine Arts); Katherine Lam (Co-Chair, Jewelry and Metal Arts; Associate Professor (Furniture Program))"
54,crafts/metalsdirectorypage/s160.html,San Diego State University,,"B.A, M.A, M.F.A",http://www.temple.edu/crafts/metalsdirectorypage/s160.html,,yes,"Jewelry and Metalwork, School of Art and Design","Sondra Sherman (Associate/Professor of Art, Head of the Jewelry & Metalwork Program since 2010). School of Art and Design director: Matthew Hebert (named 2026).","Active. Undergraduate: BA in Art with an ""Applied Design: Jewelry and Metalwork"" emphasis (becoming a jewelry/metalwork specialization within a restructured BA in Studio Art as of Fall 2026). Graduate: MFA in Art (60-unit) with jewelry/metals as a supported research area. Sits in the School of Art and Design, within the College of Professional Studies and Fine Arts (PSFA).","Continuation with leadership succession. The program was founded by Arline Fisch (faculty 1961-2000) and long led by Helen Shirk (1975-2010). Sondra Sherman succeeded Shirk as head of jewelry/metalwork in 2010 and continues to run it. Since ~2014 the program has remained active and respected with a working metalsmithing studio (4th floor of the art building). In 2024 Arline Fisch died (SDSU published an in memoriam). In 2026 the School of Art and Design named Matthew Hebert as director and announced a degree restructuring effective Fall 2026: the previous separate emphasis areas (including jewelry/metalwork) become integrated specialties within a single flexible BA in Studio Art; jewelry and metalwork explicitly continues as one of those specialties. No closure, merger-away, or rename of the metals discipline itself.",https://art.sdsu.edu/,high,not-needed,https://art.sdsu.edu/programs/applied-design-emphasis/specialization-in-jewelry-and-metalsmithing/ | https://art.sdsu.edu/faculty-staff/sherman-sondra | https://psfa.sdsu.edu/news/2026/what-changes-in-sdsu-art-and-design-degrees-mean-for-students | https://psfa.sdsu.edu/news/2026/sdsu-names-matthew-hebert-director-of-the-school-of-art-and-design | https://art.sdsu.edu/graduate-program | https://psfa.sdsu.edu/news/2024/in-memoriam-arline-fisch | https://snagmetalsmith.org/2017/04/2017-laa-helen-shirk/,2026-05-29,active-with-dedicated-faculty,"Sondra Sherman (Professor; Head of Jewelry and Metalwork Program (since 2010); Graduate Program Advisor and Coordinator); Kerianne Quick (Associate Professor / Associate Director, Jewelry and Metalwork); Reed Fagan (Lecturer, Jewelry and Metalwork; Instructional Support Technician, Digital Fabrication Lab)"
55,crafts/metalsdirectorypage/s162.html,San Francisco State University,1965,"B.A, M.F.A",http://www.temple.edu/crafts/metalsdirectorypage/s162.html,,no,"School of Art, San Francisco State University","Santhi Kavuri-Bauer (Director, School of Art — an art historian, not a metals specialist)","No standalone metals/jewelry program remains. The School of Art (College of Liberal & Creative Arts) offers BA in Studio Art, BA in Art History, BA in Art (Art History & Studio Art concentration), and MFA in Art (the MA is suspended/under review; the old undergraduate BFA is gone). Current Studio Art areas are drawing/painting, textiles, photography, ceramics, printmaking, digital media & emerging technology, sculpture, and social practice/public art — metals/jewelry is not among them. The 2025-2026 ART course catalog contains no metal, jewelry, metalsmithing, or enamel courses.","The metal arts program was founded in 1965 by Imogene ""Tex"" Gieling, who established and led it until her retirement (~1990). The program persisted into the 2000s (ART 225/325/425/525 metal arts & jewelry courses appear in the 2003-04 bulletin). Since then it has been discontinued/absorbed: it survives neither as a named studio-art emphasis nor as any course in the current (2025-2026) catalog, and there is no metals faculty on the current roster. Broader School of Art restructuring is evident — the undergraduate BFA was replaced by a BA in Studio Art with consolidated areas, and the MA is currently suspended/under review. No single news item documenting a formal ""metals program closure"" was found; the conclusion is drawn from the absence of any metals area, course, or faculty in current offerings versus their presence in archived bulletins.",https://art.sfsu.edu/,high,verify-failed,https://art.sfsu.edu/ | https://advisinghub.sfsu.edu/bachelor-arts-art-concentration-studio-art | https://art.sfsu.edu/people | https://bulletin.sfsu.edu/courses/art/art.pdf | https://bulletin.sfsu.edu/colleges/liberal-creative-arts/art/ | https://snagmetalsmith.org/2019/01/2004-laa-tex-gieling/ | https://sfmcd.org/tex-gieling-sixty-years/ | https://www.linkedin.com/in/dawn-nakanishi-0919433a/ | https://www.sfsu.edu/~bulletin/previous_bulletins/0304/SFSU_Course_Descriptions_2003-04.pdf,2026-05-29,,
56,crafts/metalsdirectorypage/s163.html,Sawtooth Center for Visual Art,,,http://www.temple.edu/crafts/metalsdirectorypage/s163.html,,merged-renamed,Sawtooth School for Visual Art,"Sara Sloan Stine, Director of Metals and Glass Programs (metals@sawtooth.org / sarastine@sawtooth.org)","Non-degree community art school. Offers classes and workshops only (no academic degrees): metal forming, jewelry fabrication, lost wax casting, stone-setting, enameling, metal clay, and lapidary arts. The metals offering sits within the school's Metals + Lapidary studio, part of the combined Glass + Metals department.","Continuation with a name change. The institution was historically the ""Sawtooth Center for Visual Art"" and now operates as the ""Sawtooth School for Visual Art"" (Winston-Salem, NC; founded 1945). The metals/jewelry program is fully active, having grown to ~300 students per quarter in the Glass + Metals department. There has been notable leadership continuity rather than a change: the archived faculty member Sara Sloan Stine (joined 1987) remains the program's director as of 2025-2026, with 30+ years as a silversmith. She also founded the school's Wood and Lapidary programs.",https://sawtooth.org/studios/metals-lapidary/,high,verify-failed,https://sawtooth.org/studios/metals-lapidary/ | https://sawtooth.org/staff-detail/sara-sloan-stine/ | https://sawtooth.org/news-events/stories/story-001/ | https://sawtooth.org/ | https://www.ncpedia.org/sawtooth-center-visual-art,2026-05-29,active-with-dedicated-faculty,"Sara Sloan Stine (Department Director, Metals + Lapidary)"
57,crafts/metalsdirectorypage/s167.html,School of the Museum of Fine Arts,,"B.F.A, M.F.A",http://www.temple.edu/crafts/metalsdirectorypage/s167.html,,merged-renamed,SMFA at Tufts (School of the Museum of Fine Arts at Tufts University) — Metals area of study,"No single ""metals program head/chair"" is published — SMFA's BFA is non-departmental. Metals faculty include Kendall Reiss and Tanya Crane (both ""Professor of the Practice in Metals"") and Hannah Oatman. (No formal chair title confirmed.)","Metals/jewelry remains an active ""Area of Study."" It is offered across the school's degree programs rather than as a standalone department: BFA, combined 5-year BFA+BA/BS, MFA, MA in Creative Practice (formerly Studio Art programs), and a Post-Baccalaureate Certificate. Students concentrate in metals via coursework and the Metals Studio (jewelry, metalsmithing, casting, enameling, repoussé/chasing, stone setting, integrated with digital fabrication).","The independent School of the Museum of Fine Arts, Boston merged into Tufts University. The merger was announced December 2015 and completed June 30, 2016, creating ""SMFA at Tufts."" The metals/jewelry program continued through the merger and is still active as of 2026, now operating within Tufts' degree structure. This is a rename/merger, not a closure — the institution and its metals offering both survive under the new parent.",https://smfa.tufts.edu/areas-of-study/metals,high,verify-failed,https://smfa.tufts.edu/areas-of-study/metals | https://smfa.tufts.edu/student-experience/studio-resources/metals-studio | https://en.wikipedia.org/wiki/School_of_the_Museum_of_Fine_Arts_at_Tufts | https://smfa.tufts.edu/ | https://www.idp.com/universities-and-colleges/tufts-university/bachelor-of-sciencebachelor-of-fine-arts-metals/PRG-US-00360765/ | https://smfa.tufts.edu/directory/tanya-crane,2026-05-29,active-with-dedicated-faculty,Tanya Crane (Professor of the Practice in Metals); Kendall Reiss (Professor of the Practice in Metals); Tzu-Ju Chen (Degree Program Faculty in Metals); Hannah Oatman (Part-Time Lecturer in Metals); Erica Bello (Part-Time Lecturer in Metals)
58,crafts/metalsdirectorypage/s168.html,Seton Hill College,,"B.A, B.F.A",http://www.temple.edu/crafts/metalsdirectorypage/s168.html,,yes,Seton Hill University — Art & Design Department (metals concentration),"Pati Beachley, Professor of Art and Chair of the Art & Design Department (department-level chair; no separate ""metals program head"" listed)","The metals/jewelry program still exists, offered as a ""metals"" concentration within the Art & Design Department (School of Visual and Performing Arts). Available at the BFA (Fine Art Studio) level alongside Painting, Sculpture, and Clay concentrations; metalsmithing is also reachable through the BA Studio Art and BA Art Education degrees. NASAD-accredited. The Arts Center includes metals studios, a welding facility, and a foundry; coursework covers forging, blacksmithing, enameling, and lost-wax casting.","Continuation, not closure. The institution is now Seton Hill University (it became a university in 2002; ""Seton Hill College"" is the historical name). The metals offering persists as a concentration inside the Art & Design Department rather than as a standalone program. The archived ""Filkosky 1955–1999"" record refers to Sister Josefa Filkosky (born Patricia Filkosky), who taught three-dimensional art, metalsmithing, and sculpture on the Seton Hill art faculty from 1959 until her death from a brain tumor in 1999, serving as department chair from 1978; the archived ""1955"" start year and ""Joseph"" first name appear to be record errors. Since ~2014 the program has continued under the current Art & Design Department structure, now chaired by Pati Beachley.",https://www.setonhill.edu/academics/degrees-programs/undergraduate-programs/art-fine-art-studio-bfa.html,high,not-needed,https://www.setonhill.edu/academics/degrees-programs/undergraduate-programs/art-fine-art-studio-bfa.html | https://www.setonhill.edu/academics/degrees-programs/undergraduate-programs/art-studio-art-ba.html | https://test-shualumni.setonhill.edu/alumni-archive-pages/scholarship/honor-a-mentor/josefa-filkosky.html | https://triblive.com/tribextra/whats-that-prominent-sculptures-at-seton-hill-pay-homage-to-late-artist-teacher/ | https://www.askart.com/artist/Josefa_Filkosky/10017581/Josefa_Filkosky.aspx,2026-05-29,active-with-dedicated-faculty,Brian Ferrell (Associate Professor of Art (B.F.A. & M.F.A. in Jewelry/Metals); metals/jewelry concentration lead)
59,crafts/metalsdirectorypage/s169.html,Shorter College,,"B.S, B.F.A, M.F.A",http://www.temple.edu/crafts/metalsdirectorypage/s169.html,,no,Shorter University,No dedicated art chair found; School of Fine & Performing Arts led by Interim Dean Dr. Jerico Vasquez. Margie Monde listed as Assistant Professor of Art.,"No jewelry/metals/metalsmithing offered. Art is available only as a minor (Art minor and Graphic Design minor) within the School of Fine & Performing Arts. Studio areas: Ceramics, Digital Art, Drawing, Graphic Design, Painting, Photography.","The institution listed as ""Shorter College"" (Rome, GA) was renamed Shorter University effective June 1, 2010, reflecting growth into graduate offerings. This rename predates and explains the directory's old ""Shorter College"" name. As of 2024-2026, the art program is small (minor only) and offers NO jewelry/metals/metalsmithing track — the current/recent catalog course list and program pages show six studio areas (Ceramics, Digital Art, Drawing, Graphic Design, Painting, Photography) with no metals/jewelry courses. The institution underwent significant turmoil after a 2011-2012 lifestyle-statement/faith-statement controversy that caused major faculty departures; whatever metals offering may have existed at the college level did not survive into the current curriculum. No evidence of a standalone, currently-active metals/jewelry program could be found.",https://www.shorter.edu/art-minor/,medium,verify-failed,https://www.shorter.edu/art-minor/ | https://www.shorter.edu/school-of-arts/ | https://catalog.shorter.edu/content.php?catoid=3&navoid=130 | https://www.northwestgeorgianews.com/polk_standard_journal/news/shorter-college-to-become-university-expected-date-is-2010/article_d626adcf-7be7-5d67-8d81-0867aa0c883d.html | https://en.wikipedia.org/wiki/Shorter_University | https://www.metalcyberspace.com/schools.htm,2026-05-29,,
60,crafts/metalsdirectorypage/s170.html,Siena Heights University,,B.F.A,http://www.temple.edu/crafts/metalsdirectorypage/s170.html,,no,"Studio Angelico (art department), Siena Heights University — metalsmithing/jewelry as a studio medium","No dedicated metals ""program head."" Metalsmithing was taught by Jamie Goode (jewelry fabrication, lost wax casting, raising, chasing). She succeeded the late John Wittersheim as the metals instructor.","Metalsmithing existed as a studio medium/concentration within the art department (branded ""Studio Angelico,"" referenced in the catalog as the Department of Design + Art), offered inside the BA in Art and BFA / Fine Arts degrees (techniques: jewelry fabrication, lost wax casting, raising, chasing). The ENTIRE university is closing at the conclusion of the 2025-2026 academic year, so the program is terminating along with the institution. No standalone metals/jewelry degree.","Continuation then institution-wide closure. John D. Wittersheim, the archived faculty member, taught metalsmithing and sculpture at Siena Heights from 1979 until his death from cancer on March 17, 2013 (age 59, ~34 years); the John Wittersheim Memorial Sculpture Park was established on campus. The metalsmithing medium CONTINUED after 2014 within the Studio Angelico art department (taught by Jamie Goode), so it did not close in the 2014-2019 window when the directory went offline. The decisive event is that on June 30, 2025, President Douglas Palmer and the Adrian Dominican Sisters announced Siena Heights University (founded 1919) will permanently close at the end of the 2025-2026 academic year for financial/enrollment reasons, with final commencement in May 2026. The metals/jewelry offering ends with the university.",https://www.studioangelico.com/,high,verify-failed,https://www.sienaheights.edu/siena-heights-university-announces-closure/ | https://www.13abc.com/2025/06/30/siena-heights-university-close-following-2025-2026-academic-year/ | https://reflections.sienaheights.edu/2013/07/03/practical-professor/ | https://www.studioangelico.com/faculty | https://www.studioangelico.com/ | https://www.sienaheights.edu/arts-at-siena-heights-university/ | https://catalog.sienaheights.edu/preview_program.php?catoid=7&poid=1478&returnto=422,2026-05-29,,
61,crafts/metalsdirectorypage/s171.html,Skidmore College,,"B.S, M.F.A",http://www.temple.edu/crafts/metalsdirectorypage/s171.html,,yes,Jewelry and Metals (area within the Art Department / Studio Art),"No dedicated metals program head; metals/jewelry is taught by Prof. David Peterson and Visiting Asst. Prof. Joe Pillari (Sculpture/metal casting: John Galt). The Art Department chair is Robert ParkeHarrison (photography). Note: the live catalog page rendered a slightly different chair/faculty set in one fetch (Sarah Sweeney listed as chair in one source) — chair identity has minor source-to-source variation, likely due to mixed-vintage cached pages.","Active. Jewelry and Metals is one of ten studio concentrations within the Department of Art (Studio Art) at Skidmore College, Saratoga Springs, NY. No standalone degree; it is a concentration toward the studio art major, which the catalog lists as a Bachelor of Science in studio art. Current course sequence: AR 219 Jewelry and Metals I, AR 319 Metalsmithing, AR 320 Jewelry and Metals II. Studio facilities include casting area, smithing room, machine shop, and forge room (no dedicated CAD-CAM program found).","Continuation with a brief disruption. The metals/jewelry program has run continuously as a studio area within the Art Department. Archived faculty (Earl Pardon 1951-1989, Arline Fisch 1957-1961, Sharon Church 1973-1976, Susan Hamlet from 1981) are the program's mid-century lineage; Pardon was the long-time anchor. Two Skidmore-alumni Facebook posts (Skidmore Class of 1992 group) indicate the college briefly ""cut"" a jewelry/metalsmithing course and then ""reinstated"" it — a curricular/staffing scare rather than a program closure. As of the 2026-2027 catalog the program, courses, and dedicated faculty (Peterson, Pillari) remain active and the studio pages are live.",https://www.skidmore.edu/academics/art/studios/metals/,high,not-needed,https://www.skidmore.edu/academics/art/studios/metals/ | https://www.skidmore.edu/art/studios/metals/index.php | https://www.skidmore.edu/art/studios/metals/metalsmithing.php | https://www.skidmore.edu/art/courses-by-type/metals.php | https://catalog.skidmore.edu/departments-programs/art/ | https://www.skidmore.edu/art/faculty/index.php | https://www.facebook.com/groups/Skidmore1992/posts/10162786253001325/ | https://www.facebook.com/groups/Skidmore1992/posts/10162824982381325/,2026-05-29,active-with-dedicated-faculty,David Peterson (Professor (Jewelry and Metals)); Joe Pillari (Visiting Assistant Professor (Jewelry and Metals))
62,crafts/metalsdirectorypage/s172.html,Slippery Rock University,,"B.A, B.F.A",http://www.temple.edu/crafts/metalsdirectorypage/s172.html,,yes,"Art, BFA — Concentration in Metalsmithing","Sean Macmillan — Professor of Metalsmithing and Chairperson of the Art Department (MFA, Jewelry & Metalsmithing, University of Kansas, 2005; BFA, Edinboro University of PA, 2000). sean.macmillan@sru.edu / 724.738.4289","Active. Offered as a Bachelor of Fine Arts (BFA) in Art with a Concentration in Metalsmithing (78 major credits; 120 total for graduation). Sits in the Art Department, College of Liberal Arts, Slippery Rock University (a PASSHE institution). Covers jewelry/adornment, functional metalwork, and fine metal sculpture; uses the dedicated 3,145-sq-ft Art Metals Building.","Continuation. The metals/jewelry offering survived as a named BFA Metalsmithing concentration within the Art Department and remains current as of 2026. Notably, the same person who teaches metalsmithing, Sean Macmillan, is also the Art Department chairperson, indicating the metals area is stable and central rather than at risk. No closure, merger, or rename of the metals area was found; the broader Art Department sits in the College of Liberal Arts.",https://catalog.sru.edu/undergraduate/liberal-arts/art/art-bfa-concentration-metalsmithing/,high,not-needed,https://catalog.sru.edu/undergraduate/liberal-arts/art/art-bfa-concentration-metalsmithing/ | https://www.sru.edu/academics/majors-and-minors/art-bfa-concentration-in-metalsmithing | https://www.sru.edu/academics/colleges-and-departments/cla/departments/art/faculty | https://www.sru.edu/academics/colleges-and-departments/cla/departments/art | https://www.sru.edu/academics/colleges-and-departments/cla/departments/art/facilities,2026-05-29,active-with-dedicated-faculty,"Sean Macmillan (Professor of Metalsmithing; Chairperson, Art Department)"
63,crafts/metalsdirectorypage/s173.html,Southeastern Louisiana University,,,http://www.temple.edu/crafts/metalsdirectorypage/s173.html,,no,Department of Visual Art + Design,,"No dedicated metals/jewelry/metalsmithing concentration. The Department of Visual Art + Design (College of Arts, Humanities and Social Sciences) offers a BA in Art with concentrations in Art Education, Art History, Ceramics, Drawing, Graphic Design, New Media and Animation, Painting, Photography, Printmaking, Sculpture, and Theatre Design. Metalworking exists only within Sculpture (casting, welding, fabrication).</current_status>
<current_link>https://www.southeastern.edu/department-of-visual-art-design/degrees/</current_link>
<what_happened>No evidence of a dedicated metals/jewelry program currently or historically at Southeastern. As of 2026 the Department of Visual Art + Design offers a BA in Art whose closest metals content is the Sculpture concentration. The archived directory record was thin (start date unknown, faculty n/a), consistent with there never being a distinct metalsmithing/jewelry concentration. UL Lafayette is described as the only standalone Metalwork and Jewelry program in Louisiana. No closure/merger/rename news found because there appears to have been no standalone program to close.</what_happened>
<notes>Archived record listed metals start unknown and faculty n/a, signaling a marginal entry. Current catalog/department pages show NO metals or jewelry concentration; metal fabrication appears only within Sculpture. No historical record of a dedicated metals/jewelry program at Southeastern was found. Confidence medium because pre-2014 absence-of-evidence is weaker than confirmed closure; current non-existence is confirmed. No metals-specific chair exists.</notes>
</invoke>
",,,medium,verify-failed,https://www.southeastern.edu/department-of-visual-art-design/degrees/,2026-05-29,,
64,crafts/metalsdirectorypage/s174.html,Southern Connecticut State University,,"B.S, B.A",http://www.temple.edu/crafts/metalsdirectorypage/s174.html,,yes,"Jewelry/Metals concentration, Art and Design (B.A. / B.S. in Studio Art)","Terrence Lavin, chair and professor of Art and Design (oversees the jewelry-metals specialization, per 2023 university news article)","Active. Offered as a Jewelry/Metals concentration within the Studio Art track of the Art and Design B.A./B.S. degrees, housed in the Department of Art and Design (Earl Hall). Confirmed current in the 2026-2027 academic catalog. Described as the only academic metals program in Connecticut (public or private). Studio holds up to 14 students per course; equipment ranges from traditional metalsmithing tools to a laser welder and 3D printer.","Continuation. The metals/jewelry program has continued uninterrupted since ~2014 and remains active. The old www2.southernct.edu studio-art URL from the archived directory era was superseded by the current www.southernct.edu site, but the program itself was not closed, merged, or renamed — it persists as the Jewelry/Metals concentration in Art and Design. A 2023 university news feature confirmed it as a small but full enrollment program led by chair Terrence Lavin, who has been integrating 3D-printing/contemporary fabrication alongside traditional metalsmithing.",https://www.southernct.edu/program/art-and-design-bs-jewelry-metals,high,not-needed,https://www.southernct.edu/program/art-and-design-bs-jewelry-metals | https://catalog.southernct.edu/undergraduate/programs-and-degrees/art-and-design-bs-concentration-jewelry-metals.html | https://news.southernct.edu/2023/07/11/creative-pursuits-jewelry-and-metals/ | https://www.southernct.edu/academics/art,2026-05-29,active-with-dedicated-faculty,"Terrence Lavin (Professor of Jewelry/Metals (and Chair, Department of Art and Design))"
65,crafts/metalsdirectorypage/s175.html,Southern Illinois University Carbondale,1959,"B.F.A, M.F.A",http://www.temple.edu/crafts/metalsdirectorypage/s175.html,,yes,"Metalsmithing (Blacksmithing & Small Metals), School of Art and Design",Metals/blacksmithing area led by Rick Smith (Professor) with Sun Kyoung Kim (Associate Professor). School of Art and Design Interim Director: Robert A. Lopez (2025-2026).,"Active and thriving. Degrees offered: BFA in Studio Art: Metalsmithing (120 cr); MFA in Art: Blacksmithing; MFA in Art: Small Metals (60 cr min). The MFA blacksmithing track is billed as the only one in the nation. Sits in the School of Art and Design (one of nine MFA studio areas), now under the College of Arts and Media at SIU Carbondale. Blacksmithing studio is named for L. Brent Kington; an endowed L. Brent Kington Professorial Chair was created in 2006.","Continuation with leadership transition. The historic metals program (founded 1959; built by L. Brent Kington in blacksmithing and Richard Mawdsley in fine metals/small metals, both now Professors Emeriti) continues uninterrupted. Since ~2014, day-to-day faculty leadership passed to Rick Smith and Sun Kyoung Kim. The program remains within the School of Art and Design, which has been reorganized administratively (now under the College of Arts and Media); the school's interim director is Robert A. Lopez for 2025-2026. The archived faculty (Kington d. 2013, Mawdsley, Mary Lee Hu) reflect the program's historical lineage; the program is actively recruiting and exhibiting today.",https://academics.siu.edu/design/art/program-tracks/metalsmithing.php,high,not-needed,https://academics.siu.edu/design/art/program-tracks/metalsmithing.php | https://academics.siu.edu/design/art/masters/ | https://academics.siu.edu/design/art/ | https://news.siu.edu/2006/02/021406tc6032.php | https://catalog.siu.edu/programs/ad/faculty.php | https://soad.siu.edu/,2026-05-29,active-with-dedicated-faculty,Rick Smith (Professor (blacksmithing & metalsmithing)); Sun Kyoung Kim (Associate Professor (metalsmithing & jewelry))
66,crafts/metalsdirectorypage/s177.html,Southwest School of Art and Craft,,,http://www.temple.edu/crafts/metalsdirectorypage/s177.html,,merged-renamed,"UTSA PACE Community Art — Jewelry & Metals (UTSA Southwest Campus, formerly Southwest School of Art)","Not published as a single named head/chair; classes run through UTSA PACE Community Art (Metals Department), contact communityart@utsa.edu.","Metals/jewelry continues primarily as open-enrollment community/continuing-education classes (""Jewelry & Metals,"" Metals Department) through UTSA Professional and Continuing Education (PACE) Community Art at the UTSA Southwest Campus. The former independent school's BFA moved into UTSA's College of Liberal and Fine Arts (School of Art), but jewelry/metals is NOT listed as a degree-granting BFA studio concentration there (concentrations are ceramics, drawing, new media, painting, photography, printmaking, sculpture). So the metals offering now lives as community art, not a degree program.","The Southwest School of Art and Craft (renamed ""Southwest School of Art"" in 2010) operated as Texas' only independent art college. In Aug 2021 UTSA announced a merger/acquisition; the deal finalized in late 2021 and integration completed by July 2022. The campus became the UTSA Southwest Campus within UTSA's College of Liberal and Fine Arts. The BFA program moved to UTSA; community classes (including jewelry/metals) continued on-site under UTSA PACE Community Art. The standalone ""Southwest School of Art"" institution and its independent metals degree path no longer exist as such; the metals/jewelry instruction continues as UTSA community art classes.",https://www.utsa.edu/pace/community-art/adult/jewelry.html,high,verify-failed,https://arts.utsa.edu/about/history/ | https://www.utsa.edu/today/2022/07/story/utsa-completes-integration-with-southwest-school-of-arts.html | https://sanantonioreport.org/utsa-southwest-school-of-art-merger-2/ | https://www.utsa.edu/president/2022/07/story/2022-07-26-SSA-update.html | https://www.utsa.edu/pace/community-art/adult/jewelry.html | https://www.utsa.edu/pace/community-art/adult.html | https://catalog.utsa.edu/undergraduate/liberalfinearts/art/,2026-05-29,active-with-dedicated-faculty,"Jillian (Jill) Sortore (Professor of Instruction, Art & Art History (Sculpture and Metals) — UTSA School of Art; lead/advanced metals faculty (jillian.sortore@utsa.edu)); Sulo Bee (Metals/jewelry community-art instructor (interdisciplinary metalsmith; MFA SUNY New Paltz)); Denise McCoy (Jewelry & Metals instructor (Advanced Metals) — UTSA Community Art); Tobin Nieto (Jewelry & Metals instructor — UTSA Community Art); Alejandra Salinas Pérez (Jewelry & Metals instructor — UTSA Community Art); Juan Ramos (Jewelry & Metals instructor — UTSA Community Art); Kemp Davis (Jewelry & Metals instructor — UTSA Community Art); Laura Quiñones (Jewelry-Making instructor — UTSA Community Art); Lisa Nigro (Jewelry & Metals instructor — UTSA Community Art); Michael O'Brien (Jewelry & Metals instructor — UTSA Community Art); Michelle Love (Jewelry & Metals instructor — UTSA Community Art); Nancy Cavender-Garcia (Jewelry & Metals instructor — UTSA Community Art)"
67,crafts/metalsdirectorypage/s180.html,Southwest Missouri State University,,"B.S, B.A, B.F.A",http://www.temple.edu/crafts/metalsdirectorypage/s180.html,,merged-renamed,Missouri State University — Department of Art and Design (Metals & Jewelry / 3D Studies),"Mitzi K. Kirkland-Ives, PhD — Interim Department Head, Department of Art and Design (not the metals instructor; metals/jewelry-specific faculty member named on the dept faculty page but not captured by name here)","Active. Metals & Jewelry is one of three areas in the 3D Studies track (with Ceramics and Sculpture) of the BFA in Art and Design, in the Department of Art and Design. The department also offers a BA in Visual Arts and Culture, BSEd Art Education, BS Electronic Arts, MAE, and an MFA in Visual Studies (so graduate-level metals work is possible). Curriculum spans traditional metalsmithing (fabrication, stone setting, casting, forming, enameling) plus digital tools (3D design software, resin printing, laser cutting).","Continuation under a new institutional name. Southwest Missouri State University was renamed Missouri State University in 2005 (state legislation). The metals/jewelry curriculum survived the renaming and remains active as the Metals & Jewelry area within the 3D Studies track of the BFA. No closure or program merger of the metals offering was found; the only ""merge/rename"" event is the university-wide renaming. Department leadership currently shows Mitzi K. Kirkland-Ives as Interim Department Head (recent, post-2014 leadership change at the department level).",https://art.missouristate.edu/Undergraduate/3d-studies-track.htm,high,verify-failed,https://art.missouristate.edu/Undergraduate/3d-studies-track.htm | https://art.missouristate.edu/ | https://art.missouristate.edu/people.htm | https://catalog.missouristate.edu/preview_entity.php?catoid=13&ent_oid=726 | https://art.missouristate.edu/Undergraduate/default.htm,2026-05-29,active-with-dedicated-faculty,Jin A. Seo (Associate Professor (Metals & Jewelry))
68,crafts/metalsdirectorypage/s181.html,Southwest Texas State University,,"B.A, B.F.A",http://www.temple.edu/crafts/metalsdirectorypage/s181.html,,merged-renamed,Texas State University — School of Art and Design (Studio Art: Metals),"Adam Atkinson — Assistant Professor, Area Head, Studio Arts: Metals (other metals faculty: Nicole DesChamps-Benke, Laritza Garcia Janiga). School-wide director not confirmed by name.","Metals is one of seven studio areas within the BFA in Studio Art. Under a fall-2024 curriculum revision, students no longer declare a named concentration, but Metals remains a fully staffed area of study (Beginning/Intermediate/Advanced Metals courses). Degrees in the School of Art and Design: BA in Art, BA in Art History, BFA in Studio Art (includes Metals), plus BFA in Art Education, Communication Design, and Photography. The School of Art and Design (within the College of Fine Arts and Communication) is the home unit. Note: TXST's graduate studio MFA is in Communication Design; metals is offered at the undergraduate BFA level.","Continuation with growth, not closure. Southwest Texas State University was renamed Texas State University–San Marcos in 2003 (now Texas State University), so the archived institution name is outdated but the program continues. Beverly Penn (archived as ""1990 to present"") built the metals program from ~900 to ~4,000 sq ft and remained the lead metals faculty member for decades; she retired and was named Distinguished Professor Emerita (~2024-2025), with a 30-year retrospective ""Foregrounding Paradise"" at Texas State Galleries. Leadership of the metals area has transitioned to Adam Atkinson (Area Head), supported by Nicole DesChamps-Benke and Laritza Garcia Janiga. The art unit is now the ""School of Art and Design."" Since ~2014 the program has continued as one of the more highly regarded undergraduate metals programs, with the main change being the 2024 BFA curriculum revision (no declared concentration) and the Penn retirement / leadership handoff.",https://www.finearts.txst.edu/Art/academics/undergraduate/studio-art.html,high,verify-failed,https://www.finearts.txst.edu/Art/academics/undergraduate/studio-art.html | https://www.finearts.txst.edu/Art/academics/undergraduate/studio-art/studio-curriculum.html | https://www.finearts.txst.edu/Art/faculty.html | https://mycatalog.txstate.edu/undergraduate/fine-arts-communication/art-design/ | https://faculty.txst.edu/profile/1921519 | https://universitystar.com/34334/life-and-arts/faculty-alumni-arrange-decades-of-metalsmithing/ | https://glasstire.com/2026/03/03/disturbance-loving-species-a-conversation-with-beverly-penn/,2026-05-29,active-with-dedicated-faculty,"Adam Atkinson (Assistant Professor, Area Head – Studio Arts: Metals); Nicole DesChamps-Benke (Professor of Instruction, Studio Art: Metals; Fabrication Lab Manager); Laritza Garcia Janiga (Associate Professor of Instruction, Studio Art: Metals/3D Design)"
69,crafts/metalsdirectorypage/s182.html,Spokane Falls Community College,,,http://www.temple.edu/crafts/metalsdirectorypage/s182.html,,no,Spokane Falls Community College (Fine Arts / Art Department),,"No jewelry/metals/metalsmithing program currently offered. SFCC's Art department offers an Associate in Fine Arts (AFA) with 2D and 3D options, plus Graphic Design (AAS), Interior Design (AAS), Photography (AAS), and Digital Filmmaking/Media. Current Fine Arts studios are listed as Ceramics, Drawing/Painting, Printmaking, and Sculpture only — no jewelry/metals studio.","A dedicated jewelry/metals/metalsmithing program is no longer present in SFCC's catalog, program directory, or Fine Arts studio listing (current studios: ceramics, drawing/painting, printmaking, sculpture). SFCC has a documented history of cutting vocational/craft courses deemed obsolete (e.g., printing, watch repair), and its Fine Arts building was slated for demolition around 2022. This is consistent with the metals/jewelry offering having been discontinued sometime after the directory went offline (~2014), though I could not locate a specific announcement, date, or named former faculty to confirm the exact timing or mechanism (course-by-course attrition vs. formal program closure). CAUTION: web searches repeatedly surface a 'Jewelry/Metal Arts' program at sfcc.edu — that is Santa Fe Community College, a different institution that shares the SFCC acronym, and does NOT belong to Spokane Falls (sfcc.spokane.edu, formerly spokanefalls.edu).",https://sfcc.spokane.edu/What-to-Study/Programs,medium,verify-failed,https://sfcc.spokane.edu/What-to-Study/Programs | https://en.wikipedia.org/wiki/Spokane_Falls_Community_College | https://catalog.spokane.edu/CoursesAndPrograms/Default.aspx | https://www.historylink.org/File/21171,2026-05-29,,
70,crafts/metalsdirectorypage/s183.html,St. Norbert College,,"B.A, B.S",http://www.temple.edu/crafts/metalsdirectorypage/s183.html,,no,St. Norbert College — Art Program (Studio Art / Graphic Design / Art Education concentrations),"Not confirmed. Current art faculty named on the department site include Brandon Bauer, Bill Bohne, Daniel Dickhut, Abbey Gagne, John Gordon, Jim Neilson, Charles Peterson, Brian Pirman, Marilyn Stasiak, and Michael Wartgow; no chair could be verified from public pages.","St. Norbert offers a Bachelor of Arts (BA) in Art with concentrations in Studio Art, Graphic Design, and Art Education, plus a graphic-design minor and an Arts Management Certificate. The program sits in the Art discipline within the college's Arts & Sciences / Visual & Performing Arts area. No standalone metals/jewelry/metalsmithing degree, concentration, or course area is listed in current materials.","The archived ""metals program"" entry appears to be a miscoding of a general art-department figure rather than a true metals/jewelry program. The listed faculty contact, Donald P. Taylor (archive: ""1984 to present""), was in fact St. Norbert's galleries director, art curator, and adjunct associate professor of art from 1984 — a sculptor and ceramist, not a metalsmith. He retired in 2011 (granted Director of Galleries and Curator Emeritus). Since ~2014 the St. Norbert art program has continued as a BA with Studio Art, Graphic Design, and Art Education concentrations; there is no evidence of a dedicated metals/jewelry program existing now or being closed/merged — most likely it never was a distinct metals program, and the directory entry reflects a small liberal-arts art department whose key contact (Taylor) departed in 2011.",https://art.knight.domains/information-for-majors/,medium,verify-failed,https://art.knight.domains/information-for-majors/ | https://art.knight.domains/ | https://www.snc.edu/art/ | https://blog.sl.edu/news/slc-names-art-gallery-for-green-bay-s-donald-p-taylor,2026-05-29,,
71,crafts/metalsdirectorypage/s184.html,State University College at Buffalo,,"B.S, B.F.A",http://www.temple.edu/crafts/metalsdirectorypage/s184.html,,merged-renamed,"Metals/Jewelry concentration, Art and Design Department, SUNY Buffalo State University (Buffalo State College)","Candace P. Masters, M.F.A. — Chair and Associate Professor of the Art & Design Department (department chair; no specific metals/jewelry program head publicly named on the current site)","Active. Metals/Jewelry is offered as a concentration within the Art and Design B.F.A. and B.A. degrees, plus a Design minor and a separate Jewelry Arts Certificate. Sits in the Art & Design Department (Upton Hall 402). NASAD-accredited. Curriculum includes traditional plus digital fabrication technologies (CAD/CAM-adjacent).","Continuation under an institutional rename. ""State University College at Buffalo"" is the formal historic name for what is publicly known as Buffalo State College; it was rebranded as ""SUNY Buffalo State University"" (university designation granted ~2023). The metals/jewelry program continued through this period and remains an active, NASAD-accredited concentration. It was reorganized into the consolidated ""Art and Design"" degree structure (formerly a standalone Design Department / separate art degrees), with metals/jewelry now a concentration within the Art and Design B.F.A./B.A. rather than a freestanding major.",https://artdesign.buffalostate.edu/metalsjewelry,high,verify-failed,https://artdesign.buffalostate.edu/metalsjewelry | https://ecatalog.buffalostate.edu/undergraduate/major-minor-programs/art-design-bfa/metals-jewelry-concentration/ | https://suny.buffalostate.edu/programs/bpid/585 | https://artdesign.buffalostate.edu/faculty-staff | https://suny.buffalostate.edu/programs/metalsjewelry,2026-05-29,active-with-dedicated-faculty,"Tara J. Nahabetian (Associate Professor and Program Coordinator, Metals/Jewelry); Stephen F. Saracino (Professor, Metals/Jewelry)"
72,crafts/metalsdirectorypage/s186.html,State University of New York at Brockport,,"B.S, B.A, B.F.A",http://www.temple.edu/crafts/metalsdirectorypage/s186.html,,merged-renamed,"Department of Art (Art-Studio Major), SUNY Brockport","Christian Carson (Art Department chair, 2024-2025)","No standalone metals/jewelry concentration remains. The Art-Studio major (BA, BS, and BFA in Art) offers concentrations in Ceramics, Drawing, Graphic Design, Painting, Photography, and Sculpture. Metalworking now survives only as metal fabrication within the Sculpture concentration (welding, gas forge, plasma cutter facilities), not as a dedicated metals/jewelry or CAD-CAM program. Sits within the Department of Art, College of Arts and Sciences (Fine Arts).","The dedicated metals/jewelry program was built and led by Thomas R. Markusen, who established the metal studio and taught sculpture and metal/jewelry from 1968 to 1998 (the archive's 'to present' is outdated; he retired in 1998). Albert Paley taught there roughly 1972-1984. After Markusen's 1998 retirement the distinct metals/jewelry program was not continued as its own area; metalwork was absorbed into the Sculpture concentration. By the current catalogs (2021-2025) the art major lists only Ceramics, Drawing, Graphic Design, Painting, Photography, and Sculpture concentrations. No standalone metals/jewelry/CAD-CAM program exists today; active SUNY metals/jewelry instruction now lives at SUNY Buffalo State, not Brockport. Current Art Dept chair is Christian Carson.",https://www.brockport.edu/academics/art/,medium,verify-failed,https://www.brockport.edu/academics/art/ | https://www.brockport.edu/academics/art/major-minor/ | https://brockport.academicworks.com/donors/thomas-r-and-mary-p-markusen | https://www.brockport.edu/academics/art/facilities/ | https://www.brockport.edu/academics/art/sculpture/ | https://www.brockport.edu/academics/art/directory | https://westsidenewsny.com/features/2019-02-18/albert-paley-american-modernist-metal-sculptor/,2026-05-29,active-no-dedicated-metals-faculty,
73,crafts/metalsdirectorypage/s187.html,State University of New York at Geneseo,,B.A,http://www.temple.edu/crafts/metalsdirectorypage/s187.html,,no,N/A — no metals/jewelry program; Art History department only remains,Art History department — Alla Myzelev (Professor and Chair). There is no metals/jewelry program head; the area no longer exists.,"No studio art, metals, or jewelry degree. The Studio Art major/department was discontinued effective the 2013–2014 academic year. The campus now offers only Art History (B.A. and minors, including Museum Studies), housed in the Department of Art History (Brodie Hall). Hands-on jewelry/metalsmithing courses no longer offered.","The archived faculty member Patrice (E.) Case taught studio art, jewelry, and metalsmithing (notably niello). At the start of the 2013–2014 academic year, SUNY Geneseo discontinued the Studio Art department/major (alongside Computer Science and Speech Pathology). Student journalism in subsequent years (e.g., a 2019 piece ""Fulfilling the Absence of Art at SUNY Geneseo"") lamented the absence of a studio art program and called for its restoration; it was not restored. Patrice E. Case is now listed among SUNY Geneseo's emeritus faculty (retired). Only the Department of Art History (academic study, not studio practice) continues, currently chaired by Alla Myzelev. So the metals/jewelry program effectively closed circa 2013–2014 with the elimination of studio art and has not been revived.",https://www.geneseo.edu/art_history,high,verify-failed,https://morrison.sunygeneseoenglish.org/2019/04/27/fulfilling-the-absence-of-art-at-suny-geneseo/ | https://thelamronarchive.squarespace.com/posts/2013/02/07/spotlight-on | https://www.geneseo.edu/president/emeritus | https://www.geneseo.edu/art_history/faculty-staff/ | https://www.geneseo.edu/academic-program-finder/,2026-05-29,,
74,crafts/metalsdirectorypage/s188.html,State University of New York at New Paltz,1957,"B.F.A, M.A, M.F.A",http://www.temple.edu/crafts/metalsdirectorypage/s188.html,,yes,"Metal Program, Department of Art (School of Fine & Performing Arts), SUNY New Paltz","Prof. Myra Mimlitsch-Gray (Metal Program Director). Other faculty: Associate Prof. Lynn Batchelder, Instructional Support Technician Adam Mastropaolo, Visiting Faculty Amelia Toelke; Jamie Bennett is Professor Emeritus.","Active and thriving. Sits in the Department of Art within the School of Fine & Performing Arts. Degrees: MFA in Studio Art (Metal area, full-time two-year program); plus BFA and BA/BS Visual Arts with a concentration in Metal. Among the largest graduate metal programs in the US; ranked #1 Metal MFA at a public university by U.S. News & World Report. ~10,000 sq ft metal studio (casting, enameling, electroforming, etching, patination, laser cutting, welding, blacksmithing).","Continuation with leadership continuity. Myra Mimlitsch-Gray (faculty since 1993, listed in the archived record) remains program director through 2026. Jamie Bennett (archived as ""1985 to present"") has since retired and is now Professor Emeritus. Lynn Batchelder joined as ongoing faculty. Mimlitsch-Gray received the 2018 SUNY Chancellor's Award for Excellence in Scholarship and Creative Activities and delivered a Yale Art Gallery symposium lecture in 2022. No closure, merger, or rename; the program remains a nationally renowned center for metals/jewelry.",https://www.newpaltz.edu/fpa/art/metal/,high,not-needed,https://www.newpaltz.edu/fpa/art/metal/ | https://www.newpaltz.edu/fpa/art/metal/about/overview/ | https://www.newpaltz.edu/fpa/art/metal/showcase/faculty/ | https://www.newpaltz.edu/fpa/mfa/areas-of-study/metal/ | https://catalog.newpaltz.edu/graduate/fine-performing-arts/art/mfa-art/ | https://artjewelryforum.org/schools/state-university-of-new-york-at-new-paltz/ | https://sites.newpaltz.edu/news/2022/11/myra-mimlitsch-gray-yale-art-gallery-symposium/,2026-05-29,active-with-dedicated-faculty,Myra Mimlitsch-Gray (Professor and Head of the Metal Program); Lynn Batchelder (Assistant/Associate Professor of Metal (also Chair of Dept. of Art)); Adam Mastropaolo (Instructional Support Technician); Amelia Toelke (Visiting Faculty); Jamie Bennett (Professor Emeritus)
75,crafts/metalsdirectorypage/s19.html,California State University - Fullerton,,"B.F.A, M.F.A",http://www.temple.edu/crafts/metalsdirectorypage/s19.html,,yes,"Jewelry and Metals concentration, Department of Visual Arts (College of the Arts)","Department of Visual Arts chair: Michelle Murillo. Jewelry/Metals area program coordinator: Christina Y. Smith (Professor of Art, silversmith; MA San Diego State).","Active. Offered as a ""Jewelry and Metals"" concentration within the B.F.A. in Art, and as a ""Crafts (Jewelry/Metalsmithing and Woodworking)"" concentration within the M.A. and M.F.A. in Art. Sits in the Department of Visual Arts, College of the Arts.","Continuation. The program has remained active since ~2014 with no closure, merger, or rename. It continues to offer undergraduate (BFA Jewelry and Metals) and graduate (MA/MFA Crafts incl. Jewelry/Metalsmithing) degrees through the Department of Visual Arts. Christina Smith remains the longtime metals faculty/area coordinator; department chair is now Michelle Murillo. Current catalog listings (2024-2025/2025-2026) and active MFA application deadline of Feb 1, 2026 confirm ongoing operation.",https://www.fullerton.edu/arts/art/students/areas_of_study/,high,not-needed,https://catalog.fullerton.edu/preview_program.php?catoid=61&poid=28520 | https://catalog.fullerton.edu/preview_program.php?catoid=80&poid=38040 | https://catalog.fullerton.edu/preview_program.php?catoid=61&poid=28536 | https://www.fullerton.edu/arts/art/students/areas_of_study/ma-mfa-in-art.php | https://www.fullerton.edu/arts/art/about_us/faculty_staff/ | https://www.craftinamerica.org/artist/christina-smith/,2026-05-29,active-with-dedicated-faculty,"Christina Smith (Professor of Art; Area Coordinator, Jewelry and Metals)"
76,crafts/metalsdirectorypage/s190.html,"Studio Jewelers, Ltd.",1979,Certificate,http://www.temple.edu/crafts/metalsdirectorypage/s190.html,,yes,Studio Jewelers Ltd.,Robert Streppone (Founder and Director),"Independent licensed/accredited jewelry trade school (not a degree-granting college, no academic department). Offers certificate/clock-hour vocational training programs: Comprehensive Jewelry Training (720-hour and 360-hour full-time options), plus shorter courses in Basic Jewelry Making (36 hr), Jewelry Repair (72 hr), Diamond Setting I & II (72 hr each), Wax Modeling/Casting/Molds (72 hr), Jewelry Design/Rendering (30 hr), Pearl/Bead Stringing (8 hr), and Open Workshop. No academic degrees (no BFA/MFA); it is a standalone trade school, not part of a university.","Continuation, unchanged leadership. The school has operated continuously since 1979 and remains active in 2026 at 32 E 31st St, Floor 3, New York, NY 10016 (midtown Manhattan). Tuition schedule was updated effective September 1, 2024, confirming ongoing operation. Founder Robert Streppone is still Founder and Director — the same person listed in the archived record as faculty since 1979 (""to present""). No closure, merger, or rename has occurred. It remains licensed by the NYS Education Dept., accredited by ACCSC, and approved by the US Dept. of Education. Current faculty also includes Hiroko M. Streppone, Michiyo Fujiwara, and Boris Goynatsky.",https://studiojewelersltd.com/,high,not-needed,https://studiojewelersltd.com/ | https://studiojewelersltd.com/faculty/ | https://studiojewelersltd.com/courses/ | https://www.jewelers.org/jewelry-careers/jewelry-schools-directory/studio-jewelers-ltd | https://www.yelp.com/biz/studio-jewelers-new-york,2026-05-29,active-with-dedicated-faculty,Robert Streppone (Founder and Director); Hiroko M. Streppone (Instructor); Michiyo Fujiwara (Instructor); Boris Goynatsky (Instructor)
77,crafts/metalsdirectorypage/s194.html,Syracuse University,,,http://www.temple.edu/crafts/metalsdirectorypage/s194.html,,merged-renamed,Jewelry and Metalsmithing (intensive within Studio Arts B.F.A./B.S./M.F.A.) and Jewelry and Metalsmithing minor,"Program coordinator reported as Robert Wysocki (rjwysock@syr.edu); Chris Wildrick listed as Studio Arts ""Area Lead."" Specific jewelry/metals coordinator not definitively confirmed on the official program page.","The metals/jewelry program still operates, but is no longer a standalone degree. It now exists as: (1) a Jewelry and Metalsmithing intensive/concentration within the Studio Arts B.F.A. (and B.S.); (2) a Jewelry and Metalsmithing undergraduate minor (18 credits); and (3) a track within the Studio Arts M.F.A. It sits in the School of Art within the College of Visual and Performing Arts (VPA). Facilities are in the Comstock Art Facility (ComArt).","Continuation with structural change. The historic Syracuse metals program (Pulos/Jerry/Marshall lineage) persisted as a degree offering for decades. In 2024 Syracuse University announced elimination of 93 academic ""offerings,"" and the standalone Bachelor's degree program in Jewelry and Metalsmithing was among those cut (the 93 programs collectively enrolled only ~258 students, ~1.2% of enrollment). However, the university stated no positions or departments were eliminated and that courses and minors would continue. Jewelry/metalsmithing thus continues today as an intensive within the Studio Arts B.F.A., as a standalone minor, and as a track within the Studio Arts M.F.A. — i.e., the standalone-major was folded into the broader Studio Arts degree rather than the area being closed.",https://vpa.syracuse.edu/academics/art/programs/studio-arts-bfa/,high,verify-failed,https://vpa.syracuse.edu/academics/art/programs/studio-arts-bfa/ | https://wrrv.com/syracuse-cuts-93-academic-programs/ | https://coursecatalog.syracuse.edu/undergraduate/visual-performing-arts/art/jewelry-metalsmithing-minor/ | https://coursecatalog.syracuse.edu/graduate/visual-performing-arts/art/studio-arts-mfa/ | https://vpa.syracuse.edu/academics/art/undergraduate/studio-arts-bfa/about-jewelry-metalsmithing,2026-05-29,active-no-dedicated-metals-faculty,
78,crafts/metalsdirectorypage/s195.html,Tarrant County Junior College/ N.E.,,,http://www.temple.edu/crafts/metalsdirectorypage/s195.html,,merged-renamed,"Tarrant County College (TCC) — Art (Visual Arts), ""Metals"" studio coursework","Not a separate program with its own head. Karmien (""Sweety"") Bowman remains an Associate Professor of Art at TCC teaching Art Metals (along with Ceramics, Sculpture, Art Appreciation); her TCC email (karmien.bowman@tccd.edu) and TCC calendar page are still active as of 2026. No identifiable jewelry/metals program chair.","No standalone jewelry/metals program or certificate. Metals/art-metals survives as studio coursework within the Art discipline, taken toward the Associate of Arts (A.A.) and the Associate of Arts in Visual Arts transfer degrees. ""Metals"" is explicitly listed among the offered art forms (Drawing, Painting, Sculpture, Ceramics, Metals, Photography). Sits in the Art department / Visual Arts program, not a dedicated jewelry/metalsmithing department.","The institution was renamed from ""Tarrant County Junior College"" to ""Tarrant County College"" (TCC) in 1999, predating the directory record. The archived faculty member, Karmien Bowman, is still teaching at TCC (active TCC email + calendar page; profiled in 2017 and 2021 local press as a long-serving TCC art professor). Metals/jewelry was never a degree program of its own at TCC; it has continued as studio coursework within the Art curriculum and remains listed as an offered art form. No closure found — continuation as studio art with the same long-tenured instructor and a leadership/organization shift only at the institutional naming level. The ""N.E."" in the record refers to the Northeast Campus (Hurst).",https://www.tccd.edu/academics/courses-and-programs/courses/art/,medium,verify-failed,https://www.tccd.edu/academics/courses-and-programs/courses/art/ | https://calendar.tccd.edu/karmienbowman_817 | https://www.tccd.edu/academics/courses-and-programs/programs-a-z/credit/visual-arts/ | https://www.crosstimbersgazette.com/2017/09/28/sweety-bowman-art-is-her-life/ | https://voyagedallas.com/interview/meet-karmien-bowman-yarmouth-studio-dfw-area-flower-mound/ | https://www.tccd.edu/,2026-05-29,active-with-dedicated-faculty,Karmien Bowman (Associate Professor of Art (Ceramics / Sculpture / Art Metals))
79,crafts/metalsdirectorypage/s196.html,Texas Tech University,,"B.A, B.F.A, M.F.A",http://www.temple.edu/crafts/metalsdirectorypage/s196.html,,yes,"Jewelry Design & Metalsmithing, School of Art, Texas Tech University","Robly A. Glover (Professor; heads the Jewelry Design & Metalsmithing program, 20+ years). Nancy Slagle is also a longtime faculty member in the area.","Active and thriving. Offers a BFA in Studio Art with Jewelry Design & Metalsmithing emphasis, an MFA in Studio Art (Jewelry Design & Metalsmithing concentration, terminal degree, 60+ semester hours), and a Studio Art minor in the area. Sits within the School of Art (J.T. & Margaret Talkington College of Visual & Performing Arts). Includes CAD/CAM and rapid-prototyping (Formlabs SLA 3D printers) instruction. Housed in the renovated 3D Art Annex (6,000+ sq ft, $1M+ equipment), described as one of the premier metalsmithing facilities in the Southwest US.","Continuation and growth since ~2014. The program remained active and expanded: it built out CAD/CAM and rapid-prototyping capability, received a major 2023/2024 gift from James Avery Artisan Jewelry (30,000+ precious stones/gems), hosted the 2023 Texas Metals Symposium, and posted ongoing student/alumni achievements (2023-2025). Texas Tech also recently advertised an Assistant Professor of Jewelry Design and Metalsmithing position, indicating continued investment and faculty expansion. Robly Glover continues as program head.",https://www.depts.ttu.edu/art/programs/undergraduate/studio-art-bfa/jewelry-design-metalsmithing/index.php,high,not-needed,https://www.depts.ttu.edu/art/programs/undergraduate/studio-art-bfa/jewelry-design-metalsmithing/index.php | https://www.depts.ttu.edu/art/programs/graduate/studio-arts-mfa/jewelry-design-metalsmithing/index.php | https://www.depts.ttu.edu/art/about/our-people/faculty/glover-robly.php | https://www.ttu.edu/now/posts/2024/02/james-avery-gift-gives-texas-tech-competitive-edge.php | https://www.ttu.edu/now/posts/2025/01/texas-tech-alumna-etches-her-name-into-jewelry-industry.php | https://www.higheredjobs.com/faculty/details.cfm?JobCode=179324758 | https://www.ganoksin.com/article/leslie-leupp-exploring-possibilities/,2026-05-29,active-with-dedicated-faculty,"Robly A. Glover (Professor, Jewelry Design and Metalsmithing (Director, Texas Metals Symposium)); Nancy Slagle (Associate Professor, Jewelry Design and Metalsmithing; Associate Director, School of Art)"
80,crafts/metalsdirectorypage/s197.html,Texas Women's University,,"B.F.A, M.A, M.F.A",http://www.temple.edu/crafts/metalsdirectorypage/s197.html,,no,Texas Woman's University — Division of Visual Arts,Colby Parsons listed as professor leading the Division of Visual Arts (Arts Building Rm 107A) on the current TWU catalog page; no dedicated metals program head exists. General contact: visualarts@twu.edu / 940-898-2530.,"No metals/jewelry/metalsmithing program currently exists at TWU. The Division of Visual Arts (College of Arts and Sciences) offers BA in Art (Art History & Visual Culture), BFA in Art (Studio Art, Graphic Design, EC-12 Art Education), and graduate MA (Art History & Visual Culture) / MFA (Studio Art). Studio Art areas are: 3D Studies (Ceramics, Digital Fabrication, Sculpture), Painting & Drawing, Photography, Printmaking, Graphic Design. Metal appears only as a sculpture/casting material, not as a dedicated jewelry/metalsmithing concentration.","No verifiable evidence that TWU ever operated a dedicated metals/jewelry program. The institution is correctly ""Texas Woman's University"" (Denton, TX); the archived ""Texas Women's University"" is a misspelling. As of 2026 the Visual Arts division's studio areas do not include metals/jewelry. The archived faculty line ""Alfred E. Green 1969 to present"" is not corroborated by any source and matches the name of a well-known American film director (1889–1960), strongly suggesting the directory record for this entry is stale or partly fabricated. Since ~2014 the program of record (a metals program) cannot be confirmed to have existed; current TWU studio-art offerings center on 3D Studies, painting, photography, printmaking, and graphic design.",https://twu.edu/visual-arts/,medium,verify-failed,https://twu.edu/visual-arts/ | https://catalog.twu.edu/undergraduate/arts-sciences/arts/visual-arts/ | https://catalog.twu.edu/graduate/arts-sciences/arts/ | https://twu.edu/arts/ | https://cvad.unt.edu/studioart/metalsmithingjewelry,2026-05-29,,
81,crafts/metalsdirectorypage/s198.html,The Florida State University,,"B.A, B.F.A, M.A, M.F.A",http://www.temple.edu/crafts/metalsdirectorypage/s198.html,,no,"Department of Art, Florida State University","Jeff Beekman (Chair, Department of Art) — per web search of FSU Art department; not directly confirmed on a fetched FSU page in this session.","FSU's Department of Art (College of Fine Arts) offers a BA and BFA in Studio Art and an MFA in Studio Art. Current focus/media areas are ceramics, drawing, painting, photography, printmaking, sculpture, and digital/electronic media. There is NO metalsmithing/jewelry/metals concentration listed. A metal fabrication shop exists as a shared facility but is not a degree area.","The archived record's dates are unreliable. The metals/jewelry/enameling program at FSU was anchored by William Harper, who taught there 1973–1992 (named Distinguished Professor at the end of his tenure), not ""1974 to present"" as the archive states. Lisa Norton appears as short-term (1988–1989) faculty. After Harper's 1992 departure the dedicated metals/jewelry area did not persist as a named studio concentration. The current Department of Art's published focus areas (verified May 2026) contain no metals/jewelry program — only ceramics, drawing, painting, photography, printmaking, sculpture, and digital/electronic media. Best read: the program effectively closed/lapsed after the Harper era and was not continued or renamed as a metals area; FSU never developed a CAD-CAM jewelry track. Some metalworking capability survives only as a shared metal shop within sculpture/studio art, not as a degree program.",https://art.fsu.edu/focus-areas/,medium,verify-failed,https://registrar.fsu.edu/bulletin/undergraduate-departments/art | https://art.fsu.edu/focus-areas/ | https://art.fsu.edu/graduate/ | https://en.wikipedia.org/wiki/William_Claude_Harper | https://www.enamelarts.org/william-harper/ | https://cfa.fsu.edu/programs/mfa-studio-art/,2026-05-29,,
82,crafts/metalsdirectorypage/s199.html,The School of the Art Institute of Chicago,,"B.F.A, M.A, M.F.A",http://www.temple.edu/crafts/metalsdirectorypage/s199.html,,merged-renamed,"Designed Objects (within Architecture, Interior Architecture, & Designed Objects / AIADO)","Jim TerMeer (Chair of Designed Objects, AIADO Graduate Coordinator); Jonathan Solomon is AIADO department director. Anne Sullivan chairs Architecture/Interior Architecture within AIADO.","No standalone metalsmithing/jewelry degree program remains at SAIC. The metalsmithing lineage was absorbed into the Designed Objects track of the AIADO department (Architecture, Interior Architecture, & Designed Objects). Current credit degrees in that area: undergraduate BFA pathway in Designed Objects, MFA in Studio, and Master of Design in Designed Objects (MDDO, 66 cr, 2 yr). Metalsmithing/jewelry and CAD-for-jewelry survive only as noncredit Adult Continuing Education (ACE) courses/certificates, not as a degree.","The archived faculty member Lisa Norton was at SAIC as ""Professor in Designed Objects, Metalsmithing and Sculpture"" and later Director of Designed Objects — she was the bridge figure as the program's metalsmithing identity evolved into Designed Objects under the AIADO umbrella. Since ~2014, the program continued under the Designed Objects name (not a closure). Leadership changed: Norton departed SAIC (now at Parsons / The New School, School of Design Strategies), and Designed Objects is now chaired by Jim TerMeer under AIADO director Jonathan Solomon. The dedicated metalsmithing/jewelry studio offering as a degree no longer exists; it persists only as continuing-education coursework.",https://www.saic.edu/aiado,medium,verify-failed,https://www.saic.edu/aiado | https://www.saic.edu/aiado/graduate/master-design-designed-objects | https://www.saic.edu/aiado/people-partnerships/faculty | https://www.saic.edu/news/aiados-lisa-norton-talks-core77-about-design-education | https://www.newschool.edu/parsons/faculty/lisa-norton/ | https://www.saic.edu/news/chicago-architect-magazine-interviews-aiado-director | https://continuingstudies.saic.edu/all-courses,2026-05-29,active-no-dedicated-metals-faculty,
83,crafts/metalsdirectorypage/s2.html,Academy of Art College,,"BFA, MFA",http://www.temple.edu/crafts/metalsdirectorypage/s2.html,,merged-renamed,Academy of Art University — School of Jewelry & Metal Arts,"Charlene Modena, Director, School of Jewelry & Metal Arts (MA Metal Arts, SF State; MFA Sculpture, Academy of Art University)","Active and thriving. The standalone School of Jewelry & Metal Arts offers AA, BFA, MA, and MFA degrees in Jewelry & Metal Arts (onsite in San Francisco and online). Curriculum spans traditional metalsmithing (forging, casting, fabrication, stone setting, enameling) plus CAD/CAM, 3D modeling/printing, laser cutting, and CNC milling.","The institution itself was renamed: ""Academy of Art College"" became ""Academy of Art University"" in 2004 (a rebrand of the same San Francisco institution, founded 1929). The metals/jewelry program was NOT closed — it continued and remains a dedicated, full standalone ""School of Jewelry & Metal Arts."" Since ~2014 it has continued operating with AA/BFA/MA/MFA offerings and expanded into digital fabrication (CAD/CAM, 3D printing, laser, CNC). Charlene Modena directs the school. The archived directory entry's reference to ""Academy of Art College"" reflects only the pre-2004 institutional name; the program is alive and active under the renamed university.",https://www.academyart.edu/academics/jewelry-metal-arts/,high,verify-failed,https://www.academyart.edu/academics/jewelry-metal-arts/ | https://www.academyart.edu/degree/jewelry-metal-arts/ | https://www.academyart.edu/academics/jewelry-metal-arts/faculty/ | https://artjewelryforum.org/schools/academy-of-art-university/ | https://catalog.academyart.edu/departments/jewelry--metal-arts,2026-05-29,active-with-dedicated-faculty,"Charlene Modena (Director, School of Jewelry & Metal Arts); Lindsey Eason (Part-Time Faculty); Justin McGinnis (Part-Time Faculty); Chrystal Sunshine (Part-Time Faculty)"
84,crafts/metalsdirectorypage/s20.html,California State University at Long Beach,1952,"B.F.A, M.F.A",http://www.temple.edu/crafts/metalsdirectorypage/s20.html,,yes,"Metals & Jewelry Program, School of Art","Susanna Ali (Program Head, Metals & Jewelry)","Active. Offers a BFA in Art (Option in 3D Media, with Metal as a track alongside Fiber and Wood) and the MFA in Art (Concentration in Studio Art, with a Metal track); the broader School of Art also offers an MA. The historical records and CSULB pages refer to B.F.A., M.A., and M.F.A. paths. Sits within the School of Art, College of the Arts (COTA).","Continuation. The program remains a fully active studio area within the CSULB School of Art and continues to graduate metalsmithing/jewelry students. Leadership has turned over from the archived-era faculty (Alvin Pine, Dieter Muller-Stach) to current Program Head Susanna Ali. The program restructured into the BFA ""3D Media"" option (Fiber/Metal/Wood) while retaining a distinct Metal track and dedicated facilities (24-workstation main studio, outdoor blacksmithing facility, separate graduate studio). A 2025 student-news article confirms ongoing senior metal-arts exhibitions.",https://www.csulb.edu/school-of-art/metals-jewelry,high,not-needed,https://www.csulb.edu/school-of-art/metals-jewelry | https://www.csulb.edu/school-of-art/page/susanna-ali | https://www.csulb.edu/school-of-art/bfa-art-option-3d-media-fiber-metal-or-wood | https://www.csulb.edu/school-of-art/mfa-art-concentration-studio-art | https://lbcurrent.com/artslife/features/2025/04/14/metal-arts-students-steel-the-show-in-senior-fine-arts-solo-exhibitions/,2026-05-29,active-with-dedicated-faculty,"Susanna Ali (Professor & Program Head, Metals & Jewelry); Rachel Shimpock (Adjunct / Lecturer, Metals & Jewelry)"
85,crafts/metalsdirectorypage/s200.html,The University of Akron,,B.F.A,http://www.temple.edu/crafts/metalsdirectorypage/s200.html,,yes,"Jewelry & Metalsmithing, Mary Schiller Myers School of Art, University of Akron","Sherry Simms, Associate Professor of Art and Coordinator of the Metalsmithing & Jewelry program (since 2001). (No named overall School director found in fetched pages.)","Active. Offers a BFA in Jewelry and Metalsmithing (min. 125 credit hours). Housed in the Mary Schiller Myers School of Art within the Buchtel College of Arts & Sciences. Techniques taught include silversmithing, hollow-form construction, casting, enameling, electroforming, stone setting, and die forming. Shared 24-hour-access studio.","The program is a continuation, not closed/merged/renamed. The archived directory's faculty (Mary Ann Scherr 1969-1972; Robin Kraft 1992-1994) are historical; the program continued past 2014 and remains active in 2025-2026. Sherry Simms has coordinated the metals/jewelry area since 2001 and is the current program head. The Myers School of Art has continued to be recognized as a top art & design program. No closure or rename detected.",https://bulletin.uakron.edu/undergraduate/colleges-programs/arts-sciences/art/jewelry-metalsmithing-bfa/,high,not-needed,https://bulletin.uakron.edu/undergraduate/colleges-programs/arts-sciences/art/jewelry-metalsmithing-bfa/ | https://www.uakron.edu/art/academics/metalsmithing.dot | https://www.uakron.edu/art/academics/ | https://www.uakron.edu/art/our-people/faculty/ | https://www.uakron.edu/art/,2026-05-29,active-with-dedicated-faculty,Sherry Simms (Associate Professor of Art; Metalsmithing & Jewelry Area Coordinator)
86,crafts/metalsdirectorypage/s201.html,The University of Mary Hardin-Baylor,,B.F.A,http://www.temple.edu/crafts/metalsdirectorypage/s201.html,,yes,"Art Metals (Jewelry/Metalworking) — studio area within the BFA in Studio Art, Department of Art","Stephanie Chambers (Department Chair, Art Department; Painting & Drawing). Art Metals courses currently taught by adjunct Hershall Seals.","Still offered, but not a standalone degree/program. Art Metals is a studio sequence (ARTS 3345 Art Metals I and ARTS 4345 Art Metals II — jewelry/metalworking, fabrication and casting) within the Art Department's BFA in Studio Art (and available to Art / Art Education majors). The Art Department sits in the College of Visual and Performing Arts at UMHB (Belton, TX). Courses appear in the current 2025-2026 undergraduate catalog.","Continuation. Around the archive era (2012-2013 catalog) UMHB offered ""Art Metals I (Jewelry/Metalworking)"" (ARTS 3345) and ""Art Metals II"" (ARTS 4345) as a metals/jewelry concentration within studio art. Those same courses persist in the 2025-2026 catalog with essentially the same descriptions, so the metals/jewelry offering has continued uninterrupted as a studio area rather than a freestanding program. It was never a separate department or a CAD-CAM program — it is a small-scale fabrication/casting jewelry-and-metalworking studio track. Currently delivered by adjunct instructor Hershall Seals; department chaired by Stephanie Chambers.",https://www.umhb.edu/visual-performing-arts/art/home,high,not-needed,https://www.umhb.edu/visual-performing-arts/art/home | https://www.umhb.edu/visual-performing-arts/art/faculty-staff-listing | https://umhb.smartcatalogiq.com/en/2025-2026/undergraduate-catalog/undergraduate-course-descriptions/arts-art/3000/arts-3345 | https://umhb.smartcatalogiq.com/en/2024-2025/undergraduate-catalog/college-of-visual-and-performing-arts/art/art-bfa-with-a-major-in-studio-art | https://university-mhb.files.svdcdn.com/production/files/2012-2013-Undergraduate-Catalog.pdf?dm=1616783479,2026-05-29,active-with-dedicated-faculty,"Hershall Seals (Adjunct Faculty, Art Metals)"
87,crafts/metalsdirectorypage/s203.html,The University of Michigan,,"B.F.A, M.A, M.F.A",http://www.temple.edu/crafts/metalsdirectorypage/s203.html,,merged-renamed,Penny W. Stamps School of Art & Design — Jewelry/Metalsmithing studio area,"Current jewelry/metalsmithing professor: Anne Mondro (full Professor, U-M Stamps, 2026). Studio coordinator: Mike Vitale. [chair note corrected 2026-05-30 — original fact-check missed Mondro]","Metalsmithing/jewelry continues as a studio area (not a standalone major) within the Penny W. Stamps School of Art & Design. Students pursue a BFA or BA in Art & Design (also BFA in Interarts Performance, Dual/Joint Degree, and graduate MFA/MDes), choosing jewelry/metals via elective studio courses. There is a dedicated Metalsmithing/Jewelry Design Studio (soldering, forming, casting, enameling, etching, sandblasting).","The archived faculty — Hiroko Sato-Pijanowski (1986–) and Eugene ""Gene"" Pijanowski (1991–), who actually began teaching at Michigan in 1978 and pioneered mokume-gane in the US — have since retired; Hiroko Sato-Pijanowski is now Professor Emerita and the couple were inducted into the American Craft Council's College of Fellows. The host school, formerly the U-M School of Art & Design, was renamed the Penny W. Stamps School of Art & Design (2012, after a major gift). Metalsmithing/jewelry was not closed; it continues as a studio/concentration area within the Stamps BFA/BA structure rather than as the named program it was in the dedicated-metals-faculty era. No standalone metals ""program head"" exists today; leadership is at the school level (Dean Carlos F. Jackson).",https://stamps.umich.edu/,high,verify-failed,https://stamps.umich.edu/ | https://stamps.umich.edu/life-at-stamps/studios | https://stamps.umich.edu/stamps-programs | https://stamps.umich.edu/undergraduate-programs/bfa | https://stamps.umich.edu/courses/8134 | https://stamps.umich.edu/people/mike-vitale | https://news.umich.edu/art-and-design-duo-recognized-by-american-craft-council/ | https://en.wikipedia.org/wiki/Hiroko_Sato-Pijanowski | https://en.wikipedia.org/wiki/Stamps_School_of_Art_and_Design | https://nasad.arts-accredit.org/institution/university-of-michigan/,2026-05-29,active-with-dedicated-faculty,"Rebecca Strzelec (Professor and Associate Dean for Academic Programs (Metals/Jewelry/CAD-CAM)); Mike Vitale (3D Studios Supervisor / Materials Fabrication Studio Coordinator (Jewelry/Metalsmithing studio) - staff, active metalsmith)"
88,crafts/metalsdirectorypage/s205.html,The University of Texas at Austin,,"B.A, B.F.A, M.F.A",http://www.temple.edu/crafts/metalsdirectorypage/s205.html,,merged-renamed,"Department of Art and Art History, Studio Art Program","Not separately identifiable — there is no metals/jewelry area head, since the discipline no longer exists as a distinct concentration. The Department of Art and Art History is the parent unit.","No standalone metals/jewelry/metalsmithing concentration today. The Studio Art program (BFA undergrad, MFA grad) within the Department of Art and Art History offers five areas: Painting & Drawing, Photography & Media, Print, Sculpture & Extended Media, and Transmedia. Metal fabrication / casting now survives only as facilities and equipment within the Sculpture area, not as a named jewelry/metals discipline.","The dedicated metals/jewelry program that existed in the archived record (taught notably by Thelma Coles, with an MFA-in-Metals graduate documented as recently as 2014) is no longer offered as a distinct studio concentration. Sometime around/after the mid-2010s it was discontinued as a named area and the broader Studio Art program consolidated into five concentrations (Painting & Drawing, Photography & Media, Print, Sculpture & Extended Media, Transmedia). Metalworking capability persists only as shop equipment/casting within Sculpture & Extended Media. No press release announcing a formal closure date was located.",https://art.utexas.edu/academics/programs-centers/studio-art/areas,medium,verify-failed,https://art.utexas.edu/academics/programs-centers/studio-art/areas | https://art.utexas.edu/academics/programs-centers/studio-art | https://art.utexas.edu/academics/graduate/studio-art | https://jewelclark.com/about/ | https://art.utexas.edu/,2026-05-29,lapsed-or-closed,
89,crafts/metalsdirectorypage/s206.html,The University of Texas at El Paso,,"B.A, M.A",http://www.temple.edu/crafts/metalsdirectorypage/s206.html,,yes,"Jewelry & Metals (Jewelry + Metals), Department of Art, UTEP","Jess Tolbert (Associate Professor, Head of the Jewelry + Metals program). Department of Art chair: Juan Juarez.","Active. Jewelry/Metals concentration within the BFA in Studio Art (and undergraduate study art tracks); housed in the Department of Art, College of Liberal Arts. ~4,500 sq ft studio. MTLS course prefix still in the UTEP catalog. Linked to the Rubin Center's biennial metals exhibitions.",Continuation with a leadership change. Rachelle Thiewes taught metals at UTEP from 1976 until her retirement in 2014 and is now Professor Emerita (Metals + Jewelry). The program continued under new faculty; Jess Tolbert is now Associate Professor and Head of Jewelry + Metals. The program remains nationally visible (alumna Cassandra Adame won UTEP's first Windgate-Lamar Fellowship; Thiewes named 2021 Master Metalsmith by the Metal Museum).,https://www.utep.edu/liberalarts/art/academic-programs/undergraduate/metals/metals.html,high,not-needed,https://www.utep.edu/liberalarts/art/academic-programs/undergraduate/metals/metals.html | https://www.utep.edu/liberalarts/art/people/faculty-staff.html | https://catalog.utep.edu/undergrad/course-descriptions/mtls/ | https://en.wikipedia.org/wiki/Rachelle_Thiewes | https://glasstire.com/2023/03/27/women-in-metals-and-jewelry-an-interview-with-jess-tolbert/,2026-05-29,active-with-dedicated-faculty,"Jessica L. Tolbert (Associate Professor of Art; Head of the Jewelry + Metals program); Alejandra Carrillo-Estrada (Lecturer, Foundations / Metals)"
90,crafts/metalsdirectorypage/s207.html,The University of Texas Pan American,,"B.S, B.A, B.F.A, M.A",http://www.temple.edu/crafts/metalsdirectorypage/s207.html,,merged-renamed,"University of Texas Rio Grande Valley (UTRGV), School of Art and Design",,"UTPA ceased to exist Aug 31, 2015 when it merged with UT-Brownsville to form UTRGV. The art program continues in the UTRGV School of Art and Design (College of Fine Arts). Current degrees: BFA in Art (concentrations: Ceramics, Sculpture, Studio Arts), BA Art-Teacher Certification, BFA Visual Communication Design; MFA in Art (concentrations: Design, 2D Studio Art, 3D Studio Art), plus MAIS Art History. There is NO standalone metals/jewelry/metalsmithing concentration listed today; the MFA description notes students may ""specialize in ... jewelry"" among many media, so jewelry survives only as an informal specialization, not a named program.","UTPA closed via merger on Aug 31, 2015, becoming UTRGV (regents approved 2012-2013; operations began Sept 2015). Nancy Moyer — listed in the archived record as ""1969 to present"" and who chaired the UTPA art department ~17 years and ran its jewelry/metals teaching from the 1980s — is now Professor Emerita of Art and no longer active faculty. The art program persisted into UTRGV's School of Art and Design under the College of Fine Arts, but its concentrations were reorganized around Ceramics, Sculpture, and (2D/3D) Studio Art; a distinct metals/jewelry program is no longer offered as a named track. Jewelry remains available only as an optional media specialization within the MFA. UTRGV is consolidating art programs into a new Brownsville facility in 2026.",https://www.utrgv.edu/school-of-art/,high,verify-failed,https://en.wikipedia.org/wiki/University_of_Texas%E2%80%93Pan_American | https://en.wikipedia.org/wiki/University_of_Texas_Rio_Grande_Valley | https://www.utrgv.edu/school-of-art/degrees/index.htm | https://www.utrgv.edu/school-of-art/ | https://nancymoyerstudio.com/about/,2026-05-29,active-with-dedicated-faculty,"Guadalupe Navarro (Lecturer in Sculpture, Metalsmithing, and 3D Design (MFA Metals & Jewelry, Lamar Dodd School of Art, UGA))"
91,crafts/metalsdirectorypage/s208.html,The University of the Arts,1903,"B.A, B.F.A, M.A, M.F.A",http://www.temple.edu/crafts/metalsdirectorypage/s208.html,,no,The University of the Arts (closed),None (institution dissolved). Last university president was Kerry Walk.,"Closed. No degrees offered. The entire university ceased operations June 7, 2024; the metals/jewelry program (in the School of Art's Crafts area) closed with it.","The University of the Arts in Philadelphia abruptly announced closure on May 31, 2024, ceasing operations June 7, 2024. The Middle States Commission on Higher Education withdrew its accreditation effective June 1, 2024. The university filed for Chapter 7 bankruptcy liquidation on September 13, 2024. The institution and all of its programs, including the historic crafts/metals/jewelry program, were permanently closed. Displaced students transferred to nearby schools including Temple University (Tyler School of Art), Moore College of Art & Design, and Drexel.",https://en.wikipedia.org/wiki/University_of_the_Arts_(Philadelphia),high,verify-failed,https://en.wikipedia.org/wiki/University_of_the_Arts_(Philadelphia) | https://www.artnews.com/art-news/news/philadelphia-university-of-the-arts-abruptly-closes-loses-accreditation-1234708710/ | https://studentaid.gov/announcements-events/closed-school/university-of-the-arts | https://billypenn.com/2024/06/03/university-of-the-arts-philadelphia-closure/ | https://www.ganoksin.com/article/dedication-olaf-skoogfors/ | https://www.ganoksin.com/article/richard-reinhardt-discontinuous-continuity/,2026-05-29,,
92,crafts/metalsdirectorypage/s209.html,The University of Wisconsin -Milwaukee,,"B.F.A, M.A, M.F.A",http://www.temple.edu/crafts/metalsdirectorypage/s209.html,,yes,"Jewelry & Metalsmithing (Department of Art & Design, Peck School of the Arts)","Yevgeniya Kaganovich (Professor, Area Head of Jewelry & Metalsmithing, leading the area since 2002). Other faculty include Erica Meier (Teaching/Graduate Faculty, Jewelry & Metalsmithing and Digital Fabrication; studio technician and safety coordinator).","Active studio area within the Department of Art & Design at the Peck School of the Arts. Offered as a studio focus across the school's degrees: BA in Art, BFA in Studio Art (Jewelry & Metalsmithing as a single- or dual-discipline focus), and the MFA in Art. Both undergraduate and graduate study available.","Continuation. The metals/jewelry program remains active and robust within UWM's Peck School of the Arts (Department of Art & Design). Leadership has been stable: Yevgeniya Kaganovich has headed the Jewelry & Metalsmithing area since 2002 and remains the current professor/area head. The archived faculty list (Croft, Lacktman, Pfleger, Wagle, spanning 1965-1994) reflects the program's earlier generations; the area has since transitioned to Kaganovich's long-running leadership. No closure, merger, or rename of the metals area; it is offered as a studio discipline within the school's BA/BFA/MFA degree structure. Facilities are extensive (casting, enameling, forming, hydraulic forming, anodizing, machining, plus a blacksmithing/welding studio at Kenilworth Square East).",https://uwm.edu/arts/students/art-design-studios/jewelry-metalsmithing/,high,not-needed,https://uwm.edu/arts/students/art-design-studios/jewelry-metalsmithing/ | https://uwm.edu/arts/directory/kaganovich-yevgeniya/ | https://uwm.edu/arts/directory/meier-erica/ | https://uwm.edu/arts/academics/art-mfa/ | https://uwm.edu/arts/academics/studio-art-bfa/,2026-05-29,active-with-dedicated-faculty,"Yevgeniya Kaganovich (Professor, Jewelry & Metalsmithing; Area Head, Jewelry & Metalsmithing); Jim Charles (Teaching Faculty II, Jewelry & Metalsmithing; Program Coordinator); Erica A. Meier (Teaching Faculty II, Jewelry & Metalsmithing / Digital Fabrication & Design; Studio Technician, Jewelry & Metalsmithing); Ryan Send (Lecturer, Jewelry & Metalsmithing); Adam Hawk (Associate Professor, Digital Fabrication & Design; Area Head, Digital Fabrication & Design (metals/blacksmithing background, teaches in adjacent area))"
93,crafts/metalsdirectorypage/s210.html,Towson University,1978,"B.S, M.F.A",http://www.temple.edu/crafts/metalsdirectorypage/s210.html,,yes,"Metalsmithing & Jewelry Concentration, B.F.A. / B.A. / B.S. in Art + Design (plus MFA Jewelry/Metals concentration)","Luci Jockel (Assistant Teaching Professor, Area Coordinator - Metalsmithing & Jewelry). Department Chairperson: Amy Sowder Koch, Ph.D.","Active. Offered as a Metalsmithing & Jewelry concentration within the Art + Design major (B.F.A. and B.A./B.S. tracks), plus a Jewelry/Metals concentration in the Studio Art MFA. Housed in the Department of Art + Design, Art History, Art Education, College of Fine Arts and Communication (COFAC). Listed in the 2025-2026 undergraduate catalog with full course requirements.","Continuation. The metals/jewelry program founded in 1978 remains fully active. It is now a concentration within the broader ""Art + Design"" major (a curriculum restructuring that consolidated the former standalone studio areas into concentrations) and sits in the renamed Department of Art + Design, Art History, Art Education within COFAC. The program operates a renovated ~3,000 sq ft studio with chemical, finishing, and enameling rooms. The archived faculty record (John Fix, ""1967 to present"") is decades out of date: John Fix no longer appears in the current faculty, staff, or emeritus listings. Current leadership of the area is Luci Jockel as Area Coordinator, with Amy Sowder Koch as department chair. A 3D Art foundation program (towson3d.com) now feeds students into the Metalsmithing + Jewelry concentration alongside Ceramics, Sculpture, and Interdisciplinary Object Design.",https://www.towson.edu/cofac/departments/art/undergrad/artdesign/metalsmith.html,high,not-needed,https://www.towson.edu/cofac/departments/art/undergrad/artdesign/metalsmith.html | https://catalog.towson.edu/undergraduate/fine-arts-communication/art-design-art-history-art-education/art-design-bfa/metalsmithing-jewelry/ | https://catalog.towson.edu/undergraduate/fine-arts-communication/art-design-art-history-art-education/art-design-ba-bs/metalsmithing-jewelry/ | https://www.towson.edu/cofac/departments/art/facultystaff/ | https://www.towson3d.com/ | https://ethicalmetalsmiths.org/em-institutional-members/towson-university,2026-05-29,active-with-dedicated-faculty,"Luci Jockel (Assistant Teaching Professor / Lecturer — Area Coordinator, Metalsmithing & Jewelry); Joshua DeMonte (Associate Professor — Area Coordinator, Interdisciplinary Object Design (Jewelry/Metalsmithing, 3D Design)); Andrew (Andy) Lowrie (Adjunct Faculty — Jewelry + Metalsmithing)"
94,crafts/metalsdirectorypage/s211.html,Tufts University,,"B.F.A, M.F.A",http://www.temple.edu/crafts/metalsdirectorypage/s211.html,,yes,"Metals (Jewelry & Metalsmithing), School of the Museum of Fine Arts at Tufts University (SMFA at Tufts)","No single metals-area ""chair"" published. Faculty teaching the Metals area include Kendall Reiss (Professor of the Practice), Tanya Crane (Professor of the Practice), and Hannah Oatman. (SMFA itself is led by a Dean; metals is an area, not a standalone department.)","Active. Metals is an area of study within the School of the Museum of Fine Arts at Tufts. Students earn the school's degrees with a Metals focus: BFA, combined BA/BFA and BS/BFA (with the College of Arts & Sciences / School of Engineering), MFA in Studio Art, and a Post-Baccalaureate Certificate. Concentrations cover jewelry, metalsmithing, and small-scale/non-ferrous fabrication.","Continuation with institutional restructuring. The School of the Museum of Fine Arts (SMFA), historically affiliated with Tufts for degree-granting, fully merged into Tufts University in 2016 to become ""SMFA at Tufts."" The metals/jewelry program carried through that merger and remains an active area of study, now folded into Tufts' BFA/BA-BFA/BS-BFA, MFA, and Post-Bacc Studio Art degrees. Leadership reflects current Professors of the Practice (Reiss, Crane) rather than a single named director; no closure or renaming of the metals area itself.",https://smfa.tufts.edu/areas-of-study/metals,high,not-needed,https://smfa.tufts.edu/areas-of-study/metals | https://smfa.tufts.edu/student-experience/studio-resources/metals-studio | https://www.idp.com/universities-and-colleges/tufts-university/bachelor-of-artsbachelor-of-fine-arts-metals/PRG-US-00360722/ | https://smfa.tufts.edu/directory/kendall-reiss,2026-05-29,active-with-dedicated-faculty,"Kendall Reiss (Assistant Professor of the Practice in Metals); Tzu-Ju Chen (Part-time Lecturer / Degree Program Faculty, Metals); Hannah Oatman (Part-time Lecturer / Degree Program Faculty, Metals); Erica Bello (Part-time Lecturer, Metals); Suzanne Pugh (Part-time Lecturer, Metals); Tanya Crane (Professor of the Practice in Metals (metals studio manager))"
95,crafts/metalsdirectorypage/s215.html,Tulsa Community College/Cultural & Social Services Division,,,http://www.temple.edu/crafts/metalsdirectorypage/s215.html,,merged-renamed,"Art, A.A. (with Metal Arts and Jewelry I & II courses), School of Visual & Performing Arts","No named jewelry/metals program head. The Art A.A. sits within the School of Visual & Performing Arts (contact: schoolofvapa@tulsacc.edu, 918-595-7752); no individual dean/chair name was confirmable from the TCC site.","No standalone jewelry/metals degree. Metalsmithing survives as courses (ART 2313 Metal Arts and Jewelry I, plus a Metal Arts and Jewelry II) that serve as electives within the Art, A.A. degree. The Art A.A. is current and active in the 2025-26 and 2026-27 catalogs. The program now sits in the School of Visual & Performing Arts (Visual Arts), not the former ""Cultural & Social Services Division,"" which no longer exists after TCC reorganized into Schools.","The archived listing described a jewelry/metals offering under TCC's ""Cultural & Social Services Division"" with faculty William Derreuvere (correctly Bill Derrevere) ""1971 to present."" Since ~2014: (1) TCC reorganized its divisions into Schools; art moved into the School of Visual & Performing Arts and there is no longer a ""Cultural & Social Services Division."" (2) The longtime metals/jewelry instructor Bill Derrevere — who taught jewelry design, sculpture, and 3-D art at TCC for 45 years (consistent with the archived ""1971"") — retired roughly 6 years ago (~2019, per his Ghost Ranch bio) and now teaches jewelry/metals at AHHA (Hardesty Arts Center) in Tulsa. (3) The teaching content continued: metal arts/jewelry persists as courses (Metal Arts and Jewelry I & II) within the still-active Art, A.A. degree rather than as a distinct named program. So: continuation of the discipline as courses, division renamed/reorganized, and a leadership/faculty change (founding instructor retired).",https://www.tulsacc.edu/academics/programs-courses/art,medium,verify-failed,https://www.tulsacc.edu/academics/schools/visual-performing-arts | https://www.tulsacc.edu/academics/programs-courses/art | https://catalog.tulsacc.edu/preview_course_nopop.php?catoid=64&coid=126169&print= | https://catalog.tulsacc.edu/preview_program.php?catoid=63&poid=27154 | https://www.ghostranch.org/program/g25090306/,2026-05-29,unclear,
96,crafts/metalsdirectorypage/s218.html,Tyler School of Art/Temple University,1962,"BFA, MFA",http://www.temple.edu/crafts/metalsdirectorypage/s218.html,,yes,"Metals/Jewelry/CAD-CAM, Tyler School of Art and Architecture, Temple University","Doug Bucci (Assistant Professor and Program Head of Metals/Jewelry/CAD-CAM; 1998 Tyler MFA grad, appointed 2018 after a national search)","Active and thriving. Offers BFA and MFA in Metals/Jewelry/CAD-CAM (plus a BFA with Entrepreneurial Studies track). Both degrees are STEM-designated. Sits in the Art Department of the Tyler School of Art and Architecture (the school added ""& Architecture"" to its name in 2019). Described as the largest metals/jewelry program in the nation and the only one with a CAD-CAM emphasis at all degree levels.","Continuation with a generational leadership transition. Founder Stanley Lechtzin (who started the program in 1962 and pioneered electroforming and, from the late 1970s, CAD-CAM) retired in 2018. Doug Bucci was named the new Program Head following a national search, joined by new full-time faculty member Mallory Weston (now Associate Professor). Longtime faculty Daniella Kerner taught in the program for 41 years before departing. The program continues to grow at Temple's Main Campus building (occupied since 2009), with ~6,000 sq ft of studio/3D-printing space. No closure, merger, or rename of the program itself.",https://tyler.temple.edu/academics/art/metals-jewelry-cad-cam,high,not-needed,https://tyler.temple.edu/academics/art/metals-jewelry-cad-cam | https://bulletin.temple.edu/graduate/scd/tyler/metals-jewelry-cad-cam-mfa/ | https://bulletin.temple.edu/undergraduate/tyler/metals-jewelry-cad-cam-bfa/ | https://tyler.temple.edu/blog/origins-tyler-metalsjewelrycad-cam | https://now.temple.edu/news/2018-10-23/new-vision-tyler-metalsjewelrycad-cam | https://snagmetalsmith.org/2009/06/2009-snag-lifetime-achievement-award-stanley-lechtzin/,2026-05-29,active-with-dedicated-faculty,Doug Bucci (Assistant Professor and Program Head of Metals/Jewelry/CAD-CAM); Mallory Weston (Associate Professor); Adam Atkinson (Adjunct Faculty); Barb Baur (Adjunct Faculty); James Betts (Adjunct Faculty); Valerie James (Adjunct Faculty); Sarah Montagnoli (Adjunct Faculty); Sharon Stampfer (Adjunct Faculty); Stanley Lechtzin (Professor Emeritus); Vickie Lee Sedman (Professor Emerita)
97,crafts/metalsdirectorypage/s22.html,Calvin College,,,http://www.temple.edu/crafts/metalsdirectorypage/s22.html,,no,Calvin University — Department of Art and Design,"Not clearly identifiable from public pages. Current studio art faculty include Christopher Fox, Jennifer Steensma Hoag, and Elaine Tolsma Harlow (drawing/painting); Craig Hanson is Professor of Art History. No designated chair was found on the department site; a Visual & Performing Arts co-chair structure is referenced but not named.","Calvin College was renamed Calvin University in 2019. The art unit is now the Department of Art and Design (within the School of Humanities, Arts, and Social Sciences). It offers Studio Art (BA major/minor) and a BFA, plus Art Education and Graphic Design. Studio Art concentrations are painting, drawing, photography, ceramics, and sculpture. No metals, metalsmithing, jewelry, or CAD-CAM concentration is offered or advertised in current materials.","The archived record's only program anchor was Dr. Helen Bonzelaar (""1967 to present""), the faculty member associated with metals/jewelry. She is now listed as Professor Emerita (retired) in Calvin's directory. The institution was renamed Calvin College → Calvin University (2019). The art department continues as Art and Design, but its current Studio Art curriculum lists no metals/jewelry/metalsmithing — that area appears to have ended with Bonzelaar's retirement and was not continued. No evidence of a successor metals program, faculty line, or studio.",https://calvin.edu/art-and-design,medium,verify-failed,https://calvin.edu/directory/people/helen-bonzelaar | https://calvin.edu/art-and-design | https://calvin.edu/academics/departments-programs/art-and-design/academics/studio-art | https://calvin.edu/arts/majors-programs.html,2026-05-29,,
98,crafts/metalsdirectorypage/s222.html,University of Arizona,,"B.F.A, M.F.A",http://www.temple.edu/crafts/metalsdirectorypage/s222.html,,merged-renamed,"3D & Extended Media (School of Art, College of Fine Arts)","Karen Zimmermann (Interim Director, School of Art, 2025-26); Gary Setzer (Associate Director, faculty in 3D & Extended Media). No dedicated metals-program head exists.","No standalone Metals/Jewelry/Metalsmithing program. Metalwork is now absorbed into the ""3D & Extended Media"" division of the School of Art. Studio Art offers BFA and MFA with a 3D & Extended Media emphasis (alongside 2D Studies; Illustration, Design & Animation; Photography, Video & Imaging; and MFA-only Interdisciplinary Practice). Facilities still include a metal casting foundry plus separate undergrad/grad metal fabrication shops, but the discipline is no longer branded as a dedicated metals/jewelry concentration.","The dedicated metalsmithing/jewelry program associated with the archived faculty (Charles Loloma, Bob Winston, and longtime head Michael Croft) no longer exists as a named discipline. Michael Croft (former SNAG president) retired and the standalone metals concentration was folded into the School of Art's consolidated ""3D & Extended Media"" division, which now bundles sculpture, ceramics, metal/wood fabrication, and extended media under one umbrella. Current leadership reflects general School of Art restructuring: Karen Zimmermann became interim director for 2025-26 with Gary Setzer as associate director. No public announcement of a discrete ""closure"" of the metals program was found; the change reads as a consolidation/rebranding rather than an outright shutdown, with metal facilities retained.",https://art.arizona.edu/academic-programs/3d-extended-media/,medium,verify-failed,https://art.arizona.edu/academic-programs/3d-extended-media/ | https://art.arizona.edu/academic-programs/ | https://art.arizona.edu/academic-programs/studio-art/ | https://art.arizona.edu/profile/gsetzer/ | https://art.arizona.edu/stories/school-highlights/ | https://americanart.si.edu/artist/michael-croft-1049,2026-05-29,active-no-dedicated-metals-faculty,
99,crafts/metalsdirectorypage/s223.html,University of Delaware,,"B.A, B.F.A, M.F.A",http://www.temple.edu/crafts/metalsdirectorypage/s223.html,,no,Department of Art & Design (no metals/jewelry area),,"No dedicated metals/jewelry/metalsmithing studio area today. The Department of Art & Design (College of Arts & Sciences, Newark DE) offers BFA/BA studio degrees and a 2-year MFA in Fine Arts. Current studio areas: painting, drawing, sculpture, ceramics, printmaking, photography/lens media, graphic design, animation/emerging tech. A metal/welding shop exists but only inside the Sculpture area; no jewelry/metalsmithing courses are listed in the current catalog and no metals studio is listed among facilities.</current_status>
<parameter name=""current_chair"">Natalija Mijatović (chair, Department of Art & Design)","The metals/jewelry offering was discontinued as a standalone area. Historically UD's graduate art catalog (1990s) listed metals/jewelry studio courses — ART 606 Metals Tutorial, ART 660 Jewelry Studio and Metalwork, ART 661 Jewelry and Metalwork. These courses no longer appear in the current active course catalog, and the present Department of Art & Design lists no jewelry/metalsmithing studio area or faculty. The directory record (offline ~2014-2019) reflects this now-defunct metals studio. The art department itself continues and was renamed/reorganized from 'Department of Art' to 'Department of Art & Design'; metals/jewelry was not carried forward as a discipline. Exact year of the metals area's closure could not be pinned down from public sources.",https://www.udel.edu/academics/colleges/cas/units/departments/art-design/,medium,verify-failed,https://www.udel.edu/academics/colleges/cas/units/departments/art-design/ | https://www.udel.edu/academics/colleges/cas/units/departments/art-design/about-us/facilities/ | https://www.udel.edu/apply/undergraduate-admissions/major-finder/fine-arts/ | http://www1.udel.edu/gradcat/gradcat97/17/Art/2.html | https://catalog.udel.edu/content.php?catoid=94&navoid=34643&filter%5Bitem_type%5D=3&filter%5Bonly_active%5D=1&filter%5B3%5D=1&print=&expand=1 | https://www.udel.edu/academics/colleges/cas/units/departments/art-design/graduate-program/master-fine-arts/,2026-05-29,,
100,crafts/metalsdirectorypage/s224.html,University of Houston,1970,B.F.A,http://www.temple.edu/crafts/metalsdirectorypage/s224.html,,no,"University of Houston, School of Art (Kathrine G. McGovern College of the Arts)",,"The University of Houston School of Art still exists and is active, but it no longer offers a dedicated metals/jewelry/metalsmithing program. Current studio areas are: BFA in Graphic Design, Painting, Photo & Video, and Sculpture; BA in Art and Art History; MFA in Studio Art with concentrations in Graphic Design, Interdisciplinary Practices & Emerging Forms, Painting, Photo & Video, and Sculpture; MA in Art History; MA in Arts Leadership. No metals/jewelry/crafts concentration appears in any current listing. The School of Art sits within the Kathrine G. McGovern College of the Arts.","The archived directory recorded a UH metals program started in 1970 with faculty Val J. Link ""1970 to present."" That metals/jewelry program no longer exists as a distinct offering. As of 2026, the School of Art's published areas of study list only Graphic Design, Painting, Photo & Video, and Sculpture (BFA/MFA), Art, and Art History — with no metals, jewelry, metalsmithing, or crafts concentration. The legacy departmental URL referenced by metals directories (art.uh.edu) no longer resolves to a metals program; the School of Art now lives at uh.edu/kgmca/soa. The most likely explanation is that the metals area was retired/discontinued after the founding faculty member (Val J. Link) departed/retired — consistent with the directory going offline ~2014-2019 and the area not appearing in any current UH catalog. I could not find a dated news item, press release, or accreditation notice explicitly announcing the closure, nor an explicit faculty bio for Val J. Link's retirement, so the exact closure date and mechanism remain unconfirmed. (Note: the Houston region's prominent contemporary jewelry/enamel teaching now centers on the separate Glassell School of Art at the Museum of Fine Arts, Houston — a different institution, not UH.)",https://www.uh.edu/kgmca/soa/home.php,medium,verify-failed,https://www.uh.edu/kgmca/academics/areas-of-study.php | https://www.uh.edu/kgmca/soa/home.php | https://www.uh.edu/kgmca/soa/degrees-programs/areas-of-study/sculpture.php | https://www.metalcyberspace.com/schools.htm | https://crafthouston.org/exhibition/course-of-action/,2026-05-29,,
101,crafts/metalsdirectorypage/s225.html,University of Illinois at Urbana-Champaign,,"B.F.A, M.F.A",http://www.temple.edu/crafts/metalsdirectorypage/s225.html,,no,School of Art & Design — Studio Art (Metals area),No current metals/jewelry faculty found (Theide emerita; no successor identified),"Undergraduate Jewelry/Metals coursework still runs (ARTS 230 Jewelry/Metals I, etc.). At the graduate level there is no longer a standalone ""Metals"" MFA concentration in the current catalog — the MFA in Art & Design now lists three fields of study: Design for Responsible Innovation, Industrial Design, and Studio Art. Metals is supported within Studio Art (metal shops listed among facilities). The former dedicated Metals MFA concentration catalog page is gone (404), and recent catalog language for the Metals concentration stated applications were ""not currently being accepted."" Sits in the School of Art & Design, College of Fine & Applied Arts.","Metals program appears to have wound down after Prof. Billie Jean Theide retired (now Professor Emerita, inaugural James Avery Endowed Chair). As of 2026 the School of Art & Design faculty directory lists NO one in metals/jewelry/metalsmithing, and the 'Art & Design: Metals, MFA' catalog page now returns 404 — i.e. no active dedicated Metals MFA track or metals faculty. At most the intro course ARTS 230 Jewelry/Metals I may still be offered. Archived faculty (Pulos, Von Neumann, Mette, Theide) are all historical/retired. [Phil flagged Theide retired, successor unknown — confirmed: no successor found]",https://art.illinois.edu/about/faculty-directory/,medium,verify-failed,https://art.illinois.edu/about/faculty-directory/ | https://art.illinois.edu/people/profiles/billie-theide/ | https://en.wikipedia.org/wiki/Billie_Jean_Theide,2026-05-29,,
102,crafts/metalsdirectorypage/s227.html,University of Iowa,1960,"B.F.A, M.A, M.F.A",http://www.temple.edu/crafts/metalsdirectorypage/s227.html,,yes,"Jewelry and Metal Arts (Studio Art area), School of Art, Art History, and Design","Steve McGuire (Professor and Area Head, Jewelry and Metal Arts)","Active and thriving. Sits within the School of Art, Art History, and Design (renamed from School of Art and Art History to add ""Design""), College of Liberal Arts and Sciences. Offers BA in Art, BFA in Art, and minors at the undergraduate level; MA in Art and a three-year MFA in Art at the graduate level — all with a Jewelry and Metal Arts focus area. State-of-the-art metals facilities; techniques include raising, fold forming, anodizing, electroforming, casting, soldering, TIG welding, stone setting; also offers handmade-bicycle courses.","Continuation with leadership transitions. The metals program was founded by Chunghi Choo in 1968 (the archived ""started 1960"" likely refers to the broader art program). Choo taught until 2015 and is now Professor Emeritus; the program explicitly continues her legacy. Kee-ho Yuen, long a professor and former head of the program, is now also Professor Emeritus. Steve McGuire is the current Professor and Area Head, with Lonna Huisingh (Keller) as a Visiting Assistant Professor. The host school was renamed from ""School of Art and Art History"" to ""School of Art, Art History, and Design."" No closure or merger of the metals program — it remains a distinct, nationally/internationally recognized focus area.",https://art.uiowa.edu/research/studio-art/jewelry-metal-arts,high,not-needed,https://art.uiowa.edu/research/studio-art/jewelry-metal-arts | https://art.uiowa.edu/graduate/jewelry-metal-arts | https://art.uiowa.edu/undergraduate/jewelry-metal-arts | https://art.uiowa.edu/people/chunghi-choo | https://art.uiowa.edu/people/kee-ho-yuen,2026-05-29,active-with-dedicated-faculty,"Steve McGuire (Professor and Area Head, Jewelry and Metal Arts); Lonna Huisingh (Keller) (Visiting Assistant Professor, Jewelry and Metal Arts)"
103,crafts/metalsdirectorypage/s228.html,University of Kansas,1947,"B.A, B.F.A, M.F.A",http://www.temple.edu/crafts/metalsdirectorypage/s228.html,,yes,"Metalsmithing/Jewelry, Department of Visual Art, University of Kansas","Area faculty: Sunyoung Cheong (Asst. Professor, Mary Fischer Traver Metalsmithing & Jewelry Professorship) and Gina Westergard (Professor); Erick Morales Scholz (Lecturer / Area Lab Coordinator). Department of Visual Art chair appears to be Mary Anne Jordan (not definitively confirmed for 2025-26).","Active. Offers a BFA in Visual Art with a concentration in Metalsmithing/Jewelry (four-year, 120 credit hours) and the studio area is also available within the Department's single MFA in Visual Art. Sits in the Department of Visual Art, College of Liberal Arts and Sciences. Strong CAD-CAM/digital-fabrication component: Digital Fabrication Studio with Matrix 9 + Rhino CAD workstations, a REVO 5-axis CNC milling machine, and 3D printers (Formlabs Form 3, Solus DLP); students can pursue CAD design for the jewelry/metalsmithing industry. Program self-describes as the oldest metalsmithing program at a U.S. public university (founded 1947).","Continuation with significant generational faculty turnover since the ~2014 archived record. The archived faculty (Carlyle Smith, Klaus Kallenberger, Robert Montgomery, Olli Valanne, Jon Havener) reflect the program's mid-20th-century lineage; Carlyle Smith founded it in 1947. By the mid-2010s the active faculty were Jon Havener, Lin Stanionis and Gina Westergard (a 2019 Kansan article still lists those three). As of the 2026-27 catalog the area is staffed by Gina Westergard (continuing), plus newer hires Sunyoung Cheong and lecturer Erick Morales Scholz; Havener and Stanionis are no longer listed (retired/emeritus). The program added a robust Digital Fabrication Studio (Rhino/Matrix CAD, 5-axis CNC, resin 3D printing), reflecting a clear CAD-CAM pivot. No closure, merger or rename — the program remains a named concentration within the Department of Visual Art.",https://art.ku.edu/metalsmithingjewelry,high,not-needed,https://art.ku.edu/metalsmithingjewelry | https://catalog.ku.edu/arts/visual-art/bfa-visual-art/bfa-in-visual-art-with-concentration-in-metalsmithing-jewelry/ | https://catalog.ku.edu/arts/visual-art/mfa-visual-art/ | https://artjewelryforum.org/schools/university-of-kansas/ | https://www.kansan.com/news/ku-metalsmithing-program-helps-students-to-believe-in-themselves-sell-their-artwork/article_0bf64d04-da32-11e9-82bb-0768bdd04a9a.html | https://art.ku.edu/faculty-and-staff,2026-05-29,active-with-dedicated-faculty,"Sunyoung Cheong (Assistant Professor, Mary Fischer Traver Metalsmithing & Jewelry Professorship); Gina Westergard (Professor of Visual Art in Metalsmithing/Jewelry); Erick Morales Scholz (Lecturer of Metalsmithing/Jewelry; Area Lab Coordinator); Tom Tivol (Adjunct Lecturer, Metalsmithing and Jewelry (gemological method))"
104,crafts/metalsdirectorypage/s23.html,Carnegie-Mellon University,,,http://www.temple.edu/crafts/metalsdirectorypage/s23.html,,merged-renamed,Carnegie Mellon University School of Art (metals taught as a media area within Sculpture / 3D studio practice),"Charlie White, Head of the School of Art (no metals/jewelry program head exists; the area is not a separate department)","No standalone metals/jewelry degree. CMU School of Art is a single non-departmentalized, interdisciplinary studio program granting BFA, BXA (interdisciplinary), and a 3-year MFA. Metals/metalsmithing exists only as coursework and a metals studio nested in the Sculpture / 3D media curriculum (e.g., the 3D media-metals sophomore course and 24-204 Metal Jewelry), not as a named program or major.","The archived faculty entry ""Carol Kumata ? to present"" reflects the era when Kumata (at CMU since 1979) maintained the metals studio and taught metals/sculpture courses. Since ~2014 there was no closure of the School of Art, but the metals offering was never an independent degree program; it lived inside Sculpture/3D media. Kumata retired in 2021 and is now Professor Emerita of Art. After her retirement no dedicated metals-area faculty line is listed; current Sculpture, Installation & Site Work faculty (Isla Hansen, Britt Ransom, Yoko Sekino-Bové, Rachael Starbuck) cover 3D practice. So the ""metals program"" effectively continues only as scattered coursework/facilities under a renamed/restructured interdisciplinary model, not as the standalone listing the directory recorded.",https://art.cmu.edu/,high,verify-failed,https://art.cmu.edu/people/carol-kumata/ | https://art.cmu.edu/people/faculty/ | https://art.cmu.edu/about/ | https://en.wikipedia.org/wiki/Carnegie_Mellon_School_of_Art | https://www.meche.engineering.cmu.edu/education/courses/24-204.html | http://www.art.cmu.edu/tag/carol-kumata/,2026-05-29,active-no-dedicated-metals-faculty,
105,crafts/metalsdirectorypage/s230.html,University of Massachusetts / Dartmouth,1975,"Certificate, B.F.A, M.F.A",http://www.temple.edu/crafts/metalsdirectorypage/s230.html,,yes,"Jewelry/Metals (Artisanry), College of Visual & Performing Arts (CVPA)","Alan B. Thompson (Alan Burton Thompson), Associate Professor of Artisanry (Jewelry/Metals), listed as department chair; Susan Hamlet, Professor of Artisanry (Jewelry/Metals), also active faculty.","Active. Offered as a BFA in Artisanry: Jewelry/Metals and an MFA in Artisanry (Jewelry/Metals concentration), plus a Jewelry/Metals minor and an Artisanry certificate. Sits within CVPA, in the grouping of Departments of Artisanry, Fine Arts, and Visual Design (Art + Design studio area), North Dartmouth, MA.","Continuation, not closure. The program persists in the modern UMass Dartmouth catalog with BFA + MFA degrees. Notably, the two most recent archived faculty — Alan Burton Thompson (listed ""1987 to present"") and Susan Hamlet (""1988 to present"") — are both still on the active faculty, with Thompson now serving as department chair, indicating direct leadership continuity from the archived record. The program now lives within CVPA's combined Departments of Artisanry, Fine Arts, and Visual Design; certificate/online offerings (e.g., a one-year online Artisanry certificate) have been added. No closure, merge, or rename of the jewelry/metals discipline was found.",https://www.umassd.edu/programs/jewelry-metals/,high,not-needed,https://www.umassd.edu/programs/jewelry-metals/ | https://catalog.umassd.edu/preview_entity.php?catoid=64&ent_oid=3152&returnto=5332 | https://catalog.umassd.edu/preview_program.php?catoid=62&poid=9009&returnto=5021 | https://www.massachusetts.edu/program-finder/dartmouth-artisanry-jewelrymetals-6846 | https://www.umassd.edu/cvpa/facilities/jewelry-metals/,2026-05-29,active-no-dedicated-metals-faculty,"Rebecca Hutchinson (Professor of Artisanry (Ceramics; area listed as Ceramic, Fibers, Jewelry/Metals))"
106,crafts/metalsdirectorypage/s232.html,University of Minnesota,,"B.A, B.F.A, M.A",http://www.temple.edu/crafts/metalsdirectorypage/s232.html,,merged-renamed,"Department of Art, University of Minnesota (Twin Cities)",unknown (no jewelry/metals program head exists; metals folded into the Sculpture & Ceramics area of the Department of Art),"No standalone jewelry/metals/metalsmithing degree or named studio area today. The Department of Art (College of Liberal Arts, housed in the Regis Center for Art) offers BA, BFA and a 3-year MFA. As of 2026 it is organized into four areas of study: (1) Drawing, Painting & Printmaking; (2) Sculpture & Ceramics; (3) Photography & Moving Images; (4) Interdisciplinary Art & Social Practice. Metalworking survives only as facilities/processes (foundry for casting, metal & wood fabrication shops, welding/forging, blacksmithing area) within the Sculpture & Ceramics area at Regis East — not as a jewelry/metalsmithing degree program. Note: the separate University of Minnesota Duluth campus does offer Jewelry & Metals concentrations, but that is a distinct campus, not the Twin Cities program founded by Morton.","The archived record's ""Philip Morton 1948 to 1961"" matches the documented history: Philip Morton joined the newly formed University of Minnesota Art Department in 1948 and established its contemporary jewelry and three-dimensional design programs (and one of the first university bronze-casting foundries). After the mid-century era (Morton, then Christian Schmidt teaching jewelry/design 1956–1963), the dedicated jewelry/metals studio concentration was eventually absorbed/dropped. By the time the Regis Center for Art opened (East completed 2005, finishing the Arts Quarter), the department had consolidated into broad interdisciplinary areas. Since ~2014 there is no evidence of an active, named jewelry/metalsmithing degree track at Twin Cities; metalwork continues only as part of the Sculpture & Ceramics area's foundry/fabrication facilities. No specific recent closure announcement or current metals-program chair was found.",https://cla.umn.edu/art,medium,verify-failed,https://cla.umn.edu/art/about/areas-study | https://cla.umn.edu/art/graduate/mfa-art | https://cla.umn.edu/art | https://cla.umn.edu/art/about/facilities | https://www.ganoksin.com/article/christian-schmidt-new-naturalism/ | https://www.morgansrarebooks.com/products/contemporary-jewelry-by-philip-morton | https://mndaily.com/243393/uncategorized/regis-center-completes-arts-quarter/,2026-05-29,lapsed-or-closed,
107,crafts/metalsdirectorypage/s234.html,University of Missouri,,"B.A, B.F.A, M.F.A",http://www.temple.edu/crafts/metalsdirectorypage/s234.html,,no,"School of Visual Studies — Art program (University of Missouri, Columbia / ""Mizzou"")","Cathleen A. Fleck, Director, School of Visual Studies (cathleen.fleck@missouri.edu, 573-882-7547)","The Art program (BFA/BA/Minor in Art, plus an MFA in Visual Studies) sits in the School of Visual Studies within the College of Arts and Science. Current studio areas are: Ceramics, Drawing, Fibers, Foundations, Painting, Photography, Printmaking, and Sculpture. There is NO metals, metalsmithing, or jewelry area among current offerings.","The University of Missouri art program is alive and active — but as a metals/jewelry program it does not exist now and shows no evidence of having existed as a dedicated concentration. The archived directory entry was itself a thin/uncertain record (metals start date ""unknown"", faculty ""n/a""), which is consistent with a placeholder rather than a documented working metals program. Around 2014-2015 the institution consolidated its art and related media units into the School of Visual Studies (College of Arts and Science); the current eight studio areas (ceramics, drawing, fibers, foundations, painting, photography, printmaking, sculpture) contain no metals/jewelry track. No metalsmithing faculty line, course track, or facility is listed in the current catalog or School of Visual Studies pages. Current director: Cathleen A. Fleck. Best read: the listing was likely an over-inclusive/erroneous directory entry, OR any historical metals offering (if it ever existed) was dropped well before/around the directory's 2014-2019 offline window and was not carried into the School of Visual Studies.",https://visualstudies.missouri.edu/node/3,medium,verify-failed,https://catalog.missouri.edu/collegeofartsandscience/art/bfa-art/ | https://visualstudies.missouri.edu/node/3 | https://catalog.missouri.edu/collegeofartsandscience/art/ | https://majors.missouri.edu/art-bfa/,2026-05-29,,
108,crafts/metalsdirectorypage/s235.html,University of North Dakota,,"B.A, B.F.A, M.F.A",http://www.temple.edu/crafts/metalsdirectorypage/s235.html,,yes,"Jewelry & Metalsmithing emphasis (within Visual Arts BFA/MFA), Department of Art & Design",Donovan Widmer — Associate Professor of Metalsmithing and Chair of the Department of Art & Design (chair since Jan 2017); he leads the Jewelry/Metalsmithing emphasis. MFA Graduate Program Director is Todd Hebert.,"Active. Offered as an emphasis/concentration in Jewelry & Metalsmithing within the BFA in Visual Arts (undergraduate) and the MFA in Visual Arts (graduate, 60 credits). Sits in the Department of Art & Design, College of Arts & Sciences, housed in the Hughes Fine Arts Center. Dedicated courses include ART 204 (Intro to Jewelry & Metalsmithing), ART 305 (stone setting/commercial skills), ART 306 (digital fabrication/CAD/3D-printing/casting/mass production), ART 308 (fabrication), and graduate ART 560 (Metalsmithing: Jewelry and Small Sculpture).","Continuation, not closure. The metals/jewelry track persists as a living emphasis area in the Visual Arts BFA and MFA. The archived directory's listed faculty ""Ellen Rose-Auyong, 1972 to present"" does not correspond to any current UND Art & Design faculty found (possibly a directory error or a long-departed earlier instructor). Since at least 2004 the metalsmithing area has been taught by Donovan Widmer, who became department chair in January 2017 and received the North Dakota Museum of Art's Art Makers Award (2018-19). The curriculum has modernized to include CAD/CAM digital fabrication, 3D printing, and direct casting (ART 306).",https://arts-sciences.und.edu/academics/art-design/index.html,high,not-needed,https://und.edu/programs/visual-arts-mfa/index.html | https://arts-sciences.und.edu/academics/art-design/index.html | https://und-public.courseleaf.com/undergraduateacademicinformation/departmentalcoursesprograms/artanddesign/ | https://campus.und.edu/directory/donovan.widmer | https://arts-sciences.und.edu/academics/art-design/faculty.html | https://libguides.und.edu/art/metal | https://nasad.arts-accredit.org/institution/university-of-north-dakota/,2026-05-29,active-with-dedicated-faculty,"Donovan Widmer (Associate Professor & Associate Chair, Jewelry/Metalsmithing)"
109,crafts/metalsdirectorypage/s236.html,University of North Texas,,"B.A, B.F.A, M.A, M.F.A",http://www.temple.edu/crafts/metalsdirectorypage/s236.html,,yes,Metalsmithing and Jewelry (concentration in Studio Art),James Thurman (Professor; Program Coordinator of Metalsmithing and Jewelry),"Active and thriving. Offers a B.F.A. in Studio Art with a concentration in Metalsmithing & Jewelry, an M.F.A. in Studio Art with a concentration in Metalsmithing & Jewelry, and a Metalsmithing and Jewelry minor. Housed in the Department of Studio Art, College of Visual Arts and Design (CVAD), which is NASAD-accredited.","Continuation with a leadership change. The archived record listed Harlan Butt (1976–present). Butt taught at UNT from 1976 and retired in 2017, receiving Professor Emeritus recognition in 2018; a named scholarship (the CVAD Harlan W. Butt Metalsmithing and Jewelry Studies Scholarship) was established. The program continued without interruption under James Thurman, who is now the Program Coordinator. The program retains comprehensive facilities (digital fabrication, jewelry production, blacksmithing, silversmithing, metal spinning, TIG welding, electroforming, die-forming, powder coating) and an active student org (UNT Metals Club). No closure, merge, or rename.",https://cvad.unt.edu/studioart/metalsmithingjewelry,high,not-needed,https://cvad.unt.edu/studioart/metalsmithingjewelry | https://www.unt.edu/academics/programs/metalsmithing-and-jewelry-studio-art-degree.html | https://www.unt.edu/academics/programs/metalsmithing-and-jewelry-studio-art-masters.html | https://cvad.unt.edu/people/thurman-james | https://vpaa.unt.edu/fs/recognition/emeritus-info/emeritus-2018.html | https://unt.academicworks.com/opportunities/13848,2026-05-29,active-with-dedicated-faculty,"James Thurman (Professor, Studio Art: Metalsmithing and Jewelry; Program Coordinator of Metalsmithing and Jewelry); Ana M. Lopez (Professor, Studio Art: Metalsmithing and Jewelry)"
110,crafts/metalsdirectorypage/s237.html,University of Oregon,,"B.S, B.A, B.F.A, M.F.A",http://www.temple.edu/crafts/metalsdirectorypage/s237.html,,yes,"Metalsmithing and Jewelry (Department of Art, School of Art + Design)",Anya Kivarkis (Associate Professor of Metalsmithing and Jewelry) is Department Head of the Department of Art. Kathleen E. (Kate) Wagle is a Professor of Metalsmithing and Jewelry.,"Active. BFA in Art with a concentration in Metalsmithing and Jewelry (also available via BA/BS in Art); MFA in Art with jewelry/metalsmithing as an area of study. A BS in Jewelry and Metalsmithing is also marketed. Sits in the Department of Art, within the School of Art + Design, College of Design.","Continuation with leadership/institutional changes. The metals/jewelry program remains a robust concentration. Kate Wagle (archived as ""1994 to present"") is still a Professor of Metalsmithing and Jewelry, confirming continuity. Anya Kivarkis joined the metals/jewelry faculty and now serves as Department Head of the Department of Art. Institutionally, the former School of Architecture and Allied Arts (AAA) was reorganized into the College of Design in 2017, and the Department of Art now sits within the School of Art + Design under the College of Design. Studios are at ""The Northsite"" near Lawrence Hall.",https://artdesign.uoregon.edu/art,high,not-needed,https://artdesign.uoregon.edu/art | https://catalog.uoregon.edu/design/art-design/art/ | https://catalog.uoregon.edu/courses/crs-artm/ | https://artdesign.uoregon.edu/art/grad/mfa | https://artdesign.uoregon.edu/art/workspaces,2026-05-29,active-with-dedicated-faculty,"Anya Kivarkis (Professor; Department Head, Ann Swindells Chair; Jewelry & Metalsmithing Coordinator (Area Head)); Valerie Ho (Oi Ying Valerie Ho) (Jewelry & Metalsmithing Visiting Artist Assistant Professor)"
111,crafts/metalsdirectorypage/s238.html,University of Science & Arts of Oklahoma,,B.A,http://www.temple.edu/crafts/metalsdirectorypage/s238.html,,yes,"Jewelry/Metals concentration, Art program, School of Visual and Performing Arts, University of Science and Arts of Oklahoma (USAO)",Jacquelyn Knapp — Professor of Art and Coordinator of the Art Department (also the listed advisor for Jewelry majors). USAO's School of Visual and Performing Arts is administered with Jani Houtz as administrative assistant. No dedicated jewelry/metals program head is separately listed.,"Jewelry/Metals continues as one of ~14 concentrations within the Art major. Degrees: Bachelor of Arts (BA) in Art and Bachelor of Fine Arts (BFA) in Art, plus BA Art with Teacher Certification. It sits in the Art program within the School of Visual and Performing Arts (faculty offices in Davis Hall, Chickasha campus). Not a standalone metals/jewelry degree — it is a concentration/emphasis area inside the studio art degrees.","Continuation with leadership turnover. The two archived faculty — Kent Lamar (art, hired 1975/76, became art department head in 1989) and Hollis Howard (1978) — no longer appear in the current USAO faculty directory, indicating both have retired/departed since the directory snapshot. The Art Department is now coordinated by Jacquelyn Knapp (named to the Dorothy Cusick Endowed Professorship in Interdisciplinary Studies in Jan 2024). Current art faculty include Blake Morgan, Jordan Vinyard, Freddy Baeza, Wendy Chambers, and Layne Thrift (Nesbitt Gallery director). Jewelry/Metals remains an active concentration in the 2024-2025 course catalog, with Knapp advising Jewelry majors. No closure, merger, or renaming of the program.",https://usao.edu/academics/majors-and-minors/art/index.html,high,not-needed,https://usao.edu/academics/majors-and-minors/art/index.html | https://usao.edu/academics/visual-performing-arts/index.html | https://usao.edu/directory/index.html | https://usao.edu/news/four-faculty-endowed-chairs.html | https://usao.smartcatalogiq.com/en/2024-2025/2024-2025-course-catalog/majors-and-minors/art-ba/ | https://usao.edu/directory/jacquelyn-knapp.html,2026-05-29,active-with-dedicated-faculty,"Jacquelyn Knapp (Professor of Art and Coordinator of the Art Department (teaches/advises Drawing, Sculpture, Jewelry, Design))"
112,crafts/metalsdirectorypage/s24.html,Casper College,,,http://www.temple.edu/crafts/metalsdirectorypage/s24.html,,merged-renamed,"Casper College — Visual Arts Department (metalsmithing/jewelry as a course sequence/concentration, not a standalone program)","Justin Hayward (Academic Chair, Fine Arts). Carli Holcomb is the current sculpture/metalsmithing instructor.","No standalone metals/jewelry degree. Metalsmithing/jewelry survives as a studio concentration and course sequence (ART 2350 Metalsmithing I, ART 2360 Metalsmithing II, ART 2370 Metalsmithing III) inside the Visual Arts Department. Degrees offered by that department: A.A. in Art, A.A. in Museum/Gallery Studies, A.F.A. in Fine Art, A.F.A. in Art Education, A.F.A. in Graphic Design, A.F.A. in Photography. Metals/jewelry students would pursue the A.A. in Art or A.F.A. in Fine Art with metalsmithing coursework. College is a NASAD-accredited member.","The metals/jewelry offering continues but as part of the Art/Fine Art curriculum rather than a discrete named program. Leadership/faculty transitioned away from the archived instructor Linda L. Ryan (listed ""1982 to present"" in the old record). Ryan still appears on RateMyProfessors but is no longer in the current Visual Arts Department faculty roster; sculpture/metalsmithing is now taught by Carli Holcomb (tenured 2021, MFA Virginia Commonwealth University), who heads the sculpture/metalsmithing concentration. The department's chair is Justin Hayward. No closure of metals instruction was found; metalsmithing courses remain in the catalog.",https://www.caspercollege.edu/program/visual-arts-department/,medium,verify-failed,https://www.caspercollege.edu/program/visual-arts-department/ | https://www.caspercollege.edu/program/art/ | https://catalog.caspercollege.edu/preview_course_nopop.php?catoid=19&coid=50696 | https://catalog.caspercollege.edu/preview_course_nopop.php?catoid=19&coid=50694 | https://www.caspercollege.edu/directory/carli-holcomb/ | https://www.caspercollege.edu/news/2021/03/seven-instructors-receive-tenure/ | https://www.ratemyprofessors.com/professor/798175,2026-05-29,active-with-dedicated-faculty,"Carli Holcomb (Visual Arts Instructor (head of sculpture and metalsmithing concentration; teaches Metalsmithing, Sculpture, Printmaking))"
113,crafts/metalsdirectorypage/s240.html,University of South Carolina,,B.A,http://www.temple.edu/crafts/metalsdirectorypage/s240.html,,merged-renamed,"Jewelry & Metalsmithing (within 3D/Sculpture: Studio Art), School of Visual Art and Design","Thomas Bosse (Instructor, Studio Art) is the jewelry/metals faculty member. No separate program-head/chair for jewelry specifically; it is part of the broader School of Visual Art and Design.","Program continues. Jewelry/metalsmithing is offered as a concentration within the 3D/Sculpture: Studio Art B.F.A. (also B.A. Studio Art and M.F.A. Studio Art). It sits in the School of Visual Art and Design, McCausland College of Arts and Sciences. Courses: ARTS 255/355/356/455/456 (intro through advanced jewelry & metalsmithing) and graduate ARTS 555/556.","The metals/jewelry instruction at USC continues to be offered. Since ~2014, the former Department of Art was reorganized into the School of Visual Art and Design (the academic home now listed on USC's bulletins/site). Jewelry and metalsmithing is not a standalone program/department; it is a studio area integrated into the 3D/Sculpture track of the Studio Art degrees. Thomas Bosse (MFA, University of Georgia, 2017) is the current jewelry/metals instructor and has taught at the post-secondary level since 2015, indicating a leadership/faculty change in the area over the past decade. Degrees: B.A. Studio Art, B.F.A. Studio Art (3D/Sculpture concentration including jewelry/metalsmithing), and M.F.A. Studio Art.",https://sc.edu/study/majors_and_degrees/3d-sculpture-studio-art-bfa.php,high,verify-failed,https://sc.edu/study/majors_and_degrees/3d-sculpture-studio-art-bfa.php | https://academicbulletins.sc.edu/undergraduate/arts-sciences/visual-art-design/ | https://academicbulletins.sc.edu/undergraduate/course-descriptions/arts/ | https://sc.edu/study/colleges_schools/artsandsciences/visual_art_and_design/our_people/directory/bosse_thomas.php | https://sc.edu/study/majors_and_degrees/studio-art-mfa.php,2026-05-29,active-with-dedicated-faculty,"Thomas Bosse (Instructor, Studio Art (Jewelry & Metalsmithing))"
114,crafts/metalsdirectorypage/s241.html,University of Texas at Arlington,,"B.A, B.F.A",http://www.temple.edu/crafts/metalsdirectorypage/s241.html,,merged-renamed,Department of Art and Art History (College of Liberal Arts),"Dr. August Jordan Davis (Chair, Department of Art and Art History, as of 2025)","No standalone metals/jewelry/metalsmithing concentration remains. The Department of Art and Art History offers BA in Art, BA in Art History, BFA in Art, and an MFA. Current studio concentrations are Art Education, Cinematic Arts, Clay, Drawing, Glass, Painting, Photography, Printmaking, Sculpture, and Visual Communication Design. ""Metals"" survives only as a medium mentioned within the broader 3D/sculpture studio offerings, not as a named program.","David Keens introduced the Metals-Jewelry Program at UTA in 1973 and was its founding figure (the archived ""1974 to present"" entry corresponds to his career). Over time Keens's work and the program's emphasis shifted into glass; he built and coordinated UTA's nationally recognized Glass Program. Keens retired in 2013 after 39 years on the faculty. The original Metals-Jewelry Program did not survive as a distinct, named area: by the current era the department lists Glass and Sculpture (plus Clay, etc.) as its 3D concentrations, with metals referenced only as one medium within 3D/sculpture study. So since ~2014 the metals/jewelry identity has effectively been absorbed/superseded — primarily by the Glass program Keens founded out of it — rather than continued under its own name. Department leadership has since passed to Chair August Jordan Davis (2025).",https://www.uta.edu/academics/schools-colleges/liberal-arts/departments/art/areas-of-study,high,verify-failed,https://www.uta.edu/academics/schools-colleges/liberal-arts/departments/art/department-info/aah-history | https://www.uta.edu/academics/schools-colleges/liberal-arts/departments/art/areas-of-study | https://utalibartsnews.wordpress.com/2013/09/24/arts-keens-retires-leaves-glass-legacy/ | https://mentis.uta.edu/explore/profile/david-keens | https://www.uta.edu/academics/schools-colleges/liberal-arts/departments/art/department-info/people/faculty,2026-05-29,lapsed-or-closed,
115,crafts/metalsdirectorypage/s242.html,University of Washington,,,http://www.temple.edu/crafts/metalsdirectorypage/s242.html,,merged-renamed,3D4M: ceramics + glass + sculpture (within the School of Art + Art History + Design),Not identified as a metals/jewelry program head (no such program exists now). 3D4M is a multi-faculty area within the School of Art + Art History + Design; no single metals chair found.,"No standalone metals/jewelry degree remains. The dedicated metal arts / jewelry program closed circa 2006-2008. Metal fabrication facilities (metal shop, foundry, in the Ceramic + Metal Arts building) survive only as support within the 3D4M program, which grants a BA (Art, 3D4M concentration) and an MFA in 3D4M: ceramics + glass + sculpture. 3D4M sits in the Division of Art within the School of Art + Art History + Design.","The dedicated jewelry/metals program, long headed by Mary Lee Hu (joined 1980) and John Marshall, announced its closure upon Hu's retirement in 2006 and graduated its last class in 2008. No metals/jewelry faculty line was refilled. By the ~2014-present period the discipline survives only as metal-fabrication facilities and occasional coursework folded into the 3D4M (ceramics + glass + sculpture) area; there is no metals/jewelry degree track. The Seattle Metals Guild absorbed some of the community/education role the program had filled. The 3D4M program itself is active (e.g., 2024 Open House); Mary Lee Hu received the 2024 SNAG Lifetime Achievement Award.",https://art.washington.edu/art/3d4m-ceramics-glass-sculpture-mfa,high,verify-failed,https://art.washington.edu/art/ba-art-3d4m-concentration | https://art.washington.edu/art/3d4m-ceramics-glass-sculpture-mfa | https://art.washington.edu/3d4m-studios | https://art.washington.edu/fields/metal-art | https://en.wikipedia.org/wiki/Mary_Lee_Hu | https://www.melissacameron.net/blog/?page_id=7032 | https://snagmetalsmith.org/2024/02/2024-snag-lifetime-achievement-award-mary-lee-hu/,2026-05-29,active-no-dedicated-metals-faculty,
116,crafts/metalsdirectorypage/s244.html,University of Wisconsin-Eau Claire,,B.F.A,http://www.temple.edu/crafts/metalsdirectorypage/s244.html,,merged-renamed,"Department of Art & Design (BFA in Art, Integrative Visual Arts)","Ned Gannon (chair, Department of Art & Design)","No dedicated metals/metalsmithing/jewelry program currently. The art program continues as a BFA in Art - Integrative Visual Arts (69-credit comprehensive) plus BA/BS Art and Graphic Communications, within the Department of Art & Design (College of Arts and Sciences). Current studio focus areas are design, ceramics, sculpture, photography, illustration, drawing, painting, and interdisciplinary - metals/jewelry is NOT among them, and the live ART course catalog lists no metals, metalsmithing, or jewelry courses.","The university's art program is alive and active, but the standalone metals/jewelry offering that the SNAG-era directory recorded no longer appears in the curriculum. As of the current (2025-26) academic catalog and program pages, neither the area-of-focus list nor the ART course listing includes metals, metalsmithing, or jewelry. The department was consolidated/rebranded as ""Art & Design,"" and a comprehensive ""Integrative Visual Arts"" BFA replaced separately-named studio tracks; the metals concentration appears to have been dropped or absorbed into sculpture/3D/interdisciplinary rather than continued as a named area. I could not pin an exact year of discontinuation or identify the former metals faculty member from the archived record (the archived faculty field was ""n/a"", and a Cappy Counard lead turned out to be Edinboro University, not UWEC).",https://www.uwec.edu/academics/college-arts-and-sciences/departments-programs/art-design-department,medium,verify-failed,https://www.uwec.edu/academics/college-arts-and-sciences/departments-programs/art-design-department | https://catalog.uwec.edu/courses/art/ | https://catalog.uwec.edu/undergraduate/arts-sciences/art-design/art-comprehensive-major-integrative-visual-arts-bfa/ | https://www.uwec.edu/academics/programs/undergraduate/art-integrative-visual-arts | https://catalog.uwec.edu/undergraduate/arts-sciences/art-design/,2026-05-29,active-no-dedicated-metals-faculty,
117,crafts/metalsdirectorypage/s245.html,University of Wisconsin-La Crosse,,"B.A, B.S",http://www.temple.edu/crafts/metalsdirectorypage/s245.html,,yes,"Department of Art, University of Wisconsin-La Crosse (Metalsmithing area)","Kathleen (Kate) Hawkes, Art Department Chair. Metals/blacksmithing faculty: Prof. Bradley Nichols (bnichols@uwlax.edu).","Metals/metalsmithing is an active area within the Art Department (College of Arts, Social Sciences & Humanities). It is not a standalone degree or formally named concentration but a course sequence (ART 221 Intro to Metalsmithing, ART 320/321 Intermediate, ART 421 Advanced) and dedicated metalsmithing/blacksmithing studios (rooms 15, 20, 20A, 20B, Lowe Center for the Arts). Department offers Art major (BA and BS) and Art Education K-12 (BS); minors in Art, Art History, Art Therapy, Photography.","Continuation. The metalsmithing program at UWL has remained active and operating within the Art Department since ~2014. The studios (fabrication, casting, forging, raising, welding, blacksmithing) remain in use, taught by Prof. Bradley Nichols (metalsmithing/blacksmithing). No closure, merger, or rename found. Department continues offering metalsmithing course sequence. Department chair is currently Kathleen Hawkes.",https://www.uwlax.edu/academics/department/art/studios--facilities/,high,not-needed,https://www.uwlax.edu/academics/department/art/studios--facilities/ | https://catalog.uwlax.edu/undergraduate/art/ | https://www.uwlax.edu/academics/department/art/ | https://www.uwlax.edu/academics/department/art/our-people/ | https://www.uwlax.edu/news/posts/an-array-of-metal/,2026-05-29,active-with-dedicated-faculty,Bradley Nichols (Professor (Metalsmithing and Blacksmithing))
118,crafts/metalsdirectorypage/s246.html,University of Wisconsin-Madison,,"B.A, B.F.A, M.A, M.F.A",http://www.temple.edu/crafts/metalsdirectorypage/s246.html,,yes,"Art Metals / Metalsmithing and Jewelry area, Art Department, University of Wisconsin-Madison","Lisa Gralnick is the long-tenured Professor of Art Metal (at UW-Madison since 2001/2007; previously head of Jewelry & Metals at Parsons 1991-2001). The department added a new tenure-track Assistant Professor of Art Metals via a 2024-25 search. Art Department chair is a separate rotating role (Tom Loeser, CR Skip Johnson Professor, chaired 2009-2014).","Active and thriving. Sits within the Art Department (School of Education), as part of the Contemporary 3D Practices disciplines. Offers BS/BFA-level study (undergrad Art major with metals concentration) and a 3-year MFA in Art with a metalsmithing/art-metals focus. Course sequence runs Art 244 Art Metal I through Art 644 Advanced Art Metal II plus special topics (enameling, holloware, pewtersmithing). Program is ranked No. 3 nationally for metals/jewelry; department is top-15 in fine arts (US News).","Strong continuation since ~2014. The program descends directly from the historic faculty in the archived record (Vierthaler, Fenster, Moty, Hu, Glowacki) and remains one of the oldest, most respected metals/jewelry programs in the US. Lisa Gralnick has carried the professorship through this period. In September 2024 the department launched a search for a new tenure-track Assistant Professor of Art Metals (apps due Nov 7, 2024), indicating active investment and faculty renewal/expansion rather than any decline. The metals labs remain fully equipped (casting, enameling, forging, machining) with a full-time technician. No closure, merger, or rename.",https://art.wisc.edu/,high,not-needed,https://art.wisc.edu/ | https://art.wisc.edu/2024/09/18/the-university-of-wisconsin-madison-art-department-is-hiring-apply-now-for-our-art-metals-faculty-position/ | https://guide.wisc.edu/graduate/art/art-mfa/ | https://guide.wisc.edu/courses/art/ | https://merit-www.education.wisc.edu/artdev/media-disciplines/3d/ | https://artsdivision.wisc.edu/staff/gralnick-lisa/ | https://artsdivision.wisc.edu/staff/loeser-tom/ | https://ethicalmetalsmiths.org/em-institutional-members/university-wisconsin-madison,2026-05-29,active-with-dedicated-faculty,"Jaydan Moore (Assistant Professor of Art Metals); Matthew Mauk (Teaching faculty, Art Metals (Ring Making))"
119,crafts/metalsdirectorypage/s247.html,University of Wisconsin - Green Bay,,,http://www.temple.edu/crafts/metalsdirectorypage/s247.html,,yes,"Jewelry/Metals studio area, Art Department, University of Wisconsin-Green Bay","Alison Gates (Professor; Chair of Art & Design / Arts Management). Metals taught by Salem Turchan (Metals/3D/Photo, Green Bay & Sheboygan campuses).","Jewelry/Metals is an active studio area within the Art department (College of Arts, Humanities and Social Sciences). No standalone degree; it is one of the 3-D studio concentrations under the Bachelor of Arts (BA) in Art, Studio Art emphasis. Course sequence: ART 260 Intro to Jewelry/Metals, ART 364 Intermediate, ART 463 Advanced. The department also lists Art Education and Pre-Art Therapy emphases. (Catalog/contact pages occasionally style the unit ""Art & Design."")","Continuation, not closure. The archived faculty (Robert Pum, 1969-present; Donald P. Taylor, 1972-1978) date the directory record to the program's early decades. Those individuals have long since been succeeded. As of 2026 the jewelry/metals studio remains active with a professional-grade metals studio (torches, kilns, casting, rolling mills, hydraulic press). Leadership now rests with department chair Alison Gates, with Salem Turchan as the metals instructor. No evidence of any closure, merger, or rename of the metals area since ~2014; the broader Art program continues under the BA structure.",https://www.uwgb.edu/art/studio-areas/jewelry-metals/,high,not-needed,https://www.uwgb.edu/art/studio-areas/jewelry-metals/ | https://www.uwgb.edu/art/ | https://www.uwgb.edu/art/contact/ | https://catalog.uwgb.edu/undergraduate/course-descriptions/art/ | https://catalog.uwgb.edu/undergraduate/programs/art/major/,2026-05-29,active-no-dedicated-metals-faculty,"Michael Wartgow (Lecturer (listed area: Metals/3D/Photo)); Alison Gates (Professor & Chair of Art & Design (contact for jewelry/metals studio; her own specialty is fibers/textiles, not metals))"
120,crafts/metalsdirectorypage/s248.html,University of Wisconsin-Stout,,"B.S, B.F.A",http://www.temple.edu/crafts/metalsdirectorypage/s248.html,,merged-renamed,"Studio Art, B.F.A. — Metals and Contemporary Art Jewelry Concentration","Masako Onodera (Associate Professor, Metals and Contemporary Art Jewelry — named studio faculty for the concentration). School of Art & Design director not separately confirmed from public pages.","Active. Offered as the ""Metals and Contemporary Art Jewelry"" concentration within the B.F.A. in Studio Art (120 credits), housed in the School of Art & Design (College of Arts & Human Sciences). Listed in the current 2024-2025 Undergraduate Bulletin. Sibling studio concentrations include ceramics, sculpture, drawing, painting, photography, printmaking, and comics.","Continuation with reorganization/renaming. The metals/jewelry offering persists but is now structured as a named concentration inside a consolidated B.F.A. in Studio Art rather than a standalone program. UW-Stout introduced a First-Year Experience (FYX) / Pre-BFA common foundation that students complete before declaring the Studio Art major and choosing the metals & contemporary art jewelry concentration. No closure of the metals offering found; the discipline remains taught with an active studio. Masako Onodera (joined late 1990s/2000s, CV on file from 2017) is the continuing metals faculty member, exhibiting nationally and internationally.",https://www.uwstout.edu/programs/bfa-studio-art,high,verify-failed,https://bulletin.uwstout.edu/preview_program.php?catoid=26&poid=6071 | https://www.uwstout.edu/programs/bfa-studio-art | https://www.uwstout.edu/academics/colleges-schools/college-arts-human-sciences/school-art-design | https://www.uwstout.edu/directory/onoderam,2026-05-29,active-with-dedicated-faculty,"Masako Onodera (Professor (Metalsmithing, Jewelry Making, Crafts) — School of Art & Design, Visual & Performing Arts Dept.)"
121,crafts/metalsdirectorypage/s25.html,Center for Creative Studies,,B.F.A,http://www.temple.edu/crafts/metalsdirectorypage/s25.html,,merged-renamed,"College for Creative Studies (CCS) — Metalsmithing/Jewelry, within the Studio Art & Craft BFA","Valerie Jenkins — Chair of Studio Art & Craft (since ~2023). Thomas S. Madden remains Professor / Section Lead of Metalsmithing and Jewelry (the same ""Thomas S. Madden, 1992 to present"" from the archived record). Earlier chairs of the Crafts/Craft & Material Studies dept included Madden (through ~2014) and glass artist Kim Harty (~2020).","Program continues. Metalsmithing/Jewelry is now a discipline/section within the unified Studio Art & Craft BFA at the College for Creative Studies, Detroit. Degree offered: BFA (Studio Art & Craft); students focus in Metalsmithing/Jewelry rather than earning a standalone metals degree. No separate metals BFA today.","Institution renamed: ""Center for Creative Studies – College of Art and Design"" (1975) became ""College for Creative Studies"" (CCS) in 2001 — so the institution name in the archived record is outdated, not closed. The metals program never closed. Department evolution since ~2014: the ""Crafts"" department was renamed ""Craft and Material Studies"" effective Fall 2020 (chair Kim Harty). In August 2023, CCS combined the former Art Practice and Craft and Material Studies majors into one reenvisioned ""Studio Art & Craft"" BFA (chair Valerie Jenkins). Metalsmithing/Jewelry survived every reorganization as a named discipline/section, with Thomas Madden continuing as its Section Lead — direct continuity from the archived ""Thomas S. Madden 1992 to present"" entry.",https://www.ccsdetroit.edu/academics/undergraduate-programs/studio-art-craft/,high,verify-failed,https://www.ccsdetroit.edu/academics/undergraduate-programs/studio-art-craft/ | https://www.ccsdetroit.edu/academics/undergraduate-programs/studio-art-craft/faculty/ | https://www.ccsdetroit.edu/academics/undergraduate-programs/crafts/metalsmithing-jewelry/ | https://www.ccsdetroit.edu/news/ccs-introduces-reenvisioned-studio-art-craft-program/ | https://en.wikipedia.org/wiki/College_for_Creative_Studies | https://www.detroithistorical.org/learn/online-research/encyclopedia-of-detroit/college-creative-studies | https://www.ccs-craftandmaterialstudies.com/,2026-05-29,active-with-dedicated-faculty,"Thomas Madden (Professor / Section Lead of Metalsmithing and Jewelry); Aaron Deshields (Adjunct Professor, Metalsmithing & Jewelry / Blacksmithing)"
122,crafts/metalsdirectorypage/s250.html,University of Wisconsin-Whitewater,,,http://www.temple.edu/crafts/metalsdirectorypage/s250.html,,yes,"Metals and Jewelry (studio area), Department of Art and Design","Department chair not individually named on the public catalog page (dept contact: 262-472-1324, artanddesign@uww.edu). Current metals/jewelry professor is Teresa Faris.","Active. Metals and Jewelry is one of the studio production fine-arts areas (alongside drawing, painting, sculpture, ceramics, printmaking, photography). It is a studio emphasis pursued within the BFA (Fine Arts Emphasis); the department also offers BA (Art History, Graphic Design, Licensure emphases), BFA Graphic Design/Licensure emphases, and a BSE in Art Education. Sits in the Department of Art and Design, College of Arts and Communication.","Continuation with leadership succession. Linda Threadgill (the archived ""to present"" entry) headed the UW-Whitewater Metals Program from 1979 to 2003 and is now Professor Emerita (she now lives/works in Santa Fe, NM). The program continued under Teresa Faris, the current professor of metalsmithing and jewelry design. The area remains active through 2026 (recent UW System feature stories and a 2026 ""International Recognition"" UW-Whitewater news item cover the metals/jewelry program and its students). No closure, merger, or rename of the metals/jewelry offering was found; it remains a studio area within the Department of Art and Design.",https://uww-public.courseleaf.com/undergraduate/arts-communication/art-design/,high,not-needed,https://uww-public.courseleaf.com/undergraduate/arts-communication/art-design/ | https://www.uww.edu/coac/academics/art-design | https://www.wisconsin.edu/all-in-wisconsin/story/uw-whitewater-metals-and-jewelry-student-forms-art-with-meaning/ | https://www.uww.edu/umc/why-i-teach/teresa-faris | https://en.wikipedia.org/wiki/Linda_Threadgill | https://www.uww.edu/news/archive/2026-4-international-recognition,2026-05-29,active-with-dedicated-faculty,"Teresa Faris (Professor of Art & Design; Area Head, Jewelry and Metalsmithing)"
123,crafts/metalsdirectorypage/s251.html,Virginia Commonwealth University,,"B.F.A, M.F.A",http://www.temple.edu/crafts/metalsdirectorypage/s251.html,,yes,"Metals/Jewelry area, Department of Craft and Material Studies (now part of the merged Department of Fine Arts), VCUarts",Kristin Caskey (acting chair of Craft and Material Studies as of Jan 2026); Cynthia Myron noted as chair in Feb 2025. Note: a merge of three departments into a single Department of Fine Arts was underway in early 2026.,"Active. Offers a BFA in Craft and Material Studies with a metalsmithing/jewelry focus and an MFA in Fine Arts with a concentration in jewelry/metalworking (60 credit hours, ~2 years). Metal is one of five studio areas (Metal, Clay, Glass, Wood, Fiber).","Continuation with restructuring. The metals/jewelry program has continued uninterrupted as both a BFA focus and an MFA concentration. In a Jan 2026 consolidation, VCUarts merged the Department of Craft and Material Studies with Painting & Printmaking and Sculpture & Extended Media into a single Department of Fine Arts; the furniture/woodworking GRADUATE program was paused for 2026-27 (the lone woodworking professor not rehired), but Metals, Clay, Glass, Wood and Fiber all continue to be taught to undergrads. Leadership has changed since ~2014 (Cynthia Myron chair in 2025, Kristin Caskey acting chair Jan 2026). Archived faculty Nancy (Kunkle) Thompson was a longtime jewelry/metalsmithing professor and crafts dept chair who built the program (""1969 to present"" in the old record); she is a historical figure, not the current head.",https://arts.vcu.edu/academics/departments/craft-material-studies/areas-of-study/metal/,high,not-needed,https://arts.vcu.edu/academics/departments/craft-material-studies/areas-of-study/metal/ | https://bulletin.vcu.edu/graduate/school-arts/craft-material-studies/fine-arts--mfa-concentration-jewelrymetalworking/ | https://bulletin.vcu.edu/undergraduate/arts/craft-material-studies/ | https://bulletin.vcu.edu/undergraduate/arts/craft-material-studies/craft-material-studies-bfa/ | https://commonwealthtimes.org/2026/01/21/vcu-quietly-axes-furniture-design-program-amid-consolidation/ | https://commonwealthtimes.org/2025/02/05/hands-on-with-vcu-craft-and-material-students/ | https://guides.library.vcu.edu/craft/metal | https://blogs.vcu.edu/enews/2013/12/11/alumni-give-thanks/,2026-05-29,active-with-dedicated-faculty,"Susie Ganch (Associate Professor - Metals; Graduate Program Director, Department of Craft/Material Studies)"
124,crafts/metalsdirectorypage/s253.html,Washington University,,"B.F.A, M.F.A",http://www.temple.edu/crafts/metalsdirectorypage/s253.html,,merged-renamed,"Sam Fox School of Design & Visual Arts — College of Art (BFA/BA in Studio Art, Sculpture area; Walker Metal Shop)",Meghan Kirkwood is Chair of Undergraduate Studio Art (College of Art). No dedicated metals/jewelry area head exists; the historic program was led by Heikki Seppä until his 1992 retirement.,"No standalone metals/metalsmithing/jewelry degree or concentration exists today. The BFA in Art offers five concentrations: painting, photography, printmaking, sculpture, and time-based + media art. Metalworking survives as a shop facility (Walker Metal Shop, supporting metalsmithing/foundry/welding/blacksmithing) used by the Sculpture area, and as occasional non-degree jewelry-design workshops (""Fox Fridays""). The program sits in the College of Art within the Sam Fox School of Design & Visual Arts.","The dedicated metalsmithing/silversmithing program was built by Heikki Seppä (faculty 1965–1992, with John Baltrusunas part-time 1972–1992). It did not survive Seppä's 1992 retirement as a distinct degree program; metals was absorbed into the broader Sculpture area and the metal shop. Seppä died May 18, 2010 (professor emeritus). By the 2014-onward period of the archived directory and today, there is no standalone metals/jewelry concentration — only the Sculpture concentration plus shared metal-shop facilities and short jewelry workshops. Current undergraduate studio leadership is Chair Meghan Kirkwood. This is a merge/dissolution of the named program rather than a closure of the school, which remains very active.",https://samfoxschool.washu.edu/academics/college-of-art,high,verify-failed,https://source.washu.edu/2010/06/obituary-heikki-sepp-83/ | https://en.wikipedia.org/wiki/Heikki_Sepp%C3%A4 | https://samfoxschool.washu.edu/academics/college-of-art/bfa-ba-in-studio-art-and-design/studio-art | https://samfoxschool.washu.edu/places/facilities/17-walker-metal-shop | https://samfoxschool.washu.edu/academics/college-of-art | https://samfoxschool.washu.edu/calendar/events/214-fox-fridays-jewelry-design-part-2-lost-wax-casting-in-bronze,2026-05-29,lapsed-or-closed,
125,crafts/metalsdirectorypage/s254.html,Wayne State University,1953,"B.F.A, M.A",http://www.temple.edu/crafts/metalsdirectorypage/s254.html,,yes,"Metalsmithing (concentration within BFA in Art) — James Pearson Duffy Department of Art, Art History, and Design","Evan Larson-Voltz, Associate Professor of Metalsmithing (Metals Program Coordinator). Department chair of Art, Art History, and Design not separately confirmed here.","Active. Offered as a Metalsmithing concentration within the Bachelor of Fine Arts (BFA) in Art, plus a Jewelry Minor; metals is also available within the department's graduate (MFA) offerings. Sits in the James Pearson Duffy Department of Art, Art History, and Design, College of Fine, Performing and Communication Arts. Technical scope explicitly includes jewelry, hollowware, blacksmithing, and 3-D modeling.","The metals program — founded 1953 when the university hired Phillip Fike to succeed silversmith Arthur Nevill Kirk — continues uninterrupted. Fike taught 45 years and died Dec. 8, 1997. Since ~2014 the program has continued under new leadership; it is currently coordinated by Associate Professor Evan Larson-Voltz, remains housed in the James Pearson Duffy Department of Art, Art History, and Design, and continues to mount its recurring ""Metals"" exhibitions (e.g., Metals 2022). No closure, merger, or rename of the metals program; the only structural context is the department's full name (James Pearson Duffy Department of Art, Art History, and Design).",https://cfpca.wayne.edu/art/fine-arts/metalsmithing,high,not-needed,https://cfpca.wayne.edu/art/fine-arts/metalsmithing | https://cfpca.wayne.edu/art/programs/undergraduate/bfa-art | https://bulletins.wayne.edu/courses/ame/ | https://today.wayne.edu/news/1997/12/12/phillip-fike-70-died-dec-8-650 | https://reutherlib.blubrry.net/2019/04/25/from-the-vault-metalsmith-and-professor-phillip-fike-and-the-wayne-state-academic-mace/ | https://www.waynestategalleries.org/metals-2022,2026-05-29,active-with-dedicated-faculty,"Evan Larson-Voltz (Associate Professor of Metalsmithing (Metalsmithing area coordinator)); Katie MacDonald (Associate Professor of Teaching, Sculpture and Metalsmithing)"
126,crafts/metalsdirectorypage/s255.html,Weber State University,,"B.S, B.A, B.F.A",http://www.temple.edu/crafts/metalsdirectorypage/s255.html,,merged-renamed,Department of Visual Art and Design — Small Metals/Jewelry course sequence (within the Art BFA/BA),"Paul Crow (Department Chair, Professor of Art)","Metals/jewelry survives as a course sequence (ART 2350 Small Metals/Jewelry I, ART 3350 II, ART 4350 III), not a standalone named degree. It sits inside the Department of Visual Art and Design (formerly Department of Visual Arts). The department offers Art BFA/BA/AA with emphases in 2D Media, 3D Media, Art Education, Graphic Design, and Photo/Video — there is no separate ""Metals"" or ""Jewelry"" emphasis; the courses fall under the studio/3D offerings. No dedicated metalsmithing degree or named program is advertised.","The metals/jewelry offering was never a freestanding degree program; it is a studio-course track within the art department. Since ~2014 the department was renamed/reorganized to the ""Department of Visual Art and Design,"" and its BFA was restructured around five broad emphases (2D Media, 3D Media, Art Education, Graphic Design, Photo/Video) with no distinct metals/jewelry emphasis — though the Small Metals/Jewelry I–III courses continue to be listed. The archived long-time faculty member Lorin S. Thunell (""1993 to present"") is no longer on the Weber State faculty; he now lists himself as an art instructor at Salt Lake Community College, so the program lost its named metals instructor. Current art chair is Paul Crow. No metalsmithing faculty specialist is currently listed on the department faculty/staff page. (Note: Weber State announced 2025 cuts of 17 majors/8 minors/7 certificates under Utah HB 265; no confirmation found that metals/jewelry courses were specifically eliminated.)",https://www.weber.edu/artanddesign,medium,verify-failed,https://www.weber.edu/artanddesign/faculty-staff.html | https://www.weber.edu/Majors/art.html | https://catalog.weber.edu/content.php?catoid=12&navoid=2767 | https://catalog.weber.edu/preview_program.php?catoid=21&poid=10673 | https://catalog.weber.edu/preview_course_nopop.php?catoid=17&coid=68471 | https://www.linkedin.com/in/lorin-thunell-4a8283b9/ | https://www.kuer.org/education/2025-04-22/weber-state-is-latest-school-cutting-majors-in-response-to-utahs-higher-ed-mandate,2026-05-29,active-no-dedicated-metals-faculty,
127,crafts/metalsdirectorypage/s257.html,Western Maryland College,,B.S,http://www.temple.edu/crafts/metalsdirectorypage/s257.html,,merged-renamed,McDaniel College,"Steven Pearson (Professor and Chair, Art Department)","The metalsmithing/jewelry instruction continues as part of the Studio Art program in the Art Department. Course ART 2214 ""Metal smithing/Jewelry"" covers piercing, forging, beading, fabrication, and repoussé. The department offers an Art (Studio Art) Major, Art Minor, Art Major with Education Minor, and an Art Major with a Specialization in Graphic Design (BA). There is no standalone ""metals"" degree; it is a discipline within the studio art major. The art building includes a dedicated jewelry studio.","The institution itself was renamed, not the program. Western Maryland College officially became McDaniel College on July 1, 2002 (announced January 2002), honoring alumnus William Roberts McDaniel — the original name had caused confusion (students mistook it for a public satellite campus in rural western Maryland) and the namesake railroad had long since merged away. This predates the directory's ~2014 offline window, so the directory listing under the old name was already obsolete. As of 2026 the Art Department remains active and continues to offer metalsmithing/jewelry as a studio discipline (jewelry studio + ART 2214 course), so the metals offering was a continuation, not a closure. No metals-specific closure was found; current art chair is Steven Pearson.",https://www.mcdaniel.edu/academics/departments/art-department/art,high,verify-failed,https://www.mcdaniel.edu/academics/departments/art-department/art | https://www.mcdaniel.edu/academics/departments/art-department | https://www.washingtonpost.com/archive/local/2002/05/11/mcdaniel-is-new-name-for-md-college/77ccd1e1-54dc-41a9-82dc-25612ddda1af/ | https://www.baltimoresun.com/2002/05/11/new-name-for-wmc-mcdaniel-college/ | https://www.mcdaniel.edu/about-us/mission-and-history | https://en.wikipedia.org/wiki/McDaniel_College,2026-05-29,active-no-dedicated-metals-faculty,
128,crafts/metalsdirectorypage/s258.html,Western Montana College,,B.A,http://www.temple.edu/crafts/metalsdirectorypage/s258.html,,merged-renamed,University of Montana Western (Department of Fine Arts),"Not findable. Current Fine Arts faculty include Ruth King (Associate Professor of Glass, manages the Glass program and Mary Baker Emerick Art Studio), Eva Mastandrea (Professor, visual arts/painting), and Stephen Alan Seder (Assistant Professor, theatre/media arts). No department chair is named on the public department page.","Institution renamed: Western Montana College became ""University of Montana Western"" in 2000. The standalone metals/jewelry/blacksmithing offering Brienza built no longer exists as a distinct program. Today there is a Department of Fine Arts offering a Bachelor of Arts in Visual Arts and a Bachelor of Arts in Glass (plus Associate degrees including ""Visual Arts Craft"" and ""Associate of Arts: Glass,"" and Glass minor/certificate). No current jewelry/metalsmithing degree or concentration is listed; an ART 479 Advanced Studio - Artist Blacksmithing course still appears in the catalog. Glass became the surviving specialty (also founded by Brienza), now run by Ruth King.","Renamed/absorbed into the Montana University System. The archived faculty record (Barney Brienza, 1971-present) is now historical: Brienza, who under his own initiative introduced and built the jewelry, stained glass, glass blowing, and artist-blacksmithing offerings (building many tools himself), retired around 2006-2007 after ~35-36 years. A retrospective exhibit honored his retirement at the Montana Western Art Gallery/Museum. After his departure the metals/jewelry teaching was not carried forward as a named program; the art unit consolidated as the Department of Fine Arts, with glass (Ruth King) emerging as the flagship studio specialty and broader Visual Arts BA/AA degrees. Since ~2014 the program has continued under this Fine Arts structure with no metals/jewelry degree.",https://www.umwestern.edu/department/fine-arts/,high,verify-failed,https://en.wikipedia.org/wiki/University_of_Montana_Western | https://mtstandard.com/entertainment/exhibit-honors-retiring-brienza/article_61c524ee-1a68-5a7e-92fe-d90fb39f0d7b.html | https://mtstandard.com/news/local/retirements-at-um-western-leaving-big-shoes-to-fill/article_4d863996-e02f-529b-8ecb-b5237de746bb.html | https://www.umwestern.edu/department/fine-arts/ | https://catalog.umt.edu/affiliated-campuses/umwestern/ | http://www.temple.edu/crafts/metalsdirectorypage/p18.html,2026-05-29,active-no-dedicated-metals-faculty,
129,crafts/metalsdirectorypage/s26.html,Central Washington University,,"B.A, B.F.A, M.F.A",http://www.temple.edu/crafts/metalsdirectorypage/s26.html,,yes,"Jewelry &amp; Metalsmithing (Jewelry, Metals, and Design)","Keith A. Lewis — CWU Distinguished Professor of Jewelry, Metals, and Design (teaching at CWU since 1994); is the faculty steward of the program. (Formal department-chair name not confirmed; Lewis is the program's lead jewelry/metals faculty.)","Active area of study within CWU's Department of Art + Design. Offered as a Jewelry &amp; Metalsmithing specialization within the Art BFA (Studio Art specialization) and as a concentration in the 90-credit terminal MFA. Described by CWU as ""the only dedicated four-year jewelry degree in Washington state.""","Continuation, no closure or rename. The program has run continuously since the late 1950s through a lineage of internationally recognized professors (Ramona Solberg, Don Tompkins, Ken Cory, then Keith Lewis). Keith Lewis — listed in the archived record as ""1993 to present"" — remains the lead faculty member, now a CWU Distinguished Professor (inducted American Craft Council Fellow 2022; monograph presented at Munich Jewelry Week 2024; work at NYC Museum of Arts and Design 2024). The host department is now styled ""Department of Art + Design."" No closure, merger, or renaming of the metals program is evident; it remains an active BFA/MFA area.",https://www.cwu.edu/academics/art/areas-of-study/jewelery-metalsmithing.php,high,not-needed,https://www.cwu.edu/academics/art/areas-of-study/jewelery-metalsmithing.php | https://www.cwu.edu/about/directory/dept-of-art-design/keith-lewis.php | https://www.cwu.edu/about/media-resources/news/2024/8/survival-change-and-the-art%20of-keith-lewis.php | https://www.cwu.edu/about/media-resources/news/2024/11/cwu-professor-of-jewelry-metals-design-joins-nyc-jewelry-week-panel.php | https://www.cwu.edu/academics/art/graduate-program/index.php | https://catalog.acalog.cwu.edu/preview_program.php?catoid=89&poid=21337&returnto=7930,2026-05-29,active-with-dedicated-faculty,"Keith Lewis (Distinguished Professor of Jewelry, Metals, and Design)"
130,crafts/metalsdirectorypage/s262.html,Western State College of Colorado,,B.S,http://www.temple.edu/crafts/metalsdirectorypage/s262.html,,merged-renamed,Western Colorado University,"Tina Butterfield, MFA, Professor of Art (Chair of Art)","Jewelry/metals continues as a BFA in Art with an Emphasis in Jewelry (also offered as an emphasis within the broader Art / Studio Art majors). Sits in the Art Program, School of the Arts. Hands-on metalsmithing/fabrication/jewelry-design studio track (ART 335/435/436/437 sequence).","The institution itself was renamed, not the program. ""Western State College of Colorado"" became Western State Colorado University in 2012, then was simplified to Western Colorado University (name adopted Sept 2018, legally finalized via Colorado HB19-1178 signed by Gov. Polis in 2019). The metals/jewelry program survived all renamings and is active today as a jewelry emphasis within the BFA in Art. No closure or merger of the program; leadership of the Art unit is currently Chair Tina Butterfield. The archived directory listing was simply tied to the old institutional name.",https://western.edu/program/jewelry/,high,verify-failed,https://western.edu/program/jewelry/ | https://western.edu/department/undergraduate/art-program/ | https://en.wikipedia.org/wiki/Western_Colorado_University | https://www.leg.colorado.gov/bills/hb19-1178 | https://catalog.western.edu/undergraduate/courses/art/,2026-05-29,active-with-dedicated-faculty,Mayela Cardenas Surillo (Professor of Art (BFA Rochester Institute of Technology; MFA University of Oregon) - likely jewelry/metals faculty); Tina Butterfield (Professor of Art; Chair of Art (painting) - oversees jewelry program / listed contact)
131,crafts/metalsdirectorypage/s263.html,Wichita Center for the Arts,1934,,http://www.temple.edu/crafts/metalsdirectorypage/s263.html,,merged-renamed,Mark Arts,,Non-degree community art center (not a degree-granting institution). Offers non-credit jewelry/metalsmithing and enameling classes and workshops for youth and adults. No academic department or degrees; metalsmithing/jewelry sits within its general studio-class program. Instructors include Lori Martin Price (jewelry/metalsmithing).,"Renamed from Wichita Center for the Arts to Mark Arts in 2016 (honoring benefactor Mary R. Koch; ""Mark"" = Mary R. Koch initials), ahead of relocation. A new purpose-built 40,000 sq ft arts-education building at 1307 N. Rock Road, Wichita, opened January 2018. The institution continues operating and still offers metals/jewelry/enameling instruction as of 2026 (e.g., an ""Enameling for All Skills"" course Jan-Mar 2026). It was never a degree-granting academic program; it is a community art association/school, so the archived directory listing reflects a continuing non-academic institution under a new name.",https://markartsks.com/,high,verify-failed,https://markartsks.com/about/history/ | https://markartsks.com/ | https://alphacharliemarketing.com/work/mark-arts/ | https://markartsks.com/course/enameling-for-all-skills-3/ | https://markartsks.com/meet-our-instructors | https://www.visitwichita.com/listing/mark-arts/25477/,2026-05-29,active-with-dedicated-faculty,"Lori Martin Price (Jewelry Making & Metalsmithing Instructor (BFA jewelry design, University of Kansas; 29 years teaching at Mark Arts)); Ernst Kind (Enameling Instructor (textured copper with transparent enamels))"
132,crafts/metalsdirectorypage/s264.html,Winthrop College,,"B.A, B.F.A",http://www.temple.edu/crafts/metalsdirectorypage/s264.html,,merged-renamed,"Winthrop University — Department of Fine Arts (Studio Art), College of Visual and Performing Arts","Mark Hamilton (Chair, Professor of Fine Arts). Jewelry/metals taught by Anne Fiala (Asst. Professor; MFA Metalsmithing & Jewelry Design, Indiana University; focus includes Computer-Aided Design).","Jewelry/Metals continues but as a subject area / set of courses (""jewelry metals"") within the Studio Art BFA, not a standalone primary concentration. The six primary Studio Art concentrations are Ceramics, Drawing, Expanded Media, Painting, Photography, and Sculpture; jewelry metals (plus interdisciplinary studio, printmaking, video) is offered as an additional subject area. Degree: BFA / BA in Fine Art, Department of Fine Arts, College of Visual and Performing Arts.","""Winthrop College"" became Winthrop University in 1992 (university status); the directory record predates the rename. The metals/jewelry offering was not closed — it persists as a course/subject area within the Studio Art program. There is an active metals/jewelry faculty member (Anne Fiala) whose stated focus includes metalsmithing, jewelry design, and computer-aided design (CAD), so the program's CAD/CAM-adjacent instruction continues. Department leadership has changed over the period: a 2018 university news item announced Karen Oremus as incoming Fine Arts chair; the current Fine Arts faculty/staff page lists Mark Hamilton as Chair.",https://www.winthrop.edu/cvpa/fine-arts/about-studio-arts.aspx,high,verify-failed,https://www.winthrop.edu/cvpa/fine-arts/about-studio-arts.aspx | https://www.winthrop.edu/cvpa/fine-arts/ | https://www.winthrop.edu/cvpa/faculty-staff/fine-arts-faculty.aspx | https://www.winthrop.edu/majors/44/degree-program/fine-art | https://www.winthrop.edu/news-events/karen-oremus-selected-as-new-chair-of-fine-arts-department.aspx | http://winthropfinearts.com/faculty | https://www.winthrop.edu/aboutus/history/brief-history.aspx,2026-05-29,active-with-dedicated-faculty,Anne Fiala (Assistant Professor of Fine Arts (Metalsmithing & Jewelry Design); MFA Program Coordinator)
133,crafts/metalsdirectorypage/s266.html,Yakima Valley Community College,,,http://www.temple.edu/crafts/metalsdirectorypage/s266.html,,no,Yakima Valley College (renamed from Yakima Valley Community College),Not found. Robert Millard appears as a current Art Instructor; no jewelry/metals program head exists.,"No jewelry/metals/metalsmithing program or courses currently offered. The art offerings are limited to an Art AA-DTA (Associate in Arts, Direct Transfer Agreement) transfer degree in the Arts & Humanities Pathway, with studio courses in drawing, painting, ceramics/functional pottery, 3D design, digital photography, and art history. No standalone art metals/jewelry credential or course in the 2025-2026 catalog.","The institution dropped ""Community"" and is now Yakima Valley College. The metals/jewelry component reflected in the archived (~2014) directory record no longer appears in the live institution: searches of the current 2025-2026 catalog (catalog.yvcc.edu) and Programs A-Z return ""no results"" for jewelry, metals, or metalsmithing, and the Spring 2025 class-highlights article lists art classes (Drawing I/II, Three-Dimensional Design, Functional Pottery I, Painting I, Digital Photography, art history) with no metals/jewelry offering. The art program continues only as a transfer (DTA) art degree; the metals/jewelry studio area appears discontinued sometime after the directory went offline. The only residual mention of ""jewelry metals"" is an adjunct Arts & Humanities instructor job posting that lists it among possible experience areas — not evidence of an active program.",https://catalog.yvcc.edu/,medium,verify-failed,https://www.yvcc.edu/academics/programs-a-z | https://catalog.yvcc.edu/ | https://www.yvcc.edu/news/class-highlights-spring-2025.php | https://www.yvcc.edu/academics/degrees-and-certificates | https://yvcc.edu/profiles/robert-millard.php,2026-05-29,,
134,crafts/metalsdirectorypage/s267.html,Yavapai College,,,http://www.temple.edu/crafts/metalsdirectorypage/s267.html,,yes,Yavapai College — Visual Arts (Jewelry & Lapidary / Metalsmithing),Bryan Robertson (YC Visual Arts Chair). Jewelry/metalsmithing instructors include Jami Conroy and Chelsea Stone.,"Active. Jewelry/metalsmithing and lapidary continue as a studio area within the Visual Arts program (School of Arts & Humanities) on the Prescott campus (Building 18), with additional offerings at the Clarkdale/Verde Valley campus. No standalone jewelry/metals degree; jewelry coursework (ART 140 Jewelry I, ART 141 Jewelry II, ART 245 Advanced Projects in Jewelry, ART 298 metalsmithing) feeds the Associate of Arts in Fine Arts (AAFA) in Visual Arts (61 credit hours, transfer-oriented). Courses appear in the current/preliminary 2026-2027 catalog under the ART prefix.","Continuation with no closure. The jewelry/lapidary/metalsmithing studio area has persisted as part of Yavapai College's Visual Arts program. It was not a degree of its own (it sits inside the Visual Arts / AAFA structure), and that arrangement continues. Course offerings remain active in the catalog through the 2024-2025 and preliminary 2026-2027 years. The Visual Arts program now markets itself via the ycarts.org / ycvisualarts.com site (yc.edu/arts redirects there), with Bryan Robertson as Visual Arts Chair and active jewelry instructors Jami Conroy and Chelsea Stone. No evidence of any leadership disruption tied to the program being threatened; this is a stable continuation.",https://www.ycarts.org/,high,not-needed,https://www.ycarts.org/ | https://catalog.yc.edu/preview_course_nopop.php?catoid=26&coid=62330 | https://catalog.yc.edu/preview_course_nopop.php?catoid=13&coid=20747 | https://catalog.yc.edu/preview_course_nopop.php?catoid=19&coid=35528 | https://www.ycarts.org/chelsea-stone | https://www.yc.edu/v6/schools/arts/ | https://www.prescottstudiotour.com/yavapai-college-visual-arts.html,2026-05-29,active-with-dedicated-faculty,"Chelsea Stone (Jewelry/Metalsmithing Instructor (BFA Metals, NAU; MFA Jewelry, Texas Tech)); Jami Conroy (Jewelry & Lapidary Arts Instructor (GIA Applied Jewelry Professional))"
135,crafts/metalsdirectorypage/s268.html,Ohio State University,,"B.F.A, M.F.A",http://www.temple.edu/crafts/metalsdirectorypage/s268.html,,no,"Department of Art, The Ohio State University",,"No metals/jewelry/metalsmithing area exists today. The Department of Art (College of Arts and Sciences) offers BA in Studio Art, BFA in Studio Art, and an interdisciplinary MFA in Visual Arts. Its eight emphasis areas are: Art and Technology, Ceramics, Film/Video, Glass, Painting and Drawing, Photography, Printmaking, and Sculpture. Metals/jewelry is not among them at either the undergraduate or graduate level.","No metals/jewelry/metalsmithing concentration is offered at OSU today. The current Department of Art's undergraduate and MFA program areas are consistently listed as eight non-metals disciplines (Art and Technology, Ceramics, Film/Video, Glass, Painting and Drawing, Photography, Printmaking, Sculpture). The archived directory record itself listed no start year and no faculty, consistent with a thin or already-defunct listing at the time of archiving. I could not locate any current OSU page, news item, or accreditation/SNAG record documenting an active metals program, nor a dated announcement of a specific closure/merge. Best reading: any art-metals offering at OSU was either discontinued or never developed into a standing degree concentration; it does not exist as of 2026. Notably, OSU does run nearby material areas (Glass and Ceramics) but not metals.",https://art.osu.edu/areas,medium,verify-failed,https://art.osu.edu/areas | https://art.osu.edu/undergraduate-studies | https://art.osu.edu/ | https://art.osu.edu/grad-studies,2026-05-29,,
136,crafts/metalsdirectorypage/s27.html,Cheltenham Center for the Arts,,,http://www.temple.edu/crafts/metalsdirectorypage/s27.html,,yes,Cheltenham Center for the Arts,"No program chair/department head. Executive Director: Margaret Griffen (as of 2024-2025). Jewelry/metals classes (Day-Thursday, Evening-Tuesday) taught by instructor Marthe Roberts/Shea.","Non-degree community arts center (501(c)(3) nonprofit, founded 1940, in Cheltenham/Wyncote, PA). Offers continuing-education / non-credit jewelry making classes (no academic degrees). Jewelry sits under the ""Fibers, Metal, Paper & Other Media"" class category alongside Ceramics, Painting & Drawing, Printmaking, Mixed Media, and Theater.","This is a long-running community art center, not an academic degree program, so the metals/jewelry offering has continued uninterrupted as non-credit adult classes. It remains active in 2024-2026 with day and evening jewelry-making courses. Leadership is by an Executive Director (Margaret Griffen); no closure, merger, or rename occurred. The center's web presence simply moved to cheltenhamarts.org, which is why the older directory link went offline.",https://cheltenhamarts.org/,high,not-needed,https://cheltenhamarts.org/ | https://cheltenhamarts.org/classes | https://cheltenhamarts.org/jewelry-making-day-10 | https://www.cheltenhamarts.org/jewelry-making-evening-9 | https://cheltenhamarts.org/about-us | https://cheltenhamarts.org/about-us/staff-faculty?page=1 | https://www.linkedin.com/in/margaret-griffen-89b00032/ | https://www.guidestar.org/profile/23-6005434,2026-05-29,active-with-dedicated-faculty,"Marthe Roberts/Shea (Jewelry / Metalsmithing Instructor (Fibers, Metals, Paper, and More) — teaches Jewelry Making Day & Evening)"
137,crafts/metalsdirectorypage/s273.html,Kendall College of Art and Design,2002,B.F.A,http://www.temple.edu/crafts/metalsdirectorypage/s273.html,,merged-renamed,Ferris State University's Kendall College of Art and Design (KCAD),,"Metals/Jewelry is no longer a standalone degree. In 2020 KCAD consolidated Metals and Jewelry Design, Furniture Design, and Industrial Design into a single Product Design BFA. Metals/Jewelry now exists as one of three concentrations within the Bachelor of Fine Arts in Product Design at KCAD.</current_status>
<parameter name=""current_chair"">Jonathan (Jon) Moroney, M.B.A. — Professor and Product Design Program Chair. Phil Renato, founder of the Allesee Metals/Jewelry program (~2002), remains a KCAD Product Design Professor with the metals/jewelry specialty.","Metals/Jewelry is now a small part of Product Design. The Allesee Metals & Jewelry Design program (founded ~2002 by Phil Renato, formerly Carrizzi) ran standalone until 2020, when KCAD — citing low enrollment — merged industrial design, furniture design, and metals/jewelry into one interdisciplinary Product Design BFA; metals/jewelry survives only as a concentration, not a degree. In fall 2024 KCAD also folded more fully into Ferris State University (name retained). [field cleaned 2026-05-30 — Phil-confirmed]",https://www.ferris.edu/art-design/programs/undergraduate/product-design/index.htm,high,verify-failed,https://www.ferris.edu/art-design/career-professional-development/for-students/metals-and-jewelry-design-careers.htm | https://www.ferris.edu/art-design/programs/undergraduate/product-design/index.htm | https://www.insidehighered.com/quicktakes/2020/02/21/kendall-college-makes-tough-cuts | https://www.wzzm13.com/article/news/education/kendall-college-makes-changes-due-to-low-enrollment/69-e561d5bd-e4bb-49f0-a72d-7471858f6fff | https://fsutorch.com/2025/03/19/kendall-college-to-integrate-with-ferris/ | https://www.ferris.edu/news/archive/2024/january/renato.htm | https://en.wikipedia.org/wiki/Kendall_College_of_Art_and_Design,2026-05-29,active-with-dedicated-faculty,"Phillip Renato (Professor, M.F.A. (founding chair of the former Allesee Metals/Jewelry Design program; metals/jewelry within Product Design))"
138,crafts/metalsdirectorypage/s274.html,Stephen F. Austin State University,,"B.A, M.F.A",http://www.temple.edu/crafts/metalsdirectorypage/s274.html,,yes,"Art Metals/Jewelry concentration, School of Art (Micky Elliott College of Fine Arts), Stephen F. Austin State University","Lauren Selden (Professor of Art, metals/jewelry; MFA Arizona State). Stina Herrera covered the program during Selden's 2023-24 fellowship absence. No separate named program ""chair"" is published; the School of Art is led by a director (Dr. David Lewis was the founding director; current director not confirmed on the live faculty page).","Active. Offered as a concentration in Art Metals/Jewelry within the School of Art (Micky Elliott College of Fine Arts). Undergraduate: BA in Studio Art and BFA in Studio Art, both with an Art Metals/Jewelry concentration. Graduate: MA in Studio Art and MFA in Studio Art with metals/jewelry concentrations. The program also runs the national biennial REFINED jewelry/metalwork exhibition (since 1998) in the Reavley Gallery at the Cole Art Center.","Continuation, not closure. The program remained active throughout the period since ~2014 and beyond the directory's offline date. SFA reorganized its art unit into the ""School of Art"" within the Micky Elliott College of Fine Arts; the institution also merged into the University of Texas System in 2023, but the metals/jewelry program continued uninterrupted. Lauren Selden remains the lead metals/jewelry faculty member; she completed a 2023-24 professional fellowship (covered by Stina Herrera) and returned. The web presence migrated from the legacy art.sfasu.edu site (now offline) to sfasu.edu/art.",https://www.sfasu.edu/art/academics/metal-jewelry,high,not-needed,https://www.sfasu.edu/art/academics/metal-jewelry | https://www.sfasu.edu/art/about/degrees-areas | https://catalog.sfasu.edu/preview_program.php?catoid=9&poid=3252 | https://catalog.sfasu.edu/preview_program.php?catoid=13&poid=4396 | https://www.sfasu.edu/art/academics/graduate/ma-studio-art | https://www.sfasu.edu/about-sfa/newsroom/2024/sfa-art-professor-selden-brings-back-new-ideas-techniques-perspectives | https://www.sfasu.edu/art/about/faculty-staff,2026-05-29,active-with-dedicated-faculty,"Lauren Selden (Professor of Art (Metalworking, Jewelry, and Sculpture))"
139,crafts/metalsdirectorypage/s275.html,Savannah College of Art and Design,,"B.F.A, M.F.A",http://www.temple.edu/crafts/metalsdirectorypage/s275.html,,yes,SCAD Jewelry program (School of Fashion),"Jay H. Song (Jay Song) — Chair of Jewelry since 2009, professor since 1999","Active and expanding. Offers Jewelry B.F.A., Jewelry M.A., and Jewelry M.F.A. (per the SCAD academic catalog, all housed in the School of Fashion in Savannah). SCAD also lists a ""Metals and Jewelry B.F.A."" marketing variant. The program is STEM-designated and described by SCAD as the largest jewelry program in the US, housed in Fahm Hall (recently renamed Jewelers Mutual Studio).","Continuation and significant growth. The program (established 1993) has continued uninterrupted since the directory went offline. Jay Song has been chair throughout (since 2009). In May 2026 Jewelers Mutual announced a $10 million, 10-year investment and the jewelry building (Fahm Hall) was renamed ""Jewelers Mutual Studio."" No closure, merger, or rename of the academic program itself; degrees continue as BFA/MA/MFA in Jewelry within the School of Fashion.",https://www.scad.edu/academics/programs/jewelry,high,not-needed,https://www.scad.edu/academics/programs/jewelry | https://catalog.scad.edu/programs/ | https://www.scad.edu/academics/faculty/jay-h-song | https://www.prnewswire.com/news-releases/jewelers-mutual-studio-opens-bench-jeweler-pathways-at-scad-302777609.html | https://fashionista.com/2025/06/scad-jewelry-program-shines-bright | https://artjewelryforum.org/schools/savannah-college-of-art-and-design/,2026-05-29,active-with-dedicated-faculty,Jay H. Song (Professor and Chair of Jewelry); Adam Grinovich (Professor of Jewelry); Lanelle Keyes (Professor of Jewelry); Hongsock Lee (Professor of Jewelry); Annika Pettersson (Professor of Jewelry)
140,crafts/metalsdirectorypage/s29.html,Clark College,,,http://www.temple.edu/crafts/metalsdirectorypage/s29.html,,merged-renamed,Metal Arts (ART 189/190/191) within the Art Department,,"No standalone jewelry/metals degree. Metalsmithing survives as active studio courses: Metal Arts I, II, III (ART 189, 190, 191), each 5 credits (3 lec / 4 lab), sequential prerequisites. They sit inside the Art Department (Creative and Communication Arts division) and count toward the Studio Arts AFA or the transfer AA. Techniques include piercing, riveting, soldering, chain-making, hinge fabrication, hydraulic-press pillow-forming, fold-forming, patination, casting, and stitching/weaving metal.</current_status>
<parameter name=""current_chair"">Grant Hottle, Art Department Chair (ghottle@clark.edu)","Clark College (Vancouver, WA, a public community college) never had a dedicated metals/jewelry degree program; metalsmithing has been offered as a course sequence within the broader Art Department. As of 2026 those courses (Metal Arts I/II/III) remain active and regularly offered. The Art Department's degree structure is now organized around two AFA tracks — Studio Arts (AFA) and Graphic Design (AFA) — plus the transfer AA; metal arts is a concentration/elective within Studio Arts rather than its own credential. No closure found; continuation with the offering folded under the general Art/Studio Arts umbrella. Current chair is Grant Hottle.",https://catalog.clark.edu/course-descriptions/art/,medium,verify-failed,https://catalog.clark.edu/course-descriptions/art/ | https://www.clark.edu/academics/programs/creative-and-communication-arts/fine-arts/ | https://catalog.clark.edu/academic-plans/art/,2026-05-29,active-with-dedicated-faculty,Allison Syes (Metal Arts Instructor (Fine Arts))
141,crafts/metalsdirectorypage/s3.html,Adams State College,1962,"BA, MA",http://www.temple.edu/crafts/metalsdirectorypage/s3.html,,merged-renamed,"Adams State University, Department of Art",Annaliesa Connor-Meissner (Art Department Chair; specialty ceramics). No dedicated metals/jewelry chair exists.,"Art Department is active and offers a BA in Studio Art, a BFA, and a BA Art Education (K-12). Current areas of emphasis are Graphic Design, Photography, Painting, Drawing, and ""Form and Extended Media."" There is NO longer a standalone ""Metals & Jewelry"" emphasis listed, and no metals/jewelry faculty appear on the current roster. Older Adams State catalogs (2008-2010) and a 2015 news item confirm a Metals & Jewelry concentration existed; it now appears discontinued or absorbed into the broader ""Form and Extended Media"" emphasis.","The institution was renamed from Adams State College to Adams State University in 2012. The metals/jewelry program was still active and well-regarded as of January 2015, when it received gemstone collection donations (~$130,000) — at that time it was led/directed by a faculty member referred to as ""Provence,"" NOT by the archived directory's Charlotte Nichols. Charlotte Nichols (archived as 1985-present) is no longer listed among current faculty nor among emeritus faculty; her departure is undated from available sources. Since ~2015 the dedicated Metals & Jewelry concentration disappeared from the Art Department's listed emphases (current emphases include ""Form and Extended Media"" instead), and no current faculty member is identified as teaching metals or jewelry. Net: the Art Department continues, but the distinct metals/jewelry program appears to have been folded/renamed out of existence and its long-time faculty are gone.",https://www.adams.edu/academics/undergraduate/art/,medium,verify-failed,https://www.adams.edu/academics/undergraduate/art/ | https://www.adams.edu/academics/undergraduate/art/art-faculty/ | https://www.adams.edu/news/gemstone-collection-donated-to-adam-state-art-dept/ | https://www.adams.edu/catalog/emeritus-faculty/ | https://spl.cde.state.co.us/artemis/uascserials/uasc111internet/uasc111200910internet.pdf,2026-05-29,active-no-dedicated-metals-faculty,
142,crafts/metalsdirectorypage/s30.html,Cleveland Institute of Art,,B.F.A,http://www.temple.edu/crafts/metalsdirectorypage/s30.html,,merged-renamed,Jewelry + Metals concentration within the Craft + Design major,"Not definitively confirmed. As of 2024 the longtime Jewelry + Metals faculty Kathy Buszkiewicz and Matthew Hollern were cut, leaving one ranked faculty member to cover the concentration; the Craft + Design major head/chair was not confirmed by an accessible source.",No longer a standalone major. Jewelry + Metals is now a concentration (alongside Ceramics and Glass) within a single combined BFA in Craft + Design. Degree offered: Bachelor of Fine Arts (BFA). CIA is an undergraduate-only professional college of art and design; the program sits in the Craft + Design division/major.,"The independent Jewelry + Metals BFA major was consolidated into a new combined Craft + Design major (launched ~2022-23 academic year), with Jewelry + Metals retained only as a concentration alongside Ceramics and Glass. In April 2024 CIA's administration (per Dean Greg Watts) determined it was no longer sustainable to keep five ranked faculty in the combined major and eliminated two positions in Jewelry + Metals — those of longtime professors Kathy Buszkiewicz (faculty since 1983) and Matthew Hollern — effective end of FY2023-24, leaving a single instructor to cover the full breadth of the concentration (soldering, casting, CAD/3D modeling, etc.). A Change.org petition opposed the cuts. The concentration continues to exist but in a substantially reduced/restructured form.",https://www.cia.edu/majors/craft-design/,high,verify-failed,https://www.cia.edu/news/cleveland-institute-of-art-announces-craft-design-major/ | https://www.cia.edu/majors/craft-design/ | https://www.cia.edu/academics/jewelry-metals | https://www.change.org/p/petition-to-keep-kathy-buszkiewicz-and-matthew-hollern-at-cia | https://www.cia.edu/news/craft-design-amplifies-collaborative-approach/ | https://www.cia.edu/faculty-and-staff/kathy-buszkiewicz/ | https://en.wikipedia.org/wiki/Cleveland_Institute_of_Art,2026-05-29,active-no-dedicated-metals-faculty,"Rachel Suzanne Smith (Professor of Practice, Craft + Design and Foundations (metalsmith; MFA Jewelry/Metals/Enameling, Kent State). CIA adjunct Fall 2024, full-time from Fall 2025)"
143,crafts/metalsdirectorypage/s32.html,College of DuPage,,,http://www.temple.edu/crafts/metalsdirectorypage/s32.html,,yes,Jewelry/Metalsmithing (within the Art program),"Kathleen Kamal Baum (formerly Kathleen Malec / Kathleen Malec Kamal) — professor of jewelry/metalsmithing, ~25+ years at COD; MFA Indiana University 1993. Program is part of the Art faculty; she is the lead jewelry/metals instructor rather than a named ""chair."" Art faculty also include Eric Fuertes, Jill Gower, David Nasca, Mara Baker, Charles Boone, Brad Killam, David Ouellette, Jacqueline Weaver.","Active and expanded. Jewelry/Metalsmithing is a concentration within the Art program (no standalone degree; courses feed the Associate in Fine Arts - Art, plus transfer/elective study and a Jewelry & Metalsmithing student club). Current course sequence: ART 1250 Intro to Jewelry/Metalsmithing; ART 2251 Casting (incl. 3D modeling/printing intro); ART 2252 Forming & Fabrication; ART 2253 Enameling; ART 2254 CAD 3D Modeling for Jewelry; ART 2259 Advanced Studio. Sits in the Art program under the Arts, Communication and Hospitality Division. Well-equipped studio (casting/centrifuge/vacuum, enameling kilns, hydraulic press, rolling mills, laser welder, lapidary) plus a separate Digital Fabrication Studio (3D printers, laser cutter).","Continuation with growth, not closure/merger/rename. The archived faculty record (Kathleen Malec Kamal, 1994 to present) maps to the same person who now teaches as Kathleen Kamal Baum — still active faculty, consistent ~25-year tenure. Since ~2014 the program has continued under her and added/formalized a CAD-CAM track (ART 2254 CAD 3D Modeling for Jewelry plus 3D modeling/printing in the casting course) and a campus Digital Fabrication Studio. The only ""change"" is the instructor's surname (Malec/Kamal -> Kamal Baum); the program itself persists within the Art program / Arts, Communication and Hospitality Division.",https://www.cod.edu/academics/programs/arts/,high,not-needed,https://catalog.cod.edu/courses-a-z/art/ | https://www.cod.edu/academics/programs/arts/ | https://catalog.cod.edu/associate-degree-programs/associate-fine-arts-degree-art/ | https://www.cod.edu/academics/divisions/art-comm-hospitality/index.html | https://codjewelry.wordpress.com/jewelry-classes-at-college-of-dupage/ | https://www.cod.edu/faculty/websites/kamalk/index.aspx | https://www.ratemyprofessors.com/professor/372317 | https://www.cod.edu/academics/programs/arts/contact.html,2026-05-29,active-with-dedicated-faculty,"Jill Gower (Jill Baker Gower) (Assistant Professor of Art - Jewelry/Metals (MFA in metals, Arizona State University)); Kathleen Kamal Baum (Professor of Art - Metalsmithing/Jewelry (MFA Indiana University 1993))"
144,crafts/metalsdirectorypage/s33.html,Colorado State University,,"B.F.A, M.F.A",http://www.temple.edu/crafts/metalsdirectorypage/s33.html,,yes,"Metalsmithing and Jewelry, Department of Art and Art History, Colorado State University","Haley Bates, Professor of Metalsmithing and area coordinator / Graduate Program Coordinator (not the department chair, but the metals program head).","Active and robust. Offers a BFA in Studio Art with a Metalsmithing and Jewelry concentration and a 3-year, 60-credit MFA in Metalsmithing. Housed in the Department of Art and Art History, College of Liberal Arts. ~2,000 sq ft studio with 24 jeweler's benches plus dedicated rooms for raising/forming, casting, enameling, buffing/grinding, welding, and blacksmithing.","Continuation with leadership change. The program remains fully active since ~2014. The archived-record faculty (Nilda Getty, who taught metalsmithing in CSU's Art Department; David La Plantz; Bruce Metcalf) reflect the program's earlier history; current leadership is Haley Bates, Professor of Metalsmithing. The Metals Guild of CSU has been a student/professional engagement body since 2004. No evidence of closure, merger, or renaming.",https://art.colostate.edu/degrees-and-programs/studio-bfa/bfa-metalsmithing-and-jewelry/,high,not-needed,https://art.colostate.edu/degrees-and-programs/studio-bfa/bfa-metalsmithing-and-jewelry/ | https://art.colostate.edu/master-of-fine-arts/mfa-metalsmithing/ | https://www.libarts.colostate.edu/programs/art-studio/metalsmithing/ | https://www.libarts.colostate.edu/people/haleyb/ | https://catalog.colostate.edu/general-catalog/colleges/liberal-arts/art-history/art-major-metalsmithing-concentration/,2026-05-29,active-with-dedicated-faculty,Haley Bates (Professor of Metalsmithing; Metalsmithing & Jewelry Area Coordinator and Graduate Program Coordinator)
145,crafts/metalsdirectorypage/s34.html,College of the Redwoods,,,http://www.temple.edu/crafts/metalsdirectorypage/s34.html,,merged-renamed,Art Department — Jewelry and Metalsmithing (courses within Studio Arts),No program chair specifically for metals; named Art faculty include Natalia Margulis and Lupe Galvan. ART 60 was taught by an instructor named Lund (Fall 2021). Jewelry/metals is taught largely by associate (adjunct) faculty.,"No standalone ""metals/jewelry program"" degree. Jewelry and Metalsmithing survives as coursework (ART 60 Introduction to Jewelry and Metalsmithing + lab) within the Art Department, housed in the new Creative Arts building with a dedicated jewelry studio. Degrees available through the Art Department: Associate of Arts for Transfer in Studio Arts (AA-T), Associate of Arts in Liberal Arts: Fine Arts, and a Certificate of Achievement in Graphic Design and Visual Communication. Location: Eureka, CA (plus Virtual Campus).","Jeff Georgantes (the archived ""1987 to present"" faculty) actually LEFT College of the Redwoods long before the directory went offline — he taught there ~15 years, then coordinated Jewelry/Metals at the Mendocino Art Center (early 1990s–2005), and since 2005 has headed the Jewelry/Metals program at Dartmouth College. So the archived faculty record was already stale by 2014. The discipline itself continued at College of the Redwoods but was absorbed into the general Art Department's Studio Arts offerings rather than existing as a named standalone metals program. As of recent years it remains active: a Fall 2021 ART 60 (Intro to Jewelry and Metalsmithing) syllabus exists, the college recruited an Associate Faculty member in Art-Jewelry and Metalsmithing, the 2024-2025 catalog lists Art courses, and the new Creative Arts building includes a jewelry studio. No leadership ""head of metals"" role is publicly identified now.",https://www.redwoods.edu/academics/art.php,medium,verify-failed,https://www.redwoods.edu/academics/art.php | https://www.redwoods.edu/fs/syllabi/art/2021F-ART60-E1821-Lund.pdf | https://employment.redwoods.edu/postings/4324 | https://www.redwoods.edu/academics/catalog/2024-2025.pdf | https://www.jeffgeorgantes.com/about,2026-05-29,active-with-dedicated-faculty,"Tova Lund (Associate Faculty, Jewelry and Metalsmithing)"
146,crafts/metalsdirectorypage/s35.html,Columbia College,,B.A,http://www.temple.edu/crafts/metalsdirectorypage/s35.html,,merged-renamed,Columbia College Chicago — School of Visual Arts (jewelry/metals now only as course content within Fine Arts / Fabrication Facility),Not findable. No metals/jewelry program head exists; the area is not a discrete program.,"No standalone metals/jewelry degree. Jewelry/metalsmithing survives only as coursework/equipment in the Fabrication Facility under the School of Visual Arts (Fine Arts BFA). Visual Arts BA, Fine Arts BFA, Illustration BFA, Photography BFA currently offered; Fine Arts MFA and Art History BA are being discontinued (new enrollment ends Fall 2025) and the school is consolidating toward a single Visual Arts BA.","If the entry refers to Columbia College Chicago (the most likely match — it is the only ""Columbia College"" with a serious art-school identity and AICAD membership, and historically taught jewelry/metals within its Art & Art History / Fine Arts program): the metals/jewelry offering was never a standalone degree and has been absorbed into the general Fine Arts curriculum and the campus Fabrication Facility (a 15,000 sq ft shared making space with jewelry/metalworking stations, soldering room, pickle pot, etc.). In December 2024 the college announced budget-driven cuts: it is discontinuing the standalone Fine Arts MFA, Art History BA, and several other degrees (new-student enrollment ending Fall 2025) and consolidating Fine Arts/Photography/Illustration toward a single Visual Arts BA, with disciplines like metals continuing only as course content/concentrations. So: no closure of a named metals program (there wasn't one), but the umbrella Fine Arts program that contained it is being restructured/renamed into Visual Arts.",https://www.colum.edu/academics/visual-arts/,low,verify-failed,https://www.colum.edu/academics/visual-arts/ | https://www.colum.edu/academics/creative-and-media-spaces/fabrication-facility | https://catalog.colum.edu/preview_entity.php?catoid=15&ent_oid=1844 | https://www.highereddive.com/news/columbia-college-chicago-cut-11-programs-25-faculty-jobs/735843/ | https://www.cbsnews.com/chicago/news/columbia-college-chicago-discontinue-programs/ | https://www.silversmithing.com/schools.htm | https://www.metalcyberspace.com/schools.htm | https://www.ccis.edu/events/summer-camps/bling-it-on-camp | https://www.columbiasc.edu/academics/undergraduate/studio-art,2026-05-29,active-no-dedicated-metals-faculty,
147,crafts/metalsdirectorypage/s36.html,Columbus College,,"B.S, M.A, B.A",http://www.temple.edu/crafts/metalsdirectorypage/s36.html,,merged-renamed,Fine Arts (BFA/MFA) — jewelry/metalsmithing area,Julie Abijanac (Chair of MFA/BFA Fine Arts). Program founder Kelly Malec-Kosak is now Professor Emeritus of Fine Arts (taught 23 years).,"Jewelry/metalsmithing is offered today as a medium/area of study within the Fine Arts BFA (and the MFA), not as a standalone named ""Metals/Jewelry"" degree or department. Students have access to jewelry-making facilities; ""Introduction to Jewelry"" is a listed course. It now sits inside the Fine Arts program rather than as its own program line.","The most plausible match for the archived ""Columbus College"" listing is Columbus College of Art and Design (CCAD) in Columbus, Ohio. CCAD's jewelry program was founded and long led by Kelly Malec-Kosak, who has since retired (Professor Emeritus, after 23 years). Since ~2014 the discipline has continued but appears to have been folded into the broader Fine Arts BFA/MFA rather than maintained as a discretely branded metals/jewelry program; jewelry/metalsmithing remains an active area of study with dedicated facilities and CCAD still recruits adjuncts in metalsmithing/jewelry. Leadership of Fine Arts is now Julie Abijanac. No closure found — the activity continues, but as part of Fine Arts, which is why I classify it as merged/renamed rather than a standalone continuation.",https://www.ccad.edu/academics/undergraduate-degrees/fine-arts,medium,verify-failed,https://www.ccad.edu/academics/undergraduate-degrees/fine-arts | https://www.ccad.edu/people/kelly-malec-kosak | https://en.wikipedia.org/wiki/Columbus_College_of_Art_and_Design | https://www.ccad.edu/academics/undergraduate-degrees | https://www.metalcyberspace.com/schools.htm,2026-05-29,active-no-dedicated-metals-faculty,
148,crafts/metalsdirectorypage/s42.html,Cranbrook Academy of Art,1939,M.F.A,http://www.temple.edu/crafts/metalsdirectorypage/s42.html,,yes,"Metalsmithing Department, Cranbrook Academy of Art",Iris Eichenberg (Artist-in-Residence and Head of Metalsmithing since 2006),"Active. Offers a two-year MFA in Metalsmithing. It is one of ~11 graduate departments at Cranbrook Academy of Art (Bloomfield Hills, MI). Small cohort (~7-8 students/year), 10,000 sq-ft studio with hot shop, silver room, casting, enamel/electroforming, and powder coating.","Continuation. The archived record's ""Gary S. Griffin 1984 to present"" is outdated — Griffin led Metalsmithing through 2006, when Iris Eichenberg took over as Artist-in-Residence/Head. She remains in that role through 2024-2025 with no closure, merger, or rename. The MFA-in-Metalsmithing structure within Cranbrook Academy of Art is unchanged since ~2014.",https://cranbrookart.edu/departments/metalsmithing/,high,not-needed,https://cranbrookart.edu/departments/metalsmithing/ | https://en.wikipedia.org/wiki/Cranbrook_Academy_of_Art | https://artjewelryforum.org/schools/cranbrook-academy-of-art/ | https://center.cranbrook.edu/surface-levelscranbrook-new-work-cranbrook-academy-art-metalsmithing-department,2026-05-29,active-with-dedicated-faculty,"Iris Eichenberg (Artist-in-Residence, Head of Metalsmithing Department)"
149,crafts/metalsdirectorypage/s43.html,Dakota State University,,B.S,http://www.temple.edu/crafts/metalsdirectorypage/s43.html,,no,"Dakota State University (Art Minor / Digital Arts and Design, B.S.)",,"No dedicated metals/jewelry/studio-art degree. DSU currently offers only an Art Minor (and an Art Minor with K-12 Endorsement) plus a Digital Arts and Design, B.S. Art offerings sit in the College of Arts & Sciences and are digital/design-focused (Computer Graphics, Film, Digital Sound, Animation), not traditional metalwork.","The archived ""metals"" listing appears to be a directory artifact built around one studio-art professor, Allan C. Fisher (hired 1990), who taught Ceramics & Sculpture and worked in cast bronze and jeweler's wax -- not a standalone metals/jewelry program or degree. Fisher left DSU (reported as retiring ""after 10 years in Madison,"" i.e. roughly the early-2000s) and later volunteered teaching art at the South Dakota penitentiary. DSU is a teacher-training school (founded 1881) that the 1984 legislature redirected toward computing/technology; it is now known primarily for cybersecurity and digital arts. There is no evidence DSU ever conferred a metals or jewelry degree, and none exists today. No metals/jewelry program head is findable because no such program exists.",https://dsu.edu/academics/majors-degrees.html,medium,verify-failed,https://dsu.edu/academics/majors-degrees.html | https://dsu.edu/academics/colleges/college-of-arts-and-sciences/index.html | https://catalog.dsu.edu/preview_program.php?catoid=20&poid=1375 | https://catalog.dsu.edu/preview_program.php?catoid=44&poid=3715 | https://en.wikipedia.org/wiki/Dakota_State_University | http://www.allancfisher.com/sculpture.html | https://www.keloland.com/news/the-prison-artists/,2026-05-29,,
150,crafts/metalsdirectorypage/s44.html,Dallas Jewelry Institute,,Certificate,http://www.temple.edu/crafts/metalsdirectorypage/s44.html,,unknown,,,"No current online presence found. No program by this name appears in the comprehensive Texas Jewelers Association educational-programs directory, the Jewelers of America schools directory, the Metalsmith Society class directory, or the Society of North American Goldsmiths-adjacent listings. No degrees or hosting department can be confirmed.","No evidence of continuation, closure, merge, or rename could be located. The archived directory record carries no start date and no faculty (""n/a""), consistent with a small private/proprietary jewelry-training operation rather than an accredited college program. Such operations commonly closed quietly in the 2010s. Because the entity left essentially no durable web footprint, its status since ~2014 cannot be established. No safe assumption of survival can be made; treating it as likely defunct/inactive is plausible but unconfirmed.",,low,verify-failed,https://texasjewelers.org/texas-jewelry-educational-programs/ | https://www.jewelers.org/jewelry-careers/jewelry-schools-directory | https://metalsmithsociety.com/pages/where-to-take-classes | https://archive.org/wayback/available?url=dallasjewelryinstitute.com,2026-05-29,,
151,crafts/metalsdirectorypage/s45.html,Dunconnor Workshop,,,http://www.temple.edu/crafts/metalsdirectorypage/s45.html,,unknown,Dunconor Workshops / Harold O'Connor - Goldsmith Arts (publishing imprint: Dunconor Books),Harold O'Connor (sole proprietor / instructor),"Not an academic degree-granting program. It is a private master-goldsmith studio/workshop run by one person, Harold O'Connor; offers non-credit short workshops (granulation, reticulation, embossing, etc.), not degrees, and sits in no department.","This directory entry is not a school in the academic sense. ""Dunconor"" is a private venture of metalsmith Harold O'Connor (b. 1941, Utica NY; based in Salida, Colorado): his own studio, his workshop-teaching business, and his book imprint ""Dunconor Books."" The archived ""faculty: Harold O'Connor 1993 to present"" simply reflects that he is the sole teacher. O'Connor has taught short workshops at 260-300+ schools across North America and in 14-23 countries for 50+ years. Because the entity is one aging individual's practice rather than an institution, its continuation depends entirely on him; his personal site (haroldoconnor.com) remains live and he was still being celebrated as Salida's master goldsmith as recently as 2024 (local Instagram feature), but no source confirms whether the Dunconor workshop program is still actively running or has wound down. No closure, merger, or institutional rename applies because it was never an institution.",https://www.haroldoconnor.com/,medium,verify-failed,https://www.haroldoconnor.com/ | https://artjewelryforum.org/interviews/harold-oaeconnor/ | https://www.aaa.si.edu/collections/interviews/oral-history-interview-harold-oconnor-13675 | https://americanart.si.edu/artist/harold-oconnor-6323 | https://www.interweave.com/article/jewelry/meet-jewelry-artist-harold-oconnor/ | https://www.instagram.com/eyecandy_salida/p/C7KQSsUpsKk/,2026-05-29,,
152,crafts/metalsdirectorypage/s46.html,East Carolina University,,"B.A, M.A, M.F.A, B.F.A",http://www.temple.edu/crafts/metalsdirectorypage/s46.html,,yes,Metal Design (concentration in the School of Art & Design),"No single named program coordinator confirmed on current pages. Metal design faculty listed: Tim Lazure (MFA), Ken Bova (MFA), and Mi-Sook Hur (MFA, Professor; 2024-25 Fulbright Scholar for Korean enameling). Robert Ebendorf is/was the Carol Grotnes Belk Distinguished Professor of Art. Linda Darty (in archived record) long coordinated metals/enamels and runs ECU's Italy Intensives; she now appears under a ""_trashed""/retired faculty URL, suggesting emeritus/departed status.","Active. Offered as a ""metal design"" area of emphasis/concentration within the BFA in Art and as a coursework area within the 60 s.h., 3-year MFA in Art. Sits in ECU's School of Art & Design (College of Fine Arts and Communication). Includes a notable enameling program. Dedicated metals/jewelry studios (35 benches; MFA metals studio in Jenkins).","Continuation with leadership turnover. The program described in the ~2014-era archive (John Satterfield 1967-2000; Linda Darty 1990-present) continues uninterrupted under newer faculty. Satterfield (founder of the silversmithing program) long retired; Darty appears to have moved into emeritus/retired status (her ECU page is now a ""_trashed"" URL) while remaining tied to ECU's Italy Intensives. The metals area is now led by faculty including Mi-Sook Hur, Tim Lazure, and Ken Bova, with Robert Ebendorf as a distinguished professor. No closure, merger, or rename — it remains the ""Metal Design"" concentration within the School of Art & Design.",https://art.ecu.edu/ug20/mtd/,high,not-needed,https://art.ecu.edu/ug20/mtd/ | https://art.ecu.edu/mfa/ | https://art.ecu.edu/undergraduate/bfa-in-art/ | https://art.ecu.edu/faculty-staff/mi-sook-hur/ | https://news.ecu.edu/2024/05/16/hur-receives-fulbright-to-research-invigorate-traditional-korean-crafts/ | https://art.ecu.edu/faculty-staff__trashed/linda-darty/ | https://www.enamelarts.org/linda-darty/ | https://ecusymposium.com/about-us/ | https://catalog.ecu.edu/preview_program.php?catoid=37&poid=9986,2026-05-29,active-with-dedicated-faculty,"Linda Darty (Professor, Metal Design / ECU Tuscany); Mi-Sook Hur (Professor, Metal Design (first-year)); Tim Lazure (Professor, Metal Design)"
153,crafts/metalsdirectorypage/s48.html,East Tennessee State University,,"B.F.A, M.A, M.F.A",http://www.temple.edu/crafts/metalsdirectorypage/s48.html,,yes,"Jewelry & Metals (Studio Art), Department of Art & Design","Mindy Herrin-Lewis (Professor, Jewelry/Metals area). Department Chair of Art & Design: Tao Huang.","Active. Jewelry & Metals is an area of study within the Department of Art & Design (College of Arts & Sciences), housed in Ball Hall. Degrees: B.A. Studio Art, B.A. Studio Art with TEMD minor, B.F.A. Studio Art (with Jewelry/Metals concentration), Minor in Art, and M.F.A. (Studio Art).","The metals/jewelry program continues uninterrupted as part of the Department of Art & Design. Leadership of the area changed: the archived faculty member David G. Logan (listed ""1979 to present"") is no longer on the faculty; the jewelry/metals area is now led by Professor Mindy Herrin-Lewis (M.F.A., Indiana University). David Logan does not appear in the current faculty directory, indicating retirement/departure since the archived record. The current Department of Art & Design chair is Tao Huang. No closure, merger, or renaming of the program was found.",https://www.etsu.edu/cas/art/areas_of_study/jewelrydesign.php,high,not-needed,https://www.etsu.edu/cas/art/areas_of_study/jewelrydesign.php | https://www.etsu.edu/cas/art/faculty-staff.php | https://www.etsu.edu/cas/art/areas_of_study/areas.php | http://www.etsumetals.com/,2026-05-29,active-with-dedicated-faculty,Mindy Herrin-Lewis (Professor of Jewelry & Metals)
154,crafts/metalsdirectorypage/s49.html,East Texas Baptist University,,"B.F.A, M.F.A",http://www.temple.edu/crafts/metalsdirectorypage/s49.html,,no,East Texas Baptist University (ETBU),,"No metals/jewelry/metalsmithing program exists and none ever did. ETBU is a small private Baptist university in Marshall, TX. Its only visual-art offerings are Visual Communication (BA, applied/design, housed in the School of Communication and Performing Arts) plus minors; the rest of ""the arts"" is Music, Theatre Arts, and Worship Studies. No studio-art or fine-art major, no metals/jewelry coursework.","There was never a metals/jewelry program at ETBU to close, merge, or rename. The archived directory record carries ""metals program started: unknown"" and ""faculty: n/a,"" consistent with an erroneous/stub directory entry. The university's 2010-2011 academic catalog lists only a single general elective art course (ARTS 1302 Fundamentals of Art) and zero jewelry/metals/metalsmithing/silversmithing/goldsmithing courses anywhere in the catalog; there was no art major then and none now. Note web searches frequently confuse ETBU with East Tennessee State University (ETSU), which does run a Jewelry & Metals area — the rich ""piercing, soldering, casting"" course descriptions returned by search belong to ETSU, not ETBU. Since ~2014 ETBU's visual-arts side has consolidated around Visual Communication (and briefly a Digital Arts BA that was discontinued after 2022-2023); no metals program figured in any of it.",https://www.etbu.edu/academics/academic-majors-and-minors-quick-reference,high,verify-failed,https://www.etbu.edu/academics/academic-majors-and-minors-quick-reference | https://www.etbu.edu/sites/default/files/downloads/2010-2011.pdf | https://www.etbu.edu/info-for/current-students/academic-catalogs | https://www.etsu.edu/cas/art/areas_of_study/jewelrydesign.php | https://www.etbu.edu/academics/academic-schools/school-communication-performing-arts/department-communication/programs/digital-arts-ba,2026-05-29,,
155,crafts/metalsdirectorypage/s5.html,"Appalachian Center for Crafts, T.T.U.",,"B.F.A, Certificate",http://www.temple.edu/crafts/metalsdirectorypage/s5.html,,yes,"Metals / Metalsmithing & Blacksmithing concentration, Appalachian Center for Craft, Tennessee Tech University","Daniel Randall, Associate Professor, oversees the Metalsmithing & Blacksmithing concentration (the metals teaching line that succeeded Coogan). Kimberly Winkle is Director & Professor of the Appalachian Center for Craft overall. Talia Tax is listed as a Metals Artist-in-Residence.","Active. Metals is one of five studio concentrations (clay, fibers, glass, metals, wood) within the BFA, plus the BS in Studio Art. Now organized under the School of Art, Craft & Design (College of Fine Arts), of which the Appalachian Center for Craft is the satellite/residential craft campus in Smithville, TN. NASAD-accredited. Metals studio includes separate areas for raising, jewelry & casting, and blacksmithing & fabricating; also runs year-round public workshops.","Continuation with a leadership change. Robert Coogan, who founded the metals program and became its head in 1981, retired from the ACC in 2015 after ~35 years and roughly 700 students. The metals/blacksmithing teaching line was taken over by Daniel Randall (listed as assistant professor c.2018-2019, promoted to associate professor by ~2023-2024). Institutionally the program continued and was reorganized under the School of Art, Craft & Design within Tennessee Tech's College of Fine Arts, with the ACC functioning as the residential craft campus. The program remains active in 2024-2025 with degree concentrations and an ongoing public workshop program.",https://www.tntech.edu/fine-arts/craftcenter/about.php,high,not-needed,https://www.tntech.edu/fine-arts/craftcenter/about.php | https://www.tntech.edu/fine-arts/craftcenter/staff.php | https://www.tntech.edu/directory/fine-arts/art/daniel-randall.php | https://www.tntech.edu/fine-arts/art/index.php | https://www.metalmuseum.org/post/2018/02/20/inside-the-collection-robert-coogan | https://www.tntech.edu/news/releases/24-25/techs-appalachian-center-for-craft-announces-2025-summer-workshop-season.php,2026-05-29,active-with-dedicated-faculty,"Daniel Randall (Associate Professor, School of Art, Craft and Design (oversees the metalsmithing and blacksmithing concentrations)); Talia Tax (Metals Artist in Residence)"
156,crafts/metalsdirectorypage/s50.html,Eastern Illinois University,,"B.A, M.A",http://www.temple.edu/crafts/metalsdirectorypage/s50.html,,yes,Metalsmithing/Jewelry (3D Studio area) within the Department of Art + Design,"Chris Kahler, Department Chair (Department of Art + Design). Metalsmithing taught by Erin M. Rice, Instructor of Metalsmithing (emrice@eiu.edu).","Metalsmithing/jewelry continues as one of three 3D studio areas (with ceramics and sculpture). Offered as a media emphasis within the BA in Art (Studio option, 3D emphasis) and BFA in Art (Studio option, 3D emphasis); also a graduate concentration in the MA in Art. It is not a standalone named degree but an emphasis/concentration within the studio art tracks. Sits in the Department of Art + Design (College of Arts and Humanities), housed in the Doudna Fine Arts Center.","Continuation. The metals/jewelry offering has persisted as part of the 3D studio curriculum. The department was renamed from ""Department of Art"" to ""Department of Art + Design"" in recent years. As of 2026 the program is active, with Chris Kahler serving as chair and Erin M. Rice teaching metalsmithing. No closure or merger of the metals area was found; it remains embedded in the studio art degrees rather than being a freestanding metals/jewelry degree.",https://www.eiu.edu/art/undergrad_3d_studio.php,high,not-needed,https://www.eiu.edu/art/undergrad_3d_studio.php | https://www.eiu.edu/art/ | https://www.eiu.edu/art/personnel.php | https://www.eiu.edu/artgrad/grad_studio.php | https://www.eiu.edu/art/courses.php,2026-05-29,active-with-dedicated-faculty,Erin M. Rice (Instructor of Metalsmithing)
157,crafts/metalsdirectorypage/s51.html,Eastern Kentucky University,,"B.A, B.F.A",http://www.temple.edu/crafts/metalsdirectorypage/s51.html,,yes,"Jewelry and Metals — School of Art & Design, Eastern Kentucky University","Ida Kumoji-Ankrah, Executive Director, School of Art & Design (per 2025 catalog). Jewelry/Metals faculty: Felicia Szorad.","Active. Jewelry and Metals is an emphasis within the Studio Arts concentration of the BFA in Art/Design Studio (also available as a BA studio-art track and a studio-art minor). It sits in the School of Art & Design, College of Letters, Arts & Social Sciences (Richmond, KY campus, Jane Campbell Building). Course sequence ART 240/Jewelry & Metalsmithing I–III still offered.","Continuation with leadership change. The archived faculty member, Tim Glotzbach, taught ~21 years at EKU but left well before 2014 — he became Director of Berea College Student Crafts Industries (Aug 2007–June 2018) and is now retired. The EKU jewelry/metals program continued under new faculty (Felicia Szorad is the current Jewelry and Metals professor). The department reorganized as the ""School of Art & Design"" within the College of Letters, Arts & Social Sciences, now led by Executive Director Ida Kumoji-Ankrah. The program remains active in 2025–2026, evidenced by a current EKU job posting for a ""Jewelry and Metals Studio Technician."" The old art.eku.edu subdomain now 301-redirects to www.eku.edu/class/art-and-design/.",https://www.eku.edu/class/art-and-design/bfa-art-design-studio/,high,not-needed,https://art.eku.edu/jewelry-and-metals | https://www.eku.edu/class/art-and-design/bfa-art-design-studio/ | https://catalogs.eku.edu/course-descriptions/art/ | https://catalogs.eku.edu/undergraduate/letters-arts-social-sciences/institute-creative-collaborative-arts-communication-music-design/art-design/ | https://careers.eku.edu/jobs/jewelry-and-metals-studio-technician-richmond-campus-kentucky-united-states | https://magazine.berea.edu/summer-2015/tim-glotzbach/,2026-05-29,active-with-dedicated-faculty,"Felicia Szorad (Professor of Art, Metals Program Coordinator)"
158,crafts/metalsdirectorypage/s52.html,Eastern Michigan University,,"B.S, B.F.A, M.A, M.F.A",http://www.temple.edu/crafts/metalsdirectorypage/s52.html,,yes,"Metalsmithing (Jewelry & Metalsmithing), School of Art & Design","Sandra Murchison is Professor & Director of the School of Art & Design (school head, not metals-specific). The current dedicated metalsmithing-area faculty member was not definitively confirmed from public sources. Gretchen Otto was the longtime metals professor (listed ~2011 in the SNAG/silversmithing schools directory, gotto@emich.edu); her records are now in the EMU Archives, suggesting she has retired.","Active and thriving. BFA and MFA in jewelry/metalsmithing offered (metalsmithing is an area of study within the School of Art & Design; at the undergraduate level it lives within the 3D Media concentration of the Art BFA, plus the Studio Art MFA at graduate level). The metals program teaches both public-school art-education certification and professional metalsmithing/jewelry tracks. As of Sept 2024 the program moved into the new 23,000 sq ft Windgate Arts Complex, a dedicated 3D Arts building (sculpture, ceramics, furniture, digital fabrication, 3D design, metalsmithing).","Continuation with significant investment, not closure. The archived record (Thomas S. Madden, 1990-1993) predates the program's most recent era by decades. The jewelry/metalsmithing program has remained active continuously. Long-serving metals professor Gretchen Otto (present at least through ~2011) appears to have since retired (her papers are in EMU Archives). Since ~2014 the major development is the 3D Arts Complex initiative: Board of Regents approved a 3D Arts capital project, Windgate Foundation gifts (totaling ~$3.4M), groundbreaking April 2023, and grand opening/dedication of the Windgate Arts Complex on Sept 12, 2024 — consolidating metalsmithing with the other 3D disciplines under one roof for the first time. Students also have the Eastern Silversmiths Guild and ties to the Michigan Silversmiths Guild.",https://www.emich.edu/art/areas-of-study/metalsmithing/index.php,high,not-needed,https://www.emich.edu/art/areas-of-study/metalsmithing/index.php | https://www.silversmithing.com/schools.htm | https://today.emich.edu/story/story/12818 | https://today.emich.edu/story/story/11793 | https://www.easternecho.com/article/2024/09/emu-unveils-new-windgate-arts-complex-in-dedication-ceremony | https://catalog.emich.edu/preview_program.php?catoid=41&poid=17841 | https://www.emich.edu/art/programs/graduate-programs/mfa/index.php | https://aspace.emich.edu/repositories/2/archival_objects/71532,2026-05-29,active-with-dedicated-faculty,Eric Okon (Part Time Lecturer (Metalsmithing/Jewelry))
159,crafts/metalsdirectorypage/s53.html,Eastern New Mexico University,,,http://www.temple.edu/crafts/metalsdirectorypage/s53.html,,yes,"Jewelry / Small Metals (medium within BFA in Art, Emphasis in Visual Arts), Department of Art, College of Fine Arts","Not confirmed. The current ENMU art faculty/staff web page does not name a department chair; search hints suggested a combined Art & Music chair arrangement under Dean of Fine Arts David Steffens, but this could not be verified. No current metals/jewelry specialist faculty member is named on the live faculty page.","Jewelry and small metals continue to be offered, but as one medium/concentration inside the Bachelor of Fine Arts in Art with an Emphasis in Visual Arts (which spans painting, drawing, ceramics, sculpture, photography, printmaking, jewelry, and small metals). It is NOT a standalone metals/jewelry degree. Housed in the Department of Art, College of Fine Arts, ENMU (Portales, NM). The department also offers BFA emphases in Graphic Design and 2D Animation, plus an AA Two-Year Art Foundation and several minors.","Continuation with a leadership/faculty change. The archived record lists Gregory P. Senn (hired Aug 1986) as the metals/jewelry faculty. Senn was still teaching jewelry/sculpture/3D design as of a Dec 6, 2017 ENMU news profile, where at 32 years of service he stated ""retirement looks good."" He no longer appears on the current ENMU Department of Art faculty page (which lists Maria Farhadi [graphic design], Julian Francolino [art history], Annapurna Kumar [2D animation], Donnie O'Hare [photography], and gallery curator Bryan Hahn), indicating he has since left/retired. The jewelry/small-metals offering survived as a medium within the BFA Visual Arts emphasis, but the program no longer has a clearly named dedicated metals instructor on the public faculty roster.",https://www.enmu.edu/academics/colleges-departments/college-of-fine-arts/academic-departments/department-of-art,medium,not-needed,https://www.enmu.edu/academics/colleges-departments/college-of-fine-arts/academic-departments/department-of-art | https://www.enmu.edu/academics/colleges-departments/college-of-fine-arts/academic-departments/department-of-art/faculty-staff-art | https://www.enmu.edu/academics/degrees-programs/undergraduate-degree/bachelor/visual-arts | https://www.enmu.edu/about/news-and-events/enmu-news/general-news/2388-art-professor-passionate-about-scuba-diving | https://www.enmu.edu/academics/colleges-departments/college-of-fine-arts/academic-departments/department-of-art/degree-programs-art/undergraduate/bfa-degree-options,2026-05-29,active-no-dedicated-metals-faculty,
160,crafts/metalsdirectorypage/s54.html,Eastfield College,,,http://www.temple.edu/crafts/metalsdirectorypage/s54.html,,merged-renamed,"Dallas College – Eastfield Campus (Visual Art / ""art metals"")","Not individually findable. Program contact is the School of Creative Arts, Entertainment and Design (972-860-8912 / PathwaySuccess@DallasCollege.edu); no named art metals coordinator published.","No standalone metals/jewelry degree program. Metalsmithing/jewelry survives as studio coursework — ARTS 2341 ""art metals"" (3 cr, jewelry design & metal construction) — within the Visual Art department at the Eastfield Campus. It is an elective track inside the transfer-oriented Associate of Arts in Studio Art and Design Studies / Graphic Design (60 SCH AA), offered across all Dallas College campuses including Eastfield, under the School of Creative Arts, Entertainment and Design.","Eastfield College ceased to exist as an independently accredited institution. In Feb 2020 the Dallas County Community College District applied to SACSCOC to consolidate its seven separately accredited colleges (Brookhaven, Cedar Valley, Eastfield, El Centro, Mountain View, North Lake, Richland) into one institution; SACSCOC approved on June 12, 2020. The district rebranded as ""Dallas College"" and the former colleges became campuses. Eastfield is now ""Dallas College – Eastfield Campus."" The metals/jewelry offering was always coursework within Eastfield's Visual Art department rather than a degree program, and it continues — the live Eastfield Visual Art page still lists ""art metals"" among its studio areas, and ARTS 2341 (metalsmithing) appears in recent (2023-24, Spring 2024/2025) Dallas College catalogs/schedules at the Eastfield campus.",https://www.dallascollege.edu/cd/credit/art/efc/pages/visual-art.aspx,high,verify-failed,https://www.dallascollege.edu/cd/credit/art/efc/pages/visual-art.aspx | https://www.dallascollege.edu/gps/2024/studio-art-and-design-studiesgraphic-design/ | https://www.dallascollege.edu/news/2020/dcccd-receives-approval-for-single-accreditation-paving-way-for-dallas-college/ | https://www.dallascollege.edu/locations/eastfield/ | https://www1.dcccd.edu/Cat22-23/coursedescriptions/detail.cfm?course=ARTS&number=2341 | http://eastfieldnews.com/2021/03/04/dallas-college-approved-to-operate-as-one-college/,2026-05-29,unclear,
161,crafts/metalsdirectorypage/s55.html,Edinboro University of Pennsylvania,,"B.S, M.A, B.F.A, M.F.A",http://www.temple.edu/crafts/metalsdirectorypage/s55.html,,merged-renamed,"PennWest Edinboro (Pennsylvania Western University, Edinboro campus) — Studio Arts, Jewelry & Metals concentration","No single program head publicly listed for metals. Jewelry/metalsmithing faculty: Sue (Suzanne) Amendolara, Professor (teaching at Edinboro since 1991; SNAG president 2011–2014), and Cappy Counard, Professor. (Department-level chair not confirmed from sources reviewed.)","Active and robust. Offered as: BFA in Studio Arts (Jewelry & Metals concentration), MFA in Studio Art (Jewelry/Metalsmithing specialization, 3-year/60-credit), and a Jewelry & Metals minor. Sits in the Studio Art / Art department, delivered in-person at the Edinboro campus. NASAD-accredited (Edinboro since 2007).","The institution was not closed. On 2022-03-10 the PASSHE board approved integrating Edinboro University with Clarion University and California University of Pennsylvania, effective 2022-07-01. California University was the surviving institution and was renamed Pennsylvania Western University (PennWest); the Edinboro site now operates as ""PennWest Edinboro."" Edinboro University of Pennsylvania's separate accreditation and PA degree-granting authority ceased 2022-07-01. The metals/jewelry program continued through this transition uninterrupted and remains active at both undergraduate and graduate levels. The archived faculty record (Gene Bahling, 1969–) is long superseded; current metals faculty are Amendolara and Counard.",https://www.pennwest.edu/academics/programs/studio-art-grad/jewelry-metalsmithing.php,high,verify-failed,https://www.pennwest.edu/academics/programs/studio-art-grad/jewelry-metalsmithing.php | https://www.pennwest.edu/academics/programs/studio-arts/jewelry-metals.php | https://www.pennwest.edu/academics/programs/minors/jewelry-metals-minor.php | https://en.wikipedia.org/wiki/PennWest_Edinboro | https://www.msche.org/institution/0497/ | https://americanart.si.edu/artist/suzanne-l-amendolara-27223,2026-05-29,active-with-dedicated-faculty,Cappy Counard (Professor of Jewelry and Metals)
162,crafts/metalsdirectorypage/s56.html,Emporia State University,,B.F.A,http://www.temple.edu/crafts/metalsdirectorypage/s56.html,,merged-renamed,"Department of Art — BFA, Engraving Arts concentration (School of Visual + Performing Arts)","James Ehlers was Don and Mary Glaser Distinguished Professor of Engraving Arts and chair of the Department of Art (at ESU 2007–2024; served as interim Dean of the School of Visual + Performing Arts 2023–2024, then left for Baylor University in 2024). Current chair/director post-2024 not definitively confirmed; some 2024 references name Katherine Iselin as interim art director. Treat current head as uncertain.","No standalone metals/jewelry/metalsmithing concentration today. The Art Department (in the School of Visual + Performing Arts) offers a BFA with five studio concentrations: Engraving Arts, Glass Forming, Graphic Design, Painting, and Ceramics, plus a BA in Art, BSE Art Education, and Pre-Art Therapy. The metal/jewelry niche has effectively been folded into the Engraving Arts concentration, which uses GRS pneumatic and push engraving tools and explicitly invites metal, assemblage, and found-object work into its lab. ESU bills the Engraving Arts BFA as the only such bachelor's program in the world.","The directory's metals/jewelry listing for Emporia State has been superseded. The SNAG community-links schools directory now lists ESU as ""Art Department / Engraving"" (contact jehlers@emporia.edu) rather than metals/jewelry, and ESU is not listed in the Metalcyberspace metals-schools directory. The program's metal-focused craft activity now lives inside the Engraving Arts concentration (which ESU markets as the world's only engraving BFA). Separately, ESU underwent a major 2022 restructuring under President Ken Hush (33 faculty/staff terminated Sept 2022, multiple programs suspended; AAUP investigated), followed by a publicized ""Reinvestment in Art"" initiative (new hires, King Hall renovations). Engraving program leader James Ehlers chaired Art through 2024 then moved to Baylor; leadership has changed since.",https://www.emporia.edu/visual-and-performing-arts/art/,medium,verify-failed,https://www.emporia.edu/visual-and-performing-arts/art/ | https://www.emporia.edu/visual-and-performing-arts/art/bachelor-fine-arts/bachelor-fine-arts-engraving-arts-concentration/ | https://snagmetalsmith.org/resources/community-links/page/2/?_community_link_type=schools | https://www.insidehighered.com/news/2022/09/21/why-emporia-state-axed-33-employees | https://www.emporia.edu/about-emporia-state-university/forward-focused-future-ready/reinvestment-in-art/ | https://kvoe.com/2023/01/23/esu-announces-department-reorganization-and-promotion-of-two-professors-as-part-of-reinvestment-initiative-monday/ | https://art.artsandsciences.baylor.edu/sites/g/files/ecbvkj1471/files/2024-06/James%20Ehlers%20CV_0.pdf | https://www.metalcyberspace.com/schools.htm,2026-05-29,active-no-dedicated-metals-faculty,
163,crafts/metalsdirectorypage/s57.html,Fashion Institute of Technology,1979,B.A,http://www.temple.edu/crafts/metalsdirectorypage/s57.html,,yes,Jewelry Design (FIT),"Michael Coan (Assistant Professor and Chairperson, Jewelry Design Department); Kim Nelson (Assistant Chairperson)","Active and thriving. Offers a two-year Associate in Applied Science (AAS) in Jewelry Design. The program sits in the Jewelry Design Department within FIT's School of Art and Design. AAS graduates can ladder into related BFA programs (Footwear and Accessories Design, Textile/Surface Design, Toy Design). Curriculum covers traditional metal-arts/silversmithing fabrication plus CAD modeling, 3D printing, gemology, electroforming, enameling, and goldsmithing.","Continuation. The program has run uninterrupted through and since ~2014. It remains the AAS Jewelry Design major at FIT (a SUNY college), now housed in the School of Art and Design. No closure, merger, or rename was found — only modernization of the curriculum (added CAD/3D-printing/CAM emphasis alongside traditional metalsmithing). Current leadership is chairperson Michael Coan with assistant chair Kim Nelson; FIT has also recently posted full-time faculty hiring for Jewelry Design, indicating ongoing investment.",https://www.fitnyc.edu/academics/academic-divisions/art-and-design/jewelry-design/index.php,high,not-needed,https://www.fitnyc.edu/jewelry-design/program/index.php | https://catalog.fitnyc.edu/undergraduate/majors/twoyearassociatedegreeprograms/jewelrydesignmajor/ | https://www.fitnyc.edu/academics/academic-divisions/art-and-design/jewelry-design/degree-details/index.php | https://www.fitnyc.edu/jewelry-design/faculty.php | https://www.linkedin.com/in/kim-nelson-6031b157/ | https://www.higheredjobs.com/faculty/details.cfm?JobCode=179206413 | https://www.fitnyc.edu/about/history.php,2026-05-29,active-with-dedicated-faculty,"Kim Nelson (Assistant Professor and Assistant Chair of the Department, Fashion–Jewelry); Karen Bachmann (Adjunct Assistant Professor, Fashion–Jewelry); Richard A. Barth (Adjunct Assistant Professor, Fashion–Jewelry); Dana Buscaglia (Adjunct Instructor, Fashion–Jewelry); Frank Fraley (Adjunct Instructor, Fashion–Jewelry); Lisa Linhardt (Adjunct Instructor, Fashion–Jewelry); Akiyo Matsuoka (Adjunct Instructor, Fashion–Jewelry); Steven Parker (Adjunct Assistant Professor, Fashion–Jewelry)"
164,crafts/metalsdirectorypage/s58.html,Flagler College,,B.A,http://www.temple.edu/crafts/metalsdirectorypage/s58.html,,no,Fine Arts (Department of Art &amp; Design / School of Creative Arts and Letters),"Leslie Robison (Dean/Professor) leads the visual arts faculty; she is the senior named faculty member rather than a confirmed ""department chair."" Other Fine Arts faculty: Laura Mongiovi, Sara Pedigo.","Flagler College still offers Fine Arts (Major, Minor, and BFA), with concentrations listed as drawing, painting, sculpture, photography, printmaking, ""and more."" No metals, metalsmithing, or jewelry concentration or course is listed in the current catalog or program pages. The Fine Arts program sits within the School of Creative Arts and Letters.","The archived directory entry was anchored to Enzo Torcoletti, who taught at Flagler 1971-present per the record. However, Torcoletti is a sculptor/printmaker/art historian (MFA Sculpture, FSU 1971; BFA Sculpture & Printmaking, U. Windsor), NOT a metalsmith — he taught Sculpture, Drawing, and Art History. There is no evidence Flagler ever ran a dedicated metals/jewelry program; the directory likely cataloged him as a 3D/crafts faculty contact. Since ~2014, Torcoletti has become Emeritus Professor of Art (now primarily a stone-carving studio sculptor in St. Augustine). The Fine Arts program continues with sculpture and printmaking among its concentrations, but no metals/jewelry offering appears. So as a ""metals/jewelry program,"" it effectively never existed and does not exist now; the surrounding Fine Arts program continues.",https://www.flagler.edu/academics/degrees-programs/visual-arts/fine-arts,medium,verify-failed,https://www.flagler.edu/academics/degrees-programs/visual-arts/fine-arts | https://www.flagler.edu/academics/degrees-programs/visual-arts/bachelor-fine-arts-bfa | https://www.flagler.edu/academics/degrees-programs/school-creative-arts-and-letters | https://catalog.flagler.edu/preview_program.php?catoid=7&poid=882 | https://artsondouglas.net/collections/enzo-torcoletti | https://historiccoastculture.com/artist/enzo-torcoletti/,2026-05-29,,
165,crafts/metalsdirectorypage/s59.html,Florida Atlantic University,,"B.A, B.F.A",http://www.temple.edu/crafts/metalsdirectorypage/s59.html,,no,Department of Visual Arts & Art History (BFA in Studio Art),"Joseph Velasquez (Department Chair, Head of Printmaking, Associate Professor)","FAU offers a BFA in Studio Art with concentrations in Ceramics, Painting, Photography, Printmaking, and Sculpture only. There is NO jewelry/metals/metalsmithing concentration and no metals/jewelry faculty currently. The program sits in the Department of Visual Arts & Art History, Dorothy F. Schmidt College of Arts and Letters.","The archived ""metals"" listing reflects the era of William Lattimer, who taught crafts, jewelry, and sculpture in FAU's Department of Art for more than twenty years (the ""1965 to present"" archived note is long outdated; FAU's own public-art page describes his tenure in the past tense and displays his sculpture ""Bird Forms"" as a legacy/memorial piece). The dedicated metals/jewelry/crafts offering did not survive into the current curriculum. As of 2025-2026, FAU's BFA in Studio Art (now under the Department of Visual Arts & Art History) lists only Ceramics, Painting, Photography, Printmaking, and Sculpture as concentrations, with no metals/jewelry area head among the listed faculty (Printmaking, Graphic Design, Painting/Drawing, Sculpture, Photography, Ceramics, Art History). The metals program effectively ended/was discontinued after Lattimer's tenure; no current metals coursework or faculty was found. Department is now chaired by Joseph Velasquez.",https://www.fau.edu/artsandletters/vaah/bfa-sa/,medium,verify-failed,https://www.fau.edu/artsandletters/galleries/public-art/boca-campus/admin-stairs/ | https://www.fau.edu/artsandletters/vaah/bfa-sa/ | https://www.fau.edu/artsandletters/vaah/faculty/ | https://www.fau.edu/artsandletters/vaah/,2026-05-29,,
166,crafts/metalsdirectorypage/s6.html,Arizona State University,,"B.F.A, M.F.A",http://www.temple.edu/crafts/metalsdirectorypage/s6.html,,yes,"Metals (Art) program, ASU School of Art",,"Active — BFA Art (Metals) and MFA (Art) with a metals area, within the ASU School of Art / Herberger Institute for Design and the Arts.","The metals/jewelry program — built into national prominence by David Pimentel (taught 1973–2004, died 2004) and earlier by Charles Loloma and Bob Winston — continues uninterrupted. Becky McDonah headed the metals area 2005–2012, then left for Millersville University in July 2012. No closure, merger, or rename has occurred; metals remains one of the named studio areas in the ASU School of Art's BFA and MFA degrees, and ASU still maintains one of the best-equipped metals studios in the US. The School of Art is housed within the Herberger Institute for Design and the Arts.",https://degrees.apps.asu.edu/bachelors/major/ASU00/FAARTMBFA/art-metals,high,not-needed,https://degrees.apps.asu.edu/bachelors/major/ASU00/FAARTMBFA/art-metals | https://art.asu.edu/masters-degrees-phds/majorinfo/HIARTMFA/graduate/false/12 | https://www.metalmuseum.org/post/inside-the-collection-david-pimentel | https://news.asu.edu/content/metals-students-create-works-beauty-endurance | https://www.millersville.edu/art/faculty-and-staff/tenured/mcdonah-b.php | https://art.asu.edu/,2026-05-29,active-with-dedicated-faculty,"Wanesia Spry Misquadace (Associate Professor (Metals; head of the Metals program), School of Art)"
167,crafts/metalsdirectorypage/s65.html,Florida Gulf Coast Art Center,,,http://www.temple.edu/crafts/metalsdirectorypage/s65.html,,no,"Defunct (formerly relocated/renamed Gulf Coast Museum of Art, closed 2009; building now The Gallery at Creative Pinellas)",None (organization defunct since 2009). Last director of the successor Gulf Coast Museum of Art was Michelle Turman (c. 2007-2009).,"No metals/jewelry program exists. The organization closed in 2009. It was a community art center, never a degree-granting academic program. NOTE: This is a distinct institution from Florida Gulf Coast University (FGCU) in Fort Myers, which is unrelated and offers a general Art BA (painting/drawing/sculpture/ceramics/printmaking/photography) with no dedicated metalsmithing/jewelry degree.","Closed. The Florida Gulf Coast Art Center was a non-degree community art center in Belleair, FL (roots to the Belleair Arts Center, ~1936; long-running facility on land donated 1944, built 1948). It ran art classes/workshops and, in the 1980s, partnered with the Florida Society of Goldsmiths (FSG) on art-metal/jewelry workshops and the first exhibition of art-metal jewelry by Florida artists (May 1986). In 1999 the organization relocated to Pinewood Cultural Park in Largo, FL and was renamed the Gulf Coast Museum of Art. Facing severe financial pressure, the Gulf Coast Museum of Art closed in January 2009. Its permanent collection (contemporary Florida art) was transferred to St. Petersburg College (Florida International Museum), and the Largo building later became The Gallery at Creative Pinellas. The closure (2009) predates the directory's ~2014 offline window, so by the archived snapshot the program no longer existed.",https://en.wikipedia.org/wiki/Gulf_Coast_Museum_of_Art,high,verify-failed,https://en.wikipedia.org/wiki/Gulf_Coast_Museum_of_Art | https://www.tampabay.com/archive/2008/08/29/struggling-gulf-coast-museum-to-close/ | https://www.cltampa.com/arts/thanks-to-spc-the-gulf-coast-museums-collection-of-tampa-bay-artists-remains-intact-12272209/ | https://www.fsgmetalsmiths.org/history | https://www.corporationwiki.com/Florida/Belleair/florida-gulf-coast-art-center-foundation-inc-4143868.aspx | https://www.tampabay.com/archive/1994/05/09/center-s-future-is-still-a-question/ | https://www.floridamemory.com/items/show/87835,2026-05-29,,
168,crafts/metalsdirectorypage/s66.html,Florida Keys Community College,,,http://www.temple.edu/crafts/metalsdirectorypage/s66.html,,no,The College of the Florida Keys,,"No jewelry/metals/metalsmithing program exists. The institution itself continues as The College of the Florida Keys (renamed 2019). Its current academic departments are entirely marine/vocational/health focused (Marine Science, Lockwood School of Diving, Nursing, Culinary, Business, EMS, etc.) with no art, craft, jewelry, or metals department of any kind.","The metals/jewelry listing does not survive. Florida Keys Community College was renamed The College of the Florida Keys in 2019 to reflect its new baccalaureate-granting status (first bachelor's degree launched Jan 2017; name-change bill filed 2017-2019, approved 2019). Any jewelry/metals instruction that existed circa 2014 would have been a non-credit community/continuing-education offering rather than a degree program; no such class appears in current offerings, and the college has no art/craft department now. The institution never appears in the Society of American Silversmiths (SNAG-affiliated) school directory.",https://www.cfk.edu/academics/academic-departments/,medium,verify-failed,https://www.cfk.edu/academics/academic-departments/ | https://www.cfk.edu/discover/history-of-cfk/ | https://en.wikipedia.org/wiki/College_of_the_Florida_Keys | https://www.silversmithing.com/schools.htm | https://www.cfk.edu/academics/continuing-education/,2026-05-29,,
169,crafts/metalsdirectorypage/s67.html,Georgia State University,,B.F.A,http://www.temple.edu/crafts/metalsdirectorypage/s67.html,,no,"Ernest G. Welch School of Art & Design, Georgia State University",,"No jewelry/metals/metalsmithing degree or concentration is offered today. The Ernest G. Welch School of Art & Design (within the College of the Arts) currently offers BA/BFA/MFA studio degrees in nine areas: Ceramics, Drawing & Painting, Graphic Design, Interior Design, Photography & Expanded Media, Printmaking, Sculpture, Textiles, and Art History. Metalsmithing/jewelry is absent from this list.","The metals/jewelry program appears to have been discontinued as a standalone concentration. The archived directory listed Richard Mafong as faculty ""to present,"" but Georgia State's own current records (e.g., a Digital Library of Georgia archival entry) describe him as a ""former"" GSU professor, indicating he has left/retired. The school awarded a BFA in ""Jewelry Design and Metalsmithing"" as recently as 1997 (a documented graduate studied under Mafong), confirming the program once existed. Today the Welch School lists nine studio concentrations and none is jewelry or metals, so the dedicated program no longer exists as a degree path. A metal shop/iron forge still exists within the Sculpture facilities, and some jewelry-related coursework may persist, but there is no jewelry/metals concentration or degree. The exact closure date and whether it formally merged into Sculpture could not be confirmed from available sources.",https://artdesign.gsu.edu/undergraduate/,medium,verify-failed,https://artdesign.gsu.edu/undergraduate/ | https://thearts.gsu.edu/college-of-the-arts/academics/explore-majors-programs/ | https://dlg.usg.edu/record/gsu_ajc_4591 | https://www.metalartsguildga.org/instructors/kathy-kinev | https://artdesign.gsu.edu/,2026-05-29,,
170,crafts/metalsdirectorypage/s68.html,Georgian Court College,,B.A,http://www.temple.edu/crafts/metalsdirectorypage/s68.html,,no,Georgian Court University (Department of Art & Visual Studies),Not findable on public catalog/department pages (no chair named on the Department of Art & Visual Studies page or in the Visual Art BA catalog entry).,"No dedicated metals/jewelry/metalsmithing program, concentration, or course exists today. The art department survives as the Department of Art & Visual Studies (School of Arts & Sciences), offering a B.A. in Visual Art and a Studio Art minor. The current catalog's Visual Art BA requirements and the AR course descriptions list drawing, design, painting, sculpture, printmaking, photography, graphic design, and art history — no metals or jewelry courses.","The institution itself continues: Georgian Court College became Georgian Court University in February 2004 (NJ Commission on Higher Education granted university status). The archived ""metals program"" entry hinged on faculty member Geraldine (Khaner) Velasquez, who taught in the art department from 1980 to 2015 — introducing studio crafts including jewelry/enamel/fiber and chairing the art, communication, graphic design and multimedia departments. She retired in 2015. Since then the broader Visual Art major has continued under the renamed Department of Art & Visual Studies, but no metals/jewelry/metalsmithing curriculum is present in the current catalog or course list. There is no evidence of a formally named, standalone metals program being closed or renamed — rather, the crafts/jewelry teaching appears to have been tied to Velasquez and did not continue as a distinct offering after her 2015 retirement. The archived record's ""1980 to present"" reflects the directory's pre-2015 snapshot.",https://georgian.edu/academics/department-of-art-visual-studies/,medium,verify-failed,https://georgian.edu/academics/department-of-art-visual-studies/ | https://catalog.georgian.edu/undergraduate/school-arts-sciences/art-visual-studies/visual-arts-bachelor-art/ | https://catalog.georgian.edu/undergraduate/course-descriptions/ar/ | https://ollincstate.wordpress.com/2019/10/14/geraldine-khaner-velasquez-olli-instructor-profile/ | https://tworivertimes.com/lincroft-artist-holds-exhibition-at-georgian-court/ | https://en.wikipedia.org/wiki/Georgian_Court_University,2026-05-29,,
171,crafts/metalsdirectorypage/s69.html,Glassboro State College,,B.A,http://www.temple.edu/crafts/metalsdirectorypage/s69.html,,merged-renamed,"Rowan University — Jewelry & Metals (Art Department, College of the Arts)","Program/area faculty include Maureen Duffy (professor of Jewelry & Metalsmithing); other listed instructors include James Betts, Sarah Montagnoli, Juhyung Park, Jill Gower, and Mallory Weston. No single named Art Department chair was confirmed on the current public pages.","Active. Jewelry & Metals is one of the studio concentrations within the Art Department in the College of the Arts at Rowan University (Glassboro, NJ). Offered through the B.F.A. in Studio Art (Jewelry & Metals concentration) and as a component of the B.A. in Art; the Art Department also offers a dual Art & Education (K-12) major and Minors in Art and Art History. Coursework runs Introduction → Intermediate → advanced Metals & Jewelry (ART 09210/09311 etc.), covering fabrication, soldering, forging, etching, vitreous enameling, casting, and advanced forming. Department housed in Westby Hall, 300 Memorial Circle, Glassboro, NJ 08028.","The institution was renamed, not the program closed. Glassboro State College was renamed Rowan College of New Jersey in 1992 following Henry Rowan's gift and became Rowan University in 1997 — well before the directory went offline. The jewelry/metals program continued through this transition and remains an active studio concentration. Since ~2014 it has continued as the ""Jewelry & Metals"" BFA area of study within the Art Department; the institutional moves were the campus-wide College of the Arts / Ric Edelman College reorganizations and web migration (the program page moved from ccca.rowan.edu to rowan.edu/arts), with no closure of the metals program. Long-time faculty Maureen Duffy continues to anchor the area.",https://www.rowan.edu/arts/art/programs/jewelry.html,high,verify-failed,https://www.rowan.edu/arts/art/programs/jewelry.html | https://www.rowan.edu/arts/art/programs/ | https://catalog.rowan.edu/preview_course_nopop.php?catoid=9&coid=30596 | https://www.coursicle.com/rowan/courses/ART/09311/ | https://admissions.rowan.edu/academic-programs/ccca/art.html,2026-05-29,active-with-dedicated-faculty,Jill Baker Gower (Associate Professor of Art (Jewelry/Metals)); Maureen Duffy (Professor of Jewelry and Metalsmithing (3/4 time))
172,crafts/metalsdirectorypage/s7.html,Ball State University,,"B.F.A, M.A",http://www.temple.edu/crafts/metalsdirectorypage/s7.html,,yes,"Metals + Jewelry, School of Art, Ball State University","Jessica Calderwood, Associate Professor of Art, leads/coordinates the Metals + Jewelry program (teaching at Ball State since 2016). Note: she leads the metals AREA; the School of Art has its own director.","Active and thriving. Offered as a Metals concentration within the School of Art's undergraduate Studio Art degrees (BFA and BA), plus a graduate MFA with a Metals concentration, and a Minor in Ceramics, Glass, Jewelry and Metals. Sits in the School of Art, College of Fine Arts.","Continuation with a leadership change. The program was founded in 1961 by Ned Griner. Distinguished Professor Pat Nelson led it for nearly four decades starting in 1979. Jessica Calderwood joined in 2016 and now leads the metals area; Nelson has since retired and was honored with a 2023 ""Legacies"" retrospective exhibition at Gordy Fine Art & Framing in Muncie. The program remains fully active post-2014, with ongoing thesis exhibitions (2023), a student Metals Guild, and recent projects such as the 2024 Radical Jewelry Makeover (exhibited at IU Bloomington's Grunwald Gallery and Made in Muncie Pottery).",https://www.bsu.edu/academics/collegesanddepartments/art/areas-of-study/graduate/metals,high,not-needed,https://www.bsu.edu/academics/collegesanddepartments/art/areas-of-study/graduate/metals | https://www.bsu.edu/academics/collegesanddepartments/art/student-gallery/metals | https://www.bsu.edu/academics/collegesanddepartments/art/about-us/faculty-and-staff/faculty/calderwoodjessica | https://www.bsu.edu/academics/collegesanddepartments/art/areas-of-study/minor/ceramics-glass-jewelry-and-metals | https://www.ballstatedaily.com/article/2023/04/ball-state-metals-students-prepare-to-graduate-and-showcase-their-theses-gallery-concentration-major-art-seniors | https://www.gordyframing.com/2023/03/legacies-pat-nelson-and-the-ball-state-metals-jewelry-program/ | https://blogs.bsu.edu/2024/09/27/crafting-change-with-the-radical-jewelry-makeover-project/,2026-05-29,active-with-dedicated-faculty,"Jessica Calderwood (Associate Professor of Art, Metals and Jewelry)"
173,crafts/metalsdirectorypage/s70.html,Glassell School of Art / The Museum of Fine Arts,,Certificate,http://www.temple.edu/crafts/metalsdirectorypage/s70.html,,yes,"Glassell School of Art — Jewelry & Enamel program, Glassell Studio School, The Museum of Fine Arts, Houston (MFAH)","Sandie Zilker — Department Chair / head of the Jewelry and Enamel Department and Three-Dimensional Design (long-tenured, 40+ years at Glassell; confirmed through recent catalogs). Other named jewelry/enamel faculty include Jan Harrell and Nathan Dube.","Active and thriving. Non-degree-granting community/continuing-education art school. The Jewelry & Enamel program is one of the studio disciplines of the Glassell Studio School (the adult division; the school also has a Junior School and the postgraduate Core Program). Offers a full curriculum in metalsmithing, enameling, beading, and digital/CAD technology. Students can earn a Certificate of Achievement with jewelry as a major field (the certificate offers majors in drawing, painting, photography, printmaking, sculpture, ceramics, or jewelry). The program sits within the Glassell Studio School at MFAH; jewelry is paired with the Three-Dimensional Design area under the same department chair.","Continuation with no closure or rename. The Jewelry & Enamel program dates to 1965 (the school's first jewelry course was held in the MFAH basement). In 2015 the program's 50th anniversary was marked by the exhibition ""Course of Action: 50 Years of Jewelry and Enamel at the Glassell School of Art"" at the Houston Center for Contemporary Craft. The Glassell School moved into a new purpose-built building (opened May 2018) as part of the MFAH campus expansion, with current studio facilities. The program continues actively into 2025–2026 with full Fall 2025 catalog course listings (Jewelry Fundamentals I/II, Intermediate/Advanced Jewelry, Enameling levels, metal clay, soldering, chain making, stone setting, plus digital technology). No leadership change found — Sandie Zilker has remained department chair throughout this period.",https://www.mfah.org/learn/glassell-studio-school/programs,high,not-needed,https://www.mfah.org/learn/glassell-studio-school/programs | https://www.mfah.org/learn/glassell-studio-school | https://glassell.mfah.org/public/category/programStream.do?method=load&selectedProgramAreaId=1025015&selectedProgramStreamId=1026173 | https://static.mfah.com/documents/glassell-studio-school-fall-25-catalog.4434550632532160672.pdf | https://crafthouston.org/exhibition/course-of-action/ | https://crafthouston.org/2015/04/glassell-schools-exceptional-jewelry-enamel-work-on-view-at-hccc-this-summer/,2026-05-29,active-with-dedicated-faculty,"Sandie Zilker (Head, Jewelry and Enamel Department (also 3D Design); on faculty since 1974); Jan Arthur Harrell (Faculty, Enameling / Metalsmithing (since 1993)); Nathan Dube (Faculty, Metalsmithing / Jewelry)"
174,crafts/metalsdirectorypage/s71.html,Harding University,,"B.A, B.S, B.F.A",http://www.temple.edu/crafts/metalsdirectorypage/s71.html,,no,"Department of Art, Architecture and Design (formerly Department of Art & Design)","Stacy Gibson, M.F.A. (Professor and Department Chair)","Harding's art unit is the Department of Art, Architecture and Design (College of Arts & Sciences), Searcy, AR. Current degrees: BA in Art, BFA in Art, BFA in Graphic Design, Art Education (P-12), plus Architecture and Interior Architecture/Design programs. No named metals/jewelry/metalsmithing concentration, course, or degree is currently offered. The BA/BFA core lists drawing, design, color theory, painting, printmaking, ceramics, photography, digital design, art history, and generic ""three-dimensional media"" — but nothing metals/jewelry-specific.","No evidence found that Harding ever operated a distinct metals/jewelry program. The archived directory record itself listed ""started: unknown"" and ""faculty: n/a,"" consistent with a generic/aspirational listing rather than a real dedicated program. As of 2025-2026, the department offers no metals/jewelry coursework or concentration, and no current faculty member lists metals, metalsmithing, jewelry, or sculpture as their specialty (faculty areas are graphic design, fine arts/painting, watercolor, interior design, architecture, art education). If any metals/jewelry instruction ever existed it was at most an elective within ""three-dimensional media"" and is not present today. The department was renamed/expanded from ""Department of Art & Design"" to ""Department of Art, Architecture and Design,"" and Stacy Gibson is the current chair.",https://www.harding.edu/arts-sciences/art-design/,medium,verify-failed,https://www.harding.edu/arts-sciences/art-design/ | https://www.harding.edu/arts-sciences/art-design/hu-art.html | https://www.harding.edu/arts-sciences/art-design/fine-art/ | https://www.harding.edu/arts-sciences/art-design/faculty/ | https://catalog.harding.edu/preview_entity.php?catoid=40&ent_oid=2366,2026-05-29,,
175,crafts/metalsdirectorypage/s72.html,Hartnell College,,,http://www.temple.edu/crafts/metalsdirectorypage/s72.html,,unknown,Studio Arts (Art) — Hartnell College,,"Hartnell College (Salinas, CA — a public California community college) is open and operating. Its art offerings live in the Studio Arts program within the Arts & Languages division/meta-major, offering an Associate in Arts for Transfer (AA-T) in Studio Arts. The current ART curriculum covers drawing, painting, design, art history, ceramics, sculpture, and digital arts. There is NO dedicated jewelry, metals, or metalsmithing degree, certificate, or standalone course in the current (2024-25 / 2025-26) catalog. The word ""jewelry"" appears only generically in the Studio Arts program description (""development of skills in drawing, painting, design, weaving, jewelry and/or ceramics"").","No evidence found that Hartnell College ever operated a distinct metals/jewelry PROGRAM. The institution itself continues to operate and offers a Studio Arts AA-T. Jewelry appears only as one example skill among many in the general Studio Arts description; the live course catalog (verified via the Coursedog catalog and Studio Arts pages) contains ceramics, sculpture, drawing/painting, design, art history, and digital arts but no jewelry/metalsmithing course or certificate. The most likely situation: the archived metals-directory entry reflected an aspirational/marginal listing (the generic catalog ""jewelry"" mention or a now-defunct continuing-education/community-ed offering), not a standalone academic program. If any informal jewelry class existed pre-2014 (e.g., in community education), it does not appear in current offerings. No program closure, merger, or rename could be documented because no distinct program could be confirmed to have existed in the first place.",https://www.hartnell.edu/academics-affairs/academics/fine-arts/art.html,medium,verify-failed,https://www.hartnell.edu/academics-affairs/academics/fine-arts/art.html | https://www.hartnell.edu/academics/degrees-and-certificates.html | https://hartnell.catalog.prod.coursedog.com/courses | https://hartnell.catalog.prod.coursedog.com/courses/ART15A | https://www.hartnell.edu/academics-affairs/studio_arts.pdf | https://www.hartnell.edu/academics-affairs/docs/catalog/2425_hc_catalog.pdf,2026-05-29,,
176,crafts/metalsdirectorypage/s74.html,Haywood Community College,,,http://www.temple.edu/crafts/metalsdirectorypage/s74.html,,yes,Professional Crafts: Jewelry,"Angela Bubash, Jewelry Instructor (BFA Edinboro, MFA SIU Carbondale; ambubash@haywood.edu, 828.627.4674). No separately-titled program chair surfaced; she is the jewelry faculty lead.","Active. Offers an Associate in Applied Science (A30340) and a Diploma (D30340) in Professional Crafts: Jewelry. Sits within the college's Professional Crafts program (jewelry/metals alongside clay, fiber, wood), housed in the Creative Arts Facility; part of the Instruction division. Also runs non-credit metals/jewelry classes through Workforce Continuing Education.","Continuation. The program has run continuously and remains active in 2025-2026 (Southern Highland Craft Guild covered the 2025 and 2026 graduating classes). The archived faculty member Arch Gregory was original/early faculty who retired in 2002 (well before the directory snapshot's ""to present""), succeeded by Robert Blanton, and the current jewelry instructor is Angela Bubash. No closure, merger, or rename — only leadership/faculty turnover. The ""1986 to present / Arch Gregory"" archived record is now stale.",https://www.haywood.edu/programs/professional-crafts-jewelry.php,high,not-needed,https://www.haywood.edu/programs/professional-crafts-jewelry.php | https://catalog.haywood.edu/current/programs/professional-crafts-jewelry.php | https://southernhighlandguild.org/news-stories/haywood-community-college-professional-crafts-program-graduating-class-2026/ | https://www.themountaineer.com/life/hcc-jewelry-program-cultivates-artistic-vision/article_c714b234-9023-11ec-9f71-53b1785d7112.html | https://www.haywood.edu/continuing-education/creative-arts/index.php,2026-05-29,active-with-dedicated-faculty,Angela Bubash (Instructor - Jewelry (Professional Crafts Jewelry program lead))
177,crafts/metalsdirectorypage/s75.html,Holland School for Jewelers,,,http://www.temple.edu/crafts/metalsdirectorypage/s75.html,,no,"Holland School for Jewelers (closed); Holland family legacy continues only as the retail store Doris Holland Diamonds & Jewelry in Selma, AL",None (school closed). Founders were Homer Lee Holland and Doris Shero Holland; son David Lee Holland and Doris Holland continue the family's retail jewelry business.,"No longer operating as a school. No degrees offered; it was a private, non-degree vocational/trade certification school (not a college department). Founders' retail jewelry business survives in Selma, AL.","A private trade school in Selma, Alabama, founded and run by Homer Lee and Doris Shero Holland for ""nearly half a century,"" offering certificate-level instruction in casting, gemology, jewelry making and repair, mold making, plating, mechanical watch servicing, stone setting, and wax carving/modeling. It is now closed: business directories (Yelp, iBegin, YellowPages) at the school's old address (1034 Dawson Ave, Selma, AL 36701) list it as CLOSED. No specific closure date was found, but the school was already defunct by the directory's offline window (~2014-2019); only the founders' retail store (Doris Holland Diamonds & Jewelry, 2603 Citizens Pkwy, Selma, AL) and the David Lee Holland brand remain active. This was never a degree-granting academic program; it had no host department, accreditation listing, or chair in the academic sense.",https://www.davidleeholland.com/about,high,verify-failed,https://www.davidleeholland.com/about | https://www.yelp.com/biz/holland-jewelry-school-selma | https://www.ibegin.com/directory/us/alabama/selma/holland-jewelry-school-1034-dawson-ave/ | https://www.yelp.com/biz/holland-doris-diamond-and-jewelry-salon-selma,2026-05-29,,
178,crafts/metalsdirectorypage/s76.html,Humboldt State University,,B.A,http://www.temple.edu/crafts/metalsdirectorypage/s76.html,,merged-renamed,"Jewelry & Small Metals (Art Studio area), Department of Art + Film, Cal Poly Humboldt","Program/area faculty: Marilyn Koch (named Jewelry & Small Metals faculty). No separate ""metals program chair"" — the unit sits under the Department of Art + Film. (Department chair not separately confirmed.)","Active. Jewelry & Small Metals is a concentration/area within the Art Studio program in the Department of Art + Film. Degree pathways: Art, B.A. (Studio Art) and the program's degrees include a B.F.A. (Fine Arts) per the university catalog. Lower-division courses cover fabrication, soldering, tool safety; upper-division adds enameling, raising, anodizing.","The metals/jewelry program founded under David LaPlantz (who taught there ~1971 and for 36 years, retiring around 2000) continues to operate. The major institutional change since ~2014: on January 26, 2022, Humboldt State University was redesignated by the CSU Board of Trustees as California State Polytechnic University, Humboldt — branded ""Cal Poly Humboldt"" — the CSU system's third polytechnic, backed by a $458M state investment. The Jewelry & Small Metals area survived the transition and is now housed in the Department of Art + Film (Art Studio). Current named faculty: Marilyn Koch. LaPlantz is long retired (and is deceased); current leadership of the area has changed accordingly.",https://www.humboldt.edu/art-film/jewelry-small-metals,high,verify-failed,"https://www.humboldt.edu/art-film/jewelry-small-metals | https://artfilm.humboldt.edu/art-studio/jewelry-small-metals | https://www.humboldt.edu/about/polytechnic | https://en.wikipedia.org/wiki/California_State_Polytechnic_University,_Humboldt | https://americanart.si.edu/artist/david-laplantz-2797 | https://ethicaljewelry.org/em-institutional-members/humboldt-state-university",2026-05-29,active-with-dedicated-faculty,"Marilyn Koch (Visiting Faculty, Jewelry & Small Metals)"
179,crafts/metalsdirectorypage/s77.html,Idaho State University,,"B.A, B.F.A, M.F.A",http://www.temple.edu/crafts/metalsdirectorypage/s77.html,,yes,Metals (area of study within the Department of Art),"Jonathan Fardy, Ph.D. — Chair and Associate Professor of Art (department chair, not a metals-specific head). No single metals-area head is named on the current faculty roster.","Still active. Metals/jewelry is one of the studio areas in the ISU Department of Art (College of Arts and Letters). Degrees: Bachelor of Arts (BA) and Bachelor of Fine Arts (BFA) in Art, plus an art minor; the BFA is recommended for those intending to work as studio artists. Metals studio supports smithing, enameling, polishing, casting, torchwork, anodizing, electroplating, and anticlastic raising. (No standalone MFA in metals found.)","Continuation with a leadership/faculty turnover. The archived faculty member Gail Dial (listed ""1974 to present"") is now retired — she appears on the ISU Department of Art roster as Faculty Emerita (Theresa Gail Dial, Professor). The metals area itself survived her departure: it remains a listed curriculum area with an active, equipped studio. The Department of Art is chaired by Jonathan Fardy. A related ""Yvonne Dial Scholarship"" exists at ISU. No evidence of closure, merger, or renaming of the metals program since ~2014; it continues embedded in the Art Department's studio offerings.",https://www.isu.edu/art/curriculum/metals/,high,not-needed,https://www.isu.edu/art/curriculum/ | https://www.isu.edu/art/curriculum/metals/ | https://www.isu.edu/art/about/faculty-and-gtas/ | https://www.isu.edu/art/ | https://isu.academicworks.com/donors/yvonne-dial-scholarship,2026-05-29,active-with-dedicated-faculty,Kristina Glick (Associate Lecturer; heads the Metals and Jewelry program (enamelist/metalsmith))
180,crafts/metalsdirectorypage/s78.html,Illinois Central College,,,http://www.temple.edu/crafts/metalsdirectorypage/s78.html,,no,"Art (Associate in Arts, Transfer)","No metals/jewelry chair (no such program). Current art program contact: Jennifer Costa, Professor of Art.","ICC's art area now offers a single credential: Associate in Arts (Art) — a 2-year transfer degree. The curriculum covers drawing, painting, sculpture, photography, ceramics, 2D/3D design, printmaking, and art history. It sits in ICC's Arts and Communication / Humanities area as a transfer (AA) program. No dedicated metals/jewelry/metalsmithing track, certificate, or degree currently exists. (A few craft/jewelry topics may appear only as non-credit Adult Community Programs / Continuing Education offerings, not as a for-credit program.)","No discrete metals/jewelry/metalsmithing program exists at ICC today, and there is no evidence one survived past the early-1990s window implied by the archived record. The archived directory tied the ""program"" to a single faculty member (Candace Gerbers Brey, listed 1990–1993), which suggests metals/jewelry was, at most, a short-lived course taught within the general art curriculum rather than a standing degree program. Today ICC's art offering is consolidated into one transfer credential (Associate in Arts, Art), and the current published ART studio curriculum (2D Design ART 111, 3D Design ART 121, Sculpture ART 131, Printmaking ART 141, Art Appreciation ART 110) contains no jewelry, metals, metalsmithing, goldsmithing, silversmithing, or enameling course. So the metals offering appears to have been discontinued long ago (effectively absorbed into general 3D/sculpture instruction); there is no standalone successor.",https://icc.edu/programs/art/,medium,verify-failed,https://icc.edu/programs/art/ | https://catalog.icc.edu/course-descriptions/a-d/art | https://www.coursicle.com/icc/courses/ART/ | https://catalog.icc.edu/programs | https://icc.edu/continuing-education/,2026-05-29,,
181,crafts/metalsdirectorypage/s79.html,Indiana Purdue University at Fort Wayne,,B.F.A,http://www.temple.edu/crafts/metalsdirectorypage/s79.html,,merged-renamed,Purdue University Fort Wayne — Department of Art and Design (Metalsmithing concentration),,"Metalsmithing is an active concentration within the BFA and BA in Art (Fine Arts) at Purdue University Fort Wayne. It sits in the Department of Art and Design, College of Visual and Performing Arts. The BFA offers concentrations in ceramics, drawing, imaging and photography, metalsmithing, painting, printmaking, and sculpture.","The archived record reflects Indiana University–Purdue University Fort Wayne (IPFW). On July 1, 2018, IPFW was realigned/split: health-sciences units became Indiana University Fort Wayne, and all other programs — including the art/fine arts programs — became Purdue University Fort Wayne (PFW). The fine arts unit (descended from the Fort Wayne Art Institute, absorbed in 1976) is now the College of Visual and Performing Arts at PFW. The metalsmithing program continued through this transition and remains an active BFA/BA concentration in the Department of Art and Design. So the institution was renamed/realigned, but the metals/jewelry program persists as ""metalsmithing.""",https://www.pfw.edu/visual-performing-arts/art-design,high,verify-failed,https://www.pfw.edu/academics-research/majors-minors/art-bfa | https://www.pfw.edu/visual-performing-arts/art-design | https://en.wikipedia.org/wiki/Purdue_University_Fort_Wayne | https://www.purdue.edu/newsroom/archive/releases/2017/Q4/trustees-approve-restructuring-measures-at-fort-wayne-campus.html,2026-05-29,active-no-dedicated-metals-faculty,
182,crafts/metalsdirectorypage/s8.html,Barton County Community College,,"B.F.A, M.F.A",http://www.temple.edu/crafts/metalsdirectorypage/s8.html,,no,"Barton Community College (formerly Barton County Community College), Great Bend, Kansas","No metals/jewelry chair. Art is taught by Philip Jacobson (2D Art, jacobsonp@bartonccc.edu) and Mark Freeman (3D Art, freemanm@bartonccc.edu); no department chair listed.","No metals/jewelry/CAD-CAM program exists. The Art program (within the Liberal Studies / Fine & Performing Arts area) offers an Associate in Arts with art focus, with emphasis areas in painting, drawing, ceramics, photography, and digital graphic design only. The full 2024-2025 catalog ARTS course list (1200-1280) contains NO jewelry, metals, metalsmithing, or CAD-CAM courses. (The only catalog 'jewelry' hit is unrelated: the Scale Technician program references pawn/jewelry stores as customers for scales.)","No evidence that a metals/jewelry program ever existed at Barton, and none exists now. The institution itself continues and rebranded from 'Barton County Community College' to 'Barton Community College.' The current Art program covers only painting, drawing, ceramics, photography, and digital graphic design. No metals/jewelry/metalsmithing/CAD-CAM courses appear in the current (2024-2025) catalog, and Barton is absent from independent metalsmithing-school directories (Metalcyberspace, Society of American Silversmiths, Jewelers of America). If the archived directory listed a metals offering (likely a single continuing-ed or studio class pre-2014), it has since been discontinued or was never a formal program; the only Kansas community college with a documented metals/silversmithing program is Johnson County Community College, not Barton.",https://www.bartonccc.edu/programs/art,medium,verify-failed,https://www.bartonccc.edu/programs/art | https://docs.bartonccc.edu/stuservices/academic-advising/catalog/catalog-24-25-web.pdf | https://www.bartonccc.edu/degrees-programs | https://www.metalcyberspace.com/schools.htm | https://www.silversmithing.com/schools.htm,2026-05-29,,
183,crafts/metalsdirectorypage/s80.html,Indiana University,1947,"B.F.A, M.F.A",http://www.temple.edu/crafts/metalsdirectorypage/s80.html,,yes,Metalsmithing + Jewelry Design,"Nicole Jacquard, Professor and Area Head, Metalsmithing + Jewelry Design","Active. Offers Studio Art B.A., B.F.A., and M.F.A. degrees with a metalsmithing/jewelry design concentration. Sits within the Eskenazi School of Art, Architecture + Design at IU Bloomington (the unit was renamed/restructured from the former School of Fine Arts / School of Art + Design when the Eskenazi gift was made in 2016).","The program continues uninterrupted and is one of the leading metals programs in the US. Founded by Alma Eikerman (1947-1978). Randy Long joined in 1983, was named a Distinguished Professor in 2017 (a leadership/honor change), and is the long-time anchor of the area. Nicole Jacquard (IU BA 1991, now Professor) is the current Area Head/Area Coordinator. Administratively, the home unit became the Eskenazi School of Art, Architecture + Design following Sidney and Lois Eskenazi's 2016 gift, so the program's parent school was renamed since ~2014, but the metals program itself was not closed, merged, or renamed. Facilities (in the Fine/Eskenazi Fine Arts Building) were renovated, including CAD/CAM and 3D-modeling/computer-aided machining equipment.",https://eskenazi.indiana.edu/about/areas-programs/metals/index.html,high,not-needed,https://eskenazi.indiana.edu/about/areas-programs/metals/index.html | https://eskenazi.indiana.edu/faculty/directory/jacquard-nicole.html | https://soad.indiana.edu/news/archive/2017/2017-02-13-randy-long-distinguished.html | https://honorsandawards.iu.edu/awards/honoree/8058.html,2026-05-29,active-with-dedicated-faculty,"Nicole Jacquard (Professor and Area Head, Metalsmithing + Jewelry Design); Angela Caldwell (Lecturer, Metalsmithing and Jewelry Design)"
184,crafts/metalsdirectorypage/s81.html,Indiana University of Pennsylvania,,"B.S, B.A, B.F.A, M.A, M.F.A",http://www.temple.edu/crafts/metalsdirectorypage/s81.html,,yes,"Jewelry and Metals (Studio Art), Department of Art and Design","Sharon Massey (Professor; per the current IUP Art and Design faculty directory she is listed as Department Chairperson and the jewelry/metals faculty member). Note: she is consistently the named jewelry/metals faculty; an older cached reference names Karen Scarton as department chairperson, so the chair title specifically should be treated as time-sensitive.","Jewelry and Metals is an active studio area within the Studio Art major in the Department of Art and Design (College of Arts and Humanities). Offered as a specialization/area of emphasis within the BA and BFA in Studio Art (one of six studio areas: ceramics, drawing, jewelry and metals, painting, sculpture, woodworking). IUP's Department of Art and Design is NASAD-accredited and also offers an MFA. Studio facilities include 2,000+ sq ft with hearth/torches, hydraulic press, draw bench, rolling mills, plus casting and vitreous-enameling rooms with digital kilns.","The program has continued without closure, merger, or rename through 2026. It remains a jewelry/metals studio area within the Studio Art major. The hosting unit is the Department of Art and Design (College of Arts and Humanities). Leadership in the jewelry/metals area is Sharon Massey, who joined as the jewelry/metals professor and now appears as Department Chairperson on the current faculty directory; she received an IUP Distinguished Faculty Award for Creative Arts. No evidence of any disruption to the metals program since ~2014.",https://www.iup.edu/art/undergrad/studio/jewelry-and-metals.html,high,not-needed,https://www.iup.edu/art/undergrad/studio/jewelry-and-metals.html | https://www.iup.edu/art/faculty/index.html | https://www.iup.edu/art/faculty/massey-sharon/index.html | https://www.iup.edu/academics/find-your-degree/programs/art/ug/art-studio-bfa-ba.html | https://www.iup.edu/news-events/news/2023/04/sharon-massey-on-jewelry-and-metals-meet-our-faculty.html,2026-05-29,active-with-dedicated-faculty,"Sharon Massey (Professor, Jewelry and Metals, Computer-Aided Design + Digital Fabrication; Department Chairperson)"
185,crafts/metalsdirectorypage/s82.html,Institute of American Indian Arts,,,http://www.temple.edu/crafts/metalsdirectorypage/s82.html,,yes,Institute of American Indian Arts (IAIA) — Studio Arts (jewelry/metals emphasis),Daisy Quezada Ureña — Studio Arts Department Chair (current). Neal Ambrose-Smith has also held the Studio Arts Department Chair role (per LinkedIn). No specific named jewelry/metals instructor confirmed from public sources in this pass.,"Active. Jewelry/metals is one of the emphasis areas within the Studio Arts Department (alongside painting, sculpture, photography, printmaking, ceramics, digital art). Degrees: AA in Studio Arts and BFA in Studio Arts (4-year), plus a new low-residency MFA in Studio Arts (MFASA, 60 credits, two on-campus residencies/year). The program runs a dedicated Jewelry Studio (hammering/raising, buffing/polishing, outdoor forging/blacksmithing area) tied to the Fab Lab, plus a Metal Studio & Foundry for welding/casting. Accredited by the Higher Learning Commission.","Continuation and expansion. Since ~2014 the program has not closed or been renamed — it remained the jewelry/metals emphasis within Studio Arts. The major development: the Higher Learning Commission approved IAIA to offer MFA degrees in Studio Arts on Nov 2, 2020, launching the low-residency MFA in Studio Arts (the institution previously had a low-residency MFA in Creative Writing accredited 2013). Leadership of the Studio Arts Department has changed over the period (Neal Ambrose-Smith; currently Daisy Quezada Ureña). The archived faculty record (David La Plantz 1967–68; Lane Coulter 1989–present) is outdated: Lane Coulter is no longer 'present' — he is now a Santa Fe-based metalsmith listed as a visiting artist elsewhere and no longer appears as active IAIA jewelry/metals faculty.",https://iaia.edu/explore-programs/studio-arts/,high,not-needed,https://iaia.edu/explore-programs/studio-arts/ | https://iaia.edu/explore-programs/studio-arts-mfa/ | https://tribalcollegejournal.org/iaia-approved-to-offer-mfa-degrees-in-studio-arts/ | https://hyperallergic.com/862649/institute-of-american-indian-arts-unique-low-residency-mfa-studio-arts/ | https://iaia.edu/studio-arts-department-chair-daisy-quezada-urena-awarded-latinx-artist-fellowship/ | https://www.linkedin.com/in/neal-ambrose-smith-09b13a24 | https://en.wikipedia.org/wiki/Institute_of_American_Indian_Arts,2026-05-29,active-with-dedicated-faculty,"Brian Fleetwood (Assistant Professor, Studio Arts (jewelry and metals / metalsmithing))"
186,crafts/metalsdirectorypage/s84.html,Interlochen Center for the Visual Arts,,Diploma,http://www.temple.edu/crafts/metalsdirectorypage/s84.html,,yes,Interlochen Arts Academy — Visual Arts (Metals),"Not clearly findable in public sources; the Visual Arts division head was not identified in the faculty directory results. (Historically, the dept was chaired by Jean Parsons, who hired Church in 1970.)","Metals/jewelry continues as a discipline within the Visual Arts major at Interlochen Arts Academy (a residential arts high school) and in the Interlochen Arts Camp summer program. It is not a college degree program — students earn a high school diploma. Metals is one studio area (alongside painting, drawing, photography, printmaking, ceramics, fibers, sculpture, digital media) housed in the Dow Center for Visual Arts (opened 2008), with courses such as ""Metals: Fabrication"" (soldering, cold connections, hinges/clasps), surface treatment, patination, and stone setting.","The archived record listed John M. Church ""1970 to present,"" but that was stale: Church taught metalsmithing, jewelry, and drawing at Interlochen 1970–2000 (30 years), then retired. He died May 4, 2021, in Traverse City, MI. The metals program itself has continued without interruption and remains an active studio area within the Visual Arts major; the program is well-resourced via the 36,000 sq ft Dow Center for Visual Arts (2008). No closure, merger, or rename of the metals offering. Interlochen also notes a ""College of Creative Arts"" continuation pathway, but the core metals program sits in the high-school Arts Academy and summer Arts Camp.",https://www.interlochen.org/visual-arts/academy,high,not-needed,https://www.interlochen.org/visual-arts/academy | https://www.interlochen.org/visual-arts/academy/visual-arts-core-curriculum | https://www.interlochen.org/news/interlochen-mourns-passing-longtime-faculty-member-john-church | https://www.interlochen.org/about/visit-campus/facilities-and-venues/herbert-h-and-barbara-c-dow-center-for-visual-arts | https://www.interlochen.org/arts-areas/visual-arts,2026-05-29,active-with-dedicated-faculty,Patty Smith (Director of Visual Arts; Instructor of metalsmithing and sculpture)
187,crafts/metalsdirectorypage/s85.html,Iowa State University,,"B.F.A, M.A",http://www.temple.edu/crafts/metalsdirectorypage/s85.html,,yes,"Jewelry and Metals studio, Department of Art and Visual Culture, College of Design","Not confirmed from official pages (the AVC department site did not name the current chair; department contact anring@iastate.edu / (515) 294-0816). Joe Muench, professor of jewelry/metalsmithing (Chuck Evans's successor, ISU faculty 2001), retired in 2025; a current metals instructor was not confirmable.","Active. Jewelry/metalsmithing is one of eight media areas within the BFA in Art (formerly named Integrated Studio Arts) and the MFA in Integrated Visual Arts (63 credits). It sits in the Department of Art and Visual Culture, College of Design. Located in room 0044 of the College of Design building. Not a standalone degree — it is a concentration/studio area within the integrated studio art degrees.","Continuation with leadership succession, no closure. Chuck Evans (who founded/opened the ISU metals program, taught 1978-2001) retired in 2001 and died July 31, 2015 (age 75). His successor Joe Muench — a 1984 ISU craft-design graduate — joined the faculty in 2001 and taught metalsmithing/jewelry until retiring in 2025 (cited as health reasons). The program itself continues as an active studio area; the umbrella undergraduate degree was renamed from ""Integrated Studio Arts"" to ""Art, BFA,"" and the graduate degree is the MFA in Integrated Visual Arts. A 2025 exhibition, ""Lessons Learned: Explorations in Metal"" at the Octagon Center for the Arts, marked Muench's legacy.",https://www.design.iastate.edu/academics/departments/art-visual-culture/avc-art-studios/metals/,high,not-needed,https://www.design.iastate.edu/academics/departments/art-visual-culture/avc-art-studios/metals/ | https://www.design.iastate.edu/art-and-visual-culture/degrees/integrated-studio-arts/ | https://www.design.iastate.edu/academics/departments/art-visual-culture/ | https://snagmetalsmith.org/2015/08/in-memoriam-chuck-evans/ | https://www.design.iastate.edu/news/joe-muench-lessons-learned-explorations-in-metal-exhibition/ | https://www.design.iastate.edu/profiles/jmuench/,2026-05-29,active-with-dedicated-faculty,"Katie DuVal Mihelich (Interim Lecturer, Jewelry and Metalsmithing (Department of Art and Visual Culture)); Joe Muench (Professor Emeritus of Art and Visual Culture (taught metalsmithing 2001-2025; retired 2025))"
188,crafts/metalsdirectorypage/s86.html,James Madison University,1908,"B.S, B.A, B.F.A, M.A, M.F.A",http://www.temple.edu/crafts/metalsdirectorypage/s86.html,,yes,"Metals & Jewelry (Metals and Jewelry Concentration, B.F.A. in Art)","Mark Rooker, Metals Area Head and Professor of Art (also Studio Art Program Coordinator)","Active. Metals & Jewelry is a concentration within the Art B.F.A., housed in the School of Art, Design and Art History (SADAH), in Duke Hall. The B.F.A. in Art offers concentrations including ceramics, fibers, integrated 3D, metals, painting and drawing, photography, printmaking, and sculpture. SADAH also offers an M.F.A. Metals/jewelry studios occupy five rooms on the second floor of the new wing of Duke Hall.","Continuation, with normal leadership turnover. The archived record lists Ronald Wyancko (1972-2000) as the metals faculty; he was a longtime predecessor who has since retired/departed. The program has continued uninterrupted and is currently led by Mark Rooker. The school rebranded from ""School of Art and Art History"" to ""School of Art, Design and Art History"" (SADAH), and the metals program now sits in the renovated/expanded Duke Hall (Duke Hall reopened after a major renovation completed in the mid-2010s). The metals/jewelry concentration remains an active, well-equipped part of the B.F.A.",https://www.jmu.edu/sadah/programs/undergraduate/metals.shtml,high,not-needed,https://www.jmu.edu/sadah/programs/undergraduate/metals.shtml | https://catalog.jmu.edu/preview_program.php?catoid=50&poid=21412 | https://www.jmu.edu/artandarthistory/ | https://www.jmu.edu/sadah/faculty-and-staff/index.shtml | https://www.jmu.edu/sadah/programs/graduate/index.shtml,2026-05-29,active-with-dedicated-faculty,Mark Rooker (Professor of Art; Metals Area Head; Studio Art Program Coordinator)
189,crafts/metalsdirectorypage/s87.html,New Jersey City University,,"B.A, B.F.A, M.A, M.F.A",http://www.temple.edu/crafts/metalsdirectorypage/s87.html,,yes,"Art—B.F.A., Concentration in Jewelry/Metals","Kenneth C. MacBain — Associate Professor of Art, Head of the Jewelry/Metals Concentration (per his CV, 1994–present; matches archived record). Note: the NJCU faculty directory currently lists him under ""International Programs,"" which may reflect an additional/administrative role; his CV and the Art Department program pages still identify him as head of Jewelry/Metals.","Active. Offered as a BFA in Art with a Jewelry/Metals concentration (also a graduate MFA in Art exists in the department). Sits within the Art Department, William J. Maxwell College of Arts & Sciences. Dedicated, well-equipped metals/jewelry studios; metalsmithing techniques include forging, raising, holloware, vessels, flatware. Art Department accredited by NASAD since 1976.","Clear continuation since ~2014. The program remains an active BFA Jewelry/Metals concentration in the Art Department, present in the current NJCU live website and academic catalog. Kenneth MacBain (in the archived record as 1994–Present) is still active faculty and still listed as Head of the Jewelry/Metals Concentration. No evidence of closure, merger, or renaming. The archived predecessor ""Dr Elaine Foster 1967 to 1994"" reflects the prior program lead before MacBain.",https://www.njcu.edu/academics/schools-colleges/william-j-maxwell-college-arts-sciences/departments/art/undergraduate-programs/art-bfa-degree-concentration-jewelrymetals,high,not-needed,https://www.njcu.edu/academics/schools-colleges/william-j-maxwell-college-arts-sciences/departments/art/undergraduate-programs/art-bfa-degree-concentration-jewelrymetals | https://catalog.njcu.edu/undergraduate/arts-sciences/art/art-bfa-design-crafts-specialization-jewelry-metals-concentration/index.html | https://www.njcu.edu/directories/faculty-staff-directory/kenneth-macbain | http://www.kennethmacbain.com/pagecv | https://www.njcu.edu/academics/schools-colleges/william-j-maxwell-college-arts-sciences/departments/art/graduate-programs/art-mfa,2026-05-29,active-with-dedicated-faculty,"Kenneth C. MacBain (Associate Professor of Art, Head of Jewelry/Metals Concentration)"
190,crafts/metalsdirectorypage/s88.html,Joliet Junior College,,,http://www.temple.edu/crafts/metalsdirectorypage/s88.html,,yes,Art Department — Jewelry and Metalsmithing (within the Visual Arts / Art Transfer program),"Meaghan Callan, Professor and Art Coordinator (Art Department). Metalsmithing/jewelry instruction associated with instructor Cathy Mustari (continuing ed). No dedicated ""metals program head"" — it sits inside the broader Art Department.","Active. Jewelry and metalsmithing is offered as studio coursework (e.g., ART 240 Jewelry and Metalsmithing I, a 3-credit course) within the Art Department under the Liberal & Fine Arts pathway. JJC has a fully equipped metals studio. The offering is part of the Visual Arts / Art Transfer (A.A./A.F.A.-style transfer) program rather than a standalone metals/jewelry degree; it prepares students to build a portfolio and transfer to a four-year art program. Continuing-education metalsmithing classes are also offered.","Continuation. The jewelry/metalsmithing offering has persisted continuously since at least the ~2013-2014 period through the current catalog. ART 240 Jewelry and Metalsmithing I appears in successive catalogs (2021-2022, 2023-2024) and the live Visual Arts page still advertises jewelry making, metalsmithing, and a dedicated metals studio. It was never a standalone accredited ""metals program"" with its own degree; it has always been studio coursework within the Art/Visual Arts transfer program. Leadership of the Art Department is currently the Art Coordinator (Meaghan Callan); metalsmithing taught by faculty including Cathy Mustari. No closure, merger, or rename detected.",https://jjc.edu/choose-your-path/liberal-fine-arts/visual-arts,high,not-needed,https://jjc.edu/choose-your-path/liberal-fine-arts/visual-arts | https://catalog.jjc.edu/preview_course_nopop.php?catoid=27&coid=66338 | https://catalog.jjc.edu/content.php?catoid=32&navoid=2357 | https://patch.com/illinois/joliet/metalsmithing-seminars-joliet-junior-college-0 | http://news.jjc.edu/2013/10/jjc-students-sell-unique-homemade-jewelry-on-nov-14/ | https://jjc.edu/,2026-05-29,active-no-dedicated-metals-faculty,
191,crafts/metalsdirectorypage/s89.html,Kansas State University,,,http://www.temple.edu/crafts/metalsdirectorypage/s89.html,,yes,"Metalsmithing & Jewelry (concentration area within Studio Art), Department of Art, Kansas State University",Dukno Yoon — Associate Professor and Metalsmithing/Jewelry Area Coordinator (not department head; the directory's archived faculty Elliot Pujol is now Professor Emeritus). Heather Bayless listed as instructor.,"Active program. Offered as a Metalsmithing & Jewelry concentration within the Studio Art BFA (undergraduate), plus a Post-Baccalaureate portfolio program and an MFA pathway (Master of Fine Arts with metalsmithing/jewelry as one of its fields). Sits in the Department of Art (College of Arts and Sciences); MFA is NASAD-accredited. Studio is ~2,800 sq ft across four areas covering fabrication, silversmithing, enameling, casting, and digital fabrication (3D printing).","The program continued without closure or merger. The archived record lists Elliot Pujol (""1973 to present""), who built and long led the K-State metals program; he has since retired and is now Professor Emeritus (his work was acquired by Sweden's Nationalmuseum, noted in K-State announcements). Leadership of the metalsmithing/jewelry area passed to Dukno Yoon (Associate Professor, Area Coordinator), with Heather Bayless as instructor. The program remains a current concentration within the Department of Art's Studio Art BFA and continues to offer the MFA.",https://art.ksu.edu/academics/undergrad/studioart/metalsmithing.html,high,not-needed,https://art.ksu.edu/academics/undergrad/studioart/metalsmithing.html | https://art.ksu.edu/about/people/faculty/yoon.html | https://catalog.k-state.edu/preview_course_nopop.php?catoid=45&coid=297758 | https://catalog.k-state.edu/content.php?catoid=48&navoid=8950 | https://www.k-state.edu/today/announcement/?id=86478,2026-05-29,active-with-dedicated-faculty,"Dukno Yoon (Associate Professor & Area Coordinator, Metalsmithing & Jewelry); Heather Bayless (Instructor, Metalsmithing & Jewelry)"
192,crafts/metalsdirectorypage/s9.html,Beaver College,,B.F.A,http://www.temple.edu/crafts/metalsdirectorypage/s9.html,,merged-renamed,Arcadia University,"Karen E. Misher (Department Chair / Associate Professor, Visual and Performing Arts). No metals-specific concentration head was identifiable by name.","Metals and Jewelry is a current concentration within the Art BFA (and is available in the Studio Art BA). It sits in the Department of Visual and Performing Arts (Art & Design program), College of Arts and Sciences, with a dedicated metals/jewelry studio in Murphy Hall on the Glenside, PA campus.","Beaver College was renamed Arcadia University in 2001 (name change announced November 2000, formalized July 2001) — this predates the directory's ~2014 offline window, but the institutional identity in the archived record (Beaver College) is therefore obsolete. The metals/jewelry program continued through and after the rename. As of the current (2025-26) catalog, Metals and Jewelry remains one of eight Art BFA concentrations (alongside Ceramics, Graphic Design, Illustration, Painting, Photography, Printmaking, 2D Animation), anchored by FA 205 Metals and Jewelry I, with a metals/jewelry studio in Murphy Hall. The archived faculty member Myra Mimlitsch Gray taught 1986–1989 (under Beaver College) and later joined SUNY New Paltz; current department leadership is chair Karen E. Misher. No closure or merger of the program itself was found — only the institution-wide rename and ordinary leadership turnover.",https://www.arcadia.edu/majors-and-programs/art-bfa-major/course-of-study/,high,verify-failed,https://www.arcadia.edu/about-arcadia/our-history/beaver-college-arcadia-university/ | https://www.arcadia.edu/majors-and-programs/art-bfa-major/course-of-study/ | https://www.arcadia.edu/college-arts-sciences/departments-faculty/visual-performing-arts/art-design/art-design-programs | https://www.arcadia.edu/majors-and-programs/studio-art-major/faculty/ | https://catalog.arcadia.edu/preview_course_nopop.php?catoid=9&coid=10475 | https://www.arcadia.edu/student-life/meet-our-students/danita-mapes-23/campus-spotlight-murphy-hall/,2026-05-29,active-with-dedicated-faculty,"Karen E. Misher (Department Chair, Associate Professor - Visual and Performing Arts (Metals & Jewelry))"
193,crafts/metalsdirectorypage/s90.html,Kent State University,,"B.A, B.F.A, M.A, M.F.A",http://www.temple.edu/crafts/metalsdirectorypage/s90.html,,yes,"Jewelry/Metals/Enameling (JME), School of Art",Andrew Kuebeck (Assistant Professor; JME program coordinator and Graduate Coordinator of the School of Art). Note: the School of Art has a separate Director; Kuebeck heads the JME area.,"Active and thriving. Undergraduate: BFA in Studio Art with a Jewelry/Metals/Enameling concentration, plus a BA in Studio Art and a Minor in Jewelry, Metals and Enameling (and a Minor in Accessories). Graduate: MA in Studio Art and MFA in Jewelry/Metals/Enameling (fully funded MFA — assistantship with full tuition waiver + stipend). Sits in the School of Art, within the College of the Arts.","Strong continuation. The metals program at Kent State dates to 1950 and is one of the oldest/most established in the US (lineage includes Mary Ann Scherr, William Harper, Bruce Metcalf, and later Kathleen Browne). Since ~2014 the program has continued and even expanded: new ~4,550 sq ft Jewelry/Metals/Enameling studio facilities were built in 2015, well-equipped with metalsmithing tools, enameling kilns, hydraulic press, and 3D printers. The MFA remains fully funded. Current area leadership is Andrew Kuebeck. No closure, merger, or renaming — the program retains the Jewelry/Metals/Enameling name within the School of Art.",https://www.kent.edu/art/jewelrymetals-enameling,high,not-needed,https://www.kent.edu/art/jewelrymetals-enameling | https://www.kent.edu/art/graduate-program-jewelrymetalsenameling | https://www.kent.edu/art/facilitiesjewelry-metal | https://www.kent.edu/art/jewelry-metals-and-enameling-minor | https://www.kent.edu/art/studio-art-mfa | https://hyperallergic.com/kent-state-university-school-of-art-fully-funded-mfa-competitive-ma-programs/,2026-05-29,active-with-dedicated-faculty,"Andrew Kuebeck (Assistant Professor and Area Head, Jewelry/Metals/Enameling (also Graduate Coordinator, School of Art))"
194,crafts/metalsdirectorypage/s91.html,Kutztown University of Pennsylvania,,B.F.A,http://www.temple.edu/crafts/metalsdirectorypage/s91.html,,merged-renamed,"Department of Art Education (formerly Department of Art Education & Crafts) / Department of Art and Design, College of Visual and Performing Arts","Dr. Peg Speirs (chair, Department of Art Education). No dedicated metals/jewelry program head exists; the historical fine-metals professor James Malenda retired in 2015.","No standalone Metals/Jewelry (Fine Metals) degree concentration is currently advertised. The old ""Department of Art Education & Crafts"" — which offered a BFA in Craft with a Fine Metals concentration where Malenda taught — has been reorganized/renamed to the ""Department of Art Education,"" which now offers only BS in Art Education, BS Art Education: Alternative Settings, M.Ed. in Art Education, and post-bacc certifications (no crafts/metals concentration listed). The separate Department of Art and Design BFA in Art lists concentrations in ceramics, drawing, painting, photography, printmaking, sculpture, and Textile & Material Studies — metals/jewelry is not among them. Metalworking survives only as a sub-area of the Sculpture Shop, and a student ""Metals Society"" club still exists.","James Malenda, the archived faculty member (Professor of Fine Metals, 1987 to present), retired and became Professor Emeritus of Fine Metals in 2015 — coinciding with the directory going offline. He had taught in the ""Department of Art Education and Crafts"" for 27 years. Since then, that department appears to have been renamed/reorganized into the ""Department of Art Education"" (chair Dr. Peg Speirs), and the dedicated BFA-in-Craft Fine Metals concentration is no longer advertised as a degree path. Metals/jewelry instruction is no longer a named concentration in either the Art Education or Art and Design BFA programs; only residual metalworking facilities (in the Sculpture Shop) and a student Metals Society remain. Best read as a merge/wind-down of the dedicated metals/jewelry program around Malenda's 2015 retirement rather than a publicly announced closure.",https://www.kutztown.edu/academics/colleges-and-departments/visual-and-performing-arts/majors-minors-and-certificates/art-and-design.html,medium,verify-failed,https://www.kutztown.edu/academics/colleges-and-departments/visual-and-performing-arts/majors-minors-and-certificates/art-and-design/bachelor-of-fine-arts-in-art-(bfa).html | https://www.kutztown.edu/arteducation/ | https://www.kutztown.edu/academics/colleges-and-departments/visual-and-performing-arts/majors-minors-and-certificates/art-education/faculty-and-staff.html | https://kutztown.edu/academics/colleges-and-departments/visual-and-performing-arts/majors-minors-and-certificates/art-and-design/facilities.html | https://www.enamelarts.org/james-malenda/ | https://www.linkedin.com/in/jim-malenda-91470a12/,2026-05-29,active-with-dedicated-faculty,Sophia Park (Assistant Professor of Fine Metals / Crafts (Department of Art Education & Crafts); advisor to the KU Metals Society & Contemporary Crafts Club)
195,crafts/metalsdirectorypage/s92.html,Lane Community College,,,http://www.temple.edu/crafts/metalsdirectorypage/s92.html,,merged-renamed,Jewelry & Metalsmithing coursework within 3D Visual Arts / Visual Arts Department,,"Not a standalone degree. Jewelry/metalsmithing survives as credit coursework (e.g., ART 257 Introduction to Jewelry and Metalsmithing, 4 cr.) within the 3D Visual Arts area of study, housed in the Visual Arts Department under the Arts (Arts & Humanities) Division. These credits apply toward the Associate of Arts Oregon Transfer (AAOT) degree; there is no dedicated jewelry/metals degree or certificate. Non-credit jewelry classes have also been offered through Extended Learning/Continuing Education (currently showing 'No classes found').","Lane Community College (Eugene, OR) remains open and active. The metals/jewelry offering was not a discrete named program that closed; it appears to have continued as coursework absorbed into the Visual Arts Department / 3D Visual Arts area of study. The current catalog still lists ART 257 Introduction to Jewelry and Metalsmithing (4 credits), alongside sculpture/casting/welding, with credits feeding the AAOT transfer degree. No evidence of a formal closure of metals/jewelry; no jewelry/metals-specific program head is findable. Separately, in 2026 LCC undertook budget cuts and suspended its Criminal Justice and Health Information Management associate degrees, but jewelry/metals/visual arts was NOT among the named cuts. Could not retrieve the original ~2014 archived directory entry (Wayback fetch was blocked), so the exact prior listing/degree status is unconfirmed.",https://www.lanecc.edu/programs-academics/areas-study/arts-and-communications/3d-visual-arts,medium,verify-failed,https://www.lanecc.edu/programs-academics/areas-study/arts-and-communications/3d-visual-arts | https://lanecc.smartcatalogiq.com/en/current/lcc-catalog/courses/art-art/200/art-257/ | https://lanecc.smartcatalogiq.com/en/current/lcc-catalog/courses/art-art/ | https://www.lanecc.edu/programs-academics/academic-departments/division-arts/visual-arts-department | https://lanecc.augusoft.net/index.cfm?method=ClassListing.ClassListingDisplay&int_category_id=1&int_sub_category_id=128 | https://www.opb.org/article/2026/04/23/lane-community-college-cuts-programs/,2026-05-29,active-no-dedicated-metals-faculty,
196,crafts/metalsdirectorypage/s93.html,Long Beach City College,,,http://www.temple.edu/crafts/metalsdirectorypage/s93.html,,yes,"Jewelry & Metalsmithing (Applied Design), Long Beach City College","Tanya Crane — Lead Full-Time Professor / Program Head for Jewelry & Metalsmithing (tcrane@lbcc.edu, 562-938-4589). Kristin Beeler is listed as Applied Design Program Lead; Carolyn Castaño is Co-Department Head for Art/Ceramics/Jewelry & Metals; Janét Hund is the Dean of the School of Visual, Performing Arts & Cultural Programs.","Active and well-equipped. Degrees/certificates currently offered: Studio Arts AA-T (transfer); Art AA with Applied Design Option; Jewelry Entrepreneurship Certificate of Achievement; and an Applied Design in Art: 3D Materials & Processes Certificate of Achievement. The program sits within the Visual & Media Arts department, under the School of Visual, Performing Arts & Cultural Programs. Facilities include 21 work areas with enameling, etching, hydraulic press, raising/forming, finishing, laser and micro-arc welding, and small-scale laser/water-jet cutting.","Continuation with leadership change. The archived record listed Marcia Lewis (chasing/metalsmithing artist, faculty 1978–) as the program's long-time instructor. Since ~2014 the program has continued uninterrupted and modernized into a full Jewelry & Metalsmithing / Applied Design offering. Tanya Crane (MFA Metalsmithing+Jewelry, UW-Madison; BFA Metal, SUNY New Paltz) is now the lead full-time professor / program head, having succeeded Lewis as the senior metals faculty. The program was active and recruiting students as recently as 2022 (Viking News coverage) and the LBCC program pages remain live in 2025–2026. No closure, merger, or rename of the discipline — it remains within the Visual & Media Arts / Applied Design area.",https://www.lbcc.edu/jewelry-metalsmithing,high,not-needed,https://www.lbcc.edu/jewelry-metalsmithing | https://www.lbcc.edu/applied-design | https://www.lbcc.edu/contact/tanya-crane-1 | https://americanart.si.edu/artist/marcia-lewis-5885 | https://lbccviking.com/2022/11/jewelry-and-metalwork-course-opens-doors-for-students | https://programmap.lbcc.edu/academics/interest-clusters/40e8babd-d8af-4a5e-91ee-2b5b24544be8/programs/90379a3c-fa60-182f-54dd-498ecf4c506d,2026-05-29,active-with-dedicated-faculty,"Tanya Crane (Lead Full-Time Professor, Jewelry & Metalsmithing); Rachel Shimpock (Adjunct Faculty, Jewelry & Metalsmithing); Hosanna Rubio (Adjunct Faculty, Jewelry & Metalsmithing); Alexandra Dickinson (Instructional Associate, Jewelry & Metalsmithing); Kristin Beeler (Professor of Art / Coordinator (Applied Design, jewelry/metalwork))"
197,crafts/metalsdirectorypage/s94.html,Long Island University,,"B.A, B.F.A, M.A, M.F.A",http://www.temple.edu/crafts/metalsdirectorypage/s94.html,,merged-renamed,"Art Department, School of Visual Arts, Communications and Digital Technologies (LIU Post)",,"No standalone metals/jewelry degree or concentration remains. The LIU Post Art Department still exists and offers a BFA in Art and a BFA in Digital Art & Design within the School of Visual Arts, Communications and Digital Technologies (under the College of Arts, Communications and Design). The BFA in Art's studio areas are drawing, painting, printmaking, ceramics, and sculpture. A jewelry studio still physically exists inside the campus Crafts Center (shared with ceramics), but no jewelry/metalsmithing courses appear in the current 2025-2026 catalog (or the 2015-2016 bulletin) and jewelry is not a listed BFA concentration.","The metals/jewelry program associated with Barry Stern (listed 1985-present in the archived record) appears to have wound down and been absorbed into / dropped from the general studio-art curriculum. By the current era the jewelry studio survives only as a shared facility in the Crafts Center, with no dedicated jewelry/metalsmithing courses, concentration, or faculty (Barry Stern is not in the current School of Visual Arts faculty list). The umbrella school was reorganized/renamed (C.W. Post became LIU Post in 2013; the unit is now the School of Visual Arts, Communications and Digital Technologies within the College of Arts, Communications and Design, unveiled c.2016). Separately, LIU has frozen/discontinued several arts degrees in recent years (Art Education, Art Therapy, etc.), part of a broader contraction of arts offerings, though those reports concern other programs rather than the metals studio specifically.",https://www.liu.edu/post/academics/school-of-visual-arts,medium,verify-failed,https://www.liu.edu/post/academics/school-of-visual-arts | https://www.liu.edu/post/academics/school-of-visual-arts/Facilities-Venues | https://www.liu.edu/post/academics/school-of-visual-arts/Faculty | https://www.liu.edu/post/~/media/1A2BACAC63D4417D9EED5FFDE46F2C1B.ashx | https://www.prnewswire.com/news-releases/liu-post-unveils-college-of-arts-communications-and-design-300241113.html | https://www.silversmithing.com/schools.htm,2026-05-29,active-no-dedicated-metals-faculty,
198,crafts/metalsdirectorypage/s95.html,Longwood College,,B.F.A,http://www.temple.edu/crafts/metalsdirectorypage/s95.html,,merged-renamed,"Longwood University — Jewelry & Metalsmithing (Design in Craft specialization, BFA in Visual and Performing Arts)","Kathleen Kennedy, Assistant Professor of Art in Jewelry/Metalsmithing (current metals faculty/area head). Christopher Brochon is the Department Administrator. The specific department chair was not identified by name on public pages.","The metals/jewelry program is alive. Jewelry & Metalsmithing is taught as part of the ""Design in Craft"" specialization within the Art Studio concentration of the BFA in Visual and Performing Arts. Courses currently offered include ART 212 Introduction to Jewelry and Metalsmithing, ART 410 Forming, and ART 416 Casting. It now sits in the Department of Theatre, Art, and Graphic & Animation Design, within the Cook-Cole College of Arts & Sciences. Studios are in the Bedford Building.","The institution itself was renamed from Longwood College to Longwood University in 2002. The archived record's faculty note (""Mark Baldridge 1972 to present"") is now out of date: Baldridge taught jewelry/metals at Longwood for 42 years and retired in 2014. The program continued after his retirement and is currently led by Kathleen Kennedy (Assistant Professor of Art in Jewelry/Metalsmithing). The art program was also reorganized into the combined Department of Theatre, Art, and Graphic & Animation Design. No closure — the metals/jewelry offering is continuous through to the present (2026 catalog).",https://www.longwood.edu/art/art/,high,verify-failed,https://www.longwood.edu/art/art/ | https://www.longwood.edu/art/about/faculty-staff/ | https://catalog.longwood.edu/preview_program.php?catoid=11&poid=1613 | https://catalog.longwood.edu/preview_course_nopop.php?catoid=1&coid=1057 | https://catalog.longwood.edu/preview_course_nopop.php?catoid=15&coid=19892 | https://www.markbaldridgedesign.com/mark-baldridge-design-about-the-artist,2026-05-29,active-with-dedicated-faculty,Kathleen Kennedy (Assistant Professor of Art in Jewelry/Metalsmithing)
199,crafts/metalsdirectorypage/s96.html,Maine College of Art,,B.F.A,http://www.temple.edu/crafts/metalsdirectorypage/s96.html,,merged-renamed,Maine College of Art & Design (MECA&D),,"Active. BFA in Metalsmithing & Jewelry (declared at start of junior year after a Foundation year + sophomore media exploration). Sits in the undergraduate Bachelor of Fine Arts program as the Metalsmithing & Jewelry major/department. School also offers an MFA in Studio Art. Studios include casting, enameling, forming/raising facilities plus a small lathe, desktop 3-D printer, and CNC router (light CAD/CAM tooling).</current_status>
<parameter name=""current_chair"">Sharon Portelance '82 — Professor & Chair of Metalsmithing & Jewelry","The metals/jewelry program never closed — it continues uninterrupted. The principal change is institutional: in August 2021 Maine College of Art renamed itself Maine College of Art & Design (MECA&D) under its ""Envisioning Our Future 2027"" strategic plan, reflecting that ~60% of students pursue design careers. The program itself was not merged or renamed; it remains the BFA Metalsmithing & Jewelry major. Leadership has turned over since the archived ~2014 record: the two archived faculty, Tim McCreight and Alan Perry, are no longer listed; the program is now chaired by Professor Sharon Portelance ('82), with Associate Professor Kyle Patnaude and a studio technician (Wyatt Nestor-Pasiczny).",https://meca.edu/academics/metalsmithing-jewelry/,high,verify-failed,https://meca.edu/academics/metalsmithing-jewelry/ | https://meca.edu/people/department/metalsmithing-jewelry/ | https://meca.edu/academics/undergraduate-studies/ | https://www.prnewswire.com/news-releases/maine-college-of-art-unveils-new-name-creative-identity-and-the-envisioning-our-future-2027-strategic-plan-301361108.html | https://en.wikipedia.org/wiki/Maine_College_of_Art_&_Design,2026-05-29,active-with-dedicated-faculty,Sharon Portelance (Professor & Chair of Metalsmithing & Jewelry); Kyle Patnaude (Associate Professor of Metalsmithing & Jewelry); Wyatt Nestor-Pasicznyk (Metalsmithing & Jewelry Studio Technician)
200,crafts/metalsdirectorypage/s98.html,"Maryland Art Institute, Jewelry Institute",,Certificate,http://www.temple.edu/crafts/metalsdirectorypage/s98.html,,merged-renamed,Baltimore Jewelry Center (independent successor nonprofit); MICA itself no longer offers a jewelry/metals program,Baltimore Jewelry Center: Shane Prada was founding Executive Director (2014–2025); she announced her departure and BJC was recruiting a new Executive Director with an anticipated start ~October 2025 (successor name not yet confirmed in sources).,"As an academic degree program: CLOSED. MICA shut its Jewelry Center/Department in spring 2014 and offers no jewelry/metalsmithing major today (nearest current MICA programs are Interdisciplinary Sculpture and Fiber). The program's people, equipment, and mission continue OUTSIDE the college as the Baltimore Jewelry Center (BJC), an independent 501(c)(3) nonprofit founded in 2014. BJC offers non-degree, community/continuing education: 4-/6-/8-/12-week jewelry & metalsmithing classes, weekend workshops, online courses, kids/teens programs, and studio rental — not BFA/MFA degrees.","In late 2012 MICA judged its ~20-year-old Jewelry Department financially unsalvageable and closed the program in spring 2014. It was neither absorbed into nor renamed within MICA — the college dropped jewelry/metals entirely. In spring 2013 a core group of MICA jewelry faculty and students, led by Shane Prada, organized to preserve the program's legacy; in summer 2014 they launched the independent nonprofit Baltimore Jewelry Center (initially at Meadow Mill), negotiating donation of MICA's equipment. BJC has operated continuously since 2014 as a metalsmithing/art-jewelry education center. Leadership change ~2024–2025: founding director Shane Prada stepped down and BJC searched for a new Executive Director (start targeted Oct 2025).",https://www.baltimorejewelrycenter.org/,high,verify-failed,https://bmoreart.com/2017/09/three-years-in-shane-prada-and-the-baltimore-jewelry-center.html | https://hub.jhu.edu/magazine/2017/summer/shane-prada-makes-wearable-art-baltimore-jewelry-center/ | https://www.citypaper.com/arts/bcp-forging-ahead-20140710-story.html | https://mdarts.org/job/baltimore-jewelry-center-baltimore-maryland-33-executive-director/ | https://www.baltimorejewelrycenter.org/ | https://www.mica.edu/academics/undergraduate-majors-minors/ | https://artjewelryforum.org/interviews/harold-oaeconnor/,2026-05-29,active-no-dedicated-metals-faculty,"Jacquie Tull (Metalworking Instructor & Interdisciplinary Sculpture Studio Manager); Rachel Martino (Research Technician, Metal Shop (Interdisciplinary Sculpture)); Amy Klainer (Sculptural Forms Studio Manager (staff; metalsmithing background))"
201,crafts/metalsdirectorypage/s99.html,Massachusetts College of Art,,"B.F.A, M.A, M.F.A",http://www.temple.edu/crafts/metalsdirectorypage/s99.html,,yes,"Jewelry & Metalsmithing, Massachusetts College of Art and Design (MassArt)","No single named program chair/head is published on the current program page. Emily Cobb (Associate Professor, Jewelry & Metalsmithing; MFA metals/jewelry/CAD-CAM, Tyler School of Art) is the lead tenure-line J&M faculty member. Heather White is a Professor in 3D Arts. Julia Gaitley is the J&M Studio Manager.","Active. Offers a BFA in Jewelry & Metalsmithing plus a Jewelry & Metalsmithing minor (and the area is also reachable via the 3D Minor concentration). Sits within MassArt's Fine Arts 3D Arts area/division. CAD/CAM is offered as a specialty elective alongside enameling, anodizing, casting, etc.","The program has continued without closure, merger, or renaming. The institution's full name is now ""Massachusetts College of Art and Design"" (MassArt). Since ~2014 the most notable change is faculty turnover: Joseph Wood (archived as ""1986 to present"") is no longer listed as core/tenure-line J&M faculty — he now appears only as a Visiting Lecturer in directory listings. Emily Cobb has become the principal Associate Professor in Jewelry & Metalsmithing, bringing a digital-fabrication / CAD-CAM emphasis. Visiting lecturers (Venetia Dale, Joyce Kutty) round out the area.",https://massart.edu/program/jewelry-and-metalsmithing/,high,not-needed,https://massart.edu/program/jewelry-and-metalsmithing/ | https://massart.edu/program/jewelry-and-metalsmithing/bfa/ | https://massart.edu/program/jewelry-and-metalsmithing/minor/ | https://massart.edu/program/jewelry-and-metalsmithing/faculty/ | https://academic-catalog.massart.edu/preview_program.php?catoid=15&poid=700 | https://artjewelryforum.org/makers/emily-cobb/ | https://snagmetalsmith.org/virtual_exhibition/emily-cobb/,2026-05-29,active-with-dedicated-faculty,"Heather White (Professor, Jewelry and Metalsmithing (3D Arts); Metals Department Coordinator); Emily Cobb (Associate Professor, Jewelry and Metalsmithing); Venetia Dale (Visiting Lecturer, Jewelry and Metalsmithing); Joyce Kutty (Visiting Lecturer, Jewelry and Metalsmithing); Julia Gaitley (Studio Manager, Jewelry and Metalsmithing)"
202,crafts/public_html/mjcc/local/history/s12.html,Bowling Green State University,,"B.F.A, M.A, M.F.A",http://www.temple.edu/crafts/public_html/mjcc/local/history/s12.html,,,,,,,,,,,,,
203,crafts/public_html/mjcc/local/history/s175.html,Southern Illinois University,1959,"B.F.A, M.F.A",http://www.temple.edu/crafts/public_html/mjcc/local/history/s175.html,,yes,"Metalsmithing, School of Art and Design, Southern Illinois University Carbondale","No single ""metals program head"" is published; the program is staffed by Rick (Richard E.) Smith, Professor — blacksmithing, and Sun Kyoung Kim, Associate Professor — small metals/jewelry. Smith effectively oversees the blacksmithing side. (Overall unit leadership = the School of Art and Design director, not specifically published on the metals page.)","Active and thriving. Offers a BFA in Studio Art: Metalsmithing (120 cr) and an MFA in Art with two metals tracks: Blacksmithing and Small Metals (60 cr min). SIU bills itself as the only MFA blacksmithing program in the nation. The program sits in the School of Art and Design, within the College of Arts and Media (web-branded under ""Art, Architecture, and Design""). The studios are in the historic Pulliam Industrial/Design wing (blacksmithing studio, plus jewelry/small-metals and casting spaces).","Continuation with a generational faculty handoff. The program founded by L. Brent Kington (began rebuilding SIU metals after 1961; ""reintroduced blacksmithing as an art form to the US""; Lifetime Achievement, SNAG 2011; the $1M endowed L. Brent Kington chair was created in 2006) and Richard Mawdsley (fine metals, from 1978) is now carried by Rick Smith (blacksmithing) and Sun Kyoung Kim (small metals/jewelry). Mawdsley and Kington are emeritus/deceased. Since ~2014 the program has continued uninterrupted, retaining both blacksmithing and small-metals/jewelry tracks at BFA and MFA levels; the academic unit has been reorganized/rebranded into the School of Art and Design under the College of Arts and Media.",https://academics.siu.edu/design/art/program-tracks/metalsmithing.php,high,not-needed,https://academics.siu.edu/design/art/program-tracks/metalsmithing.php | https://academics.siu.edu/design/art/masters/ | https://catalog.siu.edu/programs/ad/faculty.php | https://academics.siu.edu/design/art/faculty/smith-rick.php | http://www.sunkyoungkim.com/about.html | https://snagmetalsmith.org/2011/06/2011-snag-lifetime-achievement-award-l-brent-kington/ | https://news.siu.edu/2006/02/021406tc6032.php | https://www.metalmuseum.org/post/2017/12/29/inside-the-collection-richard-mawdsley,2026-05-29,active-with-dedicated-faculty,Rick Smith (Professor (Metalsmithing/Blacksmithing)); Sun Kyoung Kim (Associate Professor (Metals/Jewelry))
204,crafts/public_html/mjcc/local/history/s206.html,The University of Texas at El Paso,,"B.A, M.A",http://www.temple.edu/crafts/public_html/mjcc/local/history/s206.html,,,,,,,,,,,,,
205,crafts/public_html/mjcc/local/history/s228.html,University of Kansas,1947,"B.A, B.F.A, M.F.A",http://www.temple.edu/crafts/public_html/mjcc/local/history/s228.html,,,,,,,,,,,,,
206,crafts/public_html/mjcc/local/history/s56.html,Emporia State University,,B.F.A,http://www.temple.edu/crafts/public_html/mjcc/local/history/s56.html,,,,,,,,,,,,,
207,crafts/public_html/mjcc/local/history/s90.html,Kent State University,,"B.A, B.F.A, M.A, M.F.A",http://www.temple.edu/crafts/public_html/mjcc/local/history/s90.html,,,,,,,,,,,,,
208,crafts/public_html/mjcc/local/history/s96.html,Maine College of Art,,B.F.A,http://www.temple.edu/crafts/public_html/mjcc/local/history/s96.html,,,,,,,,,,,,,
209,crafts/public_html/mjcc/local/history/s1.html,Abilene Christian University,,"BFA, BA",http://www.temple.edu:80/crafts/public_html/mjcc/local/history/s1.html,,,,,,,,,,,,,
210,crafts/public_html/mjcc/local/history/s10.html,Birmingham Bloomfield Art Association,,,http://www.temple.edu:80/crafts/public_html/mjcc/local/history/s10.html,,,,,,,,,,,,,
211,crafts/public_html/mjcc/local/history/s100.html,"California State University, Northridge",,"B.F.A, M.A, M.F.A",http://www.temple.edu:80/crafts/public_html/mjcc/local/history/s100.html,,,,,,,,,,,,,
212,crafts/public_html/mjcc/local/history/s101.html,Memphis College of Art,,"B.F.A, M.F.A",http://www.temple.edu:80/crafts/public_html/mjcc/local/history/s101.html,,,,,,,,,,,,,
213,crafts/public_html/mjcc/local/history/s102.html,Metairie Park Country Day School,,Certificate,http://www.temple.edu:80/crafts/public_html/mjcc/local/history/s102.html,,,,,,,,,,,,,
214,crafts/public_html/mjcc/local/history/s103.html,Miami Jewelry Institute,,Certificate,http://www.temple.edu:80/crafts/public_html/mjcc/local/history/s103.html,,,,,,,,,,,,,
215,crafts/public_html/mjcc/local/history/s104.html,Miami University,,,http://www.temple.edu:80/crafts/public_html/mjcc/local/history/s104.html,,,,,,,,,,,,,
216,crafts/public_html/mjcc/local/history/s105.html,Middle Tennessee State University,,B.F.A,http://www.temple.edu:80/crafts/public_html/mjcc/local/history/s105.html,,,,,,,,,,,,,
217,crafts/public_html/mjcc/local/history/s106.html,Midwestern State University,,"B.A, B.F.A",http://www.temple.edu:80/crafts/public_html/mjcc/local/history/s106.html,,,,,,,,,,,,,
218,crafts/public_html/mjcc/local/history/s107.html,Millersville University,,,http://www.temple.edu:80/crafts/public_html/mjcc/local/history/s107.html,,,,,,,,,,,,,
219,crafts/public_html/mjcc/local/history/s108.html,Milwaukee Area Technical College,,Diploma,http://www.temple.edu:80/crafts/public_html/mjcc/local/history/s108.html,,,,,,,,,,,,,
220,crafts/public_html/mjcc/local/history/s11.html,Blue Mountain Community College,,,http://www.temple.edu:80/crafts/public_html/mjcc/local/history/s11.html,,,,,,,,,,,,,
221,crafts/public_html/mjcc/local/history/s110.html,Milwaukee Area Technical College/ South,,,http://www.temple.edu:80/crafts/public_html/mjcc/local/history/s110.html,,,,,,,,,,,,,
222,crafts/public_html/mjcc/local/history/s111.html,Milwaukee Area Technical College/North,,,http://www.temple.edu:80/crafts/public_html/mjcc/local/history/s111.html,,,,,,,,,,,,,
223,crafts/public_html/mjcc/local/history/s112.html,Minneapolis Technical College,,,http://www.temple.edu:80/crafts/public_html/mjcc/local/history/s112.html,,,,,,,,,,,,,
224,crafts/public_html/mjcc/local/history/s117.html,Missouri Southern State College,,"B.A, B.S, B.S.",http://www.temple.edu:80/crafts/public_html/mjcc/local/history/s117.html,,,,,,,,,,,,,
225,crafts/public_html/mjcc/local/history/s118.html,Montana State University,,"B.A, M.A, M.F.A",http://www.temple.edu:80/crafts/public_html/mjcc/local/history/s118.html,,,,,,,,,,,,,
226,crafts/public_html/mjcc/local/history/s119.html,Montgomery College,,,http://www.temple.edu:80/crafts/public_html/mjcc/local/history/s119.html,,,,,,,,,,,,,
227,crafts/public_html/mjcc/local/history/s122.html,Mott Community College,,,http://www.temple.edu:80/crafts/public_html/mjcc/local/history/s122.html,,,,,,,,,,,,,
228,crafts/public_html/mjcc/local/history/s123.html,Nazareth College,1968,B.S,http://www.temple.edu:80/crafts/public_html/mjcc/local/history/s123.html,,,,,,,,,,,,,
229,crafts/public_html/mjcc/local/history/s124.html,Nebraska Wesl e yan University,,"B.A, B.F.A",http://www.temple.edu:80/crafts/public_html/mjcc/local/history/s124.html,,,,,,,,,,,,,
230,crafts/public_html/mjcc/local/history/s125.html,New Mexico State University,,"B.A, B.F.A, M.A, M.F.A",http://www.temple.edu:80/crafts/public_html/mjcc/local/history/s125.html,,,,,,,,,,,,,
231,crafts/public_html/mjcc/local/history/s126.html,New York University,,"B.S, M.A",http://www.temple.edu:80/crafts/public_html/mjcc/local/history/s126.html,,,,,,,,,,,,,
232,crafts/public_html/mjcc/local/history/s127.html,North Bennet Street School,,,http://www.temple.edu:80/crafts/public_html/mjcc/local/history/s127.html,,,,,,,,,,,,,
233,crafts/public_html/mjcc/local/history/s129.html,North Hennepin Community College,,,http://www.temple.edu:80/crafts/public_html/mjcc/local/history/s129.html,,,,,,,,,,,,,
234,crafts/public_html/mjcc/local/history/s13.html,Bradley University,,"B.S, B.A, B.F.A",http://www.temple.edu:80/crafts/public_html/mjcc/local/history/s13.html,,,,,,,,,,,,,
235,crafts/public_html/mjcc/local/history/s130.html,Northeastern Illinois University,,B.A,http://www.temple.edu:80/crafts/public_html/mjcc/local/history/s130.html,,,,,,,,,,,,,
236,crafts/public_html/mjcc/local/history/s131.html,Northern Arizona University,,"B.F.A, M.A",http://www.temple.edu:80/crafts/public_html/mjcc/local/history/s131.html,,,,,,,,,,,,,
237,crafts/public_html/mjcc/local/history/s132.html,Northern Illinois University,,,http://www.temple.edu:80/crafts/public_html/mjcc/local/history/s132.html,,,,,,,,,,,,,
238,crafts/public_html/mjcc/local/history/s133.html,Northern Michigan University,1970,B.F.A,http://www.temple.edu:80/crafts/public_html/mjcc/local/history/s133.html,,,,,,,,,,,,,
239,crafts/public_html/mjcc/local/history/s134.html,Northwest Missouri State University,,"B.A, B.F.A, B.S",http://www.temple.edu:80/crafts/public_html/mjcc/local/history/s134.html,,,,,,,,,,,,,
240,crafts/public_html/mjcc/local/history/s135.html,Oklahoma State University,1978,"B.A, B.F.A",http://www.temple.edu:80/crafts/public_html/mjcc/local/history/s135.html,,,,,,,,,,,,,
241,crafts/public_html/mjcc/local/history/s139.html,Old Dominion University,1977,"B.A, B.F.A, M.A, M.F.A",http://www.temple.edu:80/crafts/public_html/mjcc/local/history/s139.html,,,,,,,,,,,,,
242,crafts/public_html/mjcc/local/history/s14.html,Cabrillo College,1970,,http://www.temple.edu:80/crafts/public_html/mjcc/local/history/s14.html,,,,,,,,,,,,,
243,crafts/public_html/mjcc/local/history/s140.html,Oral Roberts University,,"B.A, B.S",http://www.temple.edu:80/crafts/public_html/mjcc/local/history/s140.html,,,,,,,,,,,,,
244,crafts/public_html/mjcc/local/history/s141.html,Oregon School of Arts & Crafts,,,http://www.temple.edu:80/crafts/public_html/mjcc/local/history/s141.html,,,,,,,,,,,,,
245,crafts/public_html/mjcc/local/history/s142.html,Palomar College,,,http://www.temple.edu:80/crafts/public_html/mjcc/local/history/s142.html,,,,,,,,,,,,,
246,crafts/public_html/mjcc/local/history/s143.html,Parsons School of Design,,B.F.A,http://www.temple.edu:80/crafts/public_html/mjcc/local/history/s143.html,,,,,,,,,,,,,
247,crafts/public_html/mjcc/local/history/s144.html,Pasadena City College,,,http://www.temple.edu:80/crafts/public_html/mjcc/local/history/s144.html,,,,,,,,,,,,,
248,crafts/public_html/mjcc/local/history/s146.html,Pennsylvania State University,,"B.A, B.F.A, M.F.A",http://www.temple.edu:80/crafts/public_html/mjcc/local/history/s146.html,,,,,,,,,,,,,
249,crafts/public_html/mjcc/local/history/s147.html,Pittsburg State University,,"B.F.A, M.F.A",http://www.temple.edu:80/crafts/public_html/mjcc/local/history/s147.html,,,,,,,,,,,,,
250,crafts/public_html/mjcc/local/history/s148.html,Portland School of Art,,B.F.A,http://www.temple.edu:80/crafts/public_html/mjcc/local/history/s148.html,,,,,,,,,,,,,
251,crafts/public_html/mjcc/local/history/s149.html,Purdue University,,"B.A, M.A",http://www.temple.edu:80/crafts/public_html/mjcc/local/history/s149.html,,,,,,,,,,,,,
252,crafts/public_html/mjcc/local/history/s150.html,Quincy College,,"B.S, B.A, B.F.A",http://www.temple.edu:80/crafts/public_html/mjcc/local/history/s150.html,,,,,,,,,,,,,
253,crafts/public_html/mjcc/local/history/s151.html,Revere Academy of Jewelry Arts,1979,Diploma,http://www.temple.edu:80/crafts/public_html/mjcc/local/history/s151.html,,,,,,,,,,,,,
254,crafts/public_html/mjcc/local/history/s152.html,Rhode Island College,,,http://www.temple.edu:80/crafts/public_html/mjcc/local/history/s152.html,,,,,,,,,,,,,
255,crafts/public_html/mjcc/local/history/s153.html,Rhode Island School of Design,,,http://www.temple.edu:80/crafts/public_html/mjcc/local/history/s153.html,,,,,,,,,,,,,
256,crafts/public_html/mjcc/local/history/s155.html,Roberts Wesleyan College,,"B.S, B.A",http://www.temple.edu:80/crafts/public_html/mjcc/local/history/s155.html,,,,,,,,,,,,,
257,crafts/public_html/mjcc/local/history/s156.html,Rochester Institute of Technology,,"B.F.A, M.F.A",http://www.temple.edu:80/crafts/public_html/mjcc/local/history/s156.html,,,,,,,,,,,,,
258,crafts/public_html/mjcc/local/history/s158.html,Rowan University,,"B.A, B.F.A",http://www.temple.edu:80/crafts/public_html/mjcc/local/history/s158.html,,,,,,,,,,,,,
259,crafts/public_html/mjcc/local/history/s159.html,San Antonio College,,"B.A, M.A",http://www.temple.edu:80/crafts/public_html/mjcc/local/history/s159.html,,,,,,,,,,,,,
260,crafts/public_html/mjcc/local/history/s16.html,California College of Arts and Crafts,,"B.F.A, M.F.A",http://www.temple.edu:80/crafts/public_html/mjcc/local/history/s16.html,,,,,,,,,,,,,
261,crafts/public_html/mjcc/local/history/s160.html,San Diego State University,,"B.A, M.A, M.F.A",http://www.temple.edu:80/crafts/public_html/mjcc/local/history/s160.html,,,,,,,,,,,,,
262,crafts/public_html/mjcc/local/history/s162.html,San Francisco State University,1965,"B.A, M.F.A",http://www.temple.edu:80/crafts/public_html/mjcc/local/history/s162.html,,,,,,,,,,,,,
263,crafts/public_html/mjcc/local/history/s163.html,Sawtooth Center for Visual Art,,,http://www.temple.edu:80/crafts/public_html/mjcc/local/history/s163.html,,,,,,,,,,,,,
264,crafts/public_html/mjcc/local/history/s167.html,School of the Museum of Fine Arts,,"B.F.A, M.F.A",http://www.temple.edu:80/crafts/public_html/mjcc/local/history/s167.html,,,,,,,,,,,,,
265,crafts/public_html/mjcc/local/history/s168.html,Seton Hill College,,"B.A, B.F.A",http://www.temple.edu:80/crafts/public_html/mjcc/local/history/s168.html,,,,,,,,,,,,,
266,crafts/public_html/mjcc/local/history/s169.html,Shorter College,,"B.S, B.F.A, M.F.A",http://www.temple.edu:80/crafts/public_html/mjcc/local/history/s169.html,,,,,,,,,,,,,
267,crafts/public_html/mjcc/local/history/s170.html,Siena Heights University,,B.F.A,http://www.temple.edu:80/crafts/public_html/mjcc/local/history/s170.html,,,,,,,,,,,,,
268,crafts/public_html/mjcc/local/history/s171.html,Skidmore College,,"B.S, M.F.A",http://www.temple.edu:80/crafts/public_html/mjcc/local/history/s171.html,,,,,,,,,,,,,
269,crafts/public_html/mjcc/local/history/s172.html,Slippery Rock University,,"B.A, B.F.A",http://www.temple.edu:80/crafts/public_html/mjcc/local/history/s172.html,,,,,,,,,,,,,
270,crafts/public_html/mjcc/local/history/s173.html,Southeastern Louisiana University,,,http://www.temple.edu:80/crafts/public_html/mjcc/local/history/s173.html,,,,,,,,,,,,,
271,crafts/public_html/mjcc/local/history/s174.html,Southern Connecticut State University,,"B.S, B.A",http://www.temple.edu:80/crafts/public_html/mjcc/local/history/s174.html,,,,,,,,,,,,,
272,crafts/public_html/mjcc/local/history/s177.html,Southwest School of Art and Craft,,,http://www.temple.edu:80/crafts/public_html/mjcc/local/history/s177.html,,,,,,,,,,,,,
273,crafts/public_html/mjcc/local/history/s180.html,Southwest Missouri State University,,"B.S, B.A, B.F.A",http://www.temple.edu:80/crafts/public_html/mjcc/local/history/s180.html,,,,,,,,,,,,,
274,crafts/public_html/mjcc/local/history/s181.html,Southwest Texas State University,,"B.A, B.F.A",http://www.temple.edu:80/crafts/public_html/mjcc/local/history/s181.html,,,,,,,,,,,,,
275,crafts/public_html/mjcc/local/history/s182.html,Spokane Falls Community College,,,http://www.temple.edu:80/crafts/public_html/mjcc/local/history/s182.html,,,,,,,,,,,,,
276,crafts/public_html/mjcc/local/history/s183.html,St. Norbert College,,"B.A, B.S",http://www.temple.edu:80/crafts/public_html/mjcc/local/history/s183.html,,,,,,,,,,,,,
277,crafts/public_html/mjcc/local/history/s184.html,State University College at Buffalo,,"B.S, B.F.A",http://www.temple.edu:80/crafts/public_html/mjcc/local/history/s184.html,,,,,,,,,,,,,
278,crafts/public_html/mjcc/local/history/s186.html,State University of New York at Brockport,,"B.S, B.A, B.F.A",http://www.temple.edu:80/crafts/public_html/mjcc/local/history/s186.html,,,,,,,,,,,,,
279,crafts/public_html/mjcc/local/history/s187.html,State University of New York at Geneseo,,B.A,http://www.temple.edu:80/crafts/public_html/mjcc/local/history/s187.html,,,,,,,,,,,,,
280,crafts/public_html/mjcc/local/history/s188.html,State University of New York at New Paltz,1957,"B.F.A, M.A, M.F.A",http://www.temple.edu:80/crafts/public_html/mjcc/local/history/s188.html,,,,,,,,,,,,,
281,crafts/public_html/mjcc/local/history/s19.html,California State University - Fullerton,,"B.F.A, M.F.A",http://www.temple.edu:80/crafts/public_html/mjcc/local/history/s19.html,,,,,,,,,,,,,
282,crafts/public_html/mjcc/local/history/s190.html,"Studio Jewelers, Ltd.",1979,Certificate,http://www.temple.edu:80/crafts/public_html/mjcc/local/history/s190.html,,,,,,,,,,,,,
283,crafts/public_html/mjcc/local/history/s194.html,Syracuse University,,,http://www.temple.edu:80/crafts/public_html/mjcc/local/history/s194.html,,,,,,,,,,,,,
284,crafts/public_html/mjcc/local/history/s195.html,Tarrant County Junior College/ N.E.,,,http://www.temple.edu:80/crafts/public_html/mjcc/local/history/s195.html,,,,,,,,,,,,,
285,crafts/public_html/mjcc/local/history/s196.html,Texas Tech University,,"B.A, B.F.A, M.F.A",http://www.temple.edu:80/crafts/public_html/mjcc/local/history/s196.html,,,,,,,,,,,,,
286,crafts/public_html/mjcc/local/history/s197.html,Texas Women's University,,"B.F.A, M.A, M.F.A",http://www.temple.edu:80/crafts/public_html/mjcc/local/history/s197.html,,,,,,,,,,,,,
287,crafts/public_html/mjcc/local/history/s198.html,The Florida State University,,"B.A, B.F.A, M.A, M.F.A",http://www.temple.edu:80/crafts/public_html/mjcc/local/history/s198.html,,,,,,,,,,,,,
288,crafts/public_html/mjcc/local/history/s199.html,The School of the Art Institute of Chicago,,"B.F.A, M.A, M.F.A",http://www.temple.edu:80/crafts/public_html/mjcc/local/history/s199.html,,,,,,,,,,,,,
289,crafts/public_html/mjcc/local/history/s2.html,Academy of Art College,,"BFA, MFA",http://www.temple.edu:80/crafts/public_html/mjcc/local/history/s2.html,,,,,,,,,,,,,
290,crafts/public_html/mjcc/local/history/s20.html,California State University at Long Beach,1952,"B.F.A, M.F.A",http://www.temple.edu:80/crafts/public_html/mjcc/local/history/s20.html,,,,,,,,,,,,,
291,crafts/public_html/mjcc/local/history/s200.html,The University of Akron,,B.F.A,http://www.temple.edu:80/crafts/public_html/mjcc/local/history/s200.html,,,,,,,,,,,,,
292,crafts/public_html/mjcc/local/history/s201.html,The University of Mary Hardin-Baylor,,B.F.A,http://www.temple.edu:80/crafts/public_html/mjcc/local/history/s201.html,,,,,,,,,,,,,
293,crafts/public_html/mjcc/local/history/s203.html,The University of Michigan,,"B.F.A, M.A, M.F.A",http://www.temple.edu:80/crafts/public_html/mjcc/local/history/s203.html,,,,,,,,,,,,,
294,crafts/public_html/mjcc/local/history/s205.html,The University of Texas at Austin,,"B.A, B.F.A, M.F.A",http://www.temple.edu:80/crafts/public_html/mjcc/local/history/s205.html,,,,,,,,,,,,,
295,crafts/public_html/mjcc/local/history/s207.html,The University of Texas Pan American,,"B.S, B.A, B.F.A, M.A",http://www.temple.edu:80/crafts/public_html/mjcc/local/history/s207.html,,,,,,,,,,,,,
296,crafts/public_html/mjcc/local/history/s208.html,The University of the Arts,1903,"B.A, B.F.A, M.A, M.F.A",http://www.temple.edu:80/crafts/public_html/mjcc/local/history/s208.html,,,,,,,,,,,,,
297,crafts/public_html/mjcc/local/history/s209.html,The University of Wisconsin -Milwaukee,,"B.F.A, M.A, M.F.A",http://www.temple.edu:80/crafts/public_html/mjcc/local/history/s209.html,,,,,,,,,,,,,
298,crafts/public_html/mjcc/local/history/s210.html,Towson University,1978,"B.S, M.F.A",http://www.temple.edu:80/crafts/public_html/mjcc/local/history/s210.html,,,,,,,,,,,,,
299,crafts/public_html/mjcc/local/history/s211.html,Tufts University,,"B.F.A, M.F.A",http://www.temple.edu:80/crafts/public_html/mjcc/local/history/s211.html,,,,,,,,,,,,,
300,crafts/public_html/mjcc/local/history/s215.html,Tulsa Community College/Cultural & Social Services Division,,,http://www.temple.edu:80/crafts/public_html/mjcc/local/history/s215.html,,,,,,,,,,,,,
301,crafts/public_html/mjcc/local/history/s218.html,Tyler School of Art/Temple University,1962,"BFA, MFA",http://www.temple.edu:80/crafts/public_html/mjcc/local/history/s218.html,,,,,,,,,,,,,
302,crafts/public_html/mjcc/local/history/s22.html,Calvin College,,,http://www.temple.edu:80/crafts/public_html/mjcc/local/history/s22.html,,,,,,,,,,,,,
303,crafts/public_html/mjcc/local/history/s222.html,University of Arizona,,"B.F.A, M.F.A",http://www.temple.edu:80/crafts/public_html/mjcc/local/history/s222.html,,,,,,,,,,,,,
304,crafts/public_html/mjcc/local/history/s223.html,University of Delaware,,"B.A, B.F.A, M.F.A",http://www.temple.edu:80/crafts/public_html/mjcc/local/history/s223.html,,,,,,,,,,,,,
305,crafts/public_html/mjcc/local/history/s224.html,University of Houston,1970,B.F.A,http://www.temple.edu:80/crafts/public_html/mjcc/local/history/s224.html,,,,,,,,,,,,,
306,crafts/public_html/mjcc/local/history/s225.html,University of Illinois at Urbana-Champaign,,"B.F.A, M.F.A",http://www.temple.edu:80/crafts/public_html/mjcc/local/history/s225.html,,,,,,,,,,,,,
307,crafts/public_html/mjcc/local/history/s227.html,University of Iowa,1960,"B.F.A, M.A, M.F.A",http://www.temple.edu:80/crafts/public_html/mjcc/local/history/s227.html,,,,,,,,,,,,,
308,crafts/public_html/mjcc/local/history/s23.html,Carnegie-Mellon University,,,http://www.temple.edu:80/crafts/public_html/mjcc/local/history/s23.html,,,,,,,,,,,,,
309,crafts/public_html/mjcc/local/history/s230.html,University of Massachusetts / Dartmouth,1975,"Certificate, B.F.A, M.F.A",http://www.temple.edu:80/crafts/public_html/mjcc/local/history/s230.html,,,,,,,,,,,,,
310,crafts/public_html/mjcc/local/history/s232.html,University of Minnesota,,"B.A, B.F.A, M.A",http://www.temple.edu:80/crafts/public_html/mjcc/local/history/s232.html,,,,,,,,,,,,,
311,crafts/public_html/mjcc/local/history/s234.html,University of Missouri,,"B.A, B.F.A, M.F.A",http://www.temple.edu:80/crafts/public_html/mjcc/local/history/s234.html,,,,,,,,,,,,,
312,crafts/public_html/mjcc/local/history/s235.html,University of North Dakota,,"B.A, B.F.A, M.F.A",http://www.temple.edu:80/crafts/public_html/mjcc/local/history/s235.html,,,,,,,,,,,,,
313,crafts/public_html/mjcc/local/history/s236.html,University of North Texas,,"B.A, B.F.A, M.A, M.F.A",http://www.temple.edu:80/crafts/public_html/mjcc/local/history/s236.html,,,,,,,,,,,,,
314,crafts/public_html/mjcc/local/history/s237.html,University of Oregon,,"B.S, B.A, B.F.A, M.F.A",http://www.temple.edu:80/crafts/public_html/mjcc/local/history/s237.html,,,,,,,,,,,,,
315,crafts/public_html/mjcc/local/history/s238.html,University of Science & Arts of Oklahoma,,B.A,http://www.temple.edu:80/crafts/public_html/mjcc/local/history/s238.html,,,,,,,,,,,,,
316,crafts/public_html/mjcc/local/history/s24.html,Casper College,,,http://www.temple.edu:80/crafts/public_html/mjcc/local/history/s24.html,,,,,,,,,,,,,
317,crafts/public_html/mjcc/local/history/s240.html,University of South Carolina,,B.A,http://www.temple.edu:80/crafts/public_html/mjcc/local/history/s240.html,,,,,,,,,,,,,
318,crafts/public_html/mjcc/local/history/s241.html,University of Texas at Arlington,,"B.A, B.F.A",http://www.temple.edu:80/crafts/public_html/mjcc/local/history/s241.html,,,,,,,,,,,,,
319,crafts/public_html/mjcc/local/history/s242.html,University of Washington,,,http://www.temple.edu:80/crafts/public_html/mjcc/local/history/s242.html,,,,,,,,,,,,,
320,crafts/public_html/mjcc/local/history/s244.html,University of Wisconsin-Eau Claire,,B.F.A,http://www.temple.edu:80/crafts/public_html/mjcc/local/history/s244.html,,,,,,,,,,,,,
321,crafts/public_html/mjcc/local/history/s245.html,University of Wisconsin-La Crosse,,"B.A, B.S",http://www.temple.edu:80/crafts/public_html/mjcc/local/history/s245.html,,,,,,,,,,,,,
322,crafts/public_html/mjcc/local/history/s246.html,University of Wisconsin-Madison,,"B.A, B.F.A, M.A, M.F.A",http://www.temple.edu:80/crafts/public_html/mjcc/local/history/s246.html,,,,,,,,,,,,,
323,crafts/public_html/mjcc/local/history/s247.html,University of Wisconsin - Green Bay,,,http://www.temple.edu:80/crafts/public_html/mjcc/local/history/s247.html,,,,,,,,,,,,,
324,crafts/public_html/mjcc/local/history/s248.html,University of Wisconsin-Stout,,"B.S, B.F.A",http://www.temple.edu:80/crafts/public_html/mjcc/local/history/s248.html,,,,,,,,,,,,,
325,crafts/public_html/mjcc/local/history/s25.html,Center for Creative Studies,,B.F.A,http://www.temple.edu:80/crafts/public_html/mjcc/local/history/s25.html,,,,,,,,,,,,,
326,crafts/public_html/mjcc/local/history/s250.html,University of Wisconsin-Whitewater,,,http://www.temple.edu:80/crafts/public_html/mjcc/local/history/s250.html,,,,,,,,,,,,,
327,crafts/public_html/mjcc/local/history/s251.html,Virginia Commonwealth University,,"B.F.A, M.F.A",http://www.temple.edu:80/crafts/public_html/mjcc/local/history/s251.html,,,,,,,,,,,,,
328,crafts/public_html/mjcc/local/history/s253.html,Washington University,,"B.F.A, M.F.A",http://www.temple.edu:80/crafts/public_html/mjcc/local/history/s253.html,,,,,,,,,,,,,
329,crafts/public_html/mjcc/local/history/s254.html,Wayne State University,1953,"B.F.A, M.A",http://www.temple.edu:80/crafts/public_html/mjcc/local/history/s254.html,,,,,,,,,,,,,
330,crafts/public_html/mjcc/local/history/s255.html,Weber State University,,"B.S, B.A, B.F.A",http://www.temple.edu:80/crafts/public_html/mjcc/local/history/s255.html,,,,,,,,,,,,,
331,crafts/public_html/mjcc/local/history/s257.html,Western Maryland College,,B.S,http://www.temple.edu:80/crafts/public_html/mjcc/local/history/s257.html,,,,,,,,,,,,,
332,crafts/public_html/mjcc/local/history/s258.html,Western Montana College,,B.A,http://www.temple.edu:80/crafts/public_html/mjcc/local/history/s258.html,,,,,,,,,,,,,
333,crafts/public_html/mjcc/local/history/s26.html,Central Washington University,,"B.A, B.F.A, M.F.A",http://www.temple.edu:80/crafts/public_html/mjcc/local/history/s26.html,,,,,,,,,,,,,
334,crafts/public_html/mjcc/local/history/s262.html,Western State College of Colorado,,B.S,http://www.temple.edu:80/crafts/public_html/mjcc/local/history/s262.html,,,,,,,,,,,,,
335,crafts/public_html/mjcc/local/history/s263.html,Wichita Center for the Arts,1934,,http://www.temple.edu:80/crafts/public_html/mjcc/local/history/s263.html,,,,,,,,,,,,,
336,crafts/public_html/mjcc/local/history/s264.html,Winthrop College,,"B.A, B.F.A",http://www.temple.edu:80/crafts/public_html/mjcc/local/history/s264.html,,,,,,,,,,,,,
337,crafts/public_html/mjcc/local/history/s266.html,Yakima Valley Community College,,,http://www.temple.edu:80/crafts/public_html/mjcc/local/history/s266.html,,,,,,,,,,,,,
338,crafts/public_html/mjcc/local/history/s267.html,Yavapai College,,,http://www.temple.edu:80/crafts/public_html/mjcc/local/history/s267.html,,,,,,,,,,,,,
339,crafts/public_html/mjcc/local/history/s268.html,Ohio State University,,"B.F.A, M.F.A",http://www.temple.edu:80/crafts/public_html/mjcc/local/history/s268.html,,,,,,,,,,,,,
340,crafts/public_html/mjcc/local/history/s27.html,Cheltenham Center for the Arts,,,http://www.temple.edu:80/crafts/public_html/mjcc/local/history/s27.html,,,,,,,,,,,,,
341,crafts/public_html/mjcc/local/history/s273.html,Kendall College of Art and Design,2002,B.F.A,http://www.temple.edu:80/crafts/public_html/mjcc/local/history/s273.html,,,,,,,,,,,,,
342,crafts/public_html/mjcc/local/history/s274.html,Stephen F. Austin State University,,"B.A, M.F.A",http://www.temple.edu:80/crafts/public_html/mjcc/local/history/s274.html,,,,,,,,,,,,,
343,crafts/public_html/mjcc/local/history/s275.html,Savannah College of Art and Design,,"B.F.A, M.F.A",http://www.temple.edu:80/crafts/public_html/mjcc/local/history/s275.html,,,,,,,,,,,,,
344,crafts/public_html/mjcc/local/history/s29.html,Clark College,,,http://www.temple.edu:80/crafts/public_html/mjcc/local/history/s29.html,,,,,,,,,,,,,
345,crafts/public_html/mjcc/local/history/s3.html,Adams State College,1962,"BA, MA",http://www.temple.edu:80/crafts/public_html/mjcc/local/history/s3.html,,,,,,,,,,,,,
346,crafts/public_html/mjcc/local/history/s30.html,Cleveland Institute of Art,,B.F.A,http://www.temple.edu:80/crafts/public_html/mjcc/local/history/s30.html,,,,,,,,,,,,,
347,crafts/public_html/mjcc/local/history/s32.html,College of DuPage,,,http://www.temple.edu:80/crafts/public_html/mjcc/local/history/s32.html,,,,,,,,,,,,,
348,crafts/public_html/mjcc/local/history/s33.html,Colorado State University,,"B.F.A, M.F.A",http://www.temple.edu:80/crafts/public_html/mjcc/local/history/s33.html,,,,,,,,,,,,,
349,crafts/public_html/mjcc/local/history/s34.html,College of the Redwoods,,,http://www.temple.edu:80/crafts/public_html/mjcc/local/history/s34.html,,,,,,,,,,,,,
350,crafts/public_html/mjcc/local/history/s35.html,Columbia College,,B.A,http://www.temple.edu:80/crafts/public_html/mjcc/local/history/s35.html,,,,,,,,,,,,,
351,crafts/public_html/mjcc/local/history/s36.html,Columbus College,,"B.S, M.A, B.A",http://www.temple.edu:80/crafts/public_html/mjcc/local/history/s36.html,,,,,,,,,,,,,
352,crafts/public_html/mjcc/local/history/s42.html,Cranbrook Academy of Art,1939,M.F.A,http://www.temple.edu:80/crafts/public_html/mjcc/local/history/s42.html,,,,,,,,,,,,,
353,crafts/public_html/mjcc/local/history/s43.html,Dakota State University,,B.S,http://www.temple.edu:80/crafts/public_html/mjcc/local/history/s43.html,,,,,,,,,,,,,
354,crafts/public_html/mjcc/local/history/s44.html,Dallas Jewelry Institute,,Certificate,http://www.temple.edu:80/crafts/public_html/mjcc/local/history/s44.html,,,,,,,,,,,,,
355,crafts/public_html/mjcc/local/history/s45.html,Dunconnor Workshop,,,http://www.temple.edu:80/crafts/public_html/mjcc/local/history/s45.html,,,,,,,,,,,,,
356,crafts/public_html/mjcc/local/history/s46.html,East Carolina University,,"B.A, M.A, M.F.A, B.F.A",http://www.temple.edu:80/crafts/public_html/mjcc/local/history/s46.html,,,,,,,,,,,,,
357,crafts/public_html/mjcc/local/history/s48.html,East Tennessee State University,,"B.F.A, M.A, M.F.A",http://www.temple.edu:80/crafts/public_html/mjcc/local/history/s48.html,,,,,,,,,,,,,
358,crafts/public_html/mjcc/local/history/s49.html,East Texas Baptist University,,"B.F.A, M.F.A",http://www.temple.edu:80/crafts/public_html/mjcc/local/history/s49.html,,,,,,,,,,,,,
359,crafts/public_html/mjcc/local/history/s5.html,"Appalachian Center for Crafts, T.T.U.",,"B.F.A, Certificate",http://www.temple.edu:80/crafts/public_html/mjcc/local/history/s5.html,,,,,,,,,,,,,
360,crafts/public_html/mjcc/local/history/s50.html,Eastern Illinois University,,"B.A, M.A",http://www.temple.edu:80/crafts/public_html/mjcc/local/history/s50.html,,,,,,,,,,,,,
361,crafts/public_html/mjcc/local/history/s51.html,Eastern Kentucky University,,"B.A, B.F.A",http://www.temple.edu:80/crafts/public_html/mjcc/local/history/s51.html,,,,,,,,,,,,,
362,crafts/public_html/mjcc/local/history/s52.html,Eastern Michigan University,,"B.S, B.F.A, M.A, M.F.A",http://www.temple.edu:80/crafts/public_html/mjcc/local/history/s52.html,,,,,,,,,,,,,
363,crafts/public_html/mjcc/local/history/s53.html,Eastern New Mexico University,,,http://www.temple.edu:80/crafts/public_html/mjcc/local/history/s53.html,,,,,,,,,,,,,
364,crafts/public_html/mjcc/local/history/s54.html,Eastfield College,,,http://www.temple.edu:80/crafts/public_html/mjcc/local/history/s54.html,,,,,,,,,,,,,
365,crafts/public_html/mjcc/local/history/s55.html,Edinboro University of Pennsylvania,,"B.S, M.A, B.F.A, M.F.A",http://www.temple.edu:80/crafts/public_html/mjcc/local/history/s55.html,,,,,,,,,,,,,
366,crafts/public_html/mjcc/local/history/s57.html,Fashion Institute of Technology,1979,B.A,http://www.temple.edu:80/crafts/public_html/mjcc/local/history/s57.html,,,,,,,,,,,,,
367,crafts/public_html/mjcc/local/history/s58.html,Flagler College,,B.A,http://www.temple.edu:80/crafts/public_html/mjcc/local/history/s58.html,,,,,,,,,,,,,
368,crafts/public_html/mjcc/local/history/s59.html,Florida Atlantic University,,"B.A, B.F.A",http://www.temple.edu:80/crafts/public_html/mjcc/local/history/s59.html,,,,,,,,,,,,,
369,crafts/public_html/mjcc/local/history/s6.html,Arizona State University,,"B.F.A, M.F.A",http://www.temple.edu:80/crafts/public_html/mjcc/local/history/s6.html,,,,,,,,,,,,,
370,crafts/public_html/mjcc/local/history/s65.html,Florida Gulf Coast Art Center,,,http://www.temple.edu:80/crafts/public_html/mjcc/local/history/s65.html,,,,,,,,,,,,,
371,crafts/public_html/mjcc/local/history/s66.html,Florida Keys Community College,,,http://www.temple.edu:80/crafts/public_html/mjcc/local/history/s66.html,,,,,,,,,,,,,
372,crafts/public_html/mjcc/local/history/s67.html,Georgia State University,,B.F.A,http://www.temple.edu:80/crafts/public_html/mjcc/local/history/s67.html,,,,,,,,,,,,,
373,crafts/public_html/mjcc/local/history/s68.html,Georgian Court College,,B.A,http://www.temple.edu:80/crafts/public_html/mjcc/local/history/s68.html,,,,,,,,,,,,,
374,crafts/public_html/mjcc/local/history/s69.html,Glassboro State College,,B.A,http://www.temple.edu:80/crafts/public_html/mjcc/local/history/s69.html,,,,,,,,,,,,,
375,crafts/public_html/mjcc/local/history/s7.html,Ball State University,,"B.F.A, M.A",http://www.temple.edu:80/crafts/public_html/mjcc/local/history/s7.html,,,,,,,,,,,,,
376,crafts/public_html/mjcc/local/history/s70.html,Glassell School of Art / The Museum of Fine Arts,,Certificate,http://www.temple.edu:80/crafts/public_html/mjcc/local/history/s70.html,,,,,,,,,,,,,
377,crafts/public_html/mjcc/local/history/s71.html,Harding University,,"B.A, B.S, B.F.A",http://www.temple.edu:80/crafts/public_html/mjcc/local/history/s71.html,,,,,,,,,,,,,
378,crafts/public_html/mjcc/local/history/s72.html,Hartnell College,,,http://www.temple.edu:80/crafts/public_html/mjcc/local/history/s72.html,,,,,,,,,,,,,
379,crafts/public_html/mjcc/local/history/s74.html,Haywood Community College,,,http://www.temple.edu:80/crafts/public_html/mjcc/local/history/s74.html,,,,,,,,,,,,,
380,crafts/public_html/mjcc/local/history/s75.html,Holland School for Jewelers,,,http://www.temple.edu:80/crafts/public_html/mjcc/local/history/s75.html,,,,,,,,,,,,,
381,crafts/public_html/mjcc/local/history/s76.html,Humboldt State University,,B.A,http://www.temple.edu:80/crafts/public_html/mjcc/local/history/s76.html,,,,,,,,,,,,,
382,crafts/public_html/mjcc/local/history/s77.html,Idaho State University,,"B.A, B.F.A, M.F.A",http://www.temple.edu:80/crafts/public_html/mjcc/local/history/s77.html,,,,,,,,,,,,,
383,crafts/public_html/mjcc/local/history/s78.html,Illinois Central College,,,http://www.temple.edu:80/crafts/public_html/mjcc/local/history/s78.html,,,,,,,,,,,,,
384,crafts/public_html/mjcc/local/history/s79.html,Indiana Purdue University at Fort Wayne,,B.F.A,http://www.temple.edu:80/crafts/public_html/mjcc/local/history/s79.html,,,,,,,,,,,,,
385,crafts/public_html/mjcc/local/history/s8.html,Barton County Community College,,"B.F.A, M.F.A",http://www.temple.edu:80/crafts/public_html/mjcc/local/history/s8.html,,,,,,,,,,,,,
386,crafts/public_html/mjcc/local/history/s80.html,Indiana University,1947,"B.F.A, M.F.A",http://www.temple.edu:80/crafts/public_html/mjcc/local/history/s80.html,,,,,,,,,,,,,
387,crafts/public_html/mjcc/local/history/s81.html,Indiana University of Pennsylvania,,"B.S, B.A, B.F.A, M.A, M.F.A",http://www.temple.edu:80/crafts/public_html/mjcc/local/history/s81.html,,,,,,,,,,,,,
388,crafts/public_html/mjcc/local/history/s82.html,Institute of American Indian Arts,,,http://www.temple.edu:80/crafts/public_html/mjcc/local/history/s82.html,,,,,,,,,,,,,
389,crafts/public_html/mjcc/local/history/s84.html,Interlochen Center for the Visual Arts,,Diploma,http://www.temple.edu:80/crafts/public_html/mjcc/local/history/s84.html,,,,,,,,,,,,,
390,crafts/public_html/mjcc/local/history/s85.html,Iowa State University,,"B.F.A, M.A",http://www.temple.edu:80/crafts/public_html/mjcc/local/history/s85.html,,,,,,,,,,,,,
391,crafts/public_html/mjcc/local/history/s86.html,James Madison University,1908,"B.S, B.A, B.F.A, M.A, M.F.A",http://www.temple.edu:80/crafts/public_html/mjcc/local/history/s86.html,,,,,,,,,,,,,
392,crafts/public_html/mjcc/local/history/s87.html,New Jersey City University,,"B.A, B.F.A, M.A, M.F.A",http://www.temple.edu:80/crafts/public_html/mjcc/local/history/s87.html,,,,,,,,,,,,,
393,crafts/public_html/mjcc/local/history/s88.html,Joliet Junior College,,,http://www.temple.edu:80/crafts/public_html/mjcc/local/history/s88.html,,,,,,,,,,,,,
394,crafts/public_html/mjcc/local/history/s89.html,Kansas State University,,,http://www.temple.edu:80/crafts/public_html/mjcc/local/history/s89.html,,,,,,,,,,,,,
395,crafts/public_html/mjcc/local/history/s9.html,Beaver College,,B.F.A,http://www.temple.edu:80/crafts/public_html/mjcc/local/history/s9.html,,,,,,,,,,,,,
396,crafts/public_html/mjcc/local/history/s91.html,Kutztown University of Pennsylvania,,B.F.A,http://www.temple.edu:80/crafts/public_html/mjcc/local/history/s91.html,,,,,,,,,,,,,
397,crafts/public_html/mjcc/local/history/s92.html,Lane Community College,,,http://www.temple.edu:80/crafts/public_html/mjcc/local/history/s92.html,,,,,,,,,,,,,
398,crafts/public_html/mjcc/local/history/s93.html,Long Beach City College,,,http://www.temple.edu:80/crafts/public_html/mjcc/local/history/s93.html,,,,,,,,,,,,,
399,crafts/public_html/mjcc/local/history/s94.html,Long Island University,,"B.A, B.F.A, M.A, M.F.A",http://www.temple.edu:80/crafts/public_html/mjcc/local/history/s94.html,,,,,,,,,,,,,
400,crafts/public_html/mjcc/local/history/s95.html,Longwood College,,B.F.A,http://www.temple.edu:80/crafts/public_html/mjcc/local/history/s95.html,,,,,,,,,,,,,
401,crafts/public_html/mjcc/local/history/s98.html,"Maryland Art Institute, Jewelry Institute",,Certificate,http://www.temple.edu:80/crafts/public_html/mjcc/local/history/s98.html,,,,,,,,,,,,,
402,crafts/public_html/mjcc/local/history/s99.html,Massachusetts College of Art,,"B.F.A, M.A, M.F.A",http://www.temple.edu:80/crafts/public_html/mjcc/local/history/s99.html,,,,,,,,,,,,,
